customer_id,order_count,revenue,customer_type
C00001,5,8239.470000000001,Repeat
C00002,6,8376.52,Repeat
C00003,2,4211.05,Repeat
C00004,4,7083.29,Repeat
C00005,4,6646.63,Repeat
C00006,4,4965.9,Repeat
C00007,6,7962.2,Repeat
C00008,7,12707.07,Repeat
C00009,5,6655.53,Repeat
C00010,3,4387.75,Repeat
C00011,4,4701.97,Repeat
C00012,6,9713.79,Repeat
C00013,5,6152.04,Repeat
C00014,3,5686.88,Repeat
C00015,3,6140.57,Repeat
C00016,3,4194.99,Repeat
C00017,1,2994.1,New
C00018,3,4071.01,Repeat
C00019,6,9546.71,Repeat
C00020,3,3922.9300000000003,Repeat
C00021,2,2649.01,Repeat
C00022,5,9950.08,Repeat
C00023,7,11782.560000000001,Repeat
C00024,5,8303.23,Repeat
C00025,5,6737.639999999999,Repeat
C00026,4,5403.78,Repeat
C00027,3,4664.5,Repeat
C00028,6,10433.42,Repeat
C00029,4,5649.34,Repeat
C00030,5,8233.18,Repeat
C00031,2,1996.25,Repeat
C00032,3,2878.73,Repeat
C00033,6,9294.1,Repeat
C00034,3,4286.32,Repeat
C00035,3,3132.8900000000003,Repeat
C00036,2,3219.1099999999997,Repeat
C00037,3,3805.44,Repeat
C00038,4,4704.41,Repeat
C00039,3,2568.7799999999997,Repeat
C00040,4,4764.61,Repeat
C00041,6,10311.5,Repeat
C00042,2,3282.0699999999997,Repeat
C00043,2,2244.07,Repeat
C00044,3,3430.76,Repeat
C00046,4,4777.45,Repeat
C00047,7,12972.029999999999,Repeat
C00048,5,5967.08,Repeat
C00050,3,4059.55,Repeat
C00051,2,4631.86,Repeat
C00052,2,3465.39,Repeat
C00053,7,13496.15,Repeat
C00054,4,5051.08,Repeat
C00055,5,7229.44,Repeat
C00056,4,4378.97,Repeat
C00058,1,1156.06,New
C00059,3,3877.1099999999997,Repeat
C00060,1,1475.54,New
C00061,4,7817.03,Repeat
C00062,7,7234.110000000001,Repeat
C00064,4,4953.65,Repeat
C00065,2,3123.87,Repeat
C00066,4,5280.24,Repeat
C00067,3,7403.469999999999,Repeat
C00068,3,5934.62,Repeat
C00069,2,4255.58,Repeat
C00070,5,6812.44,Repeat
C00071,4,5771.44,Repeat
C00072,5,7587.17,Repeat
C00073,2,2528.52,Repeat
C00074,8,7929.53,Repeat
C00075,3,4936.42,Repeat
C00076,5,6775.76,Repeat
C00077,1,1201.33,New
C00078,2,2429.7599999999998,Repeat
C00079,4,6851.37,Repeat
C00080,6,13712.0,Repeat
C00081,3,3546.38,Repeat
C00082,5,9485.97,Repeat
C00083,5,7014.59,Repeat
C00084,5,8663.83,Repeat
C00085,5,9122.46,Repeat
C00086,7,11932.939999999999,Repeat
C00087,6,13560.32,Repeat
C00088,2,1713.14,Repeat
C00089,3,5180.76,Repeat
C00090,4,5257.58,Repeat
C00091,5,7021.15,Repeat
C00092,3,3774.04,Repeat
C00093,1,1262.55,New
C00094,4,7815.12,Repeat
C00095,1,1102.82,New
C00096,7,10101.04,Repeat
C00097,3,4268.54,Repeat
C00098,3,4567.19,Repeat
C00099,4,4737.7699999999995,Repeat
C00100,6,7287.67,Repeat
C00101,2,2829.35,Repeat
C00102,5,6057.24,Repeat
C00103,3,7215.9400000000005,Repeat
C00104,6,11435.96,Repeat
C00105,5,6474.25,Repeat
C00106,2,2967.98,Repeat
C00107,4,4444.27,Repeat
C00108,5,7938.99,Repeat
C00109,8,9787.58,Repeat
C00110,9,13116.37,Repeat
C00111,3,3856.71,Repeat
C00112,5,5460.98,Repeat
C00113,5,5627.26,Repeat
C00114,3,4735.46,Repeat
C00115,3,4272.18,Repeat
C00116,2,2129.09,Repeat
C00117,4,9101.46,Repeat
C00118,5,10983.3,Repeat
C00119,3,3916.52,Repeat
C00120,4,5300.33,Repeat
C00121,4,6836.03,Repeat
C00122,3,5081.73,Repeat
C00123,6,15372.15,Repeat
C00124,8,11775.07,Repeat
C00125,2,1678.4,Repeat
C00126,4,4511.89,Repeat
C00127,5,6031.54,Repeat
C00129,1,843.54,New
C00130,3,6527.85,Repeat
C00131,3,4469.23,Repeat
C00132,3,5702.82,Repeat
C00133,2,2933.31,Repeat
C00134,3,5470.25,Repeat
C00135,3,3561.87,Repeat
C00136,3,4905.72,Repeat
C00137,5,6822.43,Repeat
C00138,5,8332.9,Repeat
C00139,3,5492.08,Repeat
C00140,1,2402.66,New
C00142,1,1284.25,New
C00143,6,8394.130000000001,Repeat
C00144,2,4284.68,Repeat
C00145,3,4668.219999999999,Repeat
C00146,3,5534.79,Repeat
C00147,5,6013.18,Repeat
C00148,1,3462.33,New
C00149,3,4621.360000000001,Repeat
C00150,2,6028.6,Repeat
C00151,6,9266.94,Repeat
C00152,3,3730.98,Repeat
C00153,3,3226.8099999999995,Repeat
C00154,3,3774.3599999999997,Repeat
C00155,5,12111.01,Repeat
C00156,3,4646.57,Repeat
C00157,1,1667.19,New
C00158,4,4805.27,Repeat
C00159,4,3839.37,Repeat
C00160,1,1301.4,New
C00161,4,4720.55,Repeat
C00162,5,6377.32,Repeat
C00163,3,5360.91,Repeat
C00164,5,8839.69,Repeat
C00165,1,1511.76,New
C00166,4,4663.0,Repeat
C00167,7,10437.31,Repeat
C00168,7,10922.42,Repeat
C00169,2,2944.35,Repeat
C00170,2,4201.98,Repeat
C00171,3,3371.19,Repeat
C00172,1,1595.74,New
C00173,4,9103.14,Repeat
C00174,8,14062.66,Repeat
C00175,2,2882.5,Repeat
C00176,3,5124.889999999999,Repeat
C00177,4,9293.53,Repeat
C00178,2,2532.17,Repeat
C00179,4,6350.01,Repeat
C00180,5,8146.33,Repeat
C00181,5,7528.8099999999995,Repeat
C00182,1,1083.42,New
C00183,7,10391.99,Repeat
C00184,4,6084.23,Repeat
C00185,5,6280.39,Repeat
C00186,7,12467.75,Repeat
C00187,4,4287.98,Repeat
C00188,4,6962.56,Repeat
C00189,2,2597.6400000000003,Repeat
C00190,4,6691.45,Repeat
C00191,2,1813.3400000000001,Repeat
C00192,2,2073.74,Repeat
C00193,2,1980.58,Repeat
C00194,4,5040.1,Repeat
C00195,2,2639.76,Repeat
C00196,1,1612.93,New
C00197,5,7340.530000000001,Repeat
C00198,5,8090.549999999999,Repeat
C00199,8,12824.27,Repeat
C00200,5,7741.889999999999,Repeat
C00201,4,7709.21,Repeat
C00202,1,1067.08,New
C00203,4,5352.91,Repeat
C00204,4,6591.889999999999,Repeat
C00205,3,3658.11,Repeat
C00206,7,7838.94,Repeat
C00207,2,3871.41,Repeat
C00208,4,5450.08,Repeat
C00209,6,11545.54,Repeat
C00210,5,6915.9,Repeat
C00211,6,7171.139999999999,Repeat
C00212,3,5173.89,Repeat
C00213,6,8624.14,Repeat
C00214,5,8502.619999999999,Repeat
C00215,5,9676.470000000001,Repeat
C00216,4,5762.969999999999,Repeat
C00217,5,7907.530000000001,Repeat
C00218,2,2131.84,Repeat
C00220,4,6028.45,Repeat
C00221,3,3973.84,Repeat
C00222,4,8649.52,Repeat
C00223,3,4068.13,Repeat
C00224,2,4788.51,Repeat
C00225,5,5881.9,Repeat
C00226,1,1212.2,New
C00228,6,8576.68,Repeat
C00229,3,3564.28,Repeat
C00230,6,8666.02,Repeat
C00231,5,5540.18,Repeat
C00232,1,1104.79,New
C00233,2,3332.34,Repeat
C00234,5,7464.95,Repeat
C00235,4,6436.98,Repeat
C00236,9,12620.1,Repeat
C00237,5,6130.48,Repeat
C00238,5,5683.299999999999,Repeat
C00239,1,1269.62,New
C00240,7,10847.48,Repeat
C00241,3,4209.139999999999,Repeat
C00242,5,7199.14,Repeat
C00243,3,3556.5299999999997,Repeat
C00244,3,5514.76,Repeat
C00245,5,14339.28,Repeat
C00246,5,6518.5,Repeat
C00247,6,7225.05,Repeat
C00248,4,4200.759999999999,Repeat
C00249,3,7545.679999999999,Repeat
C00250,4,4429.34,Repeat
C00251,5,8285.09,Repeat
C00252,2,3281.38,Repeat
C00253,5,6063.44,Repeat
C00254,2,1751.22,Repeat
C00255,2,1969.8,Repeat
C00256,1,1220.04,New
C00257,3,4166.72,Repeat
C00258,6,8936.59,Repeat
C00259,6,6554.76,Repeat
C00260,3,5263.8,Repeat
C00261,5,8167.92,Repeat
C00262,5,7780.32,Repeat
C00263,1,745.21,New
C00264,3,5329.73,Repeat
C00265,3,3703.3199999999997,Repeat
C00266,4,5442.29,Repeat
C00267,2,3802.83,Repeat
C00268,4,5774.43,Repeat
C00269,7,8539.25,Repeat
C00270,4,5895.16,Repeat
C00271,3,4152.87,Repeat
C00272,3,3922.85,Repeat
C00273,6,10523.93,Repeat
C00274,3,4697.9,Repeat
C00275,1,3498.66,New
C00276,1,1262.55,New
C00277,7,7865.54,Repeat
C00278,5,10775.66,Repeat
C00280,5,5881.59,Repeat
C00281,8,9167.029999999999,Repeat
C00282,6,6832.02,Repeat
C00283,3,6311.3099999999995,Repeat
C00284,4,6017.34,Repeat
C00285,4,6274.94,Repeat
C00286,4,7107.34,Repeat
C00287,1,4040.67,New
C00288,5,6078.87,Repeat
C00289,3,2647.67,Repeat
C00290,4,4288.06,Repeat
C00291,4,7548.09,Repeat
C00292,3,4082.5699999999997,Repeat
C00293,3,3703.8999999999996,Repeat
C00294,3,3274.96,Repeat
C00295,2,2628.02,Repeat
C00296,4,4165.66,Repeat
C00297,2,1775.48,Repeat
C00298,5,7195.44,Repeat
C00299,3,8678.32,Repeat
C00300,4,6553.93,Repeat
C00301,3,3341.75,Repeat
C00302,2,3954.9100000000003,Repeat
C00303,3,4086.46,Repeat
C00304,6,12332.98,Repeat
C00305,1,1073.17,New
C00306,1,1292.07,New
C00308,4,4863.94,Repeat
C00309,4,5290.530000000001,Repeat
C00310,3,5162.74,Repeat
C00311,2,2245.3999999999996,Repeat
C00312,4,4828.41,Repeat
C00313,4,6287.53,Repeat
C00314,5,5654.86,Repeat
C00315,6,7629.03,Repeat
C00316,4,3779.5,Repeat
C00317,9,12743.529999999999,Repeat
C00318,1,3359.46,New
C00319,4,5392.26,Repeat
C00320,1,1612.11,New
C00321,3,4015.37,Repeat
C00322,4,6470.32,Repeat
C00323,2,6571.02,Repeat
C00324,1,1402.28,New
C00325,3,4911.38,Repeat
C00326,4,3835.1600000000003,Repeat
C00327,3,4468.72,Repeat
C00328,2,3170.91,Repeat
C00329,5,8629.43,Repeat
C00330,5,6436.24,Repeat
C00331,3,2935.87,Repeat
C00332,3,8288.18,Repeat
C00333,3,4337.63,Repeat
C00334,4,3898.63,Repeat
C00335,4,7323.76,Repeat
C00336,3,5655.0,Repeat
C00337,6,9157.03,Repeat
C00338,3,2709.76,Repeat
C00339,2,1518.88,Repeat
C00340,2,2572.48,Repeat
C00341,2,2940.87,Repeat
C00342,3,3672.0299999999997,Repeat
C00343,2,3024.8900000000003,Repeat
C00344,3,5560.110000000001,Repeat
C00345,7,13067.67,Repeat
C00346,4,6768.030000000001,Repeat
C00347,3,4107.8,Repeat
C00348,2,2336.56,Repeat
C00349,3,3666.21,Repeat
C00350,3,5561.84,Repeat
C00351,5,6998.07,Repeat
C00352,3,2842.54,Repeat
C00353,4,9325.67,Repeat
C00354,6,6918.5,Repeat
C00355,7,10944.62,Repeat
C00356,5,7173.85,Repeat
C00357,7,10927.02,Repeat
C00358,2,2704.21,Repeat
C00359,1,1822.28,New
C00360,2,3501.39,Repeat
C00361,4,5079.07,Repeat
C00362,9,11942.74,Repeat
C00363,3,3696.88,Repeat
C00364,7,9991.119999999999,Repeat
C00365,5,7126.09,Repeat
C00366,3,4161.0,Repeat
C00367,3,4120.41,Repeat
C00368,4,6511.67,Repeat
C00369,9,14163.26,Repeat
C00370,6,8274.63,Repeat
C00371,3,3016.42,Repeat
C00372,4,6057.91,Repeat
C00373,3,3724.24,Repeat
C00374,3,3023.87,Repeat
C00375,2,2599.37,Repeat
C00376,5,5573.83,Repeat
C00377,3,3651.26,Repeat
C00378,4,6590.08,Repeat
C00379,2,2187.37,Repeat
C00380,3,4404.9,Repeat
C00381,5,7214.88,Repeat
C00382,3,5748.91,Repeat
C00383,5,5918.38,Repeat
C00384,6,9195.36,Repeat
C00385,7,12650.32,Repeat
C00386,4,5807.48,Repeat
C00387,8,12592.369999999999,Repeat
C00388,8,12708.630000000001,Repeat
C00389,1,1207.88,New
C00390,3,3817.99,Repeat
C00391,1,1575.84,New
C00392,3,2156.71,Repeat
C00393,8,9907.97,Repeat
C00394,6,11620.32,Repeat
C00395,5,7257.28,Repeat
C00396,3,3548.49,Repeat
C00397,7,10500.05,Repeat
C00398,5,8237.58,Repeat
C00399,4,5802.67,Repeat
C00400,1,1485.36,New
C00401,1,1140.44,New
C00402,3,3995.8499999999995,Repeat
C00403,4,8023.34,Repeat
C00404,4,8111.54,Repeat
C00405,4,5158.25,Repeat
C00406,4,6383.95,Repeat
C00407,6,8589.59,Repeat
C00408,7,16011.19,Repeat
C00409,5,8404.49,Repeat
C00410,3,3181.1800000000003,Repeat
C00411,7,12428.36,Repeat
C00412,3,4740.81,Repeat
C00413,5,9031.79,Repeat
C00414,1,1136.29,New
C00415,6,14385.48,Repeat
C00416,5,14283.470000000001,Repeat
C00417,5,5193.6900000000005,Repeat
C00418,4,4981.71,Repeat
C00419,3,3136.49,Repeat
C00420,5,8036.82,Repeat
C00421,7,7718.84,Repeat
C00422,3,3732.46,Repeat
C00423,3,5240.79,Repeat
C00424,2,2664.31,Repeat
C00425,3,3183.73,Repeat
C00426,2,2219.62,Repeat
C00427,3,2897.69,Repeat
C00428,4,5709.59,Repeat
C00429,6,7480.8,Repeat
C00430,7,11066.46,Repeat
C00431,4,5567.139999999999,Repeat
C00432,2,2643.28,Repeat
C00433,5,8426.61,Repeat
C00434,7,12335.26,Repeat
C00435,4,6463.35,Repeat
C00436,7,10398.22,Repeat
C00437,1,1651.81,New
C00438,3,2832.94,Repeat
C00439,3,5410.389999999999,Repeat
C00440,4,6037.9800000000005,Repeat
C00441,3,3512.17,Repeat
C00442,3,4859.08,Repeat
C00443,2,1739.4499999999998,Repeat
C00444,4,7279.99,Repeat
C00445,2,2188.0299999999997,Repeat
C00446,4,10400.599999999999,Repeat
C00447,4,5148.01,Repeat
C00448,4,5270.530000000001,Repeat
C00449,5,9633.52,Repeat
C00450,8,11725.71,Repeat
C00451,3,6013.790000000001,Repeat
C00452,4,4153.24,Repeat
C00453,6,7421.61,Repeat
C00454,3,3667.73,Repeat
C00455,2,4433.3,Repeat
C00456,5,8355.57,Repeat
C00457,8,9920.15,Repeat
C00458,2,2260.77,Repeat
C00459,3,3595.35,Repeat
C00460,2,2412.0699999999997,Repeat
C00461,3,3731.96,Repeat
C00462,5,5698.98,Repeat
C00463,3,4390.68,Repeat
C00464,5,5791.06,Repeat
C00465,3,2826.52,Repeat
C00466,4,4298.75,Repeat
C00468,3,3769.66,Repeat
C00469,3,3469.0600000000004,Repeat
C00470,3,7804.0,Repeat
C00471,3,5175.79,Repeat
C00472,3,4988.799999999999,Repeat
C00473,6,10339.8,Repeat
C00474,3,3600.7,Repeat
C00475,2,3232.41,Repeat
C00476,4,5142.51,Repeat
C00477,2,2223.7999999999997,Repeat
C00478,3,5670.52,Repeat
C00479,2,2339.75,Repeat
C00480,5,5744.51,Repeat
C00481,3,3254.89,Repeat
C00482,4,5366.889999999999,Repeat
C00483,3,3130.49,Repeat
C00484,5,7026.07,Repeat
C00485,3,3482.39,Repeat
C00486,1,1985.08,New
C00487,2,1613.01,Repeat
C00488,4,5316.79,Repeat
C00489,4,6261.77,Repeat
C00490,5,5207.46,Repeat
C00491,1,1900.67,New
C00492,1,960.37,New
C00493,3,3822.64,Repeat
C00494,1,1067.08,New
C00495,1,1262.55,New
C00496,2,4800.0599999999995,Repeat
C00497,7,12215.66,Repeat
C00498,4,4907.04,Repeat
C00499,8,9637.79,Repeat
C00500,5,7053.86,Repeat
C00501,2,2506.55,Repeat
C00502,3,4261.37,Repeat
C00504,3,5503.77,Repeat
C00505,6,8945.71,Repeat
C00506,2,2699.39,Repeat
C00507,5,9525.91,Repeat
C00508,4,6301.64,Repeat
C00509,1,1346.89,New
C00510,2,2122.51,Repeat
C00511,3,7789.09,Repeat
C00512,1,1490.45,New
C00513,5,6743.42,Repeat
C00514,6,8907.26,Repeat
C00515,3,2603.68,Repeat
C00516,5,7777.37,Repeat
C00517,5,10567.84,Repeat
C00518,2,3648.91,Repeat
C00519,5,6576.66,Repeat
C00520,2,3306.34,Repeat
C00521,3,3234.74,Repeat
C00522,4,4554.0599999999995,Repeat
C00523,8,14376.599999999999,Repeat
C00524,6,9225.42,Repeat
C00525,1,893.29,New
C00526,3,4046.23,Repeat
C00527,2,3971.07,Repeat
C00528,5,8417.26,Repeat
C00529,4,8574.01,Repeat
C00530,5,6130.27,Repeat
C00531,3,6397.42,Repeat
C00532,3,8912.56,Repeat
C00533,6,7702.9,Repeat
C00534,6,8428.66,Repeat
C00535,1,1356.1,New
C00536,5,9982.67,Repeat
C00537,4,6939.900000000001,Repeat
C00539,2,1362.69,Repeat
C00540,6,7015.91,Repeat
C00541,3,3970.66,Repeat
C00542,2,1997.07,Repeat
C00543,1,1279.55,New
C00544,3,5787.860000000001,Repeat
C00545,1,860.78,New
C00546,4,6003.71,Repeat
C00547,4,5975.86,Repeat
C00548,3,4799.26,Repeat
C00549,4,8307.89,Repeat
C00550,1,843.54,New
C00551,6,11723.59,Repeat
C00552,5,8240.68,Repeat
C00553,4,7581.33,Repeat
C00554,4,6062.69,Repeat
C00555,8,11766.75,Repeat
C00556,8,9927.51,Repeat
C00557,5,10586.21,Repeat
C00558,6,6741.29,Repeat
C00559,7,15559.01,Repeat
C00560,2,2837.53,Repeat
C00561,4,5711.33,Repeat
C00562,4,6531.81,Repeat
C00563,5,6358.24,Repeat
C00564,5,8582.52,Repeat
C00565,3,3721.01,Repeat
C00567,5,6659.4400000000005,Repeat
C00568,2,2665.5299999999997,Repeat
C00569,6,6156.37,Repeat
C00570,5,6999.41,Repeat
C00571,7,9455.04,Repeat
C00572,7,13720.19,Repeat
C00574,2,1739.51,Repeat
C00575,6,8159.82,Repeat
C00576,3,3147.18,Repeat
C00577,7,14426.53,Repeat
C00578,3,3730.4,Repeat
C00579,4,4854.3,Repeat
C00580,4,5231.87,Repeat
C00581,7,7581.47,Repeat
C00582,1,2522.74,New
C00583,3,4531.63,Repeat
C00584,4,6316.820000000001,Repeat
C00585,2,4602.049999999999,Repeat
C00586,3,4067.21,Repeat
C00587,6,9041.23,Repeat
C00588,7,12165.88,Repeat
C00589,4,4360.5,Repeat
C00590,3,3565.68,Repeat
C00591,2,2033.51,Repeat
C00592,5,11009.92,Repeat
C00593,3,4466.47,Repeat
C00594,6,13445.93,Repeat
C00595,6,10489.06,Repeat
C00596,4,6663.27,Repeat
C00597,6,7621.400000000001,Repeat
C00598,5,5798.59,Repeat
C00599,4,5334.83,Repeat
C00600,1,3644.56,New
C00601,3,3043.62,Repeat
C00602,8,14597.69,Repeat
C00603,1,666.08,New
C00604,6,6102.63,Repeat
C00605,4,7140.25,Repeat
C00606,4,6334.2699999999995,Repeat
C00607,5,8382.24,Repeat
C00608,4,7045.599999999999,Repeat
C00609,6,7935.37,Repeat
C00610,5,9960.779999999999,Repeat
C00611,2,2494.2799999999997,Repeat
C00612,5,9045.38,Repeat
C00613,6,10758.18,Repeat
C00614,4,5480.71,Repeat
C00615,1,1269.62,New
C00616,4,4610.48,Repeat
C00617,2,2530.99,Repeat
C00618,5,8012.16,Repeat
C00619,2,4163.219999999999,Repeat
C00620,7,10738.99,Repeat
C00621,6,8270.15,Repeat
C00622,5,7121.54,Repeat
C00623,2,2266.95,Repeat
C00624,4,5523.91,Repeat
C00625,5,9317.87,Repeat
C00626,3,6092.61,Repeat
C00627,6,11184.58,Repeat
C00628,2,3059.98,Repeat
C00629,1,1301.4,New
C00630,3,4280.21,Repeat
C00631,2,4694.63,Repeat
C00632,5,8672.150000000001,Repeat
C00633,1,1573.25,New
C00634,6,7641.45,Repeat
C00635,2,3129.71,Repeat
C00636,5,6131.26,Repeat
C00637,4,4892.599999999999,Repeat
C00638,3,6311.01,Repeat
C00639,3,3729.6099999999997,Repeat
C00640,3,8055.389999999999,Repeat
C00641,4,4226.73,Repeat
C00642,3,6764.469999999999,Repeat
C00643,6,6332.32,Repeat
C00644,5,6530.11,Repeat
C00645,4,7712.35,Repeat
C00646,5,8500.6,Repeat
C00647,5,7645.0,Repeat
C00648,2,3011.48,Repeat
C00649,4,7676.4400000000005,Repeat
C00650,3,7907.860000000001,Repeat
C00651,6,7350.29,Repeat
C00652,2,2341.73,Repeat
C00653,4,5397.65,Repeat
C00654,6,10377.32,Repeat
C00655,4,5992.799999999999,Repeat
C00656,1,1011.54,New
C00657,4,6480.77,Repeat
C00658,5,7304.65,Repeat
C00659,5,9556.11,Repeat
C00660,4,6350.17,Repeat
C00661,2,2578.8,Repeat
C00662,2,2205.37,Repeat
C00663,4,4510.13,Repeat
C00664,4,4797.62,Repeat
C00665,3,4219.12,Repeat
C00666,7,11601.41,Repeat
C00667,3,4892.1900000000005,Repeat
C00668,4,3982.62,Repeat
C00669,4,5640.7300000000005,Repeat
C00670,3,3840.59,Repeat
C00671,1,1757.44,New
C00672,3,3276.5,Repeat
C00673,3,5976.63,Repeat
C00674,2,2241.92,Repeat
C00675,3,8285.43,Repeat
C00676,7,8224.21,Repeat
C00677,6,6073.88,Repeat
C00678,4,4828.0599999999995,Repeat
C00679,7,8685.369999999999,Repeat
C00680,1,745.21,New
C00681,5,4625.27,Repeat
C00682,3,5346.01,Repeat
C00683,5,6564.55,Repeat
C00684,7,10730.279999999999,Repeat
C00686,6,12378.509999999998,Repeat
C00687,6,9367.21,Repeat
C00688,1,878.72,New
C00689,4,5452.73,Repeat
C00690,2,4285.45,Repeat
C00691,2,4510.4,Repeat
C00692,5,8574.25,Repeat
C00693,5,8903.81,Repeat
C00694,4,5433.9400000000005,Repeat
C00695,1,860.78,New
C00696,3,4276.79,Repeat
C00697,6,8634.8,Repeat
C00698,7,11751.59,Repeat
C00699,2,1889.7199999999998,Repeat
C00700,3,4533.29,Repeat
C00701,5,8470.25,Repeat
C00702,1,1656.05,New
C00703,8,9135.710000000001,Repeat
C00704,5,9833.560000000001,Repeat
C00705,4,3866.72,Repeat
C00706,3,3322.49,Repeat
C00708,4,6596.780000000001,Repeat
C00709,3,6298.33,Repeat
C00710,3,6937.64,Repeat
C00711,3,4166.63,Repeat
C00712,3,4963.28,Repeat
C00713,1,1852.43,New
C00714,4,4665.37,Repeat
C00715,1,1710.6,New
C00716,5,7434.95,Repeat
C00717,5,5290.610000000001,Repeat
C00718,6,8951.0,Repeat
C00719,7,15205.79,Repeat
C00720,4,8275.23,Repeat
C00721,3,5498.64,Repeat
C00722,2,2212.51,Repeat
C00723,7,9298.7,Repeat
C00724,5,6766.81,Repeat
C00725,6,7587.66,Repeat
C00726,5,6739.35,Repeat
C00727,4,7212.389999999999,Repeat
C00728,2,2567.95,Repeat
C00729,2,2439.96,Repeat
C00730,3,4134.129999999999,Repeat
C00731,3,5530.66,Repeat
C00732,5,8150.21,Repeat
C00733,4,7505.889999999999,Repeat
C00734,4,4873.9400000000005,Repeat
C00735,6,8369.039999999999,Repeat
C00736,5,8008.01,Repeat
C00737,5,6383.23,Repeat
C00738,4,8629.91,Repeat
C00739,5,6177.75,Repeat
C00740,1,903.96,New
C00741,6,8639.65,Repeat
C00742,2,2289.44,Repeat
C00743,2,5262.73,Repeat
C00744,6,9898.3,Repeat
C00745,3,2783.64,Repeat
C00746,4,4905.12,Repeat
C00747,4,6224.24,Repeat
C00748,1,1497.05,New
C00749,4,5827.49,Repeat
C00750,5,5574.84,Repeat
C00751,4,5677.49,Repeat
C00752,7,10634.04,Repeat
C00753,1,1356.1,New
C00754,4,4547.32,Repeat
C00755,2,1968.6599999999999,Repeat
C00756,2,6918.63,Repeat
C00757,3,3543.6899999999996,Repeat
C00758,9,14219.8,Repeat
C00759,3,4324.360000000001,Repeat
C00760,1,2415.75,New
C00761,5,8090.92,Repeat
C00762,8,10229.91,Repeat
C00763,2,2528.52,Repeat
C00764,4,7128.799999999999,Repeat
C00765,5,9194.15,Repeat
C00766,3,3854.67,Repeat
C00767,7,12369.43,Repeat
C00768,5,8616.529999999999,Repeat
C00769,4,4982.12,Repeat
C00770,5,9215.31,Repeat
C00771,6,8807.75,Repeat
C00772,7,8582.3,Repeat
C00773,5,8497.67,Repeat
C00774,3,5432.21,Repeat
C00775,6,8924.789999999999,Repeat
C00776,6,6466.84,Repeat
C00777,2,1803.96,Repeat
C00778,3,3711.98,Repeat
C00779,8,9287.45,Repeat
C00780,4,6338.18,Repeat
C00781,3,3766.24,Repeat
C00782,1,834.78,New
C00783,4,5319.75,Repeat
C00784,6,9434.92,Repeat
C00785,2,2661.66,Repeat
C00786,4,7724.74,Repeat
C00787,6,10683.89,Repeat
C00788,3,4658.04,Repeat
C00789,1,759.19,New
C00790,3,4123.3099999999995,Repeat
C00791,2,3789.3500000000004,Repeat
C00792,2,3198.6800000000003,Repeat
C00793,3,3560.21,Repeat
C00794,5,5723.49,Repeat
C00795,4,4162.85,Repeat
C00796,5,7296.05,Repeat
C00797,2,2605.4700000000003,Repeat
C00798,3,5733.0,Repeat
C00799,1,1064.78,New
C00800,5,6307.38,Repeat
C00801,4,5692.27,Repeat
C00802,2,2353.04,Repeat
C00803,3,3302.17,Repeat
C00804,3,4561.05,Repeat
C00805,3,4089.28,Repeat
C00806,4,4554.34,Repeat
C00807,4,5268.53,Repeat
C00808,5,6516.49,Repeat
C00809,7,10671.42,Repeat
C00810,1,745.21,New
C00811,9,14185.630000000001,Repeat
C00812,5,7337.41,Repeat
C00813,2,1480.99,Repeat
C00814,3,5813.7,Repeat
C00815,3,3995.9399999999996,Repeat
C00816,4,5560.6,Repeat
C00817,2,3855.28,Repeat
C00818,1,1083.42,New
C00819,1,1370.99,New
C00820,4,5434.35,Repeat
C00821,4,6181.51,Repeat
C00822,1,1346.89,New
C00823,5,6617.33,Repeat
C00824,3,3283.2400000000002,Repeat
C00825,5,5233.36,Repeat
C00826,5,6722.599999999999,Repeat
C00827,3,5933.389999999999,Repeat
C00828,6,9382.3,Repeat
C00829,5,8401.57,Repeat
C00830,8,10354.25,Repeat
C00832,3,4484.72,Repeat
C00833,3,3715.0,Repeat
C00834,2,2312.67,Repeat
C00835,2,2593.5,Repeat
C00836,1,1004.4,New
C00837,3,3752.38,Repeat
C00838,6,7144.51,Repeat
C00839,6,9759.91,Repeat
C00840,2,3885.5200000000004,Repeat
C00841,1,1135.23,New
C00842,1,1427.77,New
C00843,3,6968.18,Repeat
C00844,6,8417.27,Repeat
C00845,2,3163.2200000000003,Repeat
C00846,6,7606.47,Repeat
C00847,3,5324.05,Repeat
C00848,6,8605.34,Repeat
C00849,6,8644.880000000001,Repeat
C00850,2,2318.46,Repeat
C00851,2,3757.3900000000003,Repeat
C00852,7,12579.74,Repeat
C00853,2,2513.41,Repeat
C00854,7,12705.13,Repeat
C00855,1,944.4,New
C00856,3,5330.23,Repeat
C00857,1,1135.23,New
C00858,4,4241.77,Repeat
C00859,4,3921.59,Repeat
C00860,4,4868.53,Repeat
C00861,6,8655.98,Repeat
C00862,3,2618.73,Repeat
C00863,1,1004.4,New
C00864,3,6734.07,Repeat
C00865,3,6781.1,Repeat
C00866,4,6582.2699999999995,Repeat
C00867,4,7130.41,Repeat
C00868,6,9704.39,Repeat
C00870,8,11201.54,Repeat
C00871,6,10138.759999999998,Repeat
C00872,3,5391.2,Repeat
C00873,4,5344.03,Repeat
C00874,6,7973.17,Repeat
C00875,5,4630.22,Repeat
C00876,5,6456.57,Repeat
C00877,2,2832.75,Repeat
C00878,4,4550.77,Repeat
C00879,3,5271.299999999999,Repeat
C00880,3,6783.92,Repeat
C00881,3,4310.73,Repeat
C00882,3,5299.88,Repeat
C00883,5,5628.79,Repeat
C00884,2,2922.73,Repeat
C00885,1,1141.26,New
C00886,3,2991.8,Repeat
C00887,3,4758.52,Repeat
C00888,3,4101.59,Repeat
C00889,1,2166.84,New
C00890,1,1327.99,New
C00891,2,4369.51,Repeat
C00892,3,4359.74,Repeat
C00893,1,1451.64,New
C00894,2,4409.76,Repeat
C00895,3,3918.54,Repeat
C00896,5,6027.95,Repeat
C00897,3,3574.66,Repeat
C00898,2,3629.89,Repeat
C00899,6,7550.55,Repeat
C00900,6,7762.53,Repeat
C00901,1,3146.5,New
C00902,1,1091.61,New
C00903,2,1866.8899999999999,Repeat
C00904,4,6647.73,Repeat
C00905,2,2235.91,Repeat
C00906,2,2348.08,Repeat
C00907,3,6260.45,Repeat
C00908,7,12293.39,Repeat
C00909,4,7660.21,Repeat
C00910,2,2711.2799999999997,Repeat
C00911,3,4315.3099999999995,Repeat
C00912,4,4582.139999999999,Repeat
C00913,4,5287.01,Repeat
C00914,2,2241.75,Repeat
C00915,3,3588.44,Repeat
C00916,7,10020.64,Repeat
C00917,9,12342.85,Repeat
C00918,4,6401.67,Repeat
C00919,8,11222.18,Repeat
C00920,2,2697.95,Repeat
C00921,2,3088.2200000000003,Repeat
C00922,5,8493.11,Repeat
C00923,8,9701.32,Repeat
C00924,5,6020.11,Repeat
C00925,4,7946.6,Repeat
C00926,2,5215.69,Repeat
C00927,7,9084.029999999999,Repeat
C00928,4,4245.27,Repeat
C00929,2,2690.16,Repeat
C00930,4,6677.54,Repeat
C00931,5,5517.3,Repeat
C00932,5,7219.16,Repeat
C00933,2,3180.42,Repeat
C00934,4,6793.799999999999,Repeat
C00935,3,4038.07,Repeat
C00936,7,11256.65,Repeat
C00937,3,4654.62,Repeat
C00938,2,4272.07,Repeat
C00939,4,5551.52,Repeat
C00940,5,6573.15,Repeat
C00941,4,7495.630000000001,Repeat
C00943,4,6771.07,Repeat
C00944,2,2401.25,Repeat
C00945,3,6330.26,Repeat
C00946,2,3174.55,Repeat
C00947,6,12157.11,Repeat
C00948,1,1360.07,New
C00949,5,10147.51,Repeat
C00950,1,904.67,New
C00951,7,13453.02,Repeat
C00952,5,11282.630000000001,Repeat
C00953,7,8107.38,Repeat
C00954,3,4219.389999999999,Repeat
C00955,4,5224.9400000000005,Repeat
C00956,1,1104.79,New
C00957,7,10447.3,Repeat
C00958,4,7016.4,Repeat
C00959,3,3592.99,Repeat
C00960,4,4822.05,Repeat
C00961,3,5771.71,Repeat
C00962,5,6622.9400000000005,Repeat
C00963,1,992.54,New
C00964,2,2779.64,Repeat
C00965,3,4249.49,Repeat
C00966,3,5862.47,Repeat
C00967,1,1679.73,New
C00968,1,958.3,New
C00969,1,759.19,New
C00970,8,13281.85,Repeat
C00971,3,4121.16,Repeat
C00972,4,5814.47,Repeat
C00973,3,3759.15,Repeat
C00974,3,4363.15,Repeat
C00975,4,4825.82,Repeat
C00976,3,5178.37,Repeat
C00977,5,6382.3099999999995,Repeat
C00978,4,5332.389999999999,Repeat
C00979,9,16826.32,Repeat
C00980,1,1262.55,New
C00981,1,1269.62,New
C00982,3,3996.7799999999997,Repeat
C00983,4,5734.860000000001,Repeat
C00984,6,7098.2,Repeat
C00985,4,8990.11,Repeat
C00986,4,6224.96,Repeat
C00987,5,5936.139999999999,Repeat
C00988,7,11194.92,Repeat
C00989,3,3572.27,Repeat
C00990,5,7040.299999999999,Repeat
C00991,3,6406.03,Repeat
C00992,2,1983.98,Repeat
C00993,5,6601.47,Repeat
C00994,6,6956.5,Repeat
C00995,6,11631.84,Repeat
C00996,4,6054.02,Repeat
C00997,4,5281.74,Repeat
C00998,3,3881.37,Repeat
C00999,3,3300.91,Repeat
C01000,5,10206.65,Repeat
C01001,5,7751.23,Repeat
C01002,1,1679.73,New
C01003,3,4580.139999999999,Repeat
C01004,1,1021.13,New
C01005,6,9683.65,Repeat
C01006,6,8683.77,Repeat
C01008,7,8943.75,Repeat
C01009,1,977.26,New
C01010,2,2096.1499999999996,Repeat
C01011,1,1178.32,New
C01012,3,3538.48,Repeat
C01013,6,8310.97,Repeat
C01015,1,1271.45,New
C01016,3,4679.83,Repeat
C01017,1,1011.54,New
C01018,1,1261.37,New
C01019,5,6522.3,Repeat
C01020,2,4292.94,Repeat
C01021,7,11282.37,Repeat
C01022,2,4223.84,Repeat
C01023,3,3454.72,Repeat
C01024,7,9222.96,Repeat
C01025,5,5492.45,Repeat
C01026,3,4193.39,Repeat
C01027,7,9529.96,Repeat
C01028,5,6626.66,Repeat
C01029,6,15063.41,Repeat
C01030,5,8097.18,Repeat
C01031,4,4462.96,Repeat
C01032,3,3987.56,Repeat
C01033,1,1822.28,New
C01034,5,5669.28,Repeat
C01035,2,3715.7699999999995,Repeat
C01036,2,2267.08,Repeat
C01037,1,1532.28,New
C01038,3,4840.04,Repeat
C01039,1,745.2,New
C01040,6,8693.53,Repeat
C01041,3,5603.1900000000005,Repeat
C01042,5,7029.95,Repeat
C01043,1,2099.1,New
C01044,2,3285.68,Repeat
C01045,5,6108.65,Repeat
C01046,4,4919.98,Repeat
C01047,5,6358.92,Repeat
C01048,2,2217.6800000000003,Repeat
C01049,10,14194.95,Repeat
C01050,4,6828.97,Repeat
C01051,5,7823.38,Repeat
C01052,5,5498.849999999999,Repeat
C01053,2,2784.52,Repeat
C01054,5,7681.49,Repeat
C01055,2,1768.2199999999998,Repeat
C01056,4,5815.95,Repeat
C01057,4,4771.95,Repeat
C01058,5,10931.73,Repeat
C01059,3,4580.95,Repeat
C01060,7,9737.83,Repeat
C01061,2,1698.11,Repeat
C01062,5,7932.58,Repeat
C01063,7,13329.14,Repeat
C01064,4,6704.03,Repeat
C01065,2,3215.89,Repeat
C01066,4,6008.45,Repeat
C01068,5,7534.54,Repeat
C01069,6,9515.13,Repeat
C01070,7,12713.89,Repeat
C01071,4,6333.47,Repeat
C01072,5,9094.039999999999,Repeat
C01073,4,4722.52,Repeat
C01074,6,9408.720000000001,Repeat
C01075,7,12913.0,Repeat
C01076,4,4248.01,Repeat
C01077,4,7162.629999999999,Repeat
C01078,2,4286.9400000000005,Repeat
C01079,3,5387.63,Repeat
C01080,4,5830.83,Repeat
C01081,5,7363.799999999999,Repeat
C01082,6,7760.53,Repeat
C01083,5,6844.82,Repeat
C01084,3,7948.5599999999995,Repeat
C01085,2,2340.94,Repeat
C01086,9,14688.88,Repeat
C01087,3,4394.15,Repeat
C01088,2,4012.05,Repeat
C01089,5,12492.240000000002,Repeat
C01090,3,3109.8100000000004,Repeat
C01091,1,1085.84,New
C01092,4,4935.22,Repeat
C01093,5,7966.68,Repeat
C01094,1,1415.88,New
C01095,7,12877.88,Repeat
C01096,2,2772.7,Repeat
C01097,3,4919.78,Repeat
C01098,3,6435.15,Repeat
C01099,6,11448.62,Repeat
C01100,5,5966.209999999999,Repeat
C01101,4,5844.219999999999,Repeat
C01102,3,3249.79,Repeat
C01103,4,5639.01,Repeat
C01104,5,5316.06,Repeat
C01105,3,5230.1,Repeat
C01106,2,1952.35,Repeat
C01107,4,10630.740000000002,Repeat
C01108,4,8501.61,Repeat
C01109,5,7365.99,Repeat
C01110,2,2573.84,Repeat
C01111,6,10480.039999999999,Repeat
C01112,1,5702.01,New
C01113,4,5257.76,Repeat
C01114,1,1199.42,New
C01115,6,10106.3,Repeat
C01116,3,4107.969999999999,Repeat
C01117,4,4299.51,Repeat
C01118,5,7120.57,Repeat
C01119,1,3225.86,New
C01120,2,2534.91,Repeat
C01121,3,5121.94,Repeat
C01122,5,7151.799999999999,Repeat
C01123,4,7284.47,Repeat
C01124,3,5244.42,Repeat
C01125,2,2310.2799999999997,Repeat
C01126,3,3402.98,Repeat
C01127,6,8521.79,Repeat
C01128,3,3652.8599999999997,Repeat
C01129,3,3833.9399999999996,Repeat
C01130,4,6412.23,Repeat
C01131,2,3206.71,Repeat
C01132,4,5034.78,Repeat
C01133,4,4984.98,Repeat
C01134,6,11776.380000000001,Repeat
C01135,3,3611.7799999999997,Repeat
C01136,3,7607.49,Repeat
C01137,2,2368.1400000000003,Repeat
C01138,2,2641.48,Repeat
C01139,7,11718.83,Repeat
C01140,6,12899.14,Repeat
C01141,7,13718.49,Repeat
C01142,5,9571.41,Repeat
C01143,2,2316.71,Repeat
C01144,4,6722.3,Repeat
C01145,4,4515.13,Repeat
C01146,4,4740.099999999999,Repeat
C01147,4,6981.22,Repeat
C01148,6,7626.66,Repeat
C01149,4,6541.33,Repeat
C01150,7,9497.83,Repeat
C01151,4,4413.78,Repeat
C01152,4,5045.35,Repeat
C01153,4,7242.530000000001,Repeat
C01154,2,2835.8,Repeat
C01155,3,3355.4,Repeat
C01156,1,1155.82,New
C01157,4,5042.07,Repeat
C01158,2,4354.17,Repeat
C01159,6,8793.11,Repeat
C01160,3,3340.9399999999996,Repeat
C01161,4,5176.15,Repeat
C01162,6,9073.41,Repeat
C01163,3,3924.04,Repeat
C01164,5,8588.720000000001,Repeat
C01165,3,3823.67,Repeat
C01166,1,834.78,New
C01167,4,4679.66,Repeat
C01168,1,1852.43,New
C01169,4,3330.99,Repeat
C01170,4,5283.51,Repeat
C01171,3,7947.33,Repeat
C01172,2,2160.22,Repeat
C01173,2,2572.8500000000004,Repeat
C01174,4,4659.13,Repeat
C01175,3,8192.09,Repeat
C01176,4,6465.97,Repeat
C01177,3,6614.35,Repeat
C01178,4,4466.76,Repeat
C01179,2,2500.5,Repeat
C01180,3,6568.71,Repeat
C01181,5,6541.08,Repeat
C01182,2,2162.9700000000003,Repeat
C01183,2,2791.2799999999997,Repeat
C01184,3,3790.67,Repeat
C01185,5,5207.33,Repeat
C01186,3,5437.74,Repeat
C01187,8,15306.21,Repeat
C01188,7,9327.18,Repeat
C01189,3,4958.0,Repeat
C01190,6,6519.59,Repeat
C01191,3,5442.6900000000005,Repeat
C01192,5,5825.2699999999995,Repeat
C01193,4,4746.87,Repeat
C01194,4,4874.37,Repeat
C01195,5,7800.2,Repeat
C01196,2,4935.84,Repeat
C01197,3,4161.0599999999995,Repeat
C01198,4,8152.18,Repeat
C01199,4,6127.13,Repeat
C01201,4,7139.74,Repeat
C01202,2,1901.21,Repeat
C01203,6,9082.01,Repeat
C01204,4,6140.34,Repeat
C01205,6,8681.73,Repeat
C01206,2,1788.96,Repeat
C01207,1,1574.57,New
C01208,3,4208.45,Repeat
C01209,5,7351.68,Repeat
C01210,3,5168.200000000001,Repeat
C01211,7,11619.29,Repeat
C01212,3,3948.37,Repeat
C01213,6,8701.03,Repeat
C01214,1,878.72,New
C01215,6,7301.179999999999,Repeat
C01216,3,3545.33,Repeat
C01217,3,3082.33,Repeat
C01218,6,7890.8,Repeat
C01219,3,3642.5099999999998,Repeat
C01220,2,2305.88,Repeat
C01221,7,9427.130000000001,Repeat
C01222,2,2843.0099999999998,Repeat
C01223,7,8498.77,Repeat
C01224,2,2518.8,Repeat
C01225,2,1739.51,Repeat
C01226,3,2994.6,Repeat
C01227,4,7209.0599999999995,Repeat
C01228,8,11242.74,Repeat
C01229,3,5921.29,Repeat
C01230,1,944.4,New
C01231,3,3261.9,Repeat
C01232,2,1722.26,Repeat
C01233,3,5339.5199999999995,Repeat
C01234,1,834.78,New
C01235,6,7426.96,Repeat
C01236,3,4531.81,Repeat
C01237,4,5559.9,Repeat
C01238,1,666.08,New
C01239,3,7511.54,Repeat
C01240,1,1013.73,New
C01241,6,9119.82,Repeat
C01242,5,5485.86,Repeat
C01243,8,12519.9,Repeat
C01244,2,3122.05,Repeat
C01245,4,6908.94,Repeat
C01246,5,7273.05,Repeat
C01247,2,2262.8,Repeat
C01248,4,3815.57,Repeat
C01249,3,3510.13,Repeat
C01250,3,3573.7799999999997,Repeat
C01251,1,1220.49,New
C01252,1,2161.46,New
C01253,4,5436.41,Repeat
C01254,3,4046.96,Repeat
C01255,6,13085.35,Repeat
C01256,3,4753.92,Repeat
C01257,4,5396.29,Repeat
C01258,4,4698.05,Repeat
C01259,2,2314.79,Repeat
C01260,6,8767.02,Repeat
C01261,4,7174.91,Repeat
C01262,2,2597.6400000000003,Repeat
C01263,5,10493.279999999999,Repeat
C01264,5,7384.08,Repeat
C01265,5,6502.1900000000005,Repeat
C01266,5,8666.2,Repeat
C01267,4,9863.730000000001,Repeat
C01268,4,6339.23,Repeat
C01269,4,5036.95,Repeat
C01270,5,9196.94,Repeat
C01271,3,3123.43,Repeat
C01272,3,3306.88,Repeat
C01273,3,4675.82,Repeat
C01274,6,7332.389999999999,Repeat
C01275,2,1544.6799999999998,Repeat
C01276,2,3286.43,Repeat
C01277,4,4587.96,Repeat
C01278,5,9941.71,Repeat
C01279,3,3360.58,Repeat
C01280,3,3241.84,Repeat
C01281,2,4453.59,Repeat
C01282,5,9052.9,Repeat
C01283,5,8782.83,Repeat
C01284,5,8639.2,Repeat
C01285,2,3129.71,Repeat
C01286,3,4920.73,Repeat
C01287,3,4201.32,Repeat
C01288,6,8228.23,Repeat
C01289,7,9966.54,Repeat
C01290,6,12604.58,Repeat
C01291,5,6275.92,Repeat
C01292,7,8644.39,Repeat
C01293,4,7550.86,Repeat
C01294,3,6565.21,Repeat
C01295,6,9386.65,Repeat
C01296,4,4554.51,Repeat
C01297,3,2690.96,Repeat
C01298,4,5192.05,Repeat
C01299,9,11993.9,Repeat
C01300,2,2051.29,Repeat
C01301,3,3976.75,Repeat
C01302,4,4725.24,Repeat
C01303,2,1975.9499999999998,Repeat
C01304,4,5503.03,Repeat
C01305,5,9660.77,Repeat
C01306,3,5133.53,Repeat
C01307,1,1511.76,New
C01308,3,4013.5299999999997,Repeat
C01309,3,4494.38,Repeat
C01310,8,9441.289999999999,Repeat
C01311,1,1136.29,New
C01312,5,5655.92,Repeat
C01313,5,11916.06,Repeat
C01314,5,8398.62,Repeat
C01315,6,9165.08,Repeat
C01316,2,3120.1000000000004,Repeat
C01317,5,9370.05,Repeat
C01318,3,5179.08,Repeat
C01319,3,7367.55,Repeat
C01320,5,6352.5,Repeat
C01321,10,15619.49,Repeat
C01322,5,9485.02,Repeat
C01323,3,3774.35,Repeat
C01324,3,4766.59,Repeat
C01325,2,2163.4700000000003,Repeat
C01326,3,5068.79,Repeat
C01327,3,4488.74,Repeat
C01328,7,10288.52,Repeat
C01329,3,5615.37,Repeat
C01330,3,5148.8099999999995,Repeat
C01331,5,6194.139999999999,Repeat
C01332,5,7274.66,Repeat
C01333,1,1679.73,New
C01334,3,2958.48,Repeat
C01335,2,2346.16,Repeat
C01337,7,10524.49,Repeat
C01338,4,7786.61,Repeat
C01339,7,11065.33,Repeat
C01340,2,2331.76,Repeat
C01341,4,7620.67,Repeat
C01342,5,5662.13,Repeat
C01343,10,12227.53,Repeat
C01344,3,10410.74,Repeat
C01345,3,3725.71,Repeat
C01346,4,9466.25,Repeat
C01347,4,6657.29,Repeat
C01348,4,4912.29,Repeat
C01349,5,12208.81,Repeat
C01350,5,8289.69,Repeat
C01351,5,7693.42,Repeat
C01352,2,1460.33,Repeat
C01353,6,7621.97,Repeat
C01354,6,7830.25,Repeat
C01355,1,3225.86,New
C01356,3,4981.09,Repeat
C01357,4,4955.3099999999995,Repeat
C01358,5,6965.75,Repeat
C01359,5,5742.8099999999995,Repeat
C01360,3,7327.369999999999,Repeat
C01361,6,8635.04,Repeat
C01362,3,6060.33,Repeat
C01363,3,3714.16,Repeat
C01364,3,3860.8900000000003,Repeat
C01365,3,3579.0499999999997,Repeat
C01367,2,2175.71,Repeat
C01368,7,8548.369999999999,Repeat
C01369,3,3569.12,Repeat
C01370,4,5553.8099999999995,Repeat
C01371,1,1271.45,New
C01372,1,707.94,New
C01373,4,4254.13,Repeat
C01374,2,4024.87,Repeat
C01375,4,3948.7799999999997,Repeat
C01376,4,5758.65,Repeat
C01377,4,6148.86,Repeat
C01378,3,7604.219999999999,Repeat
C01379,2,1642.3899999999999,Repeat
C01380,5,6600.87,Repeat
C01381,5,8118.3,Repeat
C01382,6,6495.38,Repeat
C01383,7,11024.539999999999,Repeat
C01384,9,14513.289999999999,Repeat
C01385,1,3308.46,New
C01386,3,5367.35,Repeat
C01387,4,6465.92,Repeat
C01388,2,6443.69,Repeat
C01389,7,10344.03,Repeat
C01390,2,1465.81,Repeat
C01391,2,2554.46,Repeat
C01392,3,6098.24,Repeat
C01393,4,6554.17,Repeat
C01394,9,12444.46,Repeat
C01395,2,2663.35,Repeat
C01396,3,4889.55,Repeat
C01397,6,6825.18,Repeat
C01398,4,5376.58,Repeat
C01399,4,5529.9,Repeat
C01400,4,9417.94,Repeat
C01401,4,10424.32,Repeat
C01402,5,11209.68,Repeat
C01404,6,5831.13,Repeat
C01405,5,7153.49,Repeat
C01406,7,13603.99,Repeat
C01407,4,4445.73,Repeat
C01408,1,1141.26,New
C01409,1,1786.57,New
C01410,4,5442.74,Repeat
C01411,3,5904.65,Repeat
C01412,1,1341.36,New
C01413,1,843.54,New
C01415,4,4940.18,Repeat
C01416,2,5052.57,Repeat
C01417,2,2933.31,Repeat
C01418,2,3400.6099999999997,Repeat
C01419,5,6366.5,Repeat
C01420,3,4402.61,Repeat
C01421,1,1102.82,New
C01422,1,1564.87,New
C01423,4,6445.91,Repeat
C01424,3,4162.18,Repeat
C01425,1,905.06,New
C01426,4,4873.67,Repeat
C01427,3,6194.63,Repeat
C01428,2,2697.56,Repeat
C01429,4,4222.78,Repeat
C01430,2,2439.12,Repeat
C01432,4,5834.849999999999,Repeat
C01433,8,9718.41,Repeat
C01434,6,9067.23,Repeat
C01435,3,4849.26,Repeat
C01436,1,1451.64,New
C01437,2,2119.58,Repeat
C01438,6,7860.57,Repeat
C01439,3,2951.07,Repeat
C01440,6,9586.73,Repeat
C01441,3,4687.889999999999,Repeat
C01442,5,9085.08,Repeat
C01443,8,12995.14,Repeat
C01444,2,3391.12,Repeat
C01445,7,8327.05,Repeat
C01446,6,12164.880000000001,Repeat
C01447,3,4643.91,Repeat
C01448,2,2367.67,Repeat
C01449,4,6378.639999999999,Repeat
C01450,3,4663.5599999999995,Repeat
C01451,6,7720.070000000001,Repeat
C01452,5,6044.4,Repeat
C01453,3,4687.23,Repeat
C01454,4,4323.87,Repeat
C01455,1,1243.79,New
C01456,3,3634.6499999999996,Repeat
C01457,5,9099.6,Repeat
C01458,4,4087.38,Repeat
C01459,4,4627.94,Repeat
C01460,6,7059.47,Repeat
C01461,9,13289.08,Repeat
C01462,6,7090.01,Repeat
C01463,3,4866.09,Repeat
C01464,4,5577.7699999999995,Repeat
C01465,7,12546.289999999999,Repeat
C01466,7,10574.26,Repeat
C01467,3,3462.39,Repeat
C01468,4,5292.21,Repeat
C01469,4,6432.25,Repeat
C01470,5,7036.98,Repeat
C01471,4,6742.95,Repeat
C01472,5,5714.63,Repeat
C01473,2,3003.22,Repeat
C01474,2,3174.6099999999997,Repeat
C01475,3,5675.01,Repeat
C01476,4,5293.71,Repeat
C01477,3,4030.6000000000004,Repeat
C01478,3,8014.28,Repeat
C01479,4,4499.17,Repeat
C01480,5,11499.900000000001,Repeat
C01481,3,3147.92,Repeat
C01482,1,1201.33,New
C01483,3,5292.9800000000005,Repeat
C01484,3,4295.38,Repeat
C01485,5,6089.55,Repeat
C01486,8,8948.38,Repeat
C01487,3,4903.27,Repeat
C01488,2,3102.2,Repeat
C01489,5,6494.1,Repeat
C01490,6,7897.459999999999,Repeat
C01491,3,3356.8499999999995,Repeat
C01492,5,6998.55,Repeat
C01493,2,2245.23,Repeat
C01495,6,8241.72,Repeat
C01496,5,5338.57,Repeat
C01497,2,3161.74,Repeat
C01498,4,7399.780000000001,Repeat
C01499,3,5204.88,Repeat
C01500,3,5229.41,Repeat
C01501,4,5171.92,Repeat
C01502,2,2092.71,Repeat
C01503,3,3962.56,Repeat
C01504,4,4161.21,Repeat
C01505,3,4467.08,Repeat
C01506,11,16452.99,Repeat
C01507,2,3041.69,Repeat
C01508,2,2377.91,Repeat
C01510,5,6032.04,Repeat
C01511,1,2568.5,New
C01512,8,10391.83,Repeat
C01513,4,5378.19,Repeat
C01514,3,7612.75,Repeat
C01515,4,6229.86,Repeat
C01516,2,4887.94,Repeat
C01517,2,3285.68,Repeat
C01518,3,4111.18,Repeat
C01519,4,7164.67,Repeat
C01520,3,3279.05,Repeat
C01521,2,2739.4700000000003,Repeat
C01522,2,2057.04,Repeat
C01523,3,3259.12,Repeat
C01524,3,4712.92,Repeat
C01525,5,8438.08,Repeat
C01526,2,3304.42,Repeat
C01527,7,11226.82,Repeat
C01528,4,12158.51,Repeat
C01529,1,707.95,New
C01530,2,3334.04,Repeat
C01531,6,10995.24,Repeat
C01532,4,6421.67,Repeat
C01533,4,6255.360000000001,Repeat
C01534,3,6217.49,Repeat
C01535,5,8176.3099999999995,Repeat
C01536,1,2412.28,New
C01537,6,6598.69,Repeat
C01538,3,3506.33,Repeat
C01539,5,6172.6,Repeat
C01540,3,7949.99,Repeat
C01541,3,5772.05,Repeat
C01542,2,3067.14,Repeat
C01543,4,5140.4,Repeat
C01544,5,6686.38,Repeat
C01545,3,2786.0,Repeat
C01546,2,2487.4300000000003,Repeat
C01547,2,2313.25,Repeat
C01548,6,8208.33,Repeat
C01549,3,6227.65,Repeat
C01550,1,1356.1,New
C01551,4,6712.02,Repeat
C01552,5,6421.12,Repeat
C01553,3,2868.74,Repeat
C01554,5,7643.11,Repeat
C01555,2,2815.7799999999997,Repeat
C01556,3,4921.33,Repeat
C01557,3,3878.23,Repeat
C01558,5,5421.6,Repeat
C01559,3,3416.63,Repeat
C01560,3,3811.6800000000003,Repeat
C01561,1,954.18,New
C01562,4,3705.01,Repeat
C01563,3,4889.21,Repeat
C01564,4,3311.39,Repeat
C01565,3,7032.59,Repeat
C01566,4,5587.71,Repeat
C01567,3,4110.87,Repeat
C01568,6,9873.55,Repeat
C01569,6,7825.400000000001,Repeat
C01570,1,1269.62,New
C01571,1,1532.28,New
C01572,3,6228.17,Repeat
C01573,3,2707.45,Repeat
C01574,4,7012.16,Repeat
C01575,1,860.78,New
C01576,7,11755.0,Repeat
C01577,3,4842.08,Repeat
C01578,4,5676.76,Repeat
C01579,5,9322.5,Repeat
C01580,3,6516.59,Repeat
C01581,2,7672.48,Repeat
C01582,2,4697.37,Repeat
C01583,3,3150.38,Repeat
C01584,2,2631.6800000000003,Repeat
C01585,4,8233.050000000001,Repeat
C01586,2,2746.7299999999996,Repeat
C01587,3,3702.62,Repeat
C01588,2,4439.16,Repeat
C01589,3,4508.07,Repeat
C01590,5,8137.299999999999,Repeat
C01591,6,7440.1,Repeat
C01592,3,3623.23,Repeat
C01594,1,878.72,New
C01595,2,4481.43,Repeat
C01596,3,4482.04,Repeat
C01597,7,10258.57,Repeat
C01598,3,3715.2,Repeat
C01599,4,4790.33,Repeat
C01601,7,9211.55,Repeat
C01602,2,4143.58,Repeat
C01603,3,4474.1900000000005,Repeat
C01604,6,7704.75,Repeat
C01605,3,5807.67,Repeat
C01606,3,6665.23,Repeat
C01607,3,5229.21,Repeat
C01608,3,3688.69,Repeat
C01609,7,11403.22,Repeat
C01610,2,2466.34,Repeat
C01611,6,5792.55,Repeat
C01612,8,11218.02,Repeat
C01613,7,10739.2,Repeat
C01614,3,4559.29,Repeat
C01615,6,8081.23,Repeat
C01616,4,5692.57,Repeat
C01617,7,12602.69,Repeat
C01618,3,3688.4700000000003,Repeat
C01619,2,2424.69,Repeat
C01620,3,4646.53,Repeat
C01621,6,16240.43,Repeat
C01622,6,8887.46,Repeat
C01623,2,3735.64,Repeat
C01624,2,2819.37,Repeat
C01625,1,1451.64,New
C01626,4,4037.9700000000003,Repeat
C01627,8,11032.439999999999,Repeat
C01628,5,7278.67,Repeat
C01629,2,2169.26,Repeat
C01630,7,10246.28,Repeat
C01631,3,4651.2,Repeat
C01632,1,666.08,New
C01633,2,1786.98,Repeat
C01634,3,3680.5299999999997,Repeat
C01635,4,5956.700000000001,Repeat
C01636,4,5978.360000000001,Repeat
C01637,7,10138.68,Repeat
C01638,1,1612.93,New
C01639,5,7698.44,Repeat
C01640,4,6021.02,Repeat
C01641,4,5505.8099999999995,Repeat
C01642,3,3566.7,Repeat
C01643,5,9416.119999999999,Repeat
C01644,6,6957.610000000001,Repeat
C01645,4,5793.110000000001,Repeat
C01646,3,3289.57,Repeat
C01647,4,6911.72,Repeat
C01648,2,2314.07,Repeat
C01649,4,5418.55,Repeat
C01650,2,2950.95,Repeat
C01651,6,10581.0,Repeat
C01652,3,3766.49,Repeat
C01653,1,1201.33,New
C01654,4,5059.24,Repeat
C01655,5,6617.44,Repeat
C01656,3,4539.34,Repeat
C01657,4,5289.92,Repeat
C01658,3,4453.55,Repeat
C01659,5,4797.71,Repeat
C01660,2,3021.7,Repeat
C01661,2,2715.75,Repeat
C01662,8,11256.01,Repeat
C01663,2,2141.27,Repeat
C01664,2,1933.23,Repeat
C01665,7,10366.77,Repeat
C01667,3,4142.77,Repeat
C01668,4,6106.72,Repeat
C01669,6,10388.869999999999,Repeat
C01670,3,6478.37,Repeat
C01671,2,2769.6099999999997,Repeat
C01672,3,3670.25,Repeat
C01673,3,4205.54,Repeat
C01674,2,2542.16,Repeat
C01675,4,5838.46,Repeat
C01676,2,2384.46,Repeat
C01677,4,4834.57,Repeat
C01678,2,4663.16,Repeat
C01679,2,3664.54,Repeat
C01680,2,3532.1400000000003,Repeat
C01681,5,4563.41,Repeat
C01682,2,2314.07,Repeat
C01683,3,4026.34,Repeat
C01684,2,1966.4699999999998,Repeat
C01686,3,4146.43,Repeat
C01687,5,7600.15,Repeat
C01689,3,3254.89,Repeat
C01690,4,4696.13,Repeat
C01691,7,10609.19,Repeat
C01692,6,6588.950000000001,Repeat
C01693,3,3667.37,Repeat
C01694,4,4632.38,Repeat
C01696,5,6656.969999999999,Repeat
C01697,3,3398.4,Repeat
C01698,3,4761.11,Repeat
C01699,5,8699.439999999999,Repeat
C01700,4,5855.25,Repeat
C01701,4,5478.94,Repeat
C01702,3,4428.26,Repeat
C01703,1,1531.5,New
C01704,5,8049.42,Repeat
C01705,2,4227.7,Repeat
C01706,1,1141.26,New
C01707,2,2160.75,Repeat
C01708,3,4039.87,Repeat
C01709,1,3225.86,New
C01710,4,7797.08,Repeat
C01711,7,11017.88,Repeat
C01712,3,4976.13,Repeat
C01713,1,2134.16,New
C01714,3,6737.27,Repeat
C01715,3,9272.98,Repeat
C01716,3,3134.2200000000003,Repeat
C01717,2,2906.28,Repeat
C01718,3,5339.0599999999995,Repeat
C01719,1,992.54,New
C01720,4,6432.09,Repeat
C01721,2,2702.99,Repeat
C01722,4,4822.139999999999,Repeat
C01723,1,1083.42,New
C01724,3,2847.8,Repeat
C01725,7,12814.380000000001,Repeat
C01726,5,8885.95,Repeat
C01727,9,14332.67,Repeat
C01728,4,8507.33,Repeat
C01729,1,1104.79,New
C01730,3,5357.06,Repeat
C01732,3,3464.71,Repeat
C01733,1,1083.42,New
C01734,7,9592.67,Repeat
C01735,4,5424.66,Repeat
C01736,2,3532.16,Repeat
C01737,4,4500.79,Repeat
C01738,4,7960.91,Repeat
C01739,1,954.93,New
C01740,5,7553.38,Repeat
C01741,3,3910.05,Repeat
C01742,3,7996.88,Repeat
C01743,3,3724.0299999999997,Repeat
C01744,8,11918.8,Repeat
C01745,7,11505.4,Repeat
C01746,2,1749.6,Repeat
C01747,6,8961.44,Repeat
C01748,1,3247.64,New
C01749,3,4410.36,Repeat
C01750,5,10684.47,Repeat
C01751,4,6430.9800000000005,Repeat
C01752,4,9607.779999999999,Repeat
C01753,3,3882.58,Repeat
C01754,6,13942.060000000001,Repeat
C01755,8,16524.04,Repeat
C01756,5,7002.3099999999995,Repeat
C01757,5,11090.390000000001,Repeat
C01758,4,5337.57,Repeat
C01759,3,9155.18,Repeat
C01760,6,8638.71,Repeat
C01761,5,6609.6,Repeat
C01762,1,1356.1,New
C01763,4,5689.91,Repeat
C01764,3,3978.62,Repeat
C01765,3,3274.99,Repeat
C01766,3,7758.3,Repeat
C01767,4,5532.34,Repeat
C01768,3,4829.66,Repeat
C01769,3,4647.45,Repeat
C01770,5,11507.75,Repeat
C01771,2,2152.48,Repeat
C01772,3,3928.77,Repeat
C01773,2,2103.42,Repeat
C01774,5,6497.7300000000005,Repeat
C01775,4,7792.28,Repeat
C01776,6,12407.53,Repeat
C01777,1,745.21,New
C01778,4,5108.49,Repeat
C01779,6,8135.889999999999,Repeat
C01780,3,3163.2599999999998,Repeat
C01781,4,6594.24,Repeat
C01782,4,8033.17,Repeat
C01783,2,2635.93,Repeat
C01784,4,4692.88,Repeat
C01785,3,3594.38,Repeat
C01786,4,5328.1,Repeat
C01787,4,5331.54,Repeat
C01788,3,4588.44,Repeat
C01789,3,3170.01,Repeat
C01790,6,10024.33,Repeat
C01791,7,7559.389999999999,Repeat
C01792,2,2047.6999999999998,Repeat
C01793,1,1212.2,New
C01794,4,5399.84,Repeat
C01795,3,6477.38,Repeat
C01796,2,2854.85,Repeat
C01797,3,4026.38,Repeat
C01798,2,2436.63,Repeat
C01799,3,3872.0699999999997,Repeat
C01800,1,2522.74,New
C01801,4,5951.77,Repeat
C01803,3,4013.73,Repeat
C01804,6,5607.7300000000005,Repeat
C01805,7,9677.83,Repeat
C01806,4,6241.92,Repeat
C01807,10,12146.72,Repeat
C01808,1,1140.44,New
C01809,3,2858.13,Repeat
C01810,3,3178.02,Repeat
C01811,3,4305.25,Repeat
C01812,4,7093.8099999999995,Repeat
C01813,5,7147.27,Repeat
C01814,2,2249.6400000000003,Repeat
C01815,5,11247.47,Repeat
C01816,1,1651.81,New
C01817,8,10786.36,Repeat
C01818,8,9553.91,Repeat
C01819,5,7253.65,Repeat
C01820,8,13051.09,Repeat
C01821,5,5707.7,Repeat
C01822,4,5246.299999999999,Repeat
C01823,7,8888.34,Repeat
C01824,9,15001.42,Repeat
C01825,3,5027.15,Repeat
C01826,6,8488.93,Repeat
C01827,4,5889.26,Repeat
C01828,4,6431.299999999999,Repeat
C01829,3,3821.19,Repeat
C01830,5,9323.560000000001,Repeat
C01831,5,8156.73,Repeat
C01832,3,3396.54,Repeat
C01833,2,4277.99,Repeat
C01834,7,10987.55,Repeat
C01835,4,6576.68,Repeat
C01836,3,4778.22,Repeat
C01837,4,7250.21,Repeat
C01838,2,2374.0299999999997,Repeat
C01839,4,6315.280000000001,Repeat
C01840,1,1262.55,New
C01841,3,5632.3099999999995,Repeat
C01842,2,2430.5,Repeat
C01843,4,9214.26,Repeat
C01844,3,3004.21,Repeat
C01845,1,1595.74,New
C01846,6,9896.08,Repeat
C01847,1,1612.11,New
C01848,2,2891.66,Repeat
C01849,4,5783.51,Repeat
C01850,5,7891.35,Repeat
C01851,2,3144.0299999999997,Repeat
C01852,7,11934.46,Repeat
C01853,5,6947.6,Repeat
C01854,2,1986.85,Repeat
C01855,3,3764.0,Repeat
C01856,3,4307.95,Repeat
C01857,2,2078.38,Repeat
C01858,4,5576.469999999999,Repeat
C01859,2,2355.46,Repeat
C01860,6,7570.53,Repeat
C01862,4,5010.2,Repeat
C01863,3,4162.52,Repeat
C01864,2,1931.71,Repeat
C01865,3,5270.4400000000005,Repeat
C01866,4,5904.1,Repeat
C01867,1,1346.89,New
C01868,2,3940.63,Repeat
C01869,6,12125.09,Repeat
C01870,3,4653.72,Repeat
C01871,3,3182.97,Repeat
C01872,3,3038.7599999999998,Repeat
C01873,2,2755.59,Repeat
C01874,4,6186.549999999999,Repeat
C01875,5,6949.23,Repeat
C01876,4,6395.96,Repeat
C01877,5,6025.71,Repeat
C01878,6,9680.220000000001,Repeat
C01879,5,6861.5599999999995,Repeat
C01880,3,2974.65,Repeat
C01881,3,3449.86,Repeat
C01882,3,4378.92,Repeat
C01883,2,2914.3599999999997,Repeat
C01884,5,9107.2,Repeat
C01885,2,1891.22,Repeat
C01886,3,4426.93,Repeat
C01887,4,5828.299999999999,Repeat
C01888,2,2735.15,Repeat
C01889,7,10575.92,Repeat
C01890,5,8196.89,Repeat
C01891,4,4227.78,Repeat
C01892,2,2634.24,Repeat
C01893,4,7552.24,Repeat
C01894,1,2134.16,New
C01895,5,9324.4,Repeat
C01896,5,10712.119999999999,Repeat
C01897,7,9537.11,Repeat
C01898,2,2422.63,Repeat
C01899,7,7633.91,Repeat
C01900,1,860.78,New
C01901,2,2820.8100000000004,Repeat
C01902,3,3599.41,Repeat
C01903,4,4777.78,Repeat
C01904,3,3274.13,Repeat
C01905,2,3983.19,Repeat
C01906,3,6103.75,Repeat
C01907,5,8392.61,Repeat
C01909,6,10103.95,Repeat
C01910,9,13680.74,Repeat
C01911,2,3042.08,Repeat
C01912,4,9390.970000000001,Repeat
C01913,6,9121.51,Repeat
C01914,3,6593.74,Repeat
C01915,4,3923.73,Repeat
C01916,12,20597.1,Repeat
C01917,4,5468.66,Repeat
C01918,5,10171.19,Repeat
C01919,4,9897.71,Repeat
C01920,5,6057.43,Repeat
C01921,7,14461.34,Repeat
C01922,5,5908.2699999999995,Repeat
C01923,4,7737.99,Repeat
C01924,6,9233.2,Repeat
C01925,2,4845.55,Repeat
C01926,5,11137.93,Repeat
C01927,6,9033.79,Repeat
C01928,7,12611.91,Repeat
C01929,4,7707.87,Repeat
C01930,5,9289.17,Repeat
C01931,2,3066.69,Repeat
C01932,2,4599.55,Repeat
C01933,4,6558.1900000000005,Repeat
C01934,2,2971.97,Repeat
C01936,1,1199.42,New
C01937,5,9520.119999999999,Repeat
C01938,2,1887.6,Repeat
C01939,1,1199.42,New
C01940,3,4139.85,Repeat
C01941,8,13935.87,Repeat
C01942,3,3601.19,Repeat
C01943,2,5014.46,Repeat
C01944,6,10182.62,Repeat
C01945,6,11778.97,Repeat
C01946,2,2222.46,Repeat
C01947,4,5031.1900000000005,Repeat
C01948,1,878.72,New
C01949,3,6276.9400000000005,Repeat
C01950,3,3445.67,Repeat
C01951,6,12029.19,Repeat
C01952,5,7652.93,Repeat
C01953,5,6119.66,Repeat
C01954,2,1933.38,Repeat
C01955,3,3511.29,Repeat
C01956,3,4944.34,Repeat
C01957,3,3344.74,Repeat
C01958,2,2577.65,Repeat
C01959,3,8119.17,Repeat
C01960,7,8835.9,Repeat
C01961,3,3729.86,Repeat
C01962,3,6044.5199999999995,Repeat
C01963,2,6218.36,Repeat
C01964,3,4221.49,Repeat
C01965,9,13743.85,Repeat
C01966,3,4053.3900000000003,Repeat
C01968,3,4553.610000000001,Repeat
C01969,1,3151.68,New
C01970,1,1102.82,New
C01971,4,8493.25,Repeat
C01972,2,3307.8599999999997,Repeat
C01973,4,4328.06,Repeat
C01974,7,8883.55,Repeat
C01975,4,4473.74,Repeat
C01976,6,10445.529999999999,Repeat
C01977,9,13003.59,Repeat
C01978,2,2817.04,Repeat
C01979,4,7516.45,Repeat
C01980,8,11631.689999999999,Repeat
C01981,3,3481.09,Repeat
C01982,2,3571.6099999999997,Repeat
C01983,4,8321.94,Repeat
C01984,2,4500.74,Repeat
C01985,2,2806.16,Repeat
C01986,5,4365.54,Repeat
C01987,1,2225.72,New
C01988,4,6108.639999999999,Repeat
C01989,4,6160.05,Repeat
C01990,3,6378.389999999999,Repeat
C01991,3,3444.91,Repeat
C01992,6,9648.74,Repeat
C01993,2,3722.83,Repeat
C01994,5,6093.48,Repeat
C01995,6,7510.82,Repeat
C01996,1,1083.42,New
C01997,3,2327.59,Repeat
C01998,5,6472.4,Repeat
C01999,3,4707.9,Repeat
C02000,2,3510.99,Repeat
C02001,6,7054.62,Repeat
C02002,6,8294.199999999999,Repeat
C02003,5,5942.57,Repeat
C02005,4,8337.58,Repeat
C02006,4,7476.38,Repeat
C02007,3,4569.7,Repeat
C02008,1,3323.73,New
C02009,2,4281.66,Repeat
C02010,1,1220.04,New
C02011,7,10895.21,Repeat
C02012,2,2722.81,Repeat
C02013,3,3960.8599999999997,Repeat
C02014,3,4538.32,Repeat
C02015,5,8406.94,Repeat
C02016,10,11784.949999999999,Repeat
C02017,5,5914.05,Repeat
C02018,10,18350.94,Repeat
C02019,2,3483.61,Repeat
C02020,2,3384.81,Repeat
C02021,4,6465.25,Repeat
C02022,4,6075.47,Repeat
C02023,5,5970.97,Repeat
C02024,5,11710.789999999999,Repeat
C02025,5,6201.8099999999995,Repeat
C02026,5,6457.8,Repeat
C02027,12,19502.489999999998,Repeat
C02028,5,6707.54,Repeat
C02029,4,7588.71,Repeat
C02030,2,2678.66,Repeat
C02031,5,8928.23,Repeat
C02032,7,8523.31,Repeat
C02033,6,7968.08,Repeat
C02034,2,4256.65,Repeat
C02035,3,5440.33,Repeat
C02036,3,4632.84,Repeat
C02037,4,8415.289999999999,Repeat
C02038,2,1415.89,Repeat
C02039,1,1401.76,New
C02040,4,4926.53,Repeat
C02041,1,2678.93,New
C02042,4,5681.24,Repeat
C02043,9,16255.57,Repeat
C02044,8,12263.25,Repeat
C02045,2,2481.8,Repeat
C02046,5,9604.869999999999,Repeat
C02047,6,7464.45,Repeat
C02048,3,3376.3500000000004,Repeat
C02049,3,3257.16,Repeat
C02050,2,4948.93,Repeat
C02051,7,8914.3,Repeat
C02052,10,14770.55,Repeat
C02053,5,6571.42,Repeat
C02054,1,2027.45,New
C02055,2,2693.31,Repeat
C02056,4,4469.3,Repeat
C02057,6,8645.95,Repeat
C02058,5,6243.4,Repeat
C02059,4,7572.960000000001,Repeat
C02060,1,2440.98,New
C02061,3,4757.610000000001,Repeat
C02062,5,9698.23,Repeat
C02063,1,2023.08,New
C02064,5,7283.37,Repeat
C02065,8,10873.96,Repeat
C02066,8,13706.289999999999,Repeat
C02067,6,10383.63,Repeat
C02068,2,3370.25,Repeat
C02069,4,5677.1900000000005,Repeat
C02070,6,8492.35,Repeat
C02071,6,8050.39,Repeat
C02072,5,9772.94,Repeat
C02073,2,2050.65,Repeat
C02074,4,4632.51,Repeat
C02075,4,7708.73,Repeat
C02076,4,5751.92,Repeat
C02077,8,10511.95,Repeat
C02078,6,7798.9400000000005,Repeat
C02079,2,2246.05,Repeat
C02080,4,5100.93,Repeat
C02081,7,8267.53,Repeat
C02082,4,4632.15,Repeat
C02083,6,8155.54,Repeat
C02084,4,6088.05,Repeat
C02085,5,11806.46,Repeat
C02086,3,5379.94,Repeat
C02087,2,3153.98,Repeat
C02088,6,8894.66,Repeat
C02089,1,1220.04,New
C02090,6,7428.98,Repeat
C02091,6,9537.44,Repeat
C02092,2,1935.6999999999998,Repeat
C02093,5,7608.68,Repeat
C02094,6,8787.16,Repeat
C02095,5,9301.26,Repeat
C02096,4,8601.81,Repeat
C02097,7,9347.31,Repeat
C02098,7,14607.199999999999,Repeat
C02099,3,4479.4400000000005,Repeat
C02100,3,3110.48,Repeat
C02101,3,5611.51,Repeat
C02102,5,5909.86,Repeat
C02103,6,10942.789999999999,Repeat
C02104,1,1738.75,New
C02105,2,2672.27,Repeat
C02106,4,7724.76,Repeat
C02107,1,1262.05,New
C02108,1,1356.1,New
C02109,4,6235.14,Repeat
C02110,3,6886.0599999999995,Repeat
C02111,3,6855.26,Repeat
C02112,2,2988.65,Repeat
C02113,7,12378.12,Repeat
C02114,5,7099.55,Repeat
C02115,5,6100.39,Repeat
C02116,6,10053.529999999999,Repeat
C02117,3,3625.5599999999995,Repeat
C02118,3,4690.67,Repeat
C02119,5,5279.3,Repeat
C02120,2,3040.07,Repeat
C02121,3,3201.7,Repeat
C02122,5,5684.48,Repeat
C02123,4,4283.21,Repeat
C02124,2,4120.46,Repeat
C02125,4,6810.889999999999,Repeat
C02126,3,3019.96,Repeat
C02127,3,3485.81,Repeat
C02128,5,7170.02,Repeat
C02129,2,1946.7199999999998,Repeat
C02130,2,2230.9700000000003,Repeat
C02131,6,8553.01,Repeat
C02132,6,7421.9,Repeat
C02133,3,5776.4,Repeat
C02134,3,3609.02,Repeat
C02135,6,6814.53,Repeat
C02136,3,5501.1,Repeat
C02137,3,3352.4700000000003,Repeat
C02138,2,3508.4399999999996,Repeat
C02139,4,6020.969999999999,Repeat
C02140,5,9466.98,Repeat
C02141,5,7377.36,Repeat
C02142,7,11317.35,Repeat
C02143,2,2037.62,Repeat
C02145,5,5469.21,Repeat
C02146,5,6987.32,Repeat
C02147,5,7168.42,Repeat
C02148,7,15018.55,Repeat
C02149,1,2951.08,New
C02150,6,8201.05,Repeat
C02151,3,7075.16,Repeat
C02152,7,10110.24,Repeat
C02153,5,5899.15,Repeat
C02154,3,5086.47,Repeat
C02155,4,5171.87,Repeat
C02156,2,3358.83,Repeat
C02157,9,12320.91,Repeat
C02158,1,860.78,New
C02159,1,2008.8,New
C02160,3,4743.71,Repeat
C02161,2,2360.75,Repeat
C02162,6,8209.13,Repeat
C02163,8,10629.53,Repeat
C02164,3,3652.86,Repeat
C02165,4,6088.96,Repeat
C02166,3,4908.8,Repeat
C02167,4,4850.01,Repeat
C02168,3,6652.93,Repeat
C02169,4,9437.130000000001,Repeat
C02170,4,4389.43,Repeat
C02171,8,13783.64,Repeat
C02172,4,5261.73,Repeat
C02173,5,9755.869999999999,Repeat
C02174,3,4287.9,Repeat
C02175,4,6080.46,Repeat
C02176,2,2221.05,Repeat
C02177,4,6066.15,Repeat
C02178,3,5108.87,Repeat
C02179,2,4195.29,Repeat
C02180,1,3094.64,New
C02181,3,3670.65,Repeat
C02182,5,6337.49,Repeat
C02183,1,2903.27,New
C02184,2,4731.719999999999,Repeat
C02185,3,6506.6900000000005,Repeat
C02186,2,2304.47,Repeat
C02187,3,4414.68,Repeat
C02188,4,5597.1,Repeat
C02189,4,4462.42,Repeat
C02190,2,2335.65,Repeat
C02191,6,7964.11,Repeat
C02192,3,5874.99,Repeat
C02193,2,1795.45,Repeat
C02194,8,9887.89,Repeat
C02195,3,3216.4,Repeat
C02196,3,3323.92,Repeat
C02197,4,6678.030000000001,Repeat
C02198,4,7281.54,Repeat
C02199,3,5195.24,Repeat
C02200,6,8231.77,Repeat
C02201,3,3060.0,Repeat
C02202,7,10789.3,Repeat
C02203,5,6114.57,Repeat
C02204,2,2923.2299999999996,Repeat
C02205,3,4152.5,Repeat
C02206,2,2993.7200000000003,Repeat
C02207,4,5779.5,Repeat
C02208,5,9416.92,Repeat
C02209,1,2412.28,New
C02210,4,3851.63,Repeat
C02211,3,3488.3199999999997,Repeat
C02212,1,1207.88,New
C02213,1,1141.26,New
C02214,1,1262.55,New
C02215,7,13741.45,Repeat
C02216,1,2951.08,New
C02217,2,2170.8599999999997,Repeat
C02218,5,5110.139999999999,Repeat
C02219,5,11995.35,Repeat
C02220,4,4979.63,Repeat
C02221,2,2286.36,Repeat
C02222,8,12949.359999999999,Repeat
C02223,4,6777.41,Repeat
C02224,1,860.78,New
C02225,7,11671.01,Repeat
C02226,3,3676.5299999999997,Repeat
C02227,3,4288.35,Repeat
C02228,6,6896.78,Repeat
C02229,6,8652.16,Repeat
C02230,3,5317.570000000001,Repeat
C02231,3,5217.4,Repeat
C02232,2,2315.8,Repeat
C02233,4,5559.91,Repeat
C02234,3,4808.36,Repeat
C02235,2,4476.0599999999995,Repeat
C02236,2,4723.19,Repeat
C02237,2,1850.6000000000001,Repeat
C02238,2,2638.2200000000003,Repeat
C02239,2,2814.1099999999997,Repeat
C02240,9,12111.74,Repeat
C02241,3,6664.32,Repeat
C02242,3,4152.29,Repeat
C02243,3,4114.2,Repeat
C02244,3,5557.24,Repeat
C02245,4,3818.64,Repeat
C02247,3,3457.91,Repeat
C02248,3,2682.02,Repeat
C02249,5,6147.3099999999995,Repeat
C02250,3,2449.7799999999997,Repeat
C02251,8,12233.41,Repeat
C02252,4,6916.69,Repeat
C02253,4,6328.88,Repeat
C02254,4,6949.9400000000005,Repeat
C02255,3,3760.7599999999998,Repeat
C02256,3,3691.5699999999997,Repeat
C02257,2,2940.1099999999997,Repeat
C02258,1,944.4,New
C02259,4,4353.83,Repeat
C02261,3,4649.77,Repeat
C02262,4,5338.08,Repeat
C02263,1,1612.93,New
C02264,4,4224.61,Repeat
C02265,1,1011.54,New
C02266,5,7140.86,Repeat
C02267,4,4520.28,Repeat
C02268,2,2366.16,Repeat
C02269,3,4349.389999999999,Repeat
C02270,8,10676.14,Repeat
C02271,6,9808.46,Repeat
C02272,4,5344.32,Repeat
C02273,1,1852.43,New
C02274,6,6695.74,Repeat
C02275,7,8005.799999999999,Repeat
C02276,6,7580.87,Repeat
C02277,6,12194.630000000001,Repeat
C02278,3,4125.18,Repeat
C02279,2,2413.83,Repeat
C02280,5,5639.5,Repeat
C02281,1,1369.9,New
C02282,6,6397.37,Repeat
C02283,6,6581.64,Repeat
C02284,3,4611.1,Repeat
C02285,2,3548.87,Repeat
C02286,2,2403.63,Repeat
C02287,4,8016.709999999999,Repeat
C02288,5,5488.700000000001,Repeat
C02289,6,8485.74,Repeat
C02290,1,1475.54,New
C02291,1,878.72,New
C02292,2,1839.97,Repeat
C02293,3,4036.6899999999996,Repeat
C02294,2,2942.29,Repeat
C02295,4,6876.75,Repeat
C02296,6,9272.79,Repeat
C02297,2,3646.6899999999996,Repeat
C02298,6,8477.39,Repeat
C02299,2,1776.75,Repeat
C02300,3,3386.6099999999997,Repeat
C02301,3,4352.75,Repeat
C02302,4,4620.86,Repeat
C02303,2,2439.52,Repeat
C02304,3,5969.38,Repeat
C02305,3,4546.42,Repeat
C02306,3,4431.639999999999,Repeat
C02307,3,6897.42,Repeat
C02308,5,9024.17,Repeat
C02309,6,12516.119999999999,Repeat
C02310,6,8226.55,Repeat
C02311,3,5300.3,Repeat
C02312,2,2888.96,Repeat
C02313,6,7776.219999999999,Repeat
C02314,4,5323.91,Repeat
C02315,7,9243.84,Repeat
C02316,7,13245.03,Repeat
C02317,2,2865.2799999999997,Repeat
C02318,5,6031.65,Repeat
C02319,4,8980.25,Repeat
C02320,2,3242.38,Repeat
C02321,1,1549.4,New
C02322,2,3125.8599999999997,Repeat
C02323,4,5315.43,Repeat
C02325,4,8019.89,Repeat
C02326,7,12627.92,Repeat
C02327,6,10135.529999999999,Repeat
C02328,3,3855.08,Repeat
C02329,5,8464.22,Repeat
C02330,4,7866.76,Repeat
C02331,4,5008.23,Repeat
C02332,6,10456.66,Repeat
C02333,2,1374.02,Repeat
C02334,4,4121.8099999999995,Repeat
C02335,3,3780.4799999999996,Repeat
C02337,7,11274.130000000001,Repeat
C02338,3,4482.95,Repeat
C02339,1,701.14,New
C02342,6,9612.64,Repeat
C02343,3,4753.5,Repeat
C02344,4,8294.83,Repeat
C02345,2,3038.59,Repeat
C02346,6,8774.85,Repeat
C02347,3,3205.37,Repeat
C02348,2,4206.61,Repeat
C02349,7,13360.29,Repeat
C02350,3,6343.02,Repeat
C02351,3,3795.29,Repeat
C02352,5,6738.74,Repeat
C02353,6,8714.210000000001,Repeat
C02354,4,5195.110000000001,Repeat
C02355,5,7805.16,Repeat
C02356,3,4059.68,Repeat
C02357,5,8078.15,Repeat
C02358,4,6019.110000000001,Repeat
C02359,2,2057.84,Repeat
C02360,7,7148.05,Repeat
C02361,4,6689.38,Repeat
C02362,5,8544.44,Repeat
C02363,2,4693.63,Repeat
C02364,4,6743.42,Repeat
C02365,5,6293.97,Repeat
C02366,7,8694.21,Repeat
C02367,4,6184.110000000001,Repeat
C02368,2,4136.04,Repeat
C02369,6,7166.85,Repeat
C02370,5,5531.67,Repeat
C02371,3,3843.51,Repeat
C02372,2,3366.8100000000004,Repeat
C02373,2,3095.46,Repeat
C02374,2,2927.91,Repeat
C02375,5,5982.6,Repeat
C02376,5,5552.71,Repeat
C02377,10,12880.38,Repeat
C02378,4,5663.24,Repeat
C02379,6,7205.860000000001,Repeat
C02380,6,9388.47,Repeat
C02381,4,6058.25,Repeat
C02382,3,5361.129999999999,Repeat
C02383,8,12427.77,Repeat
C02384,5,7792.59,Repeat
C02385,5,6198.05,Repeat
C02386,6,8645.36,Repeat
C02387,8,9327.619999999999,Repeat
C02388,3,4953.73,Repeat
C02389,4,5929.87,Repeat
C02390,5,6863.34,Repeat
C02391,2,2736.1800000000003,Repeat
C02393,3,4541.28,Repeat
C02394,2,3063.01,Repeat
C02395,5,5579.66,Repeat
C02396,3,4600.73,Repeat
C02397,2,3650.0,Repeat
C02398,3,5272.58,Repeat
C02399,4,9199.189999999999,Repeat
C02400,4,4644.67,Repeat
C02401,3,3490.87,Repeat
C02402,1,3801.34,New
C02403,2,2348.32,Repeat
C02404,3,5298.469999999999,Repeat
C02405,7,9778.34,Repeat
C02406,4,7220.01,Repeat
C02407,5,5677.9800000000005,Repeat
C02408,3,5739.52,Repeat
C02409,3,3561.7,Repeat
C02410,2,3765.68,Repeat
C02412,2,3785.6099999999997,Repeat
C02413,3,4571.530000000001,Repeat
C02414,2,3820.66,Repeat
C02415,4,4972.85,Repeat
C02416,5,7385.47,Repeat
C02417,5,4863.13,Repeat
C02418,4,7402.3099999999995,Repeat
C02419,4,7320.48,Repeat
C02420,7,8464.33,Repeat
C02421,3,3740.5200000000004,Repeat
C02422,6,10828.84,Repeat
C02423,2,3327.5,Repeat
C02424,9,14542.29,Repeat
C02425,2,2482.55,Repeat
C02426,4,5064.17,Repeat
C02427,5,9080.84,Repeat
C02428,6,8184.67,Repeat
C02429,7,8487.84,Repeat
C02430,4,5132.96,Repeat
C02431,2,2707.24,Repeat
C02432,3,3451.58,Repeat
C02433,5,7362.95,Repeat
C02434,6,10415.88,Repeat
C02435,2,2333.27,Repeat
C02436,6,9470.93,Repeat
C02437,1,1262.55,New
C02438,1,3303.62,New
C02439,3,5198.51,Repeat
C02441,3,3645.3,Repeat
C02442,4,6911.5599999999995,Repeat
C02443,1,1710.6,New
C02444,7,8463.54,Repeat
C02445,2,3835.58,Repeat
C02446,2,2375.77,Repeat
C02447,5,6841.99,Repeat
C02448,1,1207.88,New
C02449,2,2499.59,Repeat
C02451,2,2403.63,Repeat
C02452,6,7033.860000000001,Repeat
C02453,7,11630.93,Repeat
C02454,6,9185.73,Repeat
C02455,1,1360.07,New
C02457,3,2952.5099999999998,Repeat
C02458,2,2706.7200000000003,Repeat
C02459,2,2212.58,Repeat
C02460,1,2994.1,New
C02461,3,3676.41,Repeat
C02462,4,4808.99,Repeat
C02463,4,9175.77,Repeat
C02464,4,5920.85,Repeat
C02465,5,6245.51,Repeat
C02466,2,1684.2800000000002,Repeat
C02467,7,9027.41,Repeat
C02468,3,4583.58,Repeat
C02469,4,6944.540000000001,Repeat
C02470,2,2428.3599999999997,Repeat
C02471,5,11571.650000000001,Repeat
C02472,4,5161.68,Repeat
C02473,7,8617.4,Repeat
C02474,2,3192.74,Repeat
C02475,4,3294.92,Repeat
C02476,3,3979.22,Repeat
C02477,3,4005.48,Repeat
C02478,3,5310.99,Repeat
C02479,3,3108.87,Repeat
C02480,3,5896.23,Repeat
C02481,2,2862.23,Repeat
C02482,4,4525.64,Repeat
C02483,1,1207.88,New
C02484,4,5397.76,Repeat
C02485,4,5942.6900000000005,Repeat
C02486,4,4208.63,Repeat
C02487,1,701.14,New
C02488,1,1135.23,New
C02489,3,3747.9,Repeat
C02490,1,2402.66,New
C02491,7,11093.33,Repeat
C02492,3,4291.8099999999995,Repeat
C02493,6,8905.51,Repeat
C02494,2,2631.04,Repeat
C02495,2,4574.23,Repeat
C02497,2,2902.1800000000003,Repeat
C02498,2,4158.82,Repeat
C02499,4,5967.06,Repeat
C02500,5,9442.13,Repeat
C02501,3,4749.47,Repeat
C02502,3,4571.03,Repeat
C02503,1,1475.54,New
C02504,5,7366.1900000000005,Repeat
C02505,3,3954.38,Repeat
C02506,4,8101.37,Repeat
C02507,5,8262.16,Repeat
C02508,1,1292.07,New
C02509,2,3439.87,Repeat
C02510,2,3246.38,Repeat
C02511,3,5603.29,Repeat
C02512,8,14000.59,Repeat
C02513,4,5482.13,Repeat
C02514,3,4817.52,Repeat
C02515,3,4359.51,Repeat
C02516,2,2487.08,Repeat
C02517,3,5668.35,Repeat
C02518,3,3283.7599999999998,Repeat
C02519,5,10006.349999999999,Repeat
C02520,1,3421.21,New
C02521,3,7016.52,Repeat
C02522,1,1140.44,New
C02523,3,3538.25,Repeat
C02524,1,2864.79,New
C02525,5,7337.28,Repeat
C02526,2,2516.76,Repeat
C02527,4,7077.08,Repeat
C02528,4,5460.5,Repeat
C02529,3,5115.14,Repeat
C02530,3,5257.7699999999995,Repeat
C02531,1,1292.07,New
C02532,4,4235.3,Repeat
C02533,4,7097.29,Repeat
C02534,3,4509.4,Repeat
C02535,5,10657.0,Repeat
C02536,5,8654.08,Repeat
C02537,4,7313.83,Repeat
C02538,4,5418.889999999999,Repeat
C02539,4,5522.15,Repeat
C02540,4,9571.71,Repeat
C02541,1,1243.79,New
C02542,3,6087.389999999999,Repeat
C02543,1,1081.2,New
C02544,4,9128.17,Repeat
C02545,1,666.08,New
C02546,8,10720.789999999999,Repeat
C02547,4,5893.7300000000005,Repeat
C02548,2,2355.27,Repeat
C02549,6,9849.57,Repeat
C02550,4,7413.62,Repeat
C02551,2,2919.51,Repeat
C02552,4,5027.24,Repeat
C02553,7,10832.42,Repeat
C02554,2,5004.11,Repeat
C02555,5,8184.11,Repeat
C02557,5,5895.68,Repeat
C02558,3,4084.6099999999997,Repeat
C02559,2,3529.75,Repeat
C02560,5,6431.88,Repeat
C02561,4,6206.89,Repeat
C02562,7,11488.33,Repeat
C02563,4,7240.56,Repeat
C02564,3,4101.13,Repeat
C02565,3,3911.4799999999996,Repeat
C02566,3,3515.0699999999997,Repeat
C02567,4,4601.610000000001,Repeat
C02568,4,4606.88,Repeat
C02569,4,7856.06,Repeat
C02570,2,5102.38,Repeat
C02571,4,5141.66,Repeat
C02572,4,5764.27,Repeat
C02573,3,5033.74,Repeat
C02574,2,3127.24,Repeat
C02575,4,5327.1900000000005,Repeat
C02576,2,2222.92,Repeat
C02577,2,3011.88,Repeat
C02578,1,2171.68,New
C02579,3,3609.8100000000004,Repeat
C02580,4,4618.27,Repeat
C02581,3,4877.07,Repeat
C02583,3,5098.43,Repeat
C02584,1,1104.79,New
C02585,1,1140.44,New
C02586,5,6577.05,Repeat
C02587,4,5293.68,Repeat
C02588,5,6100.6900000000005,Repeat
C02589,4,5766.89,Repeat
C02590,4,5395.65,Repeat
C02591,3,3312.27,Repeat
C02592,1,1640.05,New
C02593,3,2836.73,Repeat
C02594,7,10307.23,Repeat
C02595,4,6530.150000000001,Repeat
C02596,4,8771.77,Repeat
C02597,5,8081.31,Repeat
C02598,4,9584.3,Repeat
C02599,3,3635.6800000000003,Repeat
C02600,3,3037.6,Repeat
C02601,7,9912.39,Repeat
C02602,7,10467.93,Repeat
C02603,6,10155.02,Repeat
C02604,4,7031.62,Repeat
C02605,4,5439.52,Repeat
C02606,2,2606.4399999999996,Repeat
C02607,3,4504.91,Repeat
C02608,1,1475.54,New
C02609,3,5234.01,Repeat
C02610,4,6599.969999999999,Repeat
C02611,4,7263.46,Repeat
C02612,3,6381.89,Repeat
C02613,3,4715.62,Repeat
C02614,5,5918.02,Repeat
C02615,6,6850.17,Repeat
C02616,6,7342.03,Repeat
C02617,3,5702.2,Repeat
C02618,4,6010.71,Repeat
C02619,5,10184.68,Repeat
C02620,2,2805.34,Repeat
C02621,3,4347.84,Repeat
C02622,3,5351.8,Repeat
C02623,1,1485.36,New
C02624,1,843.54,New
C02625,4,7714.02,Repeat
C02626,4,7528.46,Repeat
C02627,2,2365.25,Repeat
C02628,6,7462.04,Repeat
C02629,2,2248.9700000000003,Repeat
C02630,4,5636.1,Repeat
C02631,5,6719.3,Repeat
C02632,7,7065.39,Repeat
C02633,7,14082.56,Repeat
C02634,2,2105.27,Repeat
C02635,1,1309.25,New
C02636,6,7443.76,Repeat
C02637,5,10166.45,Repeat
C02638,3,10214.9,Repeat
C02639,4,6950.28,Repeat
C02640,7,10092.89,Repeat
C02641,3,5863.25,Repeat
C02642,5,8862.029999999999,Repeat
C02643,6,8902.16,Repeat
C02644,2,2524.04,Repeat
C02645,2,3451.3900000000003,Repeat
C02646,6,8227.380000000001,Repeat
C02647,2,2430.3100000000004,Repeat
C02648,5,7018.53,Repeat
C02649,4,5239.88,Repeat
C02650,4,7071.53,Repeat
C02651,1,1004.4,New
C02652,3,3565.65,Repeat
C02653,5,7228.1900000000005,Repeat
C02654,4,3797.33,Repeat
C02656,6,7616.2,Repeat
C02657,1,1224.06,New
C02658,2,4117.4400000000005,Repeat
C02659,4,5445.79,Repeat
C02660,6,7368.36,Repeat
C02661,4,5535.5199999999995,Repeat
C02662,7,11391.67,Repeat
C02663,3,5054.76,Repeat
C02664,2,1803.96,Repeat
C02665,1,1687.08,New
C02666,8,9812.09,Repeat
C02667,7,9990.029999999999,Repeat
C02668,5,5212.9800000000005,Repeat
C02669,5,8786.79,Repeat
C02670,2,3318.9300000000003,Repeat
C02671,4,8163.71,Repeat
C02672,5,6494.66,Repeat
C02673,5,7996.42,Repeat
C02674,2,2215.85,Repeat
C02675,6,10755.93,Repeat
C02676,4,7258.12,Repeat
C02677,4,6934.68,Repeat
C02678,7,10414.11,Repeat
C02679,5,6299.82,Repeat
C02680,2,2109.98,Repeat
C02681,3,3345.6400000000003,Repeat
C02682,4,5537.34,Repeat
C02683,3,4992.53,Repeat
C02685,5,7364.61,Repeat
C02686,4,5025.02,Repeat
C02687,5,7183.48,Repeat
C02688,2,3158.01,Repeat
C02689,3,3895.6899999999996,Repeat
C02690,2,2456.16,Repeat
C02691,2,4408.41,Repeat
C02692,4,9884.7,Repeat
C02693,3,8395.6,Repeat
C02694,5,8078.29,Repeat
C02695,1,954.18,New
C02696,8,16189.49,Repeat
C02697,5,9568.51,Repeat
C02698,4,5082.5199999999995,Repeat
C02699,3,4102.29,Repeat
C02700,6,9604.91,Repeat
C02701,5,5232.3099999999995,Repeat
C02702,7,9661.72,Repeat
C02703,7,8189.87,Repeat
C02704,3,4594.24,Repeat
C02705,3,5989.6,Repeat
C02706,2,2396.44,Repeat
C02707,2,2878.0299999999997,Repeat
C02708,2,3769.0299999999997,Repeat
C02709,5,10206.4,Repeat
C02710,6,10648.51,Repeat
C02711,4,8500.05,Repeat
C02712,3,3648.06,Repeat
C02713,5,8356.23,Repeat
C02714,4,5626.65,Repeat
C02715,6,8304.1,Repeat
C02716,3,4650.45,Repeat
C02717,5,7029.52,Repeat
C02719,3,4068.85,Repeat
C02720,3,3688.88,Repeat
C02721,3,3143.89,Repeat
C02722,5,4614.95,Repeat
C02723,4,5280.9,Repeat
C02724,3,4125.969999999999,Repeat
C02725,1,1288.3,New
C02726,4,4590.33,Repeat
C02727,2,2310.0699999999997,Repeat
C02728,2,2647.69,Repeat
C02729,4,10193.64,Repeat
C02730,4,5277.75,Repeat
C02731,4,3491.8599999999997,Repeat
C02732,4,5142.59,Repeat
C02733,4,5257.01,Repeat
C02734,3,3813.6899999999996,Repeat
C02735,2,2974.64,Repeat
C02736,3,5978.65,Repeat
C02737,4,5720.74,Repeat
C02738,3,3567.45,Repeat
C02739,4,4975.6,Repeat
C02740,8,14130.39,Repeat
C02741,4,7652.66,Repeat
C02742,3,6547.9,Repeat
C02743,1,1031.55,New
C02744,6,10140.99,Repeat
C02745,1,1852.43,New
C02746,3,3918.7599999999998,Repeat
C02747,5,6233.469999999999,Repeat
C02748,5,6742.7,Repeat
C02749,9,14729.99,Repeat
C02750,6,8510.62,Repeat
C02751,1,1309.25,New
C02752,4,6317.9,Repeat
C02753,4,5302.84,Repeat
C02754,2,2268.41,Repeat
C02755,4,6144.68,Repeat
C02757,2,2906.7799999999997,Repeat
C02758,5,7647.02,Repeat
C02759,3,3607.67,Repeat
C02760,4,8022.6,Repeat
C02761,4,9980.47,Repeat
C02762,3,5233.08,Repeat
C02763,4,6591.3099999999995,Repeat
C02764,5,7682.61,Repeat
C02765,4,5121.88,Repeat
C02766,1,1490.42,New
C02767,3,6058.33,Repeat
C02768,6,11440.369999999999,Repeat
C02769,2,1974.1,Repeat
C02770,5,9105.6,Repeat
C02771,3,3753.99,Repeat
C02772,5,5564.280000000001,Repeat
C02773,9,11804.93,Repeat
C02774,2,2755.59,Repeat
C02775,4,6158.24,Repeat
C02776,8,16579.98,Repeat
C02777,2,2499.3,Repeat
C02778,1,1612.93,New
C02779,3,3268.7,Repeat
C02780,5,10413.91,Repeat
C02781,4,11956.49,Repeat
C02782,4,6958.639999999999,Repeat
C02783,3,8491.33,Repeat
C02784,2,3581.84,Repeat
C02785,3,3193.59,Repeat
C02786,2,1946.48,Repeat
C02787,5,8504.92,Repeat
C02789,3,5052.34,Repeat
C02790,8,12774.05,Repeat
C02791,1,1085.84,New
C02792,4,5158.43,Repeat
C02793,4,7490.639999999999,Repeat
C02794,5,6221.66,Repeat
C02795,8,10068.35,Repeat
C02796,4,5143.4,Repeat
C02797,3,3376.9700000000003,Repeat
C02798,1,2008.8,New
C02799,3,3569.0699999999997,Repeat
C02800,4,5745.1900000000005,Repeat
C02801,4,5854.6900000000005,Repeat
C02802,3,4069.08,Repeat
C02803,2,4224.280000000001,Repeat
C02804,5,8452.1,Repeat
C02805,3,8203.17,Repeat
C02806,1,701.14,New
C02807,8,15056.36,Repeat
C02808,3,3600.58,Repeat
C02809,8,11242.14,Repeat
C02810,6,7230.35,Repeat
C02811,6,6651.0199999999995,Repeat
C02812,4,5399.58,Repeat
C02813,2,1988.22,Repeat
C02814,8,12724.72,Repeat
C02815,3,6364.1900000000005,Repeat
C02816,1,1369.9,New
C02817,6,8150.030000000001,Repeat
C02818,2,2124.0299999999997,Repeat
C02819,3,3065.58,Repeat
C02820,4,4374.04,Repeat
C02821,3,4121.76,Repeat
C02822,5,9073.15,Repeat
C02823,3,3208.2200000000003,Repeat
C02824,3,4148.07,Repeat
C02825,6,7220.9400000000005,Repeat
C02826,3,3613.1099999999997,Repeat
C02827,5,7885.54,Repeat
C02828,5,5494.59,Repeat
C02829,2,2261.05,Repeat
C02830,4,4812.09,Repeat
C02831,5,10418.26,Repeat
C02832,3,5874.21,Repeat
C02833,2,2857.38,Repeat
C02834,2,3125.41,Repeat
C02836,3,4165.91,Repeat
C02837,3,3182.99,Repeat
C02838,5,6534.45,Repeat
C02839,2,3492.4399999999996,Repeat
C02840,4,6175.03,Repeat
C02841,8,12465.53,Repeat
C02842,2,2602.7299999999996,Repeat
C02843,6,7876.0,Repeat
C02844,8,14402.69,Repeat
C02845,6,8728.53,Repeat
C02846,5,6543.469999999999,Repeat
C02847,5,8563.06,Repeat
C02848,5,8840.19,Repeat
C02849,5,8612.039999999999,Repeat
C02850,4,7446.73,Repeat
C02851,5,8455.92,Repeat
C02852,7,9426.65,Repeat
C02853,7,13247.25,Repeat
C02854,2,5014.46,Repeat
C02855,4,4994.55,Repeat
C02856,2,2424.9300000000003,Repeat
C02857,4,10927.62,Repeat
C02858,5,8404.03,Repeat
C02859,5,7551.3,Repeat
C02860,6,6230.41,Repeat
C02861,9,13582.52,Repeat
C02862,1,1013.73,New
C02863,2,2673.21,Repeat
C02864,5,10265.06,Repeat
C02865,2,4405.4,Repeat
C02866,5,5831.66,Repeat
C02867,3,3321.63,Repeat
C02868,3,3517.45,Repeat
C02869,4,6290.25,Repeat
C02870,1,1418.26,New
C02871,3,5261.8099999999995,Repeat
C02872,6,13337.64,Repeat
C02873,5,7918.110000000001,Repeat
C02874,2,2340.8,Repeat
C02875,2,3090.8199999999997,Repeat
C02876,3,4386.47,Repeat
C02877,3,7072.099999999999,Repeat
C02878,6,8346.43,Repeat
C02879,1,2673.65,New
C02880,5,6880.18,Repeat
C02881,4,8739.86,Repeat
C02882,2,1872.02,Repeat
C02883,3,7022.51,Repeat
C02884,4,10824.8,Repeat
C02885,4,5809.0599999999995,Repeat
C02887,6,11418.47,Repeat
C02888,3,4004.0,Repeat
C02890,6,13107.2,Repeat
C02891,2,2284.74,Repeat
C02892,2,2401.81,Repeat
C02893,5,7505.32,Repeat
C02894,2,5781.48,Repeat
C02895,8,9539.16,Repeat
C02896,7,10671.35,Repeat
C02897,6,8085.58,Repeat
C02898,3,3407.1,Repeat
C02899,4,4904.98,Repeat
C02900,3,3204.32,Repeat
C02901,1,1198.3,New
C02902,6,9566.869999999999,Repeat
C02903,6,7771.05,Repeat
C02904,4,10198.99,Repeat
C02905,4,5223.01,Repeat
C02906,1,1081.2,New
C02907,1,3312.1,New
C02908,5,10108.08,Repeat
C02909,4,6199.5,Repeat
C02910,6,9058.81,Repeat
C02911,3,5333.0,Repeat
C02912,4,7236.93,Repeat
C02913,3,3416.19,Repeat
C02914,1,3644.56,New
C02915,10,11682.61,Repeat
C02916,7,10684.369999999999,Repeat
C02917,2,2462.62,Repeat
C02918,2,2411.67,Repeat
C02919,2,2301.56,Repeat
C02920,7,8521.87,Repeat
C02921,5,8990.98,Repeat
C02922,3,4358.92,Repeat
C02923,3,3763.58,Repeat
C02924,4,5189.38,Repeat
C02925,5,9880.33,Repeat
C02926,4,4699.72,Repeat
C02927,3,3715.76,Repeat
C02928,5,5872.24,Repeat
C02929,5,5903.68,Repeat
C02930,2,2986.51,Repeat
C02931,4,6341.33,Repeat
C02932,1,1262.55,New
C02933,2,2727.8599999999997,Repeat
C02934,9,10655.1,Repeat
C02935,5,8286.119999999999,Repeat
C02936,5,5981.47,Repeat
C02937,3,3217.16,Repeat
C02938,3,4794.13,Repeat
C02939,1,666.08,New
C02940,7,13108.76,Repeat
C02941,5,10498.130000000001,Repeat
C02942,5,8764.76,Repeat
C02943,4,5775.76,Repeat
C02944,7,12825.46,Repeat
C02945,5,8457.78,Repeat
C02946,3,2738.8900000000003,Repeat
C02947,3,5261.49,Repeat
C02948,5,9229.89,Repeat
C02949,7,10449.76,Repeat
C02950,5,6672.01,Repeat
C02951,2,2832.9,Repeat
C02952,2,4456.08,Repeat
C02953,4,4976.0199999999995,Repeat
C02954,5,6457.1,Repeat
C02955,2,2645.45,Repeat
C02956,3,3783.95,Repeat
C02957,3,4162.12,Repeat
C02958,3,3807.2200000000003,Repeat
C02959,2,3187.95,Repeat
C02960,3,4379.96,Repeat
C02961,3,5754.01,Repeat
C02962,3,6425.0,Repeat
C02963,4,5449.35,Repeat
C02964,7,9685.36,Repeat
C02965,4,4373.969999999999,Repeat
C02966,4,3707.21,Repeat
C02967,5,7602.639999999999,Repeat
C02968,1,1212.2,New
C02969,3,4030.46,Repeat
C02970,7,10397.4,Repeat
C02971,3,4429.24,Repeat
C02972,2,1858.85,Repeat
C02973,2,3709.27,Repeat
C02974,2,2333.99,Repeat
C02975,2,2310.24,Repeat
C02976,2,4078.3,Repeat
C02977,3,5760.459999999999,Repeat
C02978,4,5451.72,Repeat
C02979,3,4323.0199999999995,Repeat
C02980,8,11952.65,Repeat
C02981,4,6554.82,Repeat
C02982,4,8701.439999999999,Repeat
C02983,3,4012.19,Repeat
C02984,1,944.4,New
C02985,6,9282.4,Repeat
C02986,2,4190.3099999999995,Repeat
C02987,3,7614.26,Repeat
C02988,3,4625.47,Repeat
C02989,4,8944.61,Repeat
C02990,2,2126.85,Repeat
C02991,5,8343.24,Repeat
C02992,2,5179.13,Repeat
C02994,4,5003.46,Repeat
C02995,5,7164.0,Repeat
C02996,3,3174.64,Repeat
C02997,2,2843.94,Repeat
C02998,1,2970.72,New
C02999,2,2105.27,Repeat
C03000,5,9263.349999999999,Repeat
C03001,3,3001.51,Repeat
C03002,4,4251.52,Repeat
C03003,5,6052.629999999999,Repeat
C03004,4,4792.24,Repeat
C03005,5,6901.91,Repeat
C03006,4,5981.0,Repeat
C03007,2,3807.6899999999996,Repeat
C03008,3,2840.58,Repeat
C03009,4,6772.91,Repeat
C03010,6,8384.99,Repeat
C03011,3,2883.36,Repeat
C03012,2,6668.77,Repeat
C03013,3,5418.14,Repeat
C03014,2,3123.87,Repeat
C03015,3,7065.37,Repeat
C03016,3,3613.13,Repeat
C03017,5,6255.25,Repeat
C03018,7,10570.369999999999,Repeat
C03019,1,2568.5,New
C03020,2,2361.17,Repeat
C03021,5,5041.5,Repeat
C03022,3,2891.98,Repeat
C03023,1,1309.25,New
C03024,4,8567.24,Repeat
C03026,3,3212.63,Repeat
C03027,1,1805.64,New
C03028,2,3377.95,Repeat
C03029,2,5083.54,Repeat
C03030,3,8778.060000000001,Repeat
C03031,4,4945.58,Repeat
C03032,3,5703.74,Repeat
C03033,10,11224.8,Repeat
C03034,1,1047.68,New
C03035,4,9830.49,Repeat
C03036,1,3151.68,New
C03037,3,5486.280000000001,Repeat
C03038,9,12958.06,Repeat
C03039,2,3093.71,Repeat
C03040,3,5227.79,Repeat
C03041,1,666.08,New
C03042,3,6711.870000000001,Repeat
C03043,7,15234.17,Repeat
C03044,5,5915.77,Repeat
C03045,2,2749.61,Repeat
C03046,6,7722.54,Repeat
C03047,4,5340.34,Repeat
C03048,3,4009.89,Repeat
C03049,5,7749.66,Repeat
C03050,6,13340.810000000001,Repeat
C03051,2,3208.37,Repeat
C03052,6,17704.01,Repeat
C03053,6,9627.17,Repeat
C03054,3,4255.01,Repeat
C03056,6,13127.14,Repeat
C03057,7,10917.62,Repeat
C03058,4,5559.33,Repeat
C03059,3,3698.13,Repeat
C03060,2,3731.24,Repeat
C03062,8,16209.68,Repeat
C03063,4,4699.68,Repeat
C03065,4,5374.5,Repeat
C03066,3,2662.88,Repeat
C03067,3,3504.67,Repeat
C03068,5,7393.86,Repeat
C03069,4,3889.9800000000005,Repeat
C03070,6,7275.09,Repeat
C03071,4,6202.11,Repeat
C03072,4,5056.05,Repeat
C03073,4,5750.92,Repeat
C03074,5,7913.97,Repeat
C03075,5,7215.98,Repeat
C03076,8,12697.7,Repeat
C03077,4,7141.22,Repeat
C03078,6,8859.37,Repeat
C03079,2,4937.6900000000005,Repeat
C03080,6,7263.879999999999,Repeat
C03081,1,2099.1,New
C03082,4,8372.94,Repeat
C03083,4,9042.279999999999,Repeat
C03084,2,3982.44,Repeat
C03085,2,2553.7200000000003,Repeat
C03086,2,5069.92,Repeat
C03087,5,6929.76,Repeat
C03088,4,7673.740000000001,Repeat
C03089,5,9143.83,Repeat
C03090,4,6480.860000000001,Repeat
C03091,5,8834.07,Repeat
C03092,6,6581.33,Repeat
C03093,3,4003.25,Repeat
C03094,6,9788.76,Repeat
C03095,3,4257.28,Repeat
C03096,1,1279.55,New
C03097,7,12111.84,Repeat
C03098,3,5977.23,Repeat
C03099,4,4943.16,Repeat
C03100,5,5636.43,Repeat
C03101,4,5025.45,Repeat
C03102,6,13628.36,Repeat
C03103,4,5503.28,Repeat
C03104,3,6636.360000000001,Repeat
C03105,4,10763.47,Repeat
C03106,8,13135.69,Repeat
C03107,5,6672.58,Repeat
C03108,8,9844.19,Repeat
C03109,4,5618.21,Repeat
C03110,4,5064.97,Repeat
C03111,5,8032.75,Repeat
C03112,3,2758.02,Repeat
C03113,2,3598.92,Repeat
C03114,4,5707.1900000000005,Repeat
C03115,7,9118.66,Repeat
C03116,2,4534.23,Repeat
C03117,4,4519.58,Repeat
C03118,3,7329.24,Repeat
C03119,4,7622.57,Repeat
C03120,1,849.96,New
C03121,4,5716.92,Repeat
C03122,5,10111.54,Repeat
C03123,4,5824.76,Repeat
C03124,4,3773.66,Repeat
C03125,4,4465.53,Repeat
C03126,2,2542.16,Repeat
C03127,3,3505.2,Repeat
C03128,4,7716.799999999999,Repeat
C03129,3,3165.4700000000003,Repeat
C03130,3,3766.2000000000003,Repeat
C03131,5,6228.32,Repeat
C03132,8,16476.73,Repeat
C03133,2,2300.68,Repeat
C03134,3,4537.4,Repeat
C03135,6,11279.39,Repeat
C03136,5,6931.780000000001,Repeat
C03137,4,7721.57,Repeat
C03139,4,5940.26,Repeat
C03140,3,5299.38,Repeat
C03141,4,4634.38,Repeat
C03142,5,8355.69,Repeat
C03143,4,5082.0,Repeat
C03144,4,4982.51,Repeat
C03145,2,2224.5499999999997,Repeat
C03146,6,10518.95,Repeat
C03147,6,10977.2,Repeat
C03148,2,3573.41,Repeat
C03149,4,6929.54,Repeat
C03150,3,4063.83,Repeat
C03151,2,2971.97,Repeat
C03152,8,10680.48,Repeat
C03153,4,5598.09,Repeat
C03154,5,8163.82,Repeat
C03155,7,11338.88,Repeat
C03156,4,7455.21,Repeat
C03157,4,5307.27,Repeat
C03158,5,8797.53,Repeat
C03159,4,8621.31,Repeat
C03160,3,3138.43,Repeat
C03161,3,3696.7699999999995,Repeat
C03162,5,6227.63,Repeat
C03163,2,2754.83,Repeat
C03164,3,2291.78,Repeat
C03165,1,1198.3,New
C03166,5,6886.53,Repeat
C03167,3,4594.18,Repeat
C03168,3,5399.09,Repeat
C03169,4,5564.88,Repeat
C03170,5,6394.87,Repeat
C03171,3,7657.96,Repeat
C03172,2,2600.9300000000003,Repeat
C03173,4,6262.92,Repeat
C03174,7,7468.67,Repeat
C03175,2,2376.31,Repeat
C03176,3,3722.31,Repeat
C03177,6,10451.3,Repeat
C03178,4,4784.8,Repeat
C03179,7,9120.8,Repeat
C03180,6,7274.73,Repeat
C03181,5,10256.829999999998,Repeat
C03182,4,4259.33,Repeat
C03184,2,2959.82,Repeat
C03185,10,13540.23,Repeat
C03186,5,6458.59,Repeat
C03187,2,2467.3599999999997,Repeat
C03188,3,3549.82,Repeat
C03189,3,3786.84,Repeat
C03190,7,11076.25,Repeat
C03191,4,5286.1900000000005,Repeat
C03192,2,2130.3999999999996,Repeat
C03193,3,4308.82,Repeat
C03194,3,3379.6099999999997,Repeat
C03195,3,5022.43,Repeat
C03196,4,6459.78,Repeat
C03197,1,954.18,New
C03198,3,3230.48,Repeat
C03199,2,2313.12,Repeat
C03200,3,4315.3099999999995,Repeat
C03201,2,1890.1399999999999,Repeat
C03202,3,3231.9700000000003,Repeat
C03203,6,9683.84,Repeat
C03204,6,10425.87,Repeat
C03205,3,4199.36,Repeat
C03206,5,10238.01,Repeat
C03207,3,3940.81,Repeat
C03208,3,3928.69,Repeat
C03209,2,2884.56,Repeat
C03210,6,9330.34,Repeat
C03211,5,8386.4,Repeat
C03212,3,5353.41,Repeat
C03213,4,5088.38,Repeat
C03214,7,9203.34,Repeat
C03215,4,6377.73,Repeat
C03216,3,3678.96,Repeat
C03217,3,3294.51,Repeat
C03218,9,13852.55,Repeat
C03219,2,4651.3,Repeat
C03220,3,3132.6499999999996,Repeat
C03221,4,5214.8,Repeat
C03223,2,3814.8099999999995,Repeat
C03224,3,3552.8999999999996,Repeat
C03225,4,10312.93,Repeat
C03226,5,6672.03,Repeat
C03227,1,2487.57,New
C03228,4,5479.59,Repeat
C03229,6,8990.65,Repeat
C03230,5,6891.59,Repeat
C03231,4,4928.16,Repeat
C03232,6,11722.01,Repeat
C03233,8,9800.119999999999,Repeat
C03234,3,4938.93,Repeat
C03235,3,7974.26,Repeat
C03236,2,2131.8599999999997,Repeat
C03237,3,3890.5299999999997,Repeat
C03238,4,4912.78,Repeat
C03239,4,8082.860000000001,Repeat
C03240,1,1900.67,New
C03241,3,3442.26,Repeat
C03242,2,2745.16,Repeat
C03243,1,2673.65,New
C03244,6,12997.810000000001,Repeat
C03245,3,4844.82,Repeat
C03246,3,3337.4300000000003,Repeat
C03247,5,7002.8099999999995,Repeat
C03248,7,9642.28,Repeat
C03249,2,2265.76,Repeat
C03250,3,8218.779999999999,Repeat
C03251,4,7178.15,Repeat
C03252,4,6246.86,Repeat
C03253,3,5768.72,Repeat
C03254,3,4980.28,Repeat
C03255,3,5158.04,Repeat
C03256,3,5231.0,Repeat
C03257,8,10624.65,Repeat
C03258,2,2764.41,Repeat
C03259,5,4757.389999999999,Repeat
C03260,3,5819.45,Repeat
C03261,11,13750.86,Repeat
C03262,3,3829.49,Repeat
C03263,3,4819.21,Repeat
C03264,3,3608.2,Repeat
C03265,6,9444.95,Repeat
C03266,3,3139.56,Repeat
C03267,2,2969.0299999999997,Repeat
C03268,4,5098.75,Repeat
C03269,8,10876.35,Repeat
C03270,2,2923.26,Repeat
C03271,3,7869.04,Repeat
C03272,1,954.93,New
C03273,3,3460.61,Repeat
C03274,2,1624.03,Repeat
C03275,3,4902.94,Repeat
C03276,2,2587.2799999999997,Repeat
C03277,4,6657.28,Repeat
C03278,3,2967.56,Repeat
C03279,3,4716.58,Repeat
C03280,4,4860.41,Repeat
C03281,2,2979.85,Repeat
C03282,1,2123.82,New
C03283,2,2358.4300000000003,Repeat
C03284,6,8004.48,Repeat
C03285,5,5946.41,Repeat
C03286,3,6764.38,Repeat
C03287,4,7705.31,Repeat
C03288,3,6748.81,Repeat
C03289,4,6597.12,Repeat
C03290,2,3028.01,Repeat
C03291,3,3788.42,Repeat
C03292,5,8333.529999999999,Repeat
C03293,3,3715.2799999999997,Repeat
C03294,6,8870.47,Repeat
C03295,5,6651.8099999999995,Repeat
C03296,4,5478.92,Repeat
C03297,2,2374.0299999999997,Repeat
C03298,5,5150.63,Repeat
C03299,3,5859.77,Repeat
C03300,4,3522.37,Repeat
C03301,2,2864.14,Repeat
C03302,3,4529.8,Repeat
C03303,4,6202.62,Repeat
C03304,2,2153.23,Repeat
C03305,3,5058.57,Repeat
C03306,3,3445.0,Repeat
C03307,2,2206.71,Repeat
C03308,6,10961.369999999999,Repeat
C03309,4,6558.9,Repeat
C03310,1,1004.4,New
C03311,2,2578.84,Repeat
C03312,5,5781.22,Repeat
C03313,4,5829.45,Repeat
C03314,2,4728.2,Repeat
C03315,5,10603.669999999998,Repeat
C03317,4,3997.38,Repeat
C03318,2,2557.33,Repeat
C03319,4,6553.49,Repeat
C03320,3,4423.33,Repeat
C03321,4,7271.98,Repeat
C03322,3,4145.82,Repeat
C03323,4,5948.61,Repeat
C03324,2,3270.8199999999997,Repeat
C03325,2,2745.69,Repeat
C03326,4,5045.43,Repeat
C03327,5,5676.889999999999,Repeat
C03328,2,3489.4700000000003,Repeat
C03329,2,2353.08,Repeat
C03330,3,4937.59,Repeat
C03331,5,6696.71,Repeat
C03332,4,6861.32,Repeat
C03333,3,3827.29,Repeat
C03334,5,10551.85,Repeat
C03335,7,11251.289999999999,Repeat
C03336,2,3617.24,Repeat
C03337,7,10332.39,Repeat
C03338,2,3799.94,Repeat
C03339,4,4057.95,Repeat
C03340,3,4122.66,Repeat
C03341,5,7802.0,Repeat
C03342,5,6814.64,Repeat
C03343,4,4873.49,Repeat
C03344,5,5913.75,Repeat
C03345,4,4737.13,Repeat
C03346,3,4442.26,Repeat
C03347,5,7900.14,Repeat
C03348,4,6342.68,Repeat
C03349,3,6245.79,Repeat
C03350,5,8390.82,Repeat
C03351,2,2709.54,Repeat
C03352,5,7197.72,Repeat
C03353,1,1031.55,New
C03354,2,2896.3599999999997,Repeat
C03355,4,4394.39,Repeat
C03356,5,8464.83,Repeat
C03357,2,3474.09,Repeat
C03358,2,2152.48,Repeat
C03359,6,5978.87,Repeat
C03360,5,7541.02,Repeat
C03361,9,13925.9,Repeat
C03362,2,2356.46,Repeat
C03363,4,5313.22,Repeat
C03364,4,5985.07,Repeat
C03365,3,7083.9400000000005,Repeat
C03366,3,4613.09,Repeat
C03367,9,12028.57,Repeat
C03368,2,3135.91,Repeat
C03369,1,1220.04,New
C03370,1,670.69,New
C03371,4,6832.63,Repeat
C03372,3,3411.38,Repeat
C03373,2,2401.45,Repeat
C03374,2,2702.46,Repeat
C03375,7,11892.81,Repeat
C03376,8,13714.73,Repeat
C03377,2,2988.98,Repeat
C03378,3,6129.38,Repeat
C03379,9,18086.88,Repeat
C03380,2,3492.8599999999997,Repeat
C03381,6,7790.3,Repeat
C03382,3,5024.98,Repeat
C03383,6,11447.31,Repeat
C03384,2,3313.15,Repeat
C03385,4,4779.389999999999,Repeat
C03386,3,4630.95,Repeat
C03387,8,13785.3,Repeat
C03388,2,3874.96,Repeat
C03389,4,4305.19,Repeat
C03390,4,7463.36,Repeat
C03391,3,4394.3,Repeat
C03393,3,3552.41,Repeat
C03394,3,3877.1800000000003,Repeat
C03396,1,4205.29,New
C03397,3,7423.75,Repeat
C03398,3,3323.5699999999997,Repeat
C03399,4,7703.820000000001,Repeat
C03400,4,5846.7300000000005,Repeat
C03401,6,9098.19,Repeat
C03402,6,10738.66,Repeat
C03403,4,7213.67,Repeat
C03404,2,1972.1399999999999,Repeat
C03405,4,4645.99,Repeat
C03406,3,4191.139999999999,Repeat
C03407,5,7814.84,Repeat
C03408,2,2617.3,Repeat
C03410,6,8429.39,Repeat
C03411,1,904.67,New
C03412,3,5652.44,Repeat
C03413,5,7250.59,Repeat
C03414,1,1212.2,New
C03415,6,7350.12,Repeat
C03416,2,3568.7700000000004,Repeat
C03417,3,4528.44,Repeat
C03418,4,4538.91,Repeat
C03419,3,4118.35,Repeat
C03420,5,5378.08,Repeat
C03421,2,3438.55,Repeat
C03422,4,3977.58,Repeat
C03423,5,6251.5599999999995,Repeat
C03424,4,3857.74,Repeat
C03425,10,18614.079999999998,Repeat
C03426,6,8033.68,Repeat
C03427,3,9426.49,Repeat
C03428,3,4229.64,Repeat
C03429,5,6844.44,Repeat
C03430,5,6045.5199999999995,Repeat
C03431,7,11011.4,Repeat
C03432,2,3327.13,Repeat
C03433,4,6227.39,Repeat
C03434,4,5569.91,Repeat
C03435,1,1640.05,New
C03436,2,4140.35,Repeat
C03437,3,4164.36,Repeat
C03438,8,11880.33,Repeat
C03439,4,8029.21,Repeat
C03440,6,9208.92,Repeat
C03441,6,9292.18,Repeat
C03442,2,2646.12,Repeat
C03443,6,7863.639999999999,Repeat
C03444,2,2616.42,Repeat
C03445,4,4706.1900000000005,Repeat
C03446,4,5606.3,Repeat
C03447,3,6593.9,Repeat
C03448,4,5593.57,Repeat
C03449,4,5455.27,Repeat
C03450,2,4214.92,Repeat
C03451,2,4724.34,Repeat
C03452,4,4305.4400000000005,Repeat
C03453,4,7080.7699999999995,Repeat
C03454,1,1336.82,New
C03455,1,1575.84,New
C03456,3,7532.62,Repeat
C03457,3,6966.630000000001,Repeat
C03458,4,5449.85,Repeat
C03459,3,5797.63,Repeat
C03460,5,5833.17,Repeat
C03461,3,2844.25,Repeat
C03462,4,8263.98,Repeat
C03463,5,6641.04,Repeat
C03464,1,960.37,New
C03465,3,2907.66,Repeat
C03466,3,4013.9700000000003,Repeat
C03467,5,8543.92,Repeat
C03468,3,3598.19,Repeat
C03469,5,6944.24,Repeat
C03470,3,4464.5,Repeat
C03471,5,8107.900000000001,Repeat
C03472,2,4036.76,Repeat
C03473,4,5003.66,Repeat
C03474,8,11451.75,Repeat
C03475,2,2857.1099999999997,Repeat
C03476,4,5486.52,Repeat
C03477,4,9502.43,Repeat
C03478,3,3882.42,Repeat
C03479,3,4689.84,Repeat
C03480,2,2862.19,Repeat
C03481,3,3185.6499999999996,Repeat
C03482,3,3697.4300000000003,Repeat
C03483,6,7100.76,Repeat
C03484,4,5693.65,Repeat
C03485,2,2838.39,Repeat
C03486,3,3285.24,Repeat
C03487,2,2513.41,Repeat
C03488,2,1886.26,Repeat
C03489,2,2814.08,Repeat
C03490,2,2280.88,Repeat
C03491,4,10141.51,Repeat
C03492,3,4815.62,Repeat
C03493,5,6704.52,Repeat
C03494,6,8996.7,Repeat
C03495,1,907.02,New
C03496,4,8558.36,Repeat
C03497,3,4795.71,Repeat
C03498,2,2238.1000000000004,Repeat
C03499,1,1549.4,New
C03500,8,10368.24,Repeat
C03501,2,2580.95,Repeat
C03502,2,2341.2,Repeat
C03503,3,6907.280000000001,Repeat
C03504,3,3732.1000000000004,Repeat
C03505,5,7738.8099999999995,Repeat
C03506,3,5087.37,Repeat
C03507,5,7619.85,Repeat
C03508,4,4482.469999999999,Repeat
C03509,4,5256.89,Repeat
C03510,3,4547.48,Repeat
C03511,5,8737.15,Repeat
C03512,4,6956.48,Repeat
C03513,8,12237.789999999999,Repeat
C03514,1,977.26,New
C03515,4,3971.62,Repeat
C03516,4,4513.38,Repeat
C03517,5,7060.950000000001,Repeat
C03518,4,5105.95,Repeat
C03519,3,3652.74,Repeat
C03520,4,5602.49,Repeat
C03521,5,10280.07,Repeat
C03522,5,6112.51,Repeat
C03523,4,5910.2,Repeat
C03525,2,2768.99,Repeat
C03526,5,8988.94,Repeat
C03527,4,5191.73,Repeat
C03528,7,8387.78,Repeat
C03529,8,17357.31,Repeat
C03530,3,3070.92,Repeat
C03531,2,1915.5,Repeat
C03532,2,3606.16,Repeat
C03533,4,4489.79,Repeat
C03534,3,3424.48,Repeat
C03535,4,5098.31,Repeat
C03536,3,3422.26,Repeat
C03537,4,5353.8,Repeat
C03538,4,5120.5,Repeat
C03539,7,11118.7,Repeat
C03540,1,1356.1,New
C03541,6,8576.61,Repeat
C03542,3,4262.02,Repeat
C03543,5,7585.85,Repeat
C03544,5,5832.15,Repeat
C03545,5,6367.48,Repeat
C03546,6,10383.44,Repeat
C03548,4,6648.92,Repeat
C03549,2,2339.86,Repeat
C03550,5,6972.33,Repeat
C03551,2,2672.27,Repeat
C03552,3,4098.27,Repeat
C03553,3,4721.75,Repeat
C03554,5,6850.52,Repeat
C03555,5,5923.45,Repeat
C03556,5,8202.17,Repeat
C03557,3,3796.88,Repeat
C03558,1,1292.07,New
C03559,5,5341.92,Repeat
C03560,4,5149.73,Repeat
C03561,2,2065.16,Repeat
C03562,1,843.54,New
C03563,5,8641.23,Repeat
C03564,5,8312.119999999999,Repeat
C03565,3,5523.2,Repeat
C03566,4,4229.04,Repeat
C03567,5,5578.27,Repeat
C03568,4,7294.21,Repeat
C03569,7,10855.66,Repeat
C03570,3,3735.5699999999997,Repeat
C03571,3,5286.58,Repeat
C03572,3,5264.9,Repeat
C03573,6,9124.2,Repeat
C03574,1,1309.25,New
C03575,2,3225.62,Repeat
C03576,9,11078.03,Repeat
C03577,2,2028.75,Repeat
C03578,2,2241.75,Repeat
C03579,6,9823.55,Repeat
C03580,3,3590.82,Repeat
C03581,1,1224.06,New
C03582,4,3983.7,Repeat
C03583,5,8540.48,Repeat
C03584,2,3050.2299999999996,Repeat
C03585,2,5540.460000000001,Repeat
C03586,3,4375.68,Repeat
C03587,5,7180.6,Repeat
C03588,4,6256.719999999999,Repeat
C03589,4,4403.16,Repeat
C03590,8,8359.529999999999,Repeat
C03591,3,4344.52,Repeat
C03592,1,1049.55,New
C03593,4,5423.68,Repeat
C03594,6,9084.32,Repeat
C03595,3,4851.7,Repeat
C03596,6,9070.9,Repeat
C03597,3,3856.19,Repeat
C03598,6,7906.27,Repeat
C03599,7,12430.66,Repeat
C03600,4,5552.42,Repeat
C03601,2,2202.7,Repeat
C03602,6,8076.01,Repeat
C03603,3,3572.02,Repeat
C03604,7,8740.04,Repeat
C03605,3,4792.26,Repeat
C03606,4,6793.08,Repeat
C03607,5,9656.5,Repeat
C03608,2,4605.29,Repeat
C03609,6,9840.51,Repeat
C03610,4,5695.49,Repeat
C03611,4,5354.22,Repeat
C03612,1,1531.5,New
C03613,3,7064.950000000001,Repeat
C03614,4,8468.86,Repeat
C03615,3,3223.37,Repeat
C03616,6,9696.130000000001,Repeat
C03617,4,5208.76,Repeat
C03618,3,4730.25,Repeat
C03619,5,7622.96,Repeat
C03620,3,4702.8099999999995,Repeat
C03621,1,1261.37,New
C03622,5,9207.15,Repeat
C03623,5,6886.02,Repeat
C03624,5,5353.32,Repeat
C03625,5,4611.42,Repeat
C03626,1,1475.54,New
C03627,1,1360.07,New
C03628,3,6146.38,Repeat
C03629,3,3261.88,Repeat
C03630,7,9374.09,Repeat
C03631,2,4658.79,Repeat
C03632,1,1532.28,New
C03633,3,3177.21,Repeat
C03635,8,13184.07,Repeat
C03636,4,4714.610000000001,Repeat
C03637,3,5150.49,Repeat
C03639,5,6993.889999999999,Repeat
C03640,6,9400.74,Repeat
C03641,2,2686.73,Repeat
C03642,5,7401.0199999999995,Repeat
C03643,5,8866.76,Repeat
C03644,3,4152.09,Repeat
C03645,4,5096.54,Repeat
C03646,4,6735.87,Repeat
C03648,4,4871.84,Repeat
C03649,3,3581.6800000000003,Repeat
C03650,5,6525.33,Repeat
C03651,2,1873.96,Repeat
C03652,3,2409.4300000000003,Repeat
C03653,4,6002.21,Repeat
C03654,2,4076.7400000000002,Repeat
C03655,5,9849.33,Repeat
C03656,3,3448.41,Repeat
C03657,1,1661.86,New
C03658,8,19483.03,Repeat
C03659,4,8632.51,Repeat
C03660,4,4626.07,Repeat
C03661,1,1450.9,New
C03662,3,5210.68,Repeat
C03663,5,6688.9,Repeat
C03664,9,13926.029999999999,Repeat
C03665,3,4312.05,Repeat
C03666,2,4115.46,Repeat
C03667,4,5209.73,Repeat
C03668,4,10239.73,Repeat
C03669,3,5120.43,Repeat
C03670,5,6231.08,Repeat
C03671,2,1453.14,Repeat
C03672,6,16738.86,Repeat
C03673,2,3977.9700000000003,Repeat
C03674,7,9224.66,Repeat
C03675,4,5762.83,Repeat
C03676,2,2406.2299999999996,Repeat
C03677,3,3491.0,Repeat
C03678,3,3506.16,Repeat
C03679,5,6411.389999999999,Repeat
C03680,4,3891.49,Repeat
C03681,4,5692.88,Repeat
C03682,3,3188.99,Repeat
C03683,2,2654.3999999999996,Repeat
C03684,3,3693.52,Repeat
C03685,5,10855.33,Repeat
C03686,7,14756.74,Repeat
C03687,1,801.36,New
C03688,4,4660.69,Repeat
C03690,2,4333.56,Repeat
C03691,2,3596.33,Repeat
C03692,3,3515.08,Repeat
C03693,6,10838.24,Repeat
C03694,1,1656.05,New
C03695,2,2533.14,Repeat
C03696,5,6885.95,Repeat
C03697,2,2612.81,Repeat
C03698,2,2840.0099999999998,Repeat
C03699,6,7412.79,Repeat
C03700,2,1519.91,Repeat
C03701,4,7609.389999999999,Repeat
C03702,4,4715.6,Repeat
C03703,4,6144.79,Repeat
C03704,6,8916.22,Repeat
C03705,4,5085.44,Repeat
C03706,3,5091.23,Repeat
C03707,4,5966.2,Repeat
C03708,3,9079.08,Repeat
C03709,3,5400.7699999999995,Repeat
C03710,2,2669.66,Repeat
C03711,7,12348.16,Repeat
C03713,1,1485.36,New
C03714,4,6079.13,Repeat
C03715,2,2467.51,Repeat
C03716,4,4489.51,Repeat
C03717,5,7958.07,Repeat
C03718,1,1155.82,New
C03719,3,3242.4300000000003,Repeat
C03720,3,4951.05,Repeat
C03721,3,4207.63,Repeat
C03722,3,5440.21,Repeat
C03723,3,3483.07,Repeat
C03724,5,6230.84,Repeat
C03725,3,4641.28,Repeat
C03726,2,3883.3999999999996,Repeat
C03727,3,5775.42,Repeat
C03728,3,6606.07,Repeat
C03729,3,5066.57,Repeat
C03730,3,2645.34,Repeat
C03731,5,6136.98,Repeat
C03732,6,10128.89,Repeat
C03733,8,11721.58,Repeat
C03734,2,2077.84,Repeat
C03735,2,2322.2200000000003,Repeat
C03736,6,8067.09,Repeat
C03737,3,3078.2400000000002,Repeat
C03738,1,1232.91,New
C03739,7,12543.42,Repeat
C03740,5,10043.33,Repeat
C03741,3,4693.14,Repeat
C03742,2,3491.46,Repeat
C03743,7,14749.68,Repeat
C03744,4,5175.6900000000005,Repeat
C03745,5,9968.19,Repeat
C03746,4,5692.84,Repeat
C03747,2,3373.37,Repeat
C03748,5,6589.81,Repeat
C03749,2,2390.34,Repeat
C03750,7,10459.64,Repeat
C03751,4,4271.8099999999995,Repeat
C03752,4,7200.26,Repeat
C03753,4,5056.73,Repeat
C03754,6,9770.220000000001,Repeat
C03755,3,5443.45,Repeat
C03756,6,10770.16,Repeat
C03757,6,7174.58,Repeat
C03758,3,3892.7799999999997,Repeat
C03759,4,4807.58,Repeat
C03760,4,6160.16,Repeat
C03761,6,14819.76,Repeat
C03762,3,3709.5099999999998,Repeat
C03763,7,8734.26,Repeat
C03764,2,2213.0299999999997,Repeat
C03765,4,4823.42,Repeat
C03766,4,3747.89,Repeat
C03767,3,3365.88,Repeat
C03768,3,4352.99,Repeat
C03769,2,2970.75,Repeat
C03770,3,3533.5699999999997,Repeat
C03771,5,10760.33,Repeat
C03772,5,8716.689999999999,Repeat
C03773,6,10940.43,Repeat
C03774,7,10106.97,Repeat
C03775,4,7572.38,Repeat
C03776,2,3887.0,Repeat
C03777,3,4931.37,Repeat
C03778,6,7707.4,Repeat
C03779,7,13318.98,Repeat
C03780,5,6037.360000000001,Repeat
C03781,1,1595.74,New
C03782,4,8598.619999999999,Repeat
C03783,2,2269.38,Repeat
C03784,7,8594.98,Repeat
C03785,4,7151.89,Repeat
C03786,5,7423.03,Repeat
C03787,2,3660.5600000000004,Repeat
C03788,2,2605.4700000000003,Repeat
C03789,4,5198.9400000000005,Repeat
C03791,2,3694.67,Repeat
C03792,2,3479.2799999999997,Repeat
C03793,1,1346.89,New
C03794,8,11247.6,Repeat
C03795,2,1371.82,Repeat
C03796,3,5604.79,Repeat
C03797,4,4173.98,Repeat
C03798,3,6174.82,Repeat
C03799,1,834.78,New
C03800,4,6684.52,Repeat
C03801,3,6965.32,Repeat
C03802,7,11453.57,Repeat
C03803,3,4001.9300000000003,Repeat
C03804,3,5268.25,Repeat
C03805,1,994.31,New
C03806,4,5970.98,Repeat
C03807,4,6018.91,Repeat
C03808,2,4389.76,Repeat
C03809,3,3658.59,Repeat
C03810,2,3784.92,Repeat
C03811,3,4908.42,Repeat
C03812,4,6193.42,Repeat
C03813,3,3943.91,Repeat
C03814,4,5313.82,Repeat
C03815,5,7105.22,Repeat
C03816,4,7705.51,Repeat
C03817,3,5936.42,Repeat
C03818,4,10015.0,Repeat
C03819,3,4419.67,Repeat
C03820,11,16474.98,Repeat
C03821,4,4681.77,Repeat
C03822,2,3170.1400000000003,Repeat
C03823,3,6353.59,Repeat
C03824,3,3349.14,Repeat
C03825,9,10774.41,Repeat
C03826,3,4657.47,Repeat
C03827,3,5651.84,Repeat
C03828,3,4055.5,Repeat
C03829,2,3131.37,Repeat
C03830,7,8116.780000000001,Repeat
C03831,2,3616.87,Repeat
C03832,5,7368.02,Repeat
C03833,5,6797.62,Repeat
C03834,4,8294.779999999999,Repeat
C03835,10,12357.9,Repeat
C03836,4,5278.87,Repeat
C03837,6,9784.84,Repeat
C03838,2,3434.39,Repeat
C03839,6,9024.07,Repeat
C03840,5,7013.11,Repeat
C03841,6,8920.02,Repeat
C03842,1,1047.68,New
C03843,4,5065.96,Repeat
C03844,2,1977.92,Repeat
C03845,3,3854.38,Repeat
C03846,2,3641.13,Repeat
C03847,1,1612.11,New
C03848,3,4107.61,Repeat
C03849,4,3770.6099999999997,Repeat
C03851,3,4006.3,Repeat
C03852,6,14085.65,Repeat
C03853,4,6400.53,Repeat
C03854,5,8995.11,Repeat
C03855,8,13481.29,Repeat
C03856,2,2315.13,Repeat
C03857,6,10337.630000000001,Repeat
C03858,4,4074.0699999999997,Repeat
C03859,4,6409.7699999999995,Repeat
C03860,2,2905.07,Repeat
C03861,1,707.94,New
C03862,5,8991.57,Repeat
C03863,4,4063.26,Repeat
C03864,10,13271.6,Repeat
C03865,2,2062.73,Repeat
C03866,3,4343.389999999999,Repeat
C03867,5,7872.82,Repeat
C03868,1,1885.83,New
C03869,5,5763.36,Repeat
C03870,1,843.54,New
C03871,6,6603.62,Repeat
C03872,1,701.14,New
C03873,3,3651.2999999999997,Repeat
C03874,8,11406.66,Repeat
C03875,3,5917.21,Repeat
C03876,3,5468.21,Repeat
C03877,4,3961.08,Repeat
C03878,6,10807.08,Repeat
C03879,3,5051.9,Repeat
C03880,4,7346.08,Repeat
C03881,5,6643.120000000001,Repeat
C03882,1,1549.4,New
C03883,2,2597.6099999999997,Repeat
C03884,5,8799.61,Repeat
C03885,6,9013.04,Repeat
C03886,3,3929.75,Repeat
C03887,3,5280.76,Repeat
C03888,3,2783.43,Repeat
C03889,3,4537.28,Repeat
C03890,3,5560.4400000000005,Repeat
C03891,4,6502.64,Repeat
C03892,2,2712.13,Repeat
C03893,6,7794.05,Repeat
C03894,2,4250.87,Repeat
C03895,1,1064.78,New
C03896,6,8776.47,Repeat
C03897,2,4742.74,Repeat
C03898,3,4621.4,Repeat
C03899,2,2545.91,Repeat
C03900,3,2914.7,Repeat
C03901,2,3033.58,Repeat
C03902,6,9565.1,Repeat
C03903,1,994.31,New
C03904,5,8074.0199999999995,Repeat
C03905,4,4506.219999999999,Repeat
C03906,3,5487.91,Repeat
C03907,5,6951.77,Repeat
C03908,2,3063.7799999999997,Repeat
C03909,2,1862.01,Repeat
C03910,2,5160.66,Repeat
C03911,2,2460.79,Repeat
C03912,1,1900.67,New
C03913,4,5730.32,Repeat
C03914,4,8930.11,Repeat
C03915,3,5394.59,Repeat
C03916,1,2822.18,New
C03917,2,3153.83,Repeat
C03918,2,2589.7,Repeat
C03919,3,3513.13,Repeat
C03920,2,2418.45,Repeat
C03921,5,9219.58,Repeat
C03922,6,9071.6,Repeat
C03923,1,801.36,New
C03924,1,745.21,New
C03925,2,3877.75,Repeat
C03926,4,5094.38,Repeat
C03927,4,5914.54,Repeat
C03928,4,3806.5600000000004,Repeat
C03929,5,6559.81,Repeat
C03930,3,5136.36,Repeat
C03931,7,10203.54,Repeat
C03932,6,9575.7,Repeat
C03933,4,5992.4,Repeat
C03934,5,9112.86,Repeat
C03935,6,7431.15,Repeat
C03936,2,3170.13,Repeat
C03937,3,7074.36,Repeat
C03938,3,3674.45,Repeat
C03939,1,3359.46,New
C03940,4,4978.62,Repeat
C03941,3,5170.29,Repeat
C03942,5,8537.779999999999,Repeat
C03943,6,8618.29,Repeat
C03944,4,4828.0,Repeat
C03945,2,4032.4799999999996,Repeat
C03946,4,5221.98,Repeat
C03947,1,2282.53,New
C03948,5,9427.92,Repeat
C03949,3,6055.75,Repeat
C03951,1,1309.25,New
C03952,5,5889.43,Repeat
C03953,3,3298.69,Repeat
C03954,4,5366.57,Repeat
C03955,4,4399.28,Repeat
C03956,2,4399.37,Repeat
C03957,2,3928.8,Repeat
C03958,4,4696.96,Repeat
C03959,5,8804.6,Repeat
C03960,4,6820.84,Repeat
C03961,4,8366.41,Repeat
C03962,5,10118.19,Repeat
C03964,2,3058.58,Repeat
C03965,6,7588.24,Repeat
C03966,6,8816.97,Repeat
C03967,5,8330.55,Repeat
C03968,4,10376.45,Repeat
C03969,4,4566.87,Repeat
C03970,6,6029.21,Repeat
C03971,2,2395.0699999999997,Repeat
C03972,6,8691.24,Repeat
C03974,5,7671.53,Repeat
C03975,7,8592.81,Repeat
C03976,4,4914.96,Repeat
C03977,5,6528.55,Repeat
C03978,4,5823.18,Repeat
C03979,4,4997.26,Repeat
C03980,4,4738.3,Repeat
C03981,1,937.4,New
C03982,7,9131.98,Repeat
C03983,6,8592.66,Repeat
C03984,5,7509.76,Repeat
C03985,7,8339.35,Repeat
C03986,2,4983.3,Repeat
C03987,4,5966.4,Repeat
C03988,1,1011.54,New
C03989,5,6517.18,Repeat
C03990,7,8137.3099999999995,Repeat
C03991,6,11472.609999999999,Repeat
C03992,2,4367.0,Repeat
C03993,6,8410.18,Repeat
C03994,5,8600.31,Repeat
C03995,3,3882.75,Repeat
C03996,4,4880.17,Repeat
C03997,4,5229.91,Repeat
C03998,3,3520.21,Repeat
C03999,4,9207.14,Repeat
C04000,4,5594.3099999999995,Repeat
C04001,3,4172.8099999999995,Repeat
C04002,3,3376.1000000000004,Repeat
C04003,3,4624.8099999999995,Repeat
C04004,4,6620.75,Repeat
C04005,5,7043.52,Repeat
C04006,6,11396.49,Repeat
C04007,3,4218.75,Repeat
C04008,5,8026.31,Repeat
C04009,9,14021.97,Repeat
C04010,5,9277.17,Repeat
C04011,5,8206.51,Repeat
C04012,3,5943.49,Repeat
C04013,6,7296.37,Repeat
C04014,3,3938.83,Repeat
C04015,1,2812.19,New
C04016,2,3556.63,Repeat
C04017,3,4468.79,Repeat
C04018,2,1620.26,Repeat
C04019,4,6008.23,Repeat
C04020,6,9176.49,Repeat
C04021,6,9901.84,Repeat
C04022,3,2611.01,Repeat
C04023,2,2293.94,Repeat
C04024,6,9030.92,Repeat
C04025,1,893.29,New
C04026,2,2214.02,Repeat
C04027,4,4835.69,Repeat
C04028,5,9676.09,Repeat
C04029,3,4136.74,Repeat
C04030,4,6628.8,Repeat
C04031,4,4965.35,Repeat
C04032,3,3515.81,Repeat
C04033,7,14967.810000000001,Repeat
C04034,3,9031.17,Repeat
C04035,4,4872.74,Repeat
C04036,4,5448.23,Repeat
C04037,3,3344.11,Repeat
C04038,3,5845.28,Repeat
C04039,3,4792.21,Repeat
C04040,5,12494.119999999999,Repeat
C04041,1,897.18,New
C04042,5,5501.12,Repeat
C04043,5,9203.75,Repeat
C04044,4,7019.46,Repeat
C04045,10,13313.29,Repeat
C04046,2,5241.860000000001,Repeat
C04047,4,7508.23,Repeat
C04048,3,4436.549999999999,Repeat
C04049,5,7314.049999999999,Repeat
C04050,3,4406.5,Repeat
C04051,2,4587.87,Repeat
C04052,3,4525.07,Repeat
C04053,2,2877.3,Repeat
C04054,3,5098.38,Repeat
C04055,4,7245.799999999999,Repeat
C04056,7,8829.58,Repeat
C04057,2,2493.3999999999996,Repeat
C04058,2,3262.67,Repeat
C04059,3,6027.33,Repeat
C04060,6,10069.58,Repeat
C04061,5,6164.38,Repeat
C04062,1,1142.66,New
C04063,5,9486.37,Repeat
C04064,4,6632.16,Repeat
C04065,3,4935.9400000000005,Repeat
C04066,7,10676.72,Repeat
C04067,2,2418.45,Repeat
C04068,4,7913.78,Repeat
C04069,2,3379.65,Repeat
C04070,3,3667.21,Repeat
C04071,1,1288.3,New
C04072,4,4638.93,Repeat
C04073,2,2880.1099999999997,Repeat
C04074,2,2802.3,Repeat
C04075,3,8709.01,Repeat
C04076,3,7779.91,Repeat
C04077,7,8939.79,Repeat
C04078,1,1475.54,New
C04079,6,9340.71,Repeat
C04080,2,3861.6899999999996,Repeat
C04081,7,10451.3,Repeat
C04082,2,2767.1899999999996,Repeat
C04083,2,2409.21,Repeat
C04084,1,2052.79,New
C04085,3,3189.21,Repeat
C04086,3,3231.6499999999996,Repeat
C04087,3,4839.5,Repeat
C04088,2,2707.5299999999997,Repeat
C04089,2,2481.41,Repeat
C04090,4,4450.51,Repeat
C04091,3,5327.79,Repeat
C04092,5,5233.74,Repeat
C04093,7,10775.68,Repeat
C04094,5,9173.39,Repeat
C04095,6,8662.4,Repeat
C04096,3,4226.25,Repeat
C04097,1,1224.06,New
C04098,3,5387.73,Repeat
C04099,5,5901.79,Repeat
C04100,3,4331.95,Repeat
C04101,5,9231.51,Repeat
C04102,6,9580.58,Repeat
C04103,10,20244.85,Repeat
C04104,1,1140.44,New
C04105,4,4609.65,Repeat
C04106,4,4948.28,Repeat
C04107,2,2282.5299999999997,Repeat
C04108,4,5365.49,Repeat
C04109,1,1450.9,New
C04110,5,6546.08,Repeat
C04111,1,1301.4,New
C04112,7,8714.86,Repeat
C04113,1,2424.4,New
C04114,3,3267.02,Repeat
C04115,5,8522.16,Repeat
C04116,3,3301.48,Repeat
C04117,2,3485.92,Repeat
C04118,3,3187.84,Repeat
C04119,2,2580.33,Repeat
C04120,2,3648.6800000000003,Repeat
C04121,5,7937.49,Repeat
C04122,2,2440.5299999999997,Repeat
C04123,5,7519.54,Repeat
C04124,5,6416.25,Repeat
C04125,1,1661.86,New
C04126,7,11021.56,Repeat
C04127,3,3375.5299999999997,Repeat
C04129,3,3827.63,Repeat
C04130,2,2846.74,Repeat
C04131,4,4810.6,Repeat
C04132,1,1164.42,New
C04133,4,6146.52,Repeat
C04134,5,8067.37,Repeat
C04135,3,6417.62,Repeat
C04136,3,4212.84,Repeat
C04137,2,2347.23,Repeat
C04138,1,1475.54,New
C04139,8,11165.67,Repeat
C04140,6,9556.47,Repeat
C04141,4,6914.7300000000005,Repeat
C04142,6,10231.83,Repeat
C04143,2,1899.33,Repeat
C04144,2,2726.59,Repeat
C04145,5,6841.42,Repeat
C04146,4,4987.94,Repeat
C04147,3,5248.95,Repeat
C04148,3,3597.66,Repeat
C04149,4,6051.33,Repeat
C04150,3,4298.07,Repeat
C04151,3,3979.9,Repeat
C04152,1,843.54,New
C04153,11,16145.22,Repeat
C04154,8,10087.54,Repeat
C04155,1,1262.55,New
C04156,3,4049.3199999999997,Repeat
C04157,5,7338.3099999999995,Repeat
C04158,1,1548.94,New
C04159,3,4000.6,Repeat
C04160,2,3795.62,Repeat
C04161,5,10199.529999999999,Repeat
C04162,3,7523.45,Repeat
C04163,1,960.37,New
C04164,6,7583.599999999999,Repeat
C04165,8,12407.37,Repeat
C04166,5,7606.32,Repeat
C04167,5,9032.35,Repeat
C04168,3,4212.0,Repeat
C04169,6,8912.03,Repeat
C04170,4,4731.84,Repeat
C04171,5,11308.97,Repeat
C04172,2,2818.37,Repeat
C04173,6,9323.27,Repeat
C04174,5,8041.12,Repeat
C04175,5,11888.8,Repeat
C04176,5,11953.46,Repeat
C04177,4,4503.93,Repeat
C04178,4,4526.5,Repeat
C04179,3,3793.01,Repeat
C04180,5,5897.68,Repeat
C04181,1,944.4,New
C04182,6,8159.5,Repeat
C04183,5,8941.25,Repeat
C04184,6,8148.62,Repeat
C04185,1,1574.4,New
C04186,2,2706.96,Repeat
C04187,3,3994.34,Repeat
C04188,7,14247.69,Repeat
C04189,2,3834.35,Repeat
C04190,3,3916.9,Repeat
C04191,5,8003.969999999999,Repeat
C04192,6,8760.92,Repeat
C04193,4,9599.6,Repeat
C04194,2,4083.58,Repeat
C04195,2,3073.96,Repeat
C04196,1,1749.33,New
C04197,2,3722.78,Repeat
C04198,2,2169.8999999999996,Repeat
C04199,4,4264.219999999999,Repeat
C04200,1,1220.49,New
C04201,2,3148.9399999999996,Repeat
C04202,2,1739.49,Repeat
C04203,3,3308.88,Repeat
C04204,9,10171.92,Repeat
C04205,7,11227.08,Repeat
C04206,4,5450.37,Repeat
C04207,3,4372.84,Repeat
C04208,3,2964.8,Repeat
C04209,6,7549.16,Repeat
C04210,6,6891.83,Repeat
C04211,1,701.14,New
C04212,8,8779.94,Repeat
C04213,5,5609.5,Repeat
C04214,5,8593.529999999999,Repeat
C04215,3,3850.85,Repeat
C04216,5,10100.86,Repeat
C04217,4,5154.13,Repeat
C04218,3,6177.2,Repeat
C04219,3,5925.15,Repeat
C04220,6,6248.21,Repeat
C04221,8,14202.39,Repeat
C04222,3,6256.36,Repeat
C04223,4,5172.74,Repeat
C04224,2,2156.39,Repeat
C04225,3,3107.65,Repeat
C04226,3,3574.01,Repeat
C04227,4,7343.45,Repeat
C04228,3,5955.94,Repeat
C04229,2,2847.84,Repeat
C04230,4,6045.87,Repeat
C04231,2,2204.6800000000003,Repeat
C04232,4,9166.55,Repeat
C04234,5,6813.17,Repeat
C04235,2,6158.34,Repeat
C04236,5,8542.06,Repeat
C04237,7,8281.86,Repeat
C04238,4,4229.99,Repeat
C04239,6,8941.84,Repeat
C04240,2,3061.2,Repeat
C04241,5,9347.01,Repeat
C04242,3,3513.04,Repeat
C04243,5,8884.869999999999,Repeat
C04244,4,6558.24,Repeat
C04245,3,3619.48,Repeat
C04246,7,9405.34,Repeat
C04247,5,9065.630000000001,Repeat
C04248,7,8930.43,Repeat
C04249,3,5200.17,Repeat
C04250,3,3526.75,Repeat
C04251,3,4521.85,Repeat
C04252,6,8251.71,Repeat
C04253,5,6486.45,Repeat
C04254,5,6460.53,Repeat
C04255,6,6478.389999999999,Repeat
C04256,1,1064.78,New
C04257,6,8386.07,Repeat
C04258,7,11676.189999999999,Repeat
C04259,8,14222.61,Repeat
C04260,3,3832.2999999999997,Repeat
C04261,1,2023.08,New
C04262,3,3660.9799999999996,Repeat
C04263,6,8602.06,Repeat
C04264,3,4057.46,Repeat
C04265,6,8608.0,Repeat
C04266,4,6035.77,Repeat
C04267,2,2774.7,Repeat
C04268,5,6613.1,Repeat
C04269,8,9820.52,Repeat
C04270,6,7191.63,Repeat
C04271,4,5750.75,Repeat
C04272,3,4217.12,Repeat
C04274,3,3823.95,Repeat
C04275,3,3056.01,Repeat
C04276,2,2869.1,Repeat
C04277,7,15401.509999999998,Repeat
C04278,4,4914.94,Repeat
C04279,5,5884.95,Repeat
C04280,7,14356.48,Repeat
C04281,3,4548.74,Repeat
C04282,3,5852.0199999999995,Repeat
C04283,4,5160.87,Repeat
C04284,2,2422.66,Repeat
C04285,4,4499.72,Repeat
C04286,3,6145.66,Repeat
C04288,5,9339.27,Repeat
C04289,5,7549.530000000001,Repeat
C04290,5,7026.61,Repeat
C04291,2,2445.73,Repeat
C04293,4,5472.74,Repeat
C04295,10,14372.46,Repeat
C04296,6,8824.89,Repeat
C04297,5,10163.27,Repeat
C04298,8,10138.0,Repeat
C04299,3,4792.87,Repeat
C04300,3,4888.01,Repeat
C04301,2,2257.6000000000004,Repeat
C04302,6,8148.85,Repeat
C04303,5,10525.82,Repeat
C04304,4,4581.74,Repeat
C04305,1,977.26,New
C04306,1,2129.56,New
C04308,3,6585.08,Repeat
C04309,3,8107.27,Repeat
C04310,9,14040.87,Repeat
C04311,4,7885.63,Repeat
C04312,7,8086.71,Repeat
C04313,2,2281.19,Repeat
C04314,3,5035.92,Repeat
C04315,4,4786.54,Repeat
C04316,7,11160.71,Repeat
C04317,7,12971.220000000001,Repeat
C04318,5,6500.95,Repeat
C04319,6,8739.4,Repeat
C04320,7,8898.81,Repeat
C04321,6,11703.27,Repeat
C04322,3,3725.2,Repeat
C04323,5,7328.84,Repeat
C04324,5,8549.4,Repeat
C04325,6,9621.99,Repeat
C04326,3,3430.56,Repeat
C04327,4,8509.06,Repeat
C04328,3,4320.15,Repeat
C04329,6,12720.210000000001,Repeat
C04330,2,2483.04,Repeat
C04331,5,5740.8,Repeat
C04332,4,5808.18,Repeat
C04333,1,1360.07,New
C04334,3,3067.33,Repeat
C04335,3,4305.8099999999995,Repeat
C04336,4,5103.62,Repeat
C04337,5,7687.99,Repeat
C04338,3,6347.7,Repeat
C04339,2,2733.01,Repeat
C04340,3,3435.5,Repeat
C04341,7,11273.79,Repeat
C04342,2,3499.11,Repeat
C04343,3,4655.54,Repeat
C04344,1,1738.75,New
C04345,5,6742.83,Repeat
C04346,2,3057.81,Repeat
C04347,3,3588.08,Repeat
C04348,5,6017.55,Repeat
C04349,2,1810.28,Repeat
C04350,3,4423.84,Repeat
C04351,3,6372.68,Repeat
C04352,8,9976.89,Repeat
C04353,5,6348.84,Repeat
C04354,7,7872.37,Repeat
C04355,3,3079.7799999999997,Repeat
C04356,2,2935.52,Repeat
C04357,4,4461.41,Repeat
C04359,2,3556.7200000000003,Repeat
C04360,6,7238.7699999999995,Repeat
C04361,2,3031.19,Repeat
C04362,2,2844.9700000000003,Repeat
C04363,4,4950.41,Repeat
C04364,1,707.94,New
C04365,2,2382.7599999999998,Repeat
C04366,4,4621.2,Repeat
C04367,2,5432.34,Repeat
C04368,3,4280.35,Repeat
C04369,3,6885.88,Repeat
C04370,3,3262.06,Repeat
C04371,4,5274.139999999999,Repeat
C04372,8,14508.51,Repeat
C04373,3,4929.42,Repeat
C04374,6,10513.13,Repeat
C04375,4,3930.65,Repeat
C04376,6,10467.44,Repeat
C04377,3,5102.15,Repeat
C04378,4,4593.74,Repeat
C04379,2,2791.31,Repeat
C04380,3,3906.07,Repeat
C04381,4,6684.22,Repeat
C04382,2,3449.35,Repeat
C04384,3,4757.34,Repeat
C04385,6,8754.96,Repeat
C04386,4,6089.11,Repeat
C04387,2,2938.17,Repeat
C04388,5,11519.42,Repeat
C04389,2,2343.7200000000003,Repeat
C04390,4,6051.46,Repeat
C04391,3,3780.8900000000003,Repeat
C04392,6,8040.57,Repeat
C04393,3,4949.36,Repeat
C04394,7,7825.47,Repeat
C04395,5,11924.48,Repeat
C04396,3,4337.46,Repeat
C04397,5,6748.8,Repeat
C04398,7,10194.8,Repeat
C04399,4,4666.23,Repeat
C04400,6,9399.5,Repeat
C04401,4,4266.78,Repeat
C04402,2,3357.92,Repeat
C04403,3,3340.74,Repeat
C04404,6,9661.09,Repeat
C04405,2,3651.92,Repeat
C04406,3,4361.75,Repeat
C04407,2,2040.92,Repeat
C04408,7,13175.76,Repeat
C04409,2,2677.27,Repeat
C04410,3,6274.59,Repeat
C04411,3,4275.0,Repeat
C04412,4,6203.389999999999,Repeat
C04413,2,3504.96,Repeat
C04414,2,2310.65,Repeat
C04415,5,6018.15,Repeat
C04416,1,1916.6,New
C04417,6,9838.53,Repeat
C04418,3,3089.62,Repeat
C04419,1,3063.39,New
C04420,3,2946.27,Repeat
C04421,5,7612.69,Repeat
C04423,3,4952.88,Repeat
C04424,2,5124.19,Repeat
C04425,3,5061.0,Repeat
C04426,5,9368.29,Repeat
C04427,6,7068.86,Repeat
C04428,7,7189.9800000000005,Repeat
C04429,4,8970.54,Repeat
C04430,8,10370.14,Repeat
C04431,3,8285.55,Repeat
C04432,6,8538.58,Repeat
C04433,5,6607.59,Repeat
C04434,4,7025.34,Repeat
C04436,2,2603.35,Repeat
C04437,3,4259.26,Repeat
C04438,3,5709.74,Repeat
C04439,4,4755.77,Repeat
C04440,8,17105.74,Repeat
C04441,5,7800.22,Repeat
C04442,4,7700.639999999999,Repeat
C04443,5,11076.11,Repeat
C04444,4,3836.5,Repeat
C04445,2,2256.33,Repeat
C04446,4,4429.56,Repeat
C04447,3,4973.37,Repeat
C04449,7,9708.29,Repeat
C04450,3,4922.6,Repeat
C04451,4,5505.92,Repeat
C04452,3,7579.94,Repeat
C04453,3,3120.6899999999996,Repeat
C04454,5,4877.84,Repeat
C04455,8,11262.05,Repeat
C04456,5,8769.17,Repeat
C04457,4,6330.75,Repeat
C04458,5,8217.81,Repeat
C04459,1,595.97,New
C04460,4,6054.26,Repeat
C04462,5,8582.42,Repeat
C04464,2,2948.1800000000003,Repeat
C04465,3,3883.96,Repeat
C04466,2,6437.0,Repeat
C04467,3,3789.62,Repeat
C04468,4,6217.9400000000005,Repeat
C04469,2,3584.37,Repeat
C04470,2,1700.48,Repeat
C04471,3,3021.58,Repeat
C04472,4,6056.08,Repeat
C04473,1,1667.19,New
C04474,6,6429.94,Repeat
C04475,5,6546.58,Repeat
C04476,1,1852.43,New
C04477,5,6505.5,Repeat
C04478,2,2792.87,Repeat
C04479,2,3351.9700000000003,Repeat
C04480,5,8465.37,Repeat
C04481,4,7652.75,Repeat
C04482,3,3166.1499999999996,Repeat
C04483,7,9053.83,Repeat
C04484,3,4421.8,Repeat
C04485,5,8013.92,Repeat
C04486,7,8905.69,Repeat
C04487,4,3753.95,Repeat
C04488,3,4327.549999999999,Repeat
C04489,4,4687.71,Repeat
C04490,7,10749.869999999999,Repeat
C04491,6,10216.48,Repeat
C04492,3,4361.07,Repeat
C04493,2,4003.1400000000003,Repeat
C04494,3,4178.28,Repeat
C04495,8,16000.1,Repeat
C04496,4,4639.8099999999995,Repeat
C04497,5,8761.25,Repeat
C04498,6,9538.41,Repeat
C04499,1,897.18,New
C04500,4,4679.87,Repeat
C04501,2,2782.55,Repeat
C04502,1,1309.25,New
C04503,6,10793.21,Repeat
C04504,4,5704.37,Repeat
C04505,5,8069.14,Repeat
C04506,4,4165.1,Repeat
C04507,4,10444.869999999999,Repeat
C04508,2,3225.85,Repeat
C04509,3,4438.35,Repeat
C04510,3,4549.76,Repeat
C04512,5,7313.17,Repeat
C04513,8,11457.29,Repeat
C04514,3,4968.65,Repeat
C04515,4,5526.47,Repeat
C04516,3,3773.02,Repeat
C04518,1,4627.89,New
C04520,4,8087.820000000001,Repeat
C04521,4,5937.47,Repeat
C04522,5,8771.99,Repeat
C04523,4,5898.62,Repeat
C04524,2,2625.8,Repeat
C04525,4,5127.8099999999995,Repeat
C04526,5,5502.18,Repeat
C04527,3,3638.7599999999998,Repeat
C04528,4,5880.05,Repeat
C04529,6,7843.15,Repeat
C04530,6,12823.55,Repeat
C04531,5,4583.97,Repeat
C04532,3,3718.25,Repeat
C04533,2,3823.49,Repeat
C04534,5,8052.93,Repeat
C04535,3,3598.7799999999997,Repeat
C04536,2,2855.6499999999996,Repeat
C04537,9,16161.74,Repeat
C04538,2,3725.33,Repeat
C04539,1,1104.79,New
C04540,4,6071.01,Repeat
C04541,2,1779.1799999999998,Repeat
C04542,8,11427.6,Repeat
C04543,4,7726.77,Repeat
C04544,2,3535.8999999999996,Repeat
C04545,2,3206.71,Repeat
C04546,1,1199.42,New
C04547,2,2794.04,Repeat
C04549,3,3684.1499999999996,Repeat
C04550,1,1339.46,New
C04551,4,6710.86,Repeat
C04552,4,6121.33,Repeat
C04553,6,9713.73,Repeat
C04554,9,14018.74,Repeat
C04555,7,9754.75,Repeat
C04556,4,4886.4,Repeat
C04557,1,1749.33,New
C04558,7,10574.06,Repeat
C04559,3,3718.83,Repeat
C04560,2,5296.37,Repeat
C04561,2,2321.04,Repeat
C04562,8,13576.539999999999,Repeat
C04563,2,2250.37,Repeat
C04564,3,4109.38,Repeat
C04565,1,1140.44,New
C04566,1,1612.93,New
C04567,5,6840.25,Repeat
C04568,4,7024.62,Repeat
C04569,1,3359.46,New
C04570,2,1986.75,Repeat
C04571,4,6688.240000000001,Repeat
C04572,4,9048.19,Repeat
C04573,5,4868.92,Repeat
C04574,6,8208.94,Repeat
C04575,4,5445.87,Repeat
C04576,1,1198.3,New
C04577,2,2404.0299999999997,Repeat
C04578,4,6341.34,Repeat
C04579,3,5739.07,Repeat
C04580,3,4169.57,Repeat
C04581,8,13807.73,Repeat
C04582,5,6336.860000000001,Repeat
C04583,8,10592.24,Repeat
C04584,5,6268.78,Repeat
C04585,4,6445.36,Repeat
C04586,3,3907.64,Repeat
C04587,2,2472.25,Repeat
C04588,2,2816.41,Repeat
C04589,3,4582.01,Repeat
C04591,3,2955.98,Repeat
C04592,4,7773.74,Repeat
C04593,1,1072.16,New
C04594,4,9740.88,Repeat
C04595,4,7746.3099999999995,Repeat
C04596,9,13959.46,Repeat
C04597,1,1102.82,New
C04598,5,6542.59,Repeat
C04599,3,3374.09,Repeat
C04600,5,8387.43,Repeat
C04601,6,9523.86,Repeat
C04602,3,4257.33,Repeat
C04603,2,1652.35,Repeat
C04604,2,2183.51,Repeat
C04605,5,12144.31,Repeat
C04606,3,6367.44,Repeat
C04607,8,13057.81,Repeat
C04608,9,13071.1,Repeat
C04609,2,2410.5,Repeat
C04610,4,6359.5,Repeat
C04611,1,1067.08,New
C04612,6,12327.64,Repeat
C04613,6,9980.65,Repeat
C04614,3,3066.07,Repeat
C04615,7,7723.4,Repeat
C04616,5,6115.04,Repeat
C04617,6,12483.31,Repeat
C04618,5,11397.21,Repeat
C04619,5,6409.57,Repeat
C04620,4,8201.54,Repeat
C04621,3,5229.98,Repeat
C04622,5,5680.72,Repeat
C04623,2,2588.71,Repeat
C04624,2,3027.48,Repeat
C04625,2,3239.1800000000003,Repeat
C04626,6,10551.76,Repeat
C04627,1,1661.86,New
C04628,3,4825.96,Repeat
C04629,2,2671.59,Repeat
C04630,4,5844.5599999999995,Repeat
C04631,3,5968.13,Repeat
C04632,6,9115.21,Repeat
C04633,4,7182.7699999999995,Repeat
C04634,5,7765.78,Repeat
C04635,3,5397.46,Repeat
C04636,5,9644.08,Repeat
C04637,7,10014.84,Repeat
C04638,5,7406.0,Repeat
C04639,3,6489.68,Repeat
C04640,3,3100.41,Repeat
C04641,8,14548.880000000001,Repeat
C04642,3,4798.88,Repeat
C04643,3,3761.67,Repeat
C04645,6,8079.02,Repeat
C04646,2,5304.3,Repeat
C04647,3,3975.63,Repeat
C04648,2,4108.53,Repeat
C04649,2,2580.56,Repeat
C04650,4,5825.42,Repeat
C04651,4,4825.76,Repeat
C04652,7,11237.85,Repeat
C04653,5,7461.37,Repeat
C04654,3,7454.26,Repeat
C04655,3,6073.75,Repeat
C04656,1,3247.64,New
C04657,3,3911.95,Repeat
C04658,3,4034.05,Repeat
C04659,3,3719.96,Repeat
C04660,4,7358.03,Repeat
C04661,4,5031.76,Repeat
C04662,4,6956.68,Repeat
C04663,7,10325.18,Repeat
C04664,6,8493.56,Repeat
C04665,4,6295.43,Repeat
C04666,2,2553.75,Repeat
C04667,4,4576.56,Repeat
C04668,4,6527.97,Repeat
C04669,7,8675.46,Repeat
C04670,2,2272.81,Repeat
C04671,3,3908.55,Repeat
C04672,4,5949.34,Repeat
C04673,5,5766.5599999999995,Repeat
C04674,4,6136.64,Repeat
C04675,7,12292.08,Repeat
C04676,2,2752.55,Repeat
C04677,5,7556.99,Repeat
C04678,6,7647.32,Repeat
C04679,5,6982.13,Repeat
C04680,3,3542.68,Repeat
C04681,5,6060.9400000000005,Repeat
C04682,6,8548.279999999999,Repeat
C04683,1,2356.65,New
C04684,1,1612.93,New
C04686,1,878.72,New
C04687,4,4589.37,Repeat
C04688,2,2405.3999999999996,Repeat
C04689,2,3627.5299999999997,Repeat
C04690,5,6471.3,Repeat
C04691,1,2739.8,New
C04692,6,9965.97,Repeat
C04693,3,3728.1800000000003,Repeat
C04694,6,10182.11,Repeat
C04695,5,10075.03,Repeat
C04696,7,9493.7,Repeat
C04697,2,2695.35,Repeat
C04698,3,3798.44,Repeat
C04699,4,8403.689999999999,Repeat
C04700,3,3506.23,Repeat
C04701,2,2988.98,Repeat
C04702,4,4553.42,Repeat
C04703,7,9980.52,Repeat
C04704,5,9372.43,Repeat
C04705,3,5361.37,Repeat
C04706,7,10455.09,Repeat
C04707,2,4910.21,Repeat
C04708,4,3993.34,Repeat
C04709,4,5366.7,Repeat
C04710,7,8648.88,Repeat
C04711,4,8842.0,Repeat
C04712,5,9527.1,Repeat
C04713,5,9033.14,Repeat
C04714,6,8838.31,Repeat
C04715,3,6239.99,Repeat
C04716,5,8003.68,Repeat
C04717,4,8568.720000000001,Repeat
C04718,7,10818.58,Repeat
C04719,4,3827.15,Repeat
C04720,7,10102.53,Repeat
C04721,4,8618.07,Repeat
C04722,7,12057.79,Repeat
C04723,2,5521.099999999999,Repeat
C04724,4,4599.81,Repeat
C04725,4,5311.12,Repeat
C04726,3,4925.27,Repeat
C04727,6,6793.58,Repeat
C04728,1,1721.56,New
C04729,5,6821.469999999999,Repeat
C04730,2,2822.4300000000003,Repeat
C04731,2,5797.09,Repeat
C04732,2,3824.93,Repeat
C04733,3,3642.3399999999997,Repeat
C04734,5,6569.06,Repeat
C04735,3,4244.74,Repeat
C04736,3,4690.1900000000005,Repeat
C04737,3,5269.969999999999,Repeat
C04738,1,1612.11,New
C04739,3,2749.06,Repeat
C04740,2,1819.08,Repeat
C04741,4,7389.639999999999,Repeat
C04742,5,5346.969999999999,Repeat
C04743,8,11337.47,Repeat
C04744,3,4666.1900000000005,Repeat
C04745,4,5036.23,Repeat
C04746,5,5604.22,Repeat
C04747,5,10166.22,Repeat
C04748,4,4359.5199999999995,Repeat
C04749,6,7926.57,Repeat
C04750,4,5316.46,Repeat
C04751,4,4508.26,Repeat
C04752,4,7235.16,Repeat
C04753,6,6975.2,Repeat
C04754,5,11512.87,Repeat
C04755,2,3235.35,Repeat
C04756,3,3497.2799999999997,Repeat
C04757,1,1141.26,New
C04758,2,2863.9700000000003,Repeat
C04760,3,3530.05,Repeat
C04761,6,8751.15,Repeat
C04762,4,6925.3,Repeat
C04763,3,4502.37,Repeat
C04764,4,4313.5599999999995,Repeat
C04765,5,5647.59,Repeat
C04766,2,2729.31,Repeat
C04767,10,13523.88,Repeat
C04768,7,15331.869999999999,Repeat
C04769,4,10447.56,Repeat
C04770,4,6566.67,Repeat
C04771,2,3383.5199999999995,Repeat
C04772,6,10216.92,Repeat
C04773,3,3776.21,Repeat
C04774,3,5531.65,Repeat
C04775,7,8433.93,Repeat
C04776,5,9713.56,Repeat
C04777,5,6491.01,Repeat
C04778,3,3451.58,Repeat
C04779,6,8523.29,Repeat
C04780,1,3323.73,New
C04781,6,11165.960000000001,Repeat
C04782,2,3895.11,Repeat
C04783,5,7929.8099999999995,Repeat
C04784,6,8678.19,Repeat
C04785,4,5374.4400000000005,Repeat
C04786,5,8617.73,Repeat
C04787,8,9288.24,Repeat
C04788,6,7693.83,Repeat
C04789,4,8770.49,Repeat
C04791,2,2764.91,Repeat
C04792,5,8043.009999999999,Repeat
C04793,3,3550.92,Repeat
C04794,3,9542.22,Repeat
C04795,5,5354.75,Repeat
C04796,2,3025.58,Repeat
C04797,6,9063.029999999999,Repeat
C04798,3,3106.96,Repeat
C04799,3,6223.83,Repeat
C04800,4,5282.37,Repeat
C04801,5,8017.65,Repeat
C04802,2,2979.92,Repeat
C04803,2,4637.67,Repeat
C04804,5,5856.2300000000005,Repeat
C04805,2,2595.19,Repeat
C04806,8,10558.8,Repeat
C04807,3,4005.98,Repeat
C04808,2,2814.26,Repeat
C04809,1,942.91,New
C04810,3,2902.83,Repeat
C04811,1,1206.14,New
C04812,6,7049.53,Repeat
C04813,3,4930.1,Repeat
C04814,1,1415.88,New
C04815,6,11520.51,Repeat
C04816,2,1751.92,Repeat
C04817,5,6614.84,Repeat
C04818,1,1401.76,New
C04819,2,2007.85,Repeat
C04820,3,3864.71,Repeat
C04821,3,4367.34,Repeat
C04822,3,5025.59,Repeat
C04823,6,8372.529999999999,Repeat
C04824,4,6974.8,Repeat
C04825,1,5416.91,New
C04826,5,5914.0,Repeat
C04827,3,3921.7799999999997,Repeat
C04828,4,5208.25,Repeat
C04829,4,6453.610000000001,Repeat
C04830,3,3977.67,Repeat
C04831,4,4931.78,Repeat
C04832,3,4374.95,Repeat
C04833,5,6004.04,Repeat
C04834,2,2444.48,Repeat
C04835,7,8363.26,Repeat
C04836,7,10395.31,Repeat
C04837,5,6975.97,Repeat
C04838,5,5991.5,Repeat
C04839,4,5833.32,Repeat
C04840,10,19187.03,Repeat
C04841,5,8066.18,Repeat
C04842,4,10928.289999999999,Repeat
C04843,5,8015.27,Repeat
C04844,6,9092.869999999999,Repeat
C04845,4,4607.11,Repeat
C04846,7,11170.55,Repeat
C04847,1,1749.33,New
C04848,3,3804.83,Repeat
C04849,3,7702.8,Repeat
C04850,4,4542.03,Repeat
C04851,8,12393.42,Repeat
C04852,2,4406.54,Repeat
C04853,5,6430.25,Repeat
C04854,3,3738.11,Repeat
C04855,3,5462.88,Repeat
C04856,6,7149.95,Repeat
C04857,2,2571.23,Repeat
C04858,6,11145.06,Repeat
C04859,7,9294.65,Repeat
C04860,1,746.91,New
C04861,6,7061.54,Repeat
C04862,2,3983.59,Repeat
C04863,9,14962.86,Repeat
C04864,1,1661.86,New
C04865,3,3670.9900000000002,Repeat
C04866,4,5265.63,Repeat
C04867,3,2964.56,Repeat
C04868,3,3586.04,Repeat
C04869,5,8054.8,Repeat
C04870,4,5614.610000000001,Repeat
C04871,1,1370.29,New
C04872,4,5669.5599999999995,Repeat
C04873,7,8578.14,Repeat
C04874,5,8336.48,Repeat
C04875,7,12862.039999999999,Repeat
C04876,7,8592.61,Repeat
C04877,3,2162.49,Repeat
C04878,4,8453.51,Repeat
C04879,1,954.93,New
C04880,6,6087.219999999999,Repeat
C04881,3,3905.74,Repeat
C04883,9,13487.369999999999,Repeat
C04884,3,3732.46,Repeat
C04885,4,7526.99,Repeat
C04886,1,745.21,New
C04887,3,4399.91,Repeat
C04888,5,7392.55,Repeat
C04889,6,9965.599999999999,Repeat
C04890,3,4627.09,Repeat
C04891,6,7717.65,Repeat
C04892,3,4612.26,Repeat
C04893,2,1764.74,Repeat
C04894,3,5136.76,Repeat
C04895,2,2310.92,Repeat
C04896,3,3247.1,Repeat
C04897,1,1360.07,New
C04898,2,4016.04,Repeat
C04899,5,8355.73,Repeat
C04900,4,4634.87,Repeat
C04901,2,3279.87,Repeat
C04902,2,3481.0299999999997,Repeat
C04903,2,2579.8,Repeat
C04904,3,3138.26,Repeat
C04905,6,6065.12,Repeat
C04906,4,4425.8,Repeat
C04907,1,745.2,New
C04908,1,992.54,New
C04909,6,7728.09,Repeat
C04910,6,8562.15,Repeat
C04911,4,6294.5199999999995,Repeat
C04912,2,2716.79,Repeat
C04913,7,9643.27,Repeat
C04914,3,3952.02,Repeat
C04915,6,11222.189999999999,Repeat
C04916,4,5213.87,Repeat
C04917,3,3452.8199999999997,Repeat
C04918,8,11522.11,Repeat
C04919,6,6827.9,Repeat
C04920,4,5912.719999999999,Repeat
C04921,5,7062.2699999999995,Repeat
C04922,7,12698.039999999999,Repeat
C04923,5,8147.67,Repeat
C04924,5,6170.24,Repeat
C04925,1,1759.81,New
C04926,3,5147.45,Repeat
C04927,3,4007.2999999999997,Repeat
C04928,1,707.95,New
C04929,1,1595.74,New
C04930,2,2648.05,Repeat
C04931,3,5483.59,Repeat
C04932,6,8831.52,Repeat
C04933,7,8903.85,Repeat
C04934,1,1759.81,New
C04935,5,7365.12,Repeat
C04936,3,4446.31,Repeat
C04937,8,19356.39,Repeat
C04938,4,6077.88,Repeat
C04939,3,4164.25,Repeat
C04940,2,3000.6,Repeat
C04941,1,1047.68,New
C04942,2,2145.51,Repeat
C04943,4,6062.68,Repeat
C04944,5,8157.78,Repeat
C04945,8,13866.89,Repeat
C04946,5,6038.71,Repeat
C04947,3,7372.54,Repeat
C04948,3,3666.31,Repeat
C04949,3,4240.13,Repeat
C04950,1,1140.44,New
C04951,4,6071.55,Repeat
C04952,4,5262.1,Repeat
C04953,1,1497.05,New
C04954,5,6153.3099999999995,Repeat
C04955,5,6146.22,Repeat
C04956,3,3931.2799999999997,Repeat
C04957,4,6642.32,Repeat
C04958,5,9186.529999999999,Repeat
C04959,4,4502.64,Repeat
C04960,7,15577.39,Repeat
C04961,5,8283.94,Repeat
C04962,1,1679.73,New
C04963,2,1922.53,Repeat
C04964,6,8899.470000000001,Repeat
C04965,2,5586.57,Repeat
C04966,2,2984.17,Repeat
C04967,4,7119.7,Repeat
C04968,2,4062.3199999999997,Repeat
C04969,5,7972.79,Repeat
C04970,1,1490.4,New
C04971,5,10270.76,Repeat
C04972,1,1885.83,New
C04973,5,5120.91,Repeat
C04974,4,4819.96,Repeat
C04975,6,10540.01,Repeat
C04977,6,8417.28,Repeat
C04978,5,7082.8,Repeat
C04979,2,4158.65,Repeat
C04980,1,1885.83,New
C04981,9,13841.5,Repeat
C04982,3,3455.59,Repeat
C04983,3,4409.03,Repeat
C04984,5,7173.71,Repeat
C04986,5,8856.98,Repeat
C04987,1,1164.42,New
C04988,2,3371.2200000000003,Repeat
C04989,1,1573.25,New
C04990,4,5121.57,Repeat
C04991,1,1140.44,New
C04992,3,4319.85,Repeat
C04993,6,5970.5599999999995,Repeat
C04994,4,5631.29,Repeat
C04995,5,7954.5599999999995,Repeat
C04996,3,6688.73,Repeat
C04997,5,8036.74,Repeat
C04998,4,6810.070000000001,Repeat
C04999,5,4950.1,Repeat
C05000,2,4114.48,Repeat
C05001,8,10281.86,Repeat
C05002,7,9172.72,Repeat
C05003,7,11151.42,Repeat
C05004,5,8871.869999999999,Repeat
C05005,6,9061.789999999999,Repeat
C05006,2,3571.6099999999997,Repeat
C05007,4,5211.65,Repeat
C05008,8,10703.84,Repeat
C05009,4,5712.08,Repeat
C05010,2,4448.64,Repeat
C05011,6,8223.54,Repeat
C05012,3,4060.67,Repeat
C05013,2,4178.64,Repeat
C05014,2,2420.3,Repeat
C05015,2,2489.59,Repeat
C05016,3,6098.700000000001,Repeat
C05017,2,1976.03,Repeat
C05018,2,1655.32,Repeat
C05019,5,9032.9,Repeat
C05020,3,3411.0699999999997,Repeat
C05021,5,5572.08,Repeat
C05022,4,5698.61,Repeat
C05023,2,2001.8600000000001,Repeat
C05024,4,6076.59,Repeat
C05025,3,2839.1099999999997,Repeat
C05026,2,2356.33,Repeat
C05027,3,3546.58,Repeat
C05028,5,6344.52,Repeat
C05029,2,2622.62,Repeat
C05030,3,4249.68,Repeat
C05031,3,8034.51,Repeat
C05032,5,11376.130000000001,Repeat
C05033,5,6936.61,Repeat
C05035,1,954.93,New
C05036,6,9836.55,Repeat
C05037,9,11643.14,Repeat
C05038,1,904.67,New
C05039,2,2304.1499999999996,Repeat
C05040,6,7472.58,Repeat
C05041,2,2390.84,Repeat
C05042,3,4494.83,Repeat
C05043,4,7544.02,Repeat
C05044,6,8555.2,Repeat
C05045,2,2697.81,Repeat
C05046,3,5316.8099999999995,Repeat
C05047,1,1490.4,New
C05049,2,3926.38,Repeat
C05050,3,2992.55,Repeat
C05051,1,1220.04,New
C05052,1,1284.25,New
C05053,1,994.31,New
C05054,4,6072.74,Repeat
C05055,5,6592.99,Repeat
C05056,2,1893.58,Repeat
C05057,6,8550.95,Repeat
C05058,3,4297.42,Repeat
C05059,3,3526.08,Repeat
C05060,3,4561.18,Repeat
C05061,5,11973.07,Repeat
C05062,1,2720.14,New
C05063,4,11268.04,Repeat
C05064,6,9020.68,Repeat
C05065,2,2565.95,Repeat
C05066,1,759.19,New
C05067,4,4356.15,Repeat
C05068,4,3921.2799999999997,Repeat
C05069,5,5221.51,Repeat
C05070,5,7493.23,Repeat
C05071,3,4381.27,Repeat
C05072,8,15407.6,Repeat
C05073,2,2402.96,Repeat
C05074,2,2033.51,Repeat
C05075,3,4079.5699999999997,Repeat
C05076,4,5957.1900000000005,Repeat
C05077,3,4861.85,Repeat
C05078,4,6561.03,Repeat
C05079,3,4763.34,Repeat
C05080,4,5962.629999999999,Repeat
C05081,6,6764.17,Repeat
C05082,2,2152.8,Repeat
C05083,3,3148.9399999999996,Repeat
C05084,3,3985.3199999999997,Repeat
C05085,3,2664.69,Repeat
C05086,6,9345.48,Repeat
C05087,4,5929.2,Repeat
C05088,3,2846.54,Repeat
C05089,6,7670.179999999999,Repeat
C05090,4,5978.45,Repeat
C05091,2,1848.02,Repeat
C05092,1,1346.89,New
C05093,3,2933.32,Repeat
C05094,5,9161.349999999999,Repeat
C05095,3,3658.5699999999997,Repeat
C05096,5,6707.38,Repeat
C05097,3,8216.47,Repeat
C05098,7,8371.23,Repeat
C05099,2,2150.54,Repeat
C05100,2,2622.62,Repeat
C05101,1,1900.67,New
C05102,3,3887.46,Repeat
C05103,1,1531.5,New
C05104,4,5515.1,Repeat
C05105,1,878.72,New
C05106,4,8189.110000000001,Repeat
C05107,5,7649.92,Repeat
C05108,2,3011.88,Repeat
C05109,5,7941.87,Repeat
C05110,4,5871.4,Repeat
C05111,5,11208.720000000001,Repeat
C05112,3,4363.12,Repeat
C05113,1,1072.16,New
C05114,7,12120.2,Repeat
C05115,6,9766.88,Repeat
C05116,3,4521.98,Repeat
C05117,3,6031.79,Repeat
C05118,4,4369.73,Repeat
C05119,4,5711.84,Repeat
C05120,2,2534.09,Repeat
C05121,3,3832.85,Repeat
C05122,5,7551.75,Repeat
C05124,3,7693.0,Repeat
C05125,3,5631.7,Repeat
C05126,9,17509.690000000002,Repeat
C05127,5,7753.04,Repeat
C05128,3,3844.6099999999997,Repeat
C05129,1,1064.78,New
C05130,4,5520.58,Repeat
C05131,3,5992.84,Repeat
C05132,5,6469.39,Repeat
C05133,4,4130.21,Repeat
C05134,1,1490.42,New
C05135,4,8052.86,Repeat
C05136,5,5814.53,Repeat
C05137,6,10116.0,Repeat
C05138,3,7538.900000000001,Repeat
C05139,2,2630.86,Repeat
C05140,1,1135.23,New
C05141,4,5383.57,Repeat
C05142,3,3165.66,Repeat
C05143,7,11551.1,Repeat
C05144,5,13328.14,Repeat
C05145,2,2076.56,Repeat
C05146,2,2923.2299999999996,Repeat
C05147,1,1201.33,New
C05148,2,4015.38,Repeat
C05149,9,11274.33,Repeat
C05150,3,3279.5600000000004,Repeat
C05151,6,7936.82,Repeat
C05152,11,13109.19,Repeat
C05153,5,11115.05,Repeat
C05154,1,1201.33,New
C05156,5,9925.81,Repeat
C05157,4,5223.360000000001,Repeat
C05158,5,8499.05,Repeat
C05159,2,2309.22,Repeat
C05160,3,4576.52,Repeat
C05161,9,11403.58,Repeat
C05162,5,6086.07,Repeat
C05163,3,3568.67,Repeat
C05164,2,2628.1000000000004,Repeat
C05165,2,1940.28,Repeat
C05166,4,8000.41,Repeat
C05167,3,6139.54,Repeat
C05168,5,8377.12,Repeat
C05169,3,5809.87,Repeat
C05170,1,1574.4,New
C05171,3,2968.72,Repeat
C05172,3,3122.62,Repeat
C05173,6,7803.84,Repeat
C05174,2,3141.1,Repeat
C05175,4,6958.700000000001,Repeat
C05176,2,3255.25,Repeat
C05177,2,2175.51,Repeat
C05178,6,11553.6,Repeat
C05179,1,1199.42,New
C05180,3,5088.23,Repeat
C05181,2,3524.49,Repeat
C05182,4,10237.4,Repeat
C05183,4,6745.91,Repeat
C05184,3,4826.63,Repeat
C05185,2,2695.5299999999997,Repeat
C05186,3,5178.25,Repeat
C05187,3,3878.71,Repeat
C05188,3,4242.8099999999995,Repeat
C05189,4,5613.59,Repeat
C05190,6,7992.63,Repeat
C05191,6,9389.49,Repeat
C05192,7,14731.89,Repeat
C05193,7,8345.47,Repeat
C05194,4,3912.22,Repeat
C05195,5,6907.45,Repeat
C05196,4,5387.3,Repeat
C05197,5,8496.6,Repeat
C05198,5,7788.01,Repeat
C05199,2,2729.9700000000003,Repeat
C05200,6,10757.24,Repeat
C05201,4,5468.219999999999,Repeat
C05202,9,11481.09,Repeat
C05203,2,2713.21,Repeat
C05204,2,2967.48,Repeat
C05205,3,3378.49,Repeat
C05206,4,6595.15,Repeat
C05207,1,1201.33,New
C05208,3,3486.1899999999996,Repeat
C05209,5,6286.08,Repeat
C05210,5,6572.5,Repeat
C05211,2,2860.09,Repeat
C05212,4,4414.08,Repeat
C05213,3,3781.88,Repeat
C05214,4,5301.55,Repeat
C05215,6,12070.33,Repeat
C05216,2,2634.01,Repeat
C05217,4,4803.89,Repeat
C05218,5,8883.88,Repeat
C05219,2,2559.09,Repeat
C05220,2,3854.13,Repeat
C05221,4,6488.19,Repeat
C05222,4,3973.8900000000003,Repeat
C05223,2,1977.57,Repeat
C05224,3,3010.4700000000003,Repeat
C05225,5,6023.14,Repeat
C05226,4,3748.17,Repeat
C05227,4,3838.16,Repeat
C05228,7,9846.57,Repeat
C05229,7,10593.69,Repeat
C05230,7,11509.84,Repeat
C05231,7,9093.220000000001,Repeat
C05232,2,3037.63,Repeat
C05233,4,4960.41,Repeat
C05234,3,4352.68,Repeat
C05235,5,6718.17,Repeat
C05236,2,3896.09,Repeat
C05237,4,5022.7,Repeat
C05238,7,9998.65,Repeat
C05239,6,9313.42,Repeat
C05240,5,7388.13,Repeat
C05241,3,6642.75,Repeat
C05242,3,2907.6800000000003,Repeat
C05243,7,12311.5,Repeat
C05244,5,13586.0,Repeat
C05245,5,6676.64,Repeat
C05246,5,7764.6900000000005,Repeat
C05247,7,13743.81,Repeat
C05248,3,4789.74,Repeat
C05249,2,1415.8899999999999,Repeat
C05250,3,3273.24,Repeat
C05251,3,3994.76,Repeat
C05252,4,9395.92,Repeat
C05253,3,4460.860000000001,Repeat
C05254,4,4182.51,Repeat
C05255,1,1661.86,New
C05256,4,6470.17,Repeat
C05257,4,4353.48,Repeat
C05258,5,8443.8,Repeat
C05259,5,8281.03,Repeat
C05260,6,9728.9,Repeat
C05261,5,7873.15,Repeat
C05262,2,3331.9700000000003,Repeat
C05263,4,7123.139999999999,Repeat
C05264,6,9436.29,Repeat
C05265,4,6137.01,Repeat
C05266,3,3673.3599999999997,Repeat
C05267,5,5529.4400000000005,Repeat
C05268,6,8108.63,Repeat
C05269,2,2515.14,Repeat
C05270,9,14771.5,Repeat
C05271,2,2355.94,Repeat
C05272,8,10715.64,Repeat
C05273,3,4620.139999999999,Repeat
C05274,5,5205.96,Repeat
C05275,6,8627.380000000001,Repeat
C05276,3,4489.45,Repeat
C05277,2,2885.09,Repeat
C05278,5,6795.95,Repeat
C05279,3,7628.21,Repeat
C05280,5,8733.82,Repeat
C05281,2,2332.39,Repeat
C05282,6,8497.8,Repeat
C05283,5,9729.72,Repeat
C05284,1,745.2,New
C05285,6,11814.36,Repeat
C05286,3,5567.6,Repeat
C05287,3,4078.86,Repeat
C05288,3,3862.6899999999996,Repeat
C05289,3,6483.57,Repeat
C05290,2,1946.7199999999998,Repeat
C05291,5,7538.16,Repeat
C05292,2,4022.1499999999996,Repeat
C05293,9,13879.64,Repeat
C05294,5,11497.85,Repeat
C05295,6,8549.35,Repeat
C05296,3,4025.56,Repeat
C05297,7,12862.66,Repeat
C05298,1,595.97,New
C05299,4,8634.95,Repeat
C05300,4,5462.65,Repeat
C05301,1,834.78,New
C05302,5,8626.74,Repeat
C05303,4,7248.91,Repeat
C05304,4,5078.49,Repeat
C05305,5,8537.87,Repeat
C05306,3,4296.28,Repeat
C05307,7,11645.62,Repeat
C05308,8,12638.98,Repeat
C05309,5,7568.7699999999995,Repeat
C05310,2,2152.85,Repeat
C05311,4,9249.23,Repeat
C05313,5,6286.21,Repeat
C05314,3,3441.7,Repeat
C05315,4,7494.73,Repeat
C05316,3,10362.83,Repeat
C05317,4,5190.37,Repeat
C05318,3,8497.43,Repeat
C05319,3,4633.79,Repeat
C05320,6,7842.36,Repeat
C05321,4,4731.4400000000005,Repeat
C05322,1,907.02,New
C05323,4,5540.6,Repeat
C05324,7,8835.35,Repeat
C05325,3,6493.86,Repeat
C05326,3,4883.18,Repeat
C05327,1,1900.67,New
C05328,4,5015.61,Repeat
C05329,5,7701.95,Repeat
C05330,5,9301.810000000001,Repeat
C05331,3,3529.5699999999997,Repeat
C05332,2,3541.48,Repeat
C05333,3,3126.83,Repeat
C05334,6,9744.53,Repeat
C05335,9,15437.25,Repeat
C05336,2,2293.94,Repeat
C05337,3,6406.55,Repeat
C05338,4,5728.54,Repeat
C05339,3,5287.49,Repeat
C05340,3,3614.42,Repeat
C05341,5,6224.9400000000005,Repeat
C05342,8,12188.95,Repeat
C05343,8,13676.27,Repeat
C05344,3,5713.32,Repeat
C05345,4,8776.04,Repeat
C05346,2,3837.7,Repeat
C05347,2,2684.92,Repeat
C05349,5,7718.82,Repeat
C05350,4,8448.67,Repeat
C05351,9,13799.04,Repeat
C05352,5,7158.88,Repeat
C05353,4,4984.06,Repeat
C05354,3,4178.09,Repeat
C05356,9,14522.42,Repeat
C05357,5,8550.85,Repeat
C05358,4,5551.1,Repeat
C05359,4,4332.53,Repeat
C05360,2,2870.42,Repeat
C05361,1,944.4,New
C05362,3,4669.780000000001,Repeat
C05363,6,6389.139999999999,Repeat
C05364,3,3647.99,Repeat
C05365,1,1224.06,New
C05366,2,2439.96,Repeat
C05367,5,7159.54,Repeat
C05368,7,10914.45,Repeat
C05369,3,5674.07,Repeat
C05370,6,9781.539999999999,Repeat
C05371,7,8338.48,Repeat
C05372,2,5292.54,Repeat
C05373,2,3552.26,Repeat
C05374,2,2002.6100000000001,Repeat
C05375,2,4619.5,Repeat
C05376,3,4677.88,Repeat
C05377,4,5626.79,Repeat
C05378,4,5058.5,Repeat
C05379,5,8139.67,Repeat
C05380,3,4367.7,Repeat
C05381,8,12009.17,Repeat
C05383,8,14445.41,Repeat
C05384,4,9076.29,Repeat
C05385,4,4699.55,Repeat
C05386,4,4509.86,Repeat
C05387,6,6726.38,Repeat
C05388,2,4501.17,Repeat
C05389,4,10162.27,Repeat
C05390,2,2247.1000000000004,Repeat
C05391,2,2306.12,Repeat
C05392,4,7531.0599999999995,Repeat
C05393,2,2940.87,Repeat
C05394,1,1612.11,New
C05395,5,6618.65,Repeat
C05396,2,2607.2799999999997,Repeat
C05397,3,6179.549999999999,Repeat
C05398,2,5136.76,Repeat
C05399,2,2445.12,Repeat
C05400,2,2844.7,Repeat
C05401,3,4040.47,Repeat
C05402,2,1595.73,Repeat
C05403,4,6460.32,Repeat
C05404,2,4863.9,Repeat
C05405,2,2479.94,Repeat
C05406,5,9471.96,Repeat
C05407,1,1574.57,New
C05408,3,5391.45,Repeat
C05409,3,3915.14,Repeat
C05410,2,3196.95,Repeat
C05411,3,3201.7200000000003,Repeat
C05412,7,9197.41,Repeat
C05413,2,1803.96,Repeat
C05414,4,5499.969999999999,Repeat
C05415,4,6763.95,Repeat
C05417,4,4846.12,Repeat
C05418,2,4810.799999999999,Repeat
C05419,4,5185.47,Repeat
C05420,6,6450.99,Repeat
C05421,6,8257.96,Repeat
C05422,2,4259.0199999999995,Repeat
C05423,4,4712.39,Repeat
C05424,4,6056.92,Repeat
C05425,4,4402.73,Repeat
C05426,8,15721.03,Repeat
C05427,6,8955.8,Repeat
C05428,2,3882.8099999999995,Repeat
C05429,1,774.7,New
C05430,3,4789.780000000001,Repeat
C05431,2,2203.12,Repeat
C05432,6,8871.84,Repeat
C05433,5,8028.01,Repeat
C05434,2,2649.73,Repeat
C05435,7,10675.48,Repeat
C05436,4,5220.47,Repeat
C05437,3,3276.11,Repeat
C05438,3,3888.67,Repeat
C05439,2,3008.25,Repeat
C05440,6,8628.05,Repeat
C05441,1,1731.17,New
C05442,3,5169.55,Repeat
C05443,3,4071.92,Repeat
C05444,3,3667.9300000000003,Repeat
C05445,2,2490.1099999999997,Repeat
C05446,2,2826.89,Repeat
C05447,5,6000.28,Repeat
C05448,5,7323.1,Repeat
C05450,4,6352.54,Repeat
C05451,1,1451.64,New
C05452,1,3151.68,New
C05453,6,6707.2,Repeat
C05454,2,1821.63,Repeat
C05455,1,802.74,New
C05456,4,6133.51,Repeat
C05457,6,8890.82,Repeat
C05458,2,4071.46,Repeat
C05459,1,707.95,New
C05460,2,1756.29,Repeat
C05461,3,4486.99,Repeat
C05462,12,21354.79,Repeat
C05463,2,1943.5,Repeat
C05464,5,4831.04,Repeat
C05465,2,2446.89,Repeat
C05466,3,5232.05,Repeat
C05467,4,5076.59,Repeat
C05468,6,8590.34,Repeat
C05469,5,9585.21,Repeat
C05470,3,4094.46,Repeat
C05471,2,3435.21,Repeat
C05472,4,5948.99,Repeat
C05473,4,3856.67,Repeat
C05474,2,2623.89,Repeat
C05475,2,2911.76,Repeat
C05476,5,6165.13,Repeat
C05477,7,10102.78,Repeat
C05478,4,5729.44,Repeat
C05479,1,3359.46,New
C05480,8,9959.59,Repeat
C05481,5,5310.72,Repeat
C05482,2,3010.7,Repeat
C05483,1,1656.05,New
C05484,3,5513.1,Repeat
C05485,8,15937.39,Repeat
C05486,5,7256.09,Repeat
C05487,5,5710.2,Repeat
C05488,5,11292.31,Repeat
C05490,1,1749.33,New
C05491,7,8762.17,Repeat
C05492,6,10708.17,Repeat
C05493,6,11061.34,Repeat
C05494,5,9162.07,Repeat
C05495,1,1005.19,New
C05496,6,7569.74,Repeat
C05497,3,4961.7,Repeat
C05498,5,5331.84,Repeat
C05499,5,6973.0,Repeat
C05500,6,6529.4400000000005,Repeat
C05501,1,745.2,New
C05502,2,4252.83,Repeat
C05503,9,11955.279999999999,Repeat
C05504,6,10218.17,Repeat
C05505,4,5434.03,Repeat
C05506,2,2393.58,Repeat
C05507,4,4382.77,Repeat
C05508,5,10375.279999999999,Repeat
C05509,8,10387.32,Repeat
C05510,4,4354.82,Repeat
C05511,3,3658.08,Repeat
C05512,3,8787.380000000001,Repeat
C05513,5,6570.87,Repeat
C05514,7,8876.1,Repeat
C05515,2,2972.18,Repeat
C05516,4,6900.7699999999995,Repeat
C05517,5,10772.01,Repeat
C05518,3,4574.67,Repeat
C05519,3,4772.25,Repeat
C05520,1,1575.84,New
C05521,3,5974.45,Repeat
C05522,2,3911.33,Repeat
C05523,6,10599.25,Repeat
C05524,3,4196.01,Repeat
C05526,5,8208.41,Repeat
C05527,3,4431.04,Repeat
C05528,6,7557.43,Repeat
C05529,4,4912.22,Repeat
C05530,8,12660.04,Repeat
C05531,5,7397.96,Repeat
C05532,6,7745.8099999999995,Repeat
C05533,6,9571.94,Repeat
C05534,2,2303.09,Repeat
C05535,2,2021.85,Repeat
C05536,2,2261.82,Repeat
C05537,4,4756.97,Repeat
C05538,6,13456.78,Repeat
C05539,3,3534.88,Repeat
C05540,4,4450.96,Repeat
C05541,5,8808.43,Repeat
C05542,3,3459.17,Repeat
C05543,2,2690.16,Repeat
C05544,2,2908.0699999999997,Repeat
C05545,6,7994.139999999999,Repeat
C05546,4,4907.51,Repeat
C05547,6,9648.37,Repeat
C05548,2,3262.9300000000003,Repeat
C05550,4,4973.14,Repeat
C05551,2,2225.45,Repeat
C05552,3,5802.58,Repeat
C05553,4,5678.08,Repeat
C05554,4,6888.45,Repeat
C05555,3,5168.62,Repeat
C05556,2,3145.1099999999997,Repeat
C05557,8,15695.48,Repeat
C05558,4,4338.13,Repeat
C05559,4,6371.66,Repeat
C05560,11,14246.44,Repeat
C05561,5,5445.08,Repeat
C05562,5,7789.07,Repeat
C05563,2,7066.639999999999,Repeat
C05564,6,10409.2,Repeat
C05565,3,2540.2,Repeat
C05566,4,4776.63,Repeat
C05567,1,1005.19,New
C05568,3,3523.54,Repeat
C05569,6,6275.46,Repeat
C05570,8,12514.51,Repeat
C05571,1,774.7,New
C05572,6,7064.5599999999995,Repeat
C05573,6,7188.4,Repeat
C05574,2,1655.32,Repeat
C05575,3,3036.3,Repeat
C05576,3,4381.19,Repeat
C05577,4,6275.2699999999995,Repeat
C05578,5,6027.52,Repeat
C05579,6,11092.939999999999,Repeat
C05580,2,2658.81,Repeat
C05581,7,10574.779999999999,Repeat
C05582,2,3138.7200000000003,Repeat
C05583,3,6610.86,Repeat
C05584,3,3453.11,Repeat
C05585,5,6929.04,Repeat
C05586,5,6919.34,Repeat
C05587,4,6359.929999999999,Repeat
C05588,5,9492.19,Repeat
C05589,7,9129.07,Repeat
C05590,1,958.3,New
C05591,5,12327.9,Repeat
C05592,4,7420.29,Repeat
C05593,7,12779.98,Repeat
C05594,4,4529.26,Repeat
C05595,2,2835.55,Repeat
C05597,6,6436.86,Repeat
C05598,4,6754.88,Repeat
C05599,4,6172.79,Repeat
C05600,6,7633.59,Repeat
C05601,3,3506.63,Repeat
C05602,1,3085.26,New
C05603,3,4162.96,Repeat
C05604,5,6874.5599999999995,Repeat
C05605,2,1815.71,Repeat
C05606,3,3664.7599999999998,Repeat
C05607,4,5641.07,Repeat
C05608,1,1564.87,New
C05609,3,5185.87,Repeat
C05610,7,8229.359999999999,Repeat
C05611,6,9418.08,Repeat
C05612,1,1805.64,New
C05613,8,16949.6,Repeat
C05614,6,9959.84,Repeat
C05615,3,4011.2799999999997,Repeat
C05616,5,9753.880000000001,Repeat
C05617,2,2632.2799999999997,Repeat
C05618,5,6965.72,Repeat
C05619,3,4691.29,Repeat
C05620,1,670.69,New
C05621,2,2078.1400000000003,Repeat
C05622,4,5770.9800000000005,Repeat
C05624,3,4110.4,Repeat
C05625,6,7511.87,Repeat
C05626,2,2216.6,Repeat
C05627,3,4455.9,Repeat
C05628,2,2993.69,Repeat
C05629,6,7910.48,Repeat
C05630,1,1142.66,New
C05632,1,1141.26,New
C05633,3,3840.02,Repeat
C05634,4,4673.3,Repeat
C05635,8,10547.77,Repeat
C05636,3,5117.99,Repeat
C05637,3,5016.43,Repeat
C05638,5,5664.48,Repeat
C05639,5,8288.7,Repeat
C05640,3,6379.18,Repeat
C05641,7,10631.199999999999,Repeat
C05642,3,4002.9300000000003,Repeat
C05643,4,5805.46,Repeat
C05644,4,5668.52,Repeat
C05645,3,3496.77,Repeat
C05646,4,8698.72,Repeat
C05647,4,8427.9,Repeat
C05648,7,16098.46,Repeat
C05649,7,9284.89,Repeat
C05650,2,2803.62,Repeat
C05651,2,4009.5299999999997,Repeat
C05652,4,7117.94,Repeat
C05653,6,6694.1,Repeat
C05654,7,12107.130000000001,Repeat
C05655,4,4415.95,Repeat
C05656,5,9767.42,Repeat
C05657,8,11159.18,Repeat
C05658,6,9939.199999999999,Repeat
C05659,6,10815.289999999999,Repeat
C05660,2,2237.79,Repeat
C05661,1,1852.43,New
C05662,4,9677.65,Repeat
C05663,5,7126.53,Repeat
C05664,2,2384.31,Repeat
C05665,3,4029.6499999999996,Repeat
C05666,5,4475.62,Repeat
C05667,4,5004.9,Repeat
C05668,5,4873.45,Repeat
C05669,2,2310.7,Repeat
C05670,2,4425.549999999999,Repeat
C05671,2,3888.25,Repeat
C05672,3,3487.08,Repeat
C05673,3,3745.1,Repeat
C05674,3,4184.620000000001,Repeat
C05675,4,5158.3099999999995,Repeat
C05676,3,4039.3100000000004,Repeat
C05677,4,9439.81,Repeat
C05678,3,5281.299999999999,Repeat
C05679,9,11300.84,Repeat
C05680,3,3334.29,Repeat
C05681,4,6306.74,Repeat
C05682,4,6075.85,Repeat
C05683,2,1970.35,Repeat
C05684,3,4899.18,Repeat
C05685,3,2958.3,Repeat
C05686,3,6931.620000000001,Repeat
C05687,4,4763.86,Repeat
C05688,3,3496.71,Repeat
C05689,8,11734.48,Repeat
C05690,5,8681.44,Repeat
C05691,4,6158.8,Repeat
C05692,4,5125.98,Repeat
C05693,3,5908.38,Repeat
C05694,8,9757.65,Repeat
C05695,8,10122.689999999999,Repeat
C05696,5,9329.05,Repeat
C05697,5,10855.46,Repeat
C05698,4,4326.3,Repeat
C05699,2,4890.82,Repeat
C05700,4,6746.610000000001,Repeat
C05701,2,1849.21,Repeat
C05702,2,4151.030000000001,Repeat
C05703,6,7579.139999999999,Repeat
C05704,2,2376.33,Repeat
C05706,1,1656.05,New
C05707,2,3106.5,Repeat
C05708,1,2398.84,New
C05709,1,745.21,New
C05710,4,4658.74,Repeat
C05711,3,3767.84,Repeat
C05712,3,3942.41,Repeat
C05713,5,6751.61,Repeat
C05714,4,4651.39,Repeat
C05715,5,5994.44,Repeat
C05716,5,9079.39,Repeat
C05717,2,1816.12,Repeat
C05718,6,8182.69,Repeat
C05719,1,897.18,New
C05720,1,849.96,New
C05721,6,9582.869999999999,Repeat
C05722,4,6789.58,Repeat
C05723,3,4207.77,Repeat
C05724,3,4038.87,Repeat
C05725,6,8472.49,Repeat
C05726,5,6328.33,Repeat
C05727,7,8412.93,Repeat
C05728,3,2708.05,Repeat
C05729,3,5505.7,Repeat
C05730,5,5910.94,Repeat
C05731,6,16550.79,Repeat
C05732,2,4104.87,Repeat
C05733,4,5349.37,Repeat
C05734,5,6624.25,Repeat
C05735,6,9943.599999999999,Repeat
C05736,3,3663.5499999999997,Repeat
C05737,3,4965.24,Repeat
C05738,5,9062.73,Repeat
C05739,7,10406.91,Repeat
C05740,5,9310.2,Repeat
C05741,4,7167.94,Repeat
C05742,3,3287.37,Repeat
C05743,3,4993.46,Repeat
C05745,3,3751.86,Repeat
C05746,2,2505.13,Repeat
C05747,2,2424.9300000000003,Repeat
C05748,4,5298.049999999999,Repeat
C05749,1,2099.1,New
C05750,6,9267.140000000001,Repeat
C05751,1,3323.73,New
C05752,2,4681.26,Repeat
C05753,3,3974.09,Repeat
C05754,4,6434.16,Repeat
C05755,3,3768.46,Repeat
C05756,6,7503.05,Repeat
C05757,4,6804.93,Repeat
C05758,3,3458.42,Repeat
C05759,1,1141.26,New
C05760,4,7300.97,Repeat
C05761,6,13757.94,Repeat
C05762,4,5848.18,Repeat
C05763,3,5388.39,Repeat
C05764,6,11628.310000000001,Repeat
C05765,3,3387.87,Repeat
C05766,5,6364.37,Repeat
C05767,2,2576.91,Repeat
C05768,2,2192.61,Repeat
C05769,4,4644.79,Repeat
C05770,5,4982.1,Repeat
C05771,5,6807.04,Repeat
C05772,3,7060.76,Repeat
C05773,8,11239.75,Repeat
C05774,5,8020.889999999999,Repeat
C05775,5,8910.25,Repeat
C05776,5,5370.860000000001,Repeat
C05777,4,5801.01,Repeat
C05778,3,13198.779999999999,Repeat
C05779,8,11057.35,Repeat
C05780,2,2602.7,Repeat
C05781,5,7485.15,Repeat
C05782,3,4190.93,Repeat
C05783,6,9243.22,Repeat
C05784,5,4390.86,Repeat
C05785,5,8020.1900000000005,Repeat
C05786,4,6759.4,Repeat
C05787,6,8825.0,Repeat
C05788,6,7017.51,Repeat
C05789,3,3876.8999999999996,Repeat
C05790,4,5157.37,Repeat
C05791,4,8320.869999999999,Repeat
C05792,2,2220.75,Repeat
C05793,3,5017.3,Repeat
C05794,5,5784.26,Repeat
C05795,4,5981.85,Repeat
C05796,6,8787.31,Repeat
C05797,3,5136.49,Repeat
C05798,3,3404.38,Repeat
C05799,3,3378.56,Repeat
C05800,4,6464.1,Repeat
C05801,5,6595.69,Repeat
C05802,6,12420.73,Repeat
C05803,3,4717.88,Repeat
C05804,5,6317.62,Repeat
C05805,4,7417.59,Repeat
C05806,1,1687.08,New
C05807,2,4507.82,Repeat
C05808,7,9841.630000000001,Repeat
C05809,5,7289.21,Repeat
C05810,1,942.91,New
C05811,4,4794.05,Repeat
C05812,5,6819.54,Repeat
C05813,2,1643.3400000000001,Repeat
C05814,4,4375.33,Repeat
C05815,3,3527.08,Repeat
C05816,6,11046.22,Repeat
C05817,5,11373.699999999999,Repeat
C05818,4,6551.77,Repeat
C05819,4,9366.470000000001,Repeat
C05820,7,10781.72,Repeat
C05821,5,9666.95,Repeat
C05822,4,4378.33,Repeat
C05823,4,6797.99,Repeat
C05824,3,7178.3099999999995,Repeat
C05825,4,6653.92,Repeat
C05826,4,7264.86,Repeat
C05827,6,13768.21,Repeat
C05828,2,2756.81,Repeat
C05829,4,5338.88,Repeat
C05830,6,6061.73,Repeat
C05831,4,9138.19,Repeat
C05832,7,9180.86,Repeat
C05833,2,2755.55,Repeat
C05834,4,4916.82,Repeat
C05835,5,9177.25,Repeat
C05836,5,6808.96,Repeat
C05837,4,7732.18,Repeat
C05838,3,7082.65,Repeat
C05839,5,7097.15,Repeat
C05840,3,3763.12,Repeat
C05841,6,8363.21,Repeat
C05842,4,5487.8099999999995,Repeat
C05843,4,5743.82,Repeat
C05844,3,4087.9799999999996,Repeat
C05846,5,10583.8,Repeat
C05847,2,2557.33,Repeat
C05848,5,6453.15,Repeat
C05849,4,7462.33,Repeat
C05850,9,17927.79,Repeat
C05851,1,1155.82,New
C05852,4,5636.3099999999995,Repeat
C05853,4,9796.32,Repeat
C05854,2,2259.44,Repeat
C05855,3,7073.41,Repeat
C05856,2,2793.74,Repeat
C05857,5,7370.7300000000005,Repeat
C05858,3,6101.27,Repeat
C05859,5,6883.610000000001,Repeat
C05860,4,3952.41,Repeat
C05861,1,1309.25,New
C05862,9,10927.18,Repeat
C05863,3,7184.369999999999,Repeat
C05864,1,595.97,New
C05865,8,12050.52,Repeat
C05866,3,4360.97,Repeat
C05867,1,1852.43,New
C05868,4,3738.5899999999997,Repeat
C05869,5,5851.23,Repeat
C05870,2,2156.3999999999996,Repeat
C05871,6,7511.17,Repeat
C05872,1,1900.67,New
C05873,4,6620.95,Repeat
C05874,2,2301.12,Repeat
C05875,6,8499.39,Repeat
C05876,5,5617.66,Repeat
C05877,2,1815.71,Repeat
C05878,3,3442.83,Repeat
C05879,7,11317.03,Repeat
C05880,2,5070.96,Repeat
C05881,7,12054.42,Repeat
C05882,4,10053.95,Repeat
C05883,5,6371.05,Repeat
C05884,4,6969.6900000000005,Repeat
C05885,2,3384.71,Repeat
C05886,1,1360.07,New
C05887,8,11281.8,Repeat
C05889,2,3532.88,Repeat
C05890,2,2792.34,Repeat
C05891,6,7778.36,Repeat
C05892,7,15373.69,Repeat
C05893,4,4915.03,Repeat
C05894,8,11718.98,Repeat
C05895,3,6146.97,Repeat
C05896,1,759.19,New
C05897,5,9141.81,Repeat
C05898,4,5406.45,Repeat
C05899,6,7560.889999999999,Repeat
C05900,4,5794.59,Repeat
C05902,3,4577.5599999999995,Repeat
C05903,3,3520.46,Repeat
C05904,1,1574.4,New
C05905,3,3710.8999999999996,Repeat
C05906,4,8093.29,Repeat
C05907,4,7074.45,Repeat
C05908,4,7219.32,Repeat
C05909,2,4491.61,Repeat
C05910,5,7868.83,Repeat
C05912,2,1628.84,Repeat
C05913,5,8423.34,Repeat
C05914,3,4019.12,Repeat
C05915,1,1207.88,New
C05916,2,5433.18,Repeat
C05917,5,5944.32,Repeat
C05918,3,3480.79,Repeat
C05919,4,6915.51,Repeat
C05920,6,8367.18,Repeat
C05921,6,9084.8,Repeat
C05922,5,6540.799999999999,Repeat
C05923,1,1269.62,New
C05924,4,4782.780000000001,Repeat
C05925,4,5206.25,Repeat
C05926,7,11376.59,Repeat
C05927,4,5273.21,Repeat
C05928,4,3912.04,Repeat
C05929,4,4496.16,Repeat
C05930,6,10116.81,Repeat
C05931,1,1201.33,New
C05932,4,6455.88,Repeat
C05933,9,16173.100000000002,Repeat
C05934,10,13132.449999999999,Repeat
C05935,7,9806.99,Repeat
C05936,3,3563.84,Repeat
C05937,1,1067.08,New
C05938,2,2396.6,Repeat
C05939,6,7906.54,Repeat
C05940,4,6591.5,Repeat
C05941,3,3441.87,Repeat
C05942,3,3983.31,Repeat
C05943,2,2653.79,Repeat
C05944,3,6278.96,Repeat
C05945,2,2105.27,Repeat
C05946,5,6689.64,Repeat
C05947,2,2114.3599999999997,Repeat
C05948,5,6533.54,Repeat
C05949,1,843.54,New
C05950,6,6761.78,Repeat
C05951,3,6619.76,Repeat
C05952,4,5954.2,Repeat
C05953,2,3544.85,Repeat
C05954,3,8130.150000000001,Repeat
C05955,2,3410.91,Repeat
C05956,3,5344.23,Repeat
C05957,6,7014.47,Repeat
C05958,3,3318.5699999999997,Repeat
C05959,2,2368.37,Repeat
C05960,5,8088.16,Repeat
C05961,3,3988.35,Repeat
C05962,5,8105.89,Repeat
C05963,1,1497.05,New
C05964,2,4145.59,Repeat
C05965,4,5794.67,Repeat
C05966,1,3308.46,New
C05967,4,6382.99,Repeat
C05968,9,12729.369999999999,Repeat
C05969,3,3852.12,Repeat
C05970,3,3421.94,Repeat
C05971,4,6259.85,Repeat
C05972,6,7486.19,Repeat
C05973,4,5579.64,Repeat
C05974,3,3459.08,Repeat
C05975,1,834.78,New
C05976,6,6926.78,Repeat
C05977,3,5806.27,Repeat
C05978,3,6024.5599999999995,Repeat
C05979,8,16935.47,Repeat
C05980,2,3410.33,Repeat
C05981,3,4889.77,Repeat
C05982,2,2152.04,Repeat
C05983,2,2149.08,Repeat
C05984,2,3149.4300000000003,Repeat
C05985,4,6657.4,Repeat
C05986,1,1490.45,New
C05987,7,8574.77,Repeat
C05988,4,4670.53,Repeat
C05989,2,4723.19,Repeat
C05990,5,6613.25,Repeat
C05991,3,6552.23,Repeat
C05992,2,5230.78,Repeat
C05993,4,7286.280000000001,Repeat
C05994,8,12276.060000000001,Repeat
C05995,2,4151.030000000001,Repeat
C05997,3,5506.099999999999,Repeat
C05998,2,2351.33,Repeat
C05999,3,4308.09,Repeat
C06000,4,4372.25,Repeat
C06001,1,1220.04,New
C06002,4,9705.58,Repeat
C06003,3,4379.72,Repeat
C06004,2,4905.93,Repeat
C06005,6,11195.939999999999,Repeat
C06006,2,3291.84,Repeat
C06007,4,10152.66,Repeat
C06008,5,7403.049999999999,Repeat
C06009,5,7151.83,Repeat
C06010,1,1198.3,New
C06011,1,701.14,New
C06012,3,4197.51,Repeat
C06013,3,8001.16,Repeat
C06014,5,8380.14,Repeat
C06015,1,1135.23,New
C06016,2,4256.64,Repeat
C06017,2,2515.24,Repeat
C06018,4,6093.55,Repeat
C06019,5,6080.71,Repeat
C06020,7,9441.18,Repeat
C06021,4,4905.56,Repeat
C06022,4,4854.32,Repeat
C06023,6,9882.59,Repeat
C06024,5,6057.21,Repeat
C06025,1,3063.01,New
C06026,1,1411.09,New
C06027,8,12864.77,Repeat
C06028,3,3512.26,Repeat
C06029,5,5241.85,Repeat
C06030,5,6594.9,Repeat
C06031,5,11427.69,Repeat
C06032,8,14820.01,Repeat
C06033,2,2340.59,Repeat
C06034,8,9645.47,Repeat
C06035,3,4351.4,Repeat
C06036,4,5139.19,Repeat
C06037,3,3732.6400000000003,Repeat
C06038,3,4664.3099999999995,Repeat
C06039,1,1485.36,New
C06040,3,8230.13,Repeat
C06041,1,1822.28,New
C06042,6,7551.0599999999995,Repeat
C06043,2,3457.45,Repeat
C06044,10,15614.02,Repeat
C06045,3,5394.41,Repeat
C06046,4,3749.49,Repeat
C06047,6,7093.7,Repeat
C06048,5,12747.27,Repeat
C06049,4,5561.74,Repeat
C06050,6,7189.35,Repeat
C06051,7,8331.42,Repeat
C06052,8,11774.67,Repeat
C06053,5,6876.219999999999,Repeat
C06054,6,10298.66,Repeat
C06055,6,8028.5199999999995,Repeat
C06056,5,8345.75,Repeat
C06057,2,1906.24,Repeat
C06058,3,4234.4400000000005,Repeat
C06059,3,3602.2,Repeat
C06060,2,4884.76,Repeat
C06061,7,12894.68,Repeat
C06062,6,11723.21,Repeat
C06063,2,2096.1499999999996,Repeat
C06064,4,5628.99,Repeat
C06065,3,7380.92,Repeat
C06066,7,9695.31,Repeat
C06067,1,1262.55,New
C06068,2,3382.31,Repeat
C06069,6,9564.9,Repeat
C06070,4,7747.570000000001,Repeat
C06071,6,12540.69,Repeat
C06072,1,1623.82,New
C06073,4,5859.35,Repeat
C06074,1,2166.84,New
C06075,3,3277.38,Repeat
C06076,2,3735.64,Repeat
C06077,6,10994.87,Repeat
C06078,2,3370.51,Repeat
C06079,3,5470.46,Repeat
C06080,6,10743.39,Repeat
C06081,4,6422.59,Repeat
C06082,5,8258.48,Repeat
C06083,2,3749.32,Repeat
C06084,3,4372.75,Repeat
C06085,4,5822.110000000001,Repeat
C06086,1,1450.9,New
C06087,2,2170.0299999999997,Repeat
C06088,4,6385.79,Repeat
C06089,2,1750.69,Repeat
C06090,2,4016.17,Repeat
C06091,7,9497.6,Repeat
C06092,1,1900.67,New
C06093,6,10997.48,Repeat
C06094,4,6392.1,Repeat
C06095,4,4183.45,Repeat
C06096,5,7737.67,Repeat
C06097,2,3267.63,Repeat
C06098,5,7285.129999999999,Repeat
C06099,3,4764.99,Repeat
C06100,5,5687.929999999999,Repeat
C06101,6,9980.4,Repeat
C06102,5,4773.4,Repeat
C06103,3,4869.42,Repeat
C06104,3,6508.55,Repeat
C06105,3,4353.4,Repeat
C06106,3,6512.18,Repeat
C06107,5,8197.77,Repeat
C06108,4,6967.66,Repeat
C06109,2,2219.86,Repeat
C06110,5,7790.35,Repeat
C06111,2,2078.1400000000003,Repeat
C06112,7,8057.85,Repeat
C06113,2,3668.09,Repeat
C06114,5,6105.41,Repeat
C06115,3,3812.4799999999996,Repeat
C06116,4,5211.59,Repeat
C06117,1,3063.01,New
C06118,2,4105.95,Repeat
C06119,2,2222.8999999999996,Repeat
C06120,7,11037.8,Repeat
C06121,7,9519.72,Repeat
C06122,3,5784.57,Repeat
C06123,5,7753.01,Repeat
C06124,5,8398.81,Repeat
C06125,4,5312.29,Repeat
C06126,3,3664.09,Repeat
C06127,2,2117.39,Repeat
C06128,5,6181.129999999999,Repeat
C06129,3,4141.08,Repeat
C06130,1,2994.1,New
C06131,2,4433.46,Repeat
C06132,3,3127.34,Repeat
C06133,1,701.14,New
C06134,6,10315.49,Repeat
C06135,2,2320.98,Repeat
C06136,1,2023.08,New
C06137,4,4938.07,Repeat
C06138,5,8081.02,Repeat
C06140,3,6574.46,Repeat
C06141,2,2415.24,Repeat
C06142,4,7544.26,Repeat
C06143,4,5908.2,Repeat
C06144,1,1575.84,New
C06145,1,860.78,New
C06146,4,6043.4,Repeat
C06147,4,7346.03,Repeat
C06148,4,6404.2,Repeat
C06149,4,6190.66,Repeat
C06150,7,11618.78,Repeat
C06151,4,10821.82,Repeat
C06152,5,7502.049999999999,Repeat
C06153,3,4158.59,Repeat
C06154,4,5415.75,Repeat
C06155,5,9053.24,Repeat
C06156,5,7200.64,Repeat
C06157,5,6355.5199999999995,Repeat
C06158,1,670.69,New
C06159,2,5268.95,Repeat
C06160,4,6469.1900000000005,Repeat
C06161,4,6181.96,Repeat
C06162,2,2205.73,Repeat
C06163,6,8171.35,Repeat
C06164,3,3785.73,Repeat
C06165,2,3641.13,Repeat
C06166,1,1451.64,New
C06167,1,1047.68,New
C06168,2,1704.32,Repeat
C06169,3,3795.55,Repeat
C06170,7,9915.2,Repeat
C06171,3,3410.67,Repeat
C06172,3,4423.98,Repeat
C06173,4,4597.46,Repeat
C06174,5,7688.450000000001,Repeat
C06175,6,7213.01,Repeat
C06176,1,1511.76,New
C06177,1,1822.28,New
C06178,2,3075.26,Repeat
C06179,3,4148.45,Repeat
C06180,3,3457.7,Repeat
C06181,3,3183.88,Repeat
C06182,4,6874.15,Repeat
C06183,6,9434.04,Repeat
C06184,5,6329.28,Repeat
C06185,1,1332.17,New
C06186,2,3505.76,Repeat
C06187,1,2448.13,New
C06188,1,1731.17,New
C06189,5,10639.7,Repeat
C06190,3,4615.3099999999995,Repeat
C06191,4,7735.719999999999,Repeat
C06192,5,5537.53,Repeat
C06193,1,1485.36,New
C06194,6,12052.58,Repeat
C06195,4,4287.18,Repeat
C06196,7,11696.2,Repeat
C06197,3,5588.18,Repeat
C06198,4,6397.6900000000005,Repeat
C06199,2,3892.99,Repeat
C06200,5,5636.610000000001,Repeat
C06201,5,7068.85,Repeat
C06202,4,7154.5,Repeat
C06203,2,2037.25,Repeat
C06204,3,4104.52,Repeat
C06205,4,9250.94,Repeat
C06206,5,5848.04,Repeat
C06207,1,2448.13,New
C06208,4,5264.09,Repeat
C06209,3,6001.75,Repeat
C06210,3,4077.9700000000003,Repeat
C06211,8,11122.07,Repeat
C06213,6,10409.51,Repeat
C06214,1,897.18,New
C06215,6,9196.58,Repeat
C06216,4,5610.42,Repeat
C06217,6,7903.92,Repeat
C06218,2,3919.9,Repeat
C06219,3,5041.64,Repeat
C06220,5,8462.63,Repeat
C06221,6,9846.16,Repeat
C06222,1,1271.45,New
C06223,6,9601.5,Repeat
C06224,5,9569.76,Repeat
C06225,1,1909.86,New
C06226,4,4040.8199999999997,Repeat
C06227,4,5799.32,Repeat
C06228,6,11019.57,Repeat
C06229,1,1102.82,New
C06230,6,11760.16,Repeat
C06231,2,2706.13,Repeat
C06232,3,3375.2000000000003,Repeat
C06234,5,9876.33,Repeat
C06235,3,4597.51,Repeat
C06236,2,2946.1099999999997,Repeat
C06237,2,2684.96,Repeat
C06238,3,4393.63,Repeat
C06239,5,6830.18,Repeat
C06240,5,5032.74,Repeat
C06241,5,6353.07,Repeat
C06242,2,5433.55,Repeat
C06243,4,5243.0599999999995,Repeat
C06244,8,13004.52,Repeat
C06245,4,7498.67,Repeat
C06246,3,3733.47,Repeat
C06247,3,3358.7,Repeat
C06248,4,5642.47,Repeat
C06249,3,3141.66,Repeat
C06250,2,5871.13,Repeat
C06251,3,3557.24,Repeat
C06252,3,4035.55,Repeat
C06253,2,3230.87,Repeat
C06255,2,5098.21,Repeat
C06256,5,6946.469999999999,Repeat
C06257,2,2810.73,Repeat
C06258,3,3729.6499999999996,Repeat
C06259,5,9332.880000000001,Repeat
C06260,7,8489.130000000001,Repeat
C06261,2,3527.93,Repeat
C06262,3,2912.95,Repeat
C06264,2,2555.69,Repeat
C06265,2,2418.55,Repeat
C06266,2,2253.0,Repeat
C06268,4,5487.21,Repeat
C06269,7,8458.29,Repeat
C06270,6,8799.45,Repeat
C06271,2,2473.71,Repeat
C06272,3,4478.87,Repeat
C06273,5,6776.53,Repeat
C06274,4,4954.2,Repeat
C06275,3,6373.15,Repeat
C06276,5,4662.48,Repeat
C06277,5,6072.34,Repeat
C06279,2,1858.1399999999999,Repeat
C06280,3,3937.54,Repeat
C06281,8,9630.27,Repeat
C06282,10,14200.43,Repeat
C06283,9,14582.55,Repeat
C06284,5,7817.68,Repeat
C06285,3,3170.6400000000003,Repeat
C06286,2,4565.15,Repeat
C06287,3,3821.23,Repeat
C06288,7,7215.7300000000005,Repeat
C06289,3,4026.3599999999997,Repeat
C06290,7,11875.16,Repeat
C06291,4,6850.28,Repeat
C06292,3,4094.97,Repeat
C06293,4,7622.83,Repeat
C06294,1,897.18,New
C06295,5,6411.17,Repeat
C06296,4,4320.04,Repeat
C06297,3,3918.44,Repeat
C06298,5,5588.07,Repeat
C06299,7,7630.97,Repeat
C06300,3,4161.15,Repeat
C06301,2,3391.12,Repeat
C06302,2,2753.37,Repeat
C06303,4,4370.54,Repeat
C06304,6,8305.41,Repeat
C06305,8,14082.89,Repeat
C06306,4,4255.28,Repeat
C06307,1,1360.07,New
C06308,4,5486.92,Repeat
C06309,5,5875.78,Repeat
C06310,2,2827.43,Repeat
C06311,5,8330.119999999999,Repeat
C06312,4,5584.16,Repeat
C06313,4,7730.84,Repeat
C06314,2,4374.52,Repeat
C06315,2,4359.44,Repeat
C06316,3,9417.26,Repeat
C06317,2,2355.3,Repeat
C06318,6,8405.83,Repeat
C06319,1,1532.28,New
C06320,5,8046.17,Repeat
C06321,9,12358.369999999999,Repeat
C06322,5,6255.37,Repeat
C06323,2,3106.8100000000004,Repeat
C06324,4,6710.42,Repeat
C06325,6,10067.029999999999,Repeat
C06326,6,9154.75,Repeat
C06327,6,10029.69,Repeat
C06328,3,3555.85,Repeat
C06329,8,8913.29,Repeat
C06330,1,1292.07,New
C06331,2,2068.44,Repeat
C06332,6,7340.06,Repeat
C06333,5,8438.83,Repeat
C06334,5,10310.64,Repeat
C06335,1,1822.28,New
C06336,4,7059.48,Repeat
C06337,2,3365.33,Repeat
C06338,4,6917.97,Repeat
C06339,3,4696.5,Repeat
C06340,2,3969.43,Repeat
C06341,2,2622.8,Repeat
C06342,5,7629.16,Repeat
C06343,3,3673.63,Repeat
C06344,4,7840.129999999999,Repeat
C06345,1,2539.24,New
C06347,6,13710.84,Repeat
C06349,6,9465.26,Repeat
C06350,4,6710.13,Repeat
C06351,1,1047.68,New
C06352,3,5592.04,Repeat
C06353,5,6548.32,Repeat
C06354,4,7647.15,Repeat
C06355,4,5128.9,Repeat
C06356,1,942.91,New
C06357,3,5518.37,Repeat
C06358,4,4417.9,Repeat
C06359,6,6580.12,Repeat
C06360,4,6758.19,Repeat
C06361,5,7571.77,Repeat
C06362,1,1575.84,New
C06363,2,3598.01,Repeat
C06364,2,4317.83,Repeat
C06365,3,3243.62,Repeat
C06366,6,8075.95,Repeat
C06367,3,3023.3900000000003,Repeat
C06368,3,3751.01,Repeat
C06369,3,3867.62,Repeat
C06370,5,6195.86,Repeat
C06372,8,13186.33,Repeat
C06373,4,5590.45,Repeat
C06374,7,15367.460000000001,Repeat
C06375,3,5368.49,Repeat
C06376,2,4748.02,Repeat
C06377,1,1794.36,New
C06378,3,6051.49,Repeat
C06379,3,5741.3099999999995,Repeat
C06380,6,8161.41,Repeat
C06381,3,3985.4300000000003,Repeat
C06382,2,4901.01,Repeat
C06383,3,2835.12,Repeat
C06384,4,6453.049999999999,Repeat
C06386,2,2629.96,Repeat
C06387,8,9495.82,Repeat
C06389,7,11726.52,Repeat
C06390,2,2424.94,Repeat
C06391,6,7968.58,Repeat
C06392,2,1881.49,Repeat
C06393,2,2659.29,Repeat
C06394,3,4235.33,Repeat
C06395,4,7049.0599999999995,Repeat
C06396,4,5588.79,Repeat
C06397,2,2553.41,Repeat
C06398,2,3268.17,Repeat
C06399,4,7899.4,Repeat
C06401,4,6375.2,Repeat
C06402,5,8743.84,Repeat
C06403,3,6670.26,Repeat
C06404,3,2516.8,Repeat
C06405,3,3058.0699999999997,Repeat
C06406,6,7768.389999999999,Repeat
C06407,1,1261.37,New
C06408,3,4849.29,Repeat
C06409,2,4658.95,Repeat
C06410,3,2646.37,Repeat
C06411,3,4088.71,Repeat
C06412,2,8480.89,Repeat
C06413,5,9965.52,Repeat
C06414,6,7430.13,Repeat
C06415,5,7666.2,Repeat
C06416,3,5411.14,Repeat
C06417,5,4609.55,Repeat
C06418,4,6273.13,Repeat
C06419,3,3088.6899999999996,Repeat
C06420,2,2286.87,Repeat
C06421,5,7337.16,Repeat
C06422,2,3000.12,Repeat
C06423,8,9086.49,Repeat
C06424,5,7580.2,Repeat
C06425,5,7181.37,Repeat
C06426,2,2145.73,Repeat
C06427,3,4659.19,Repeat
C06428,7,12079.71,Repeat
C06429,6,6755.09,Repeat
C06430,7,10292.34,Repeat
C06431,6,9186.25,Repeat
C06432,3,3640.69,Repeat
C06433,2,4577.84,Repeat
C06434,6,9609.14,Repeat
C06435,6,9870.98,Repeat
C06436,1,1346.89,New
C06437,3,2930.62,Repeat
C06438,5,9519.11,Repeat
C06439,6,11130.67,Repeat
C06440,3,2816.8199999999997,Repeat
C06442,4,6357.6900000000005,Repeat
C06443,4,4199.9,Repeat
C06444,3,5610.82,Repeat
C06445,5,4939.97,Repeat
C06446,3,3079.67,Repeat
C06447,4,4418.67,Repeat
C06448,1,1531.5,New
C06449,2,2237.79,Repeat
C06450,3,3116.77,Repeat
C06451,3,3312.77,Repeat
C06452,1,1199.42,New
C06453,1,1140.44,New
C06454,4,8877.18,Repeat
C06455,3,3940.31,Repeat
C06456,1,1497.05,New
C06457,4,4284.78,Repeat
C06458,3,3902.59,Repeat
C06459,8,11521.02,Repeat
C06460,5,7528.43,Repeat
C06461,5,5822.28,Repeat
C06462,6,9018.26,Repeat
C06463,2,2746.99,Repeat
C06464,10,14726.4,Repeat
C06465,3,4116.88,Repeat
C06466,4,5018.08,Repeat
C06467,8,12064.21,Repeat
C06468,6,8009.469999999999,Repeat
C06469,3,8280.76,Repeat
C06470,2,3251.1800000000003,Repeat
C06471,5,8064.75,Repeat
C06472,3,6492.349999999999,Repeat
C06473,7,11270.72,Repeat
C06474,7,9959.56,Repeat
C06475,7,11863.97,Repeat
C06476,5,11887.89,Repeat
C06477,2,3983.41,Repeat
C06478,4,4439.49,Repeat
C06479,7,11396.93,Repeat
C06480,4,6839.79,Repeat
C06481,2,1415.89,Repeat
C06482,3,2682.15,Repeat
C06483,5,6372.38,Repeat
C06484,4,8954.99,Repeat
C06485,3,2711.67,Repeat
C06486,5,6750.83,Repeat
C06487,1,1079.18,New
C06488,5,8015.21,Repeat
C06489,3,5794.4400000000005,Repeat
C06490,8,11110.94,Repeat
C06491,5,6473.62,Repeat
C06492,4,6579.709999999999,Repeat
C06493,7,7675.679999999999,Repeat
C06494,5,7705.04,Repeat
C06495,4,5212.969999999999,Repeat
C06496,3,6746.110000000001,Repeat
C06497,3,5279.1,Repeat
C06498,3,4883.6,Repeat
C06499,3,4236.200000000001,Repeat
C06500,4,6738.11,Repeat
C06501,2,2873.64,Repeat
C06502,3,3453.76,Repeat
C06503,5,5610.05,Repeat
C06504,5,6935.16,Repeat
C06505,3,5086.51,Repeat
C06506,3,4515.37,Repeat
C06507,4,9960.55,Repeat
C06508,5,9354.039999999999,Repeat
C06509,4,8030.88,Repeat
C06510,4,5021.66,Repeat
C06511,3,4905.2,Repeat
C06512,2,5850.2,Repeat
C06513,4,6335.83,Repeat
C06514,4,5471.76,Repeat
C06515,3,4252.26,Repeat
C06516,4,4679.77,Repeat
C06517,2,2119.4,Repeat
C06518,3,7065.48,Repeat
C06519,4,4969.95,Repeat
C06520,5,8065.74,Repeat
C06521,6,8662.880000000001,Repeat
C06522,2,2769.6099999999997,Repeat
C06523,5,8738.97,Repeat
C06524,1,1064.78,New
C06525,2,2021.74,Repeat
C06526,7,8336.119999999999,Repeat
C06527,6,8288.83,Repeat
C06528,4,5413.51,Repeat
C06529,3,3131.2799999999997,Repeat
C06530,4,4966.96,Repeat
C06531,3,5005.09,Repeat
C06532,3,4021.3199999999997,Repeat
C06534,3,2648.53,Repeat
C06535,2,3484.14,Repeat
C06536,6,12638.04,Repeat
C06537,2,2553.23,Repeat
C06538,5,10557.99,Repeat
C06539,2,2555.7,Repeat
C06540,4,7168.9400000000005,Repeat
C06541,6,7410.969999999999,Repeat
C06542,3,4098.139999999999,Repeat
C06543,4,5904.1900000000005,Repeat
C06544,2,3472.46,Repeat
C06545,5,7436.68,Repeat
C06546,5,7581.049999999999,Repeat
C06547,4,6635.700000000001,Repeat
C06548,5,10992.03,Repeat
C06549,5,6124.17,Repeat
C06550,4,4614.95,Repeat
C06551,8,8610.06,Repeat
C06552,5,7175.77,Repeat
C06553,2,2726.3900000000003,Repeat
C06554,9,12869.24,Repeat
C06555,3,4167.43,Repeat
C06556,6,9378.869999999999,Repeat
C06557,3,3482.86,Repeat
C06558,5,7373.09,Repeat
C06559,4,5528.09,Repeat
C06560,3,5727.36,Repeat
C06561,3,3439.01,Repeat
C06562,3,3572.8500000000004,Repeat
C06563,3,3663.75,Repeat
C06564,3,4711.38,Repeat
C06565,2,2780.71,Repeat
C06566,6,11156.26,Repeat
C06567,1,2815.29,New
C06568,4,5396.12,Repeat
C06569,6,8687.29,Repeat
C06570,2,3257.28,Repeat
C06571,2,2573.5299999999997,Repeat
C06572,3,6240.52,Repeat
C06573,3,6074.120000000001,Repeat
C06574,8,11925.49,Repeat
C06575,1,1262.55,New
C06576,3,8191.27,Repeat
C06578,2,2822.3900000000003,Repeat
C06579,2,2044.87,Repeat
C06580,1,1738.75,New
C06581,3,5020.1,Repeat
C06582,4,5617.1900000000005,Repeat
C06583,6,9437.28,Repeat
C06584,7,9605.93,Repeat
C06585,2,4416.51,Repeat
C06586,9,16050.939999999999,Repeat
C06587,4,4292.15,Repeat
C06588,4,7181.49,Repeat
C06589,8,12172.47,Repeat
C06590,4,4761.8,Repeat
C06591,3,4548.8,Repeat
C06592,3,7470.62,Repeat
C06593,5,5868.08,Repeat
C06594,2,3068.19,Repeat
C06595,3,3280.57,Repeat
C06596,2,2836.3199999999997,Repeat
C06597,8,11358.33,Repeat
C06598,3,5430.6,Repeat
C06599,4,8561.72,Repeat
C06600,4,10421.4,Repeat
C06601,4,5117.85,Repeat
C06602,2,2966.63,Repeat
C06603,5,8376.7,Repeat
C06604,2,5062.17,Repeat
C06605,1,1309.25,New
C06606,2,2628.05,Repeat
C06607,1,759.19,New
C06608,4,6401.49,Repeat
C06609,1,1201.33,New
C06610,5,8074.469999999999,Repeat
C06611,1,745.2,New
C06612,5,7249.21,Repeat
C06613,9,14632.23,Repeat
C06614,5,5201.639999999999,Repeat
C06615,3,3817.06,Repeat
C06616,8,10695.88,Repeat
C06617,6,10554.77,Repeat
C06618,4,4314.15,Repeat
C06619,2,2501.9700000000003,Repeat
C06620,1,1004.4,New
C06621,4,4180.7699999999995,Repeat
C06622,3,7233.08,Repeat
C06623,9,17204.4,Repeat
C06624,6,7791.51,Repeat
C06625,4,5378.04,Repeat
C06626,5,7786.28,Repeat
C06627,2,2719.6400000000003,Repeat
C06628,3,4139.41,Repeat
C06629,7,9563.199999999999,Repeat
C06630,2,2357.3199999999997,Repeat
C06631,1,954.93,New
C06632,7,8040.54,Repeat
C06633,3,4312.88,Repeat
C06634,7,11126.6,Repeat
C06635,5,6514.54,Repeat
C06636,6,9747.76,Repeat
C06637,3,8186.52,Repeat
C06638,5,7150.4800000000005,Repeat
C06639,6,10493.43,Repeat
C06640,2,1756.29,Repeat
C06642,2,2380.08,Repeat
C06643,4,7717.77,Repeat
C06644,6,9190.14,Repeat
C06646,2,2375.09,Repeat
C06647,5,5511.51,Repeat
C06648,7,11174.98,Repeat
C06649,5,10559.14,Repeat
C06650,6,7173.88,Repeat
C06651,3,5568.85,Repeat
C06652,3,4095.24,Repeat
C06653,5,9937.710000000001,Repeat
C06654,3,3521.01,Repeat
C06655,4,3836.12,Repeat
C06656,3,5133.9,Repeat
C06657,4,5129.85,Repeat
C06658,3,4181.55,Repeat
C06659,5,7769.31,Repeat
C06660,9,16229.36,Repeat
C06661,5,7664.36,Repeat
C06662,6,8605.86,Repeat
C06663,1,937.4,New
C06664,1,1805.64,New
C06665,2,4306.8,Repeat
C06666,4,7825.57,Repeat
C06667,6,11465.07,Repeat
C06668,1,843.54,New
C06669,3,4848.28,Repeat
C06670,4,6310.469999999999,Repeat
C06671,1,960.37,New
C06672,1,954.18,New
C06673,5,5707.82,Repeat
C06674,3,8913.970000000001,Repeat
C06675,1,958.3,New
C06676,4,4794.43,Repeat
C06677,3,4412.049999999999,Repeat
C06678,3,2969.64,Repeat
C06679,4,7839.38,Repeat
C06680,3,4813.08,Repeat
C06681,8,11204.45,Repeat
C06682,3,3730.17,Repeat
C06683,3,3585.7799999999997,Repeat
C06684,4,5422.78,Repeat
C06685,6,8087.91,Repeat
C06686,5,9133.35,Repeat
C06687,4,5044.74,Repeat
C06688,5,5353.04,Repeat
C06689,3,6137.08,Repeat
C06690,4,7226.33,Repeat
C06691,6,8530.029999999999,Repeat
C06692,2,5004.11,Repeat
C06693,7,9453.97,Repeat
C06694,1,1845.93,New
C06695,1,2465.82,New
C06696,4,5592.73,Repeat
C06697,5,7355.03,Repeat
C06698,4,7951.81,Repeat
C06699,4,4910.29,Repeat
C06700,6,6937.65,Repeat
C06701,4,5544.570000000001,Repeat
C06702,8,12116.18,Repeat
C06703,2,1988.46,Repeat
C06704,5,7543.63,Repeat
C06705,5,8158.7,Repeat
C06706,5,5627.24,Repeat
C06707,2,2738.3,Repeat
C06708,5,9711.46,Repeat
C06709,2,4788.46,Repeat
C06710,1,1261.37,New
C06711,4,8543.3,Repeat
C06712,4,6542.96,Repeat
C06713,4,6521.92,Repeat
C06714,8,10983.07,Repeat
C06715,6,7838.73,Repeat
C06716,4,6658.97,Repeat
C06717,3,5522.07,Repeat
C06718,3,5070.04,Repeat
C06719,4,5674.1,Repeat
C06720,6,10297.0,Repeat
C06721,5,7965.44,Repeat
C06722,5,7881.61,Repeat
C06723,6,8816.88,Repeat
C06724,3,4928.8,Repeat
C06725,2,2347.4,Repeat
C06726,3,3251.3900000000003,Repeat
C06727,4,7981.74,Repeat
C06728,3,4311.3,Repeat
C06729,4,5178.52,Repeat
C06730,2,2206.04,Repeat
C06731,3,3806.91,Repeat
C06732,4,7762.37,Repeat
C06733,6,10218.96,Repeat
C06734,5,7106.67,Repeat
C06735,2,2831.34,Repeat
C06736,5,4911.71,Repeat
C06737,6,9691.25,Repeat
C06738,3,4229.13,Repeat
C06739,2,2872.8599999999997,Repeat
C06740,4,5066.45,Repeat
C06741,5,6686.65,Repeat
C06742,1,1220.49,New
C06743,5,5879.29,Repeat
C06744,2,2562.77,Repeat
C06745,3,4837.12,Repeat
C06746,5,7522.58,Repeat
C06747,5,8157.219999999999,Repeat
C06748,5,5880.2,Repeat
C06749,1,1623.82,New
C06750,5,6358.7,Repeat
C06751,3,4520.15,Repeat
C06752,4,4633.42,Repeat
C06753,3,4047.2799999999997,Repeat
C06754,5,5283.29,Repeat
C06755,4,5496.82,Repeat
C06756,4,8333.45,Repeat
C06757,7,8056.51,Repeat
C06758,3,3730.92,Repeat
C06759,7,10771.26,Repeat
C06760,4,4909.98,Repeat
C06761,2,2335.0299999999997,Repeat
C06762,4,4675.46,Repeat
C06763,8,11645.54,Repeat
C06764,2,2617.47,Repeat
C06765,4,4996.27,Repeat
C06766,4,5720.5,Repeat
C06767,2,4508.4,Repeat
C06768,2,3849.4399999999996,Repeat
C06769,3,3578.2,Repeat
C06770,4,5606.120000000001,Repeat
C06771,1,1759.81,New
C06773,3,3633.7,Repeat
C06774,5,7685.469999999999,Repeat
C06775,5,8725.08,Repeat
C06776,3,5678.5599999999995,Repeat
C06777,4,6188.05,Repeat
C06778,3,3798.86,Repeat
C06779,3,4197.86,Repeat
C06780,5,6741.46,Repeat
C06781,6,7171.5599999999995,Repeat
C06782,1,1900.67,New
C06783,9,14756.94,Repeat
C06784,5,7882.78,Repeat
C06785,3,4232.01,Repeat
C06786,4,5173.58,Repeat
C06787,1,1064.78,New
C06788,2,2621.8,Repeat
C06789,5,7230.469999999999,Repeat
C06790,3,3542.19,Repeat
C06791,5,8403.73,Repeat
C06792,5,7871.15,Repeat
C06793,3,6532.01,Repeat
C06794,5,4850.68,Repeat
C06795,4,5248.09,Repeat
C06796,3,4725.49,Repeat
C06797,4,6872.34,Repeat
C06798,6,12210.98,Repeat
C06799,2,3067.01,Repeat
C06800,5,6754.419999999999,Repeat
C06801,7,11540.06,Repeat
C06802,5,8625.26,Repeat
C06803,3,2714.4300000000003,Repeat
C06804,5,5591.18,Repeat
C06806,3,4983.28,Repeat
C06807,5,6732.85,Repeat
C06808,4,8487.27,Repeat
C06809,2,2686.6899999999996,Repeat
C06810,3,4593.12,Repeat
C06811,2,2230.9700000000003,Repeat
C06812,3,5483.02,Repeat
C06814,4,6108.26,Repeat
C06815,2,2508.59,Repeat
C06816,2,3122.55,Repeat
C06817,2,4418.92,Repeat
C06818,4,9972.220000000001,Repeat
C06819,4,6850.89,Repeat
C06820,2,2191.96,Repeat
C06821,4,6179.25,Repeat
C06822,2,2737.6499999999996,Repeat
C06823,3,5445.93,Repeat
C06824,4,5657.57,Repeat
C06825,6,7913.34,Repeat
C06826,7,10888.09,Repeat
C06827,4,7062.22,Repeat
C06828,3,5739.4,Repeat
C06829,6,10071.01,Repeat
C06830,1,1011.54,New
C06831,1,3704.86,New
C06832,4,6730.05,Repeat
C06833,5,7533.17,Repeat
C06834,1,1262.55,New
C06835,2,2350.35,Repeat
C06836,4,6458.34,Repeat
C06837,4,4786.389999999999,Repeat
C06838,6,7444.860000000001,Repeat
C06839,4,3978.43,Repeat
C06840,6,9007.07,Repeat
C06841,2,2281.7200000000003,Repeat
C06842,4,9359.81,Repeat
C06843,4,9086.800000000001,Repeat
C06844,1,1064.78,New
C06845,1,1721.56,New
C06846,4,6933.41,Repeat
C06847,6,9249.64,Repeat
C06848,5,5402.68,Repeat
C06849,1,1407.64,New
C06850,3,3085.64,Repeat
C06851,1,2673.65,New
C06852,2,2440.87,Repeat
C06853,4,5358.639999999999,Repeat
C06854,5,7248.2,Repeat
C06855,1,843.54,New
C06856,3,3778.04,Repeat
C06857,6,7646.34,Repeat
C06858,6,7814.46,Repeat
C06859,3,5626.19,Repeat
C06860,4,4313.6,Repeat
C06861,4,4990.08,Repeat
C06862,2,3280.2,Repeat
C06863,3,5986.389999999999,Repeat
C06864,7,15103.439999999999,Repeat
C06865,2,2274.81,Repeat
C06866,2,2348.49,Repeat
C06867,2,4532.67,Repeat
C06868,3,4677.48,Repeat
C06869,4,4975.19,Repeat
C06870,5,4953.05,Repeat
C06871,7,8737.59,Repeat
C06872,3,3679.4,Repeat
C06873,2,4572.68,Repeat
C06874,8,15685.15,Repeat
C06875,5,6405.03,Repeat
C06876,2,2785.35,Repeat
C06877,2,1858.1399999999999,Repeat
C06878,2,3477.42,Repeat
C06879,6,8332.1,Repeat
C06880,5,5115.66,Repeat
C06881,5,6308.639999999999,Repeat
C06882,3,5229.95,Repeat
C06884,4,4899.75,Repeat
C06885,3,3700.71,Repeat
C06886,5,7492.36,Repeat
C06887,7,12290.75,Repeat
C06888,7,14303.91,Repeat
C06889,3,5677.219999999999,Repeat
C06890,3,5219.85,Repeat
C06891,5,9274.44,Repeat
C06892,4,5093.73,Repeat
C06893,4,9054.75,Repeat
C06894,6,8606.51,Repeat
C06895,5,8157.049999999999,Repeat
C06896,7,10275.73,Repeat
C06897,4,6564.38,Repeat
C06898,5,6087.13,Repeat
C06899,6,11120.869999999999,Repeat
C06900,2,2797.85,Repeat
C06901,7,9176.61,Repeat
C06902,6,8381.97,Repeat
C06903,4,4750.36,Repeat
C06904,4,4855.97,Repeat
C06905,1,701.14,New
C06906,2,6040.360000000001,Repeat
C06907,6,8458.16,Repeat
C06908,2,4975.1900000000005,Repeat
C06909,2,4616.46,Repeat
C06910,5,9688.96,Repeat
C06911,6,9963.76,Repeat
C06912,3,3620.5699999999997,Repeat
C06913,4,7024.58,Repeat
C06914,5,9689.23,Repeat
C06915,4,5578.86,Repeat
C06916,2,2341.22,Repeat
C06917,4,4088.96,Repeat
C06918,1,1083.42,New
C06919,1,1212.2,New
C06920,4,6028.48,Repeat
C06921,3,4587.33,Repeat
C06922,3,4517.64,Repeat
C06923,4,6616.92,Repeat
C06924,5,8715.43,Repeat
C06925,2,3114.5899999999997,Repeat
C06926,3,2422.58,Repeat
C06927,3,2513.43,Repeat
C06928,7,10814.24,Repeat
C06929,3,5880.24,Repeat
C06930,3,4489.75,Repeat
C06931,4,5874.18,Repeat
C06933,3,3767.92,Repeat
C06934,1,1104.79,New
C06935,6,12150.49,Repeat
C06936,3,4616.74,Repeat
C06937,2,3332.46,Repeat
C06938,4,6067.3099999999995,Repeat
C06939,1,1710.6,New
C06940,2,3305.57,Repeat
C06941,2,2632.2799999999997,Repeat
C06942,6,8504.52,Repeat
C06943,4,8332.26,Repeat
C06944,3,6442.19,Repeat
C06945,3,6322.74,Repeat
C06946,7,11187.31,Repeat
C06947,3,3843.54,Repeat
C06948,3,4552.29,Repeat
C06949,5,5312.46,Repeat
C06950,3,5551.21,Repeat
C06951,5,10771.52,Repeat
C06952,3,3803.99,Repeat
C06953,3,4929.64,Repeat
C06954,3,5378.19,Repeat
C06955,5,6776.1,Repeat
C06956,4,9052.84,Repeat
C06957,1,1805.64,New
C06958,1,1336.82,New
C06959,4,6267.62,Repeat
C06960,1,1497.05,New
C06961,3,4738.889999999999,Repeat
C06962,8,11147.86,Repeat
C06963,7,12302.62,Repeat
C06964,5,5629.12,Repeat
C06965,5,8930.68,Repeat
C06966,5,7129.29,Repeat
C06967,3,3395.0299999999997,Repeat
C06968,6,6684.03,Repeat
C06969,8,12070.05,Repeat
C06970,6,9550.25,Repeat
C06971,8,13539.7,Repeat
C06972,2,1950.84,Repeat
C06973,5,6317.79,Repeat
C06974,4,5946.75,Repeat
C06975,1,897.18,New
C06976,4,3949.16,Repeat
C06977,4,8264.529999999999,Repeat
C06978,1,1612.11,New
C06979,6,8435.65,Repeat
C06980,1,701.14,New
C06981,1,1220.04,New
C06982,3,3020.22,Repeat
C06983,4,6298.74,Repeat
C06984,3,5721.82,Repeat
C06985,3,4265.0,Repeat
C06986,3,3906.16,Repeat
C06987,3,3095.86,Repeat
C06988,4,5083.04,Repeat
C06989,6,8961.35,Repeat
C06990,3,3976.59,Repeat
C06991,9,11184.029999999999,Repeat
C06992,4,5812.78,Repeat
C06993,7,11759.6,Repeat
C06994,5,5733.7300000000005,Repeat
C06995,4,5808.74,Repeat
C06996,5,8929.16,Repeat
C06997,8,10832.01,Repeat
C06999,4,4986.63,Repeat
C07000,3,6028.5,Repeat
C07001,3,4687.3099999999995,Repeat
C07002,3,4775.67,Repeat
C07003,5,7502.86,Repeat
C07004,4,5254.84,Repeat
C07005,7,9816.97,Repeat
C07006,2,3678.13,Repeat
C07007,3,3768.08,Repeat
C07008,3,10290.029999999999,Repeat
C07009,2,1703.5,Repeat
C07010,4,5209.25,Repeat
C07011,3,5766.66,Repeat
C07012,1,1026.4,New
C07013,4,7666.85,Repeat
C07014,6,11020.23,Repeat
C07015,2,4819.96,Repeat
C07016,9,17912.04,Repeat
C07017,2,5094.4,Repeat
C07018,5,5640.13,Repeat
C07019,9,13307.32,Repeat
C07020,10,12777.45,Repeat
C07021,2,3729.09,Repeat
C07022,5,8890.09,Repeat
C07023,4,4244.62,Repeat
C07024,6,7389.91,Repeat
C07025,4,4322.97,Repeat
C07026,4,4544.82,Repeat
C07027,6,7202.929999999999,Repeat
C07028,4,6764.53,Repeat
C07029,4,6657.25,Repeat
C07030,5,6756.97,Repeat
C07031,3,3727.4399999999996,Repeat
C07032,2,1598.32,Repeat
C07033,3,5864.71,Repeat
C07034,1,1575.84,New
C07035,4,7413.150000000001,Repeat
C07036,4,7459.799999999999,Repeat
C07037,3,4042.54,Repeat
C07038,1,2453.22,New
C07039,4,5162.7699999999995,Repeat
C07040,3,4611.3,Repeat
C07041,1,878.72,New
C07042,3,5326.99,Repeat
C07043,4,9013.23,Repeat
C07044,6,6188.09,Repeat
C07045,2,2263.08,Repeat
C07046,2,4989.26,Repeat
C07047,2,1849.0,Repeat
C07049,5,11191.029999999999,Repeat
C07050,2,3222.33,Repeat
C07051,4,6975.83,Repeat
C07052,3,3911.93,Repeat
C07053,4,5154.33,Repeat
C07054,6,8066.59,Repeat
C07055,7,14565.06,Repeat
C07056,2,2626.05,Repeat
C07057,3,5047.92,Repeat
C07058,2,2645.88,Repeat
C07059,4,4046.87,Repeat
C07060,8,10928.05,Repeat
C07061,2,3031.26,Repeat
C07062,3,3742.71,Repeat
C07063,3,4166.03,Repeat
C07064,3,7718.96,Repeat
C07065,5,9230.45,Repeat
C07066,2,1748.8200000000002,Repeat
C07067,3,4052.74,Repeat
C07068,1,942.91,New
C07069,4,4898.5599999999995,Repeat
C07070,2,1574.6399999999999,Repeat
C07071,4,6110.62,Repeat
C07072,2,2613.96,Repeat
C07073,3,4989.96,Repeat
C07074,4,5149.48,Repeat
C07075,3,4016.59,Repeat
C07076,5,5788.15,Repeat
C07077,1,954.93,New
C07078,1,1679.73,New
C07079,3,3661.66,Repeat
C07080,5,8642.5,Repeat
C07081,4,6055.13,Repeat
C07082,3,5098.91,Repeat
C07083,3,3768.88,Repeat
C07084,4,4619.41,Repeat
C07085,3,7722.18,Repeat
C07086,3,3539.25,Repeat
C07087,3,2761.63,Repeat
C07088,3,4282.78,Repeat
C07089,7,9007.14,Repeat
C07090,5,8085.25,Repeat
C07091,3,6333.78,Repeat
C07092,3,4087.8899999999994,Repeat
C07093,4,6615.6,Repeat
C07094,4,5605.74,Repeat
C07095,4,9383.470000000001,Repeat
C07097,4,6369.08,Repeat
C07098,7,10673.03,Repeat
C07099,5,6627.63,Repeat
C07100,3,3361.9800000000005,Repeat
C07101,1,1261.37,New
C07102,4,6639.8,Repeat
C07103,2,2246.6,Repeat
C07104,4,4684.79,Repeat
C07105,4,9065.64,Repeat
C07106,5,7063.37,Repeat
C07107,7,12593.81,Repeat
C07108,3,6968.139999999999,Repeat
C07109,2,4453.08,Repeat
C07110,5,7892.459999999999,Repeat
C07111,4,6019.41,Repeat
C07112,4,6409.1,Repeat
C07114,5,6952.67,Repeat
C07115,2,3204.8999999999996,Repeat
C07116,7,9321.39,Repeat
C07117,3,3740.99,Repeat
C07119,6,9714.65,Repeat
C07120,4,5930.52,Repeat
C07121,4,6030.5599999999995,Repeat
C07122,2,2589.3199999999997,Repeat
C07123,7,10041.84,Repeat
C07124,2,2862.54,Repeat
C07125,3,6911.9400000000005,Repeat
C07126,6,7026.57,Repeat
C07127,1,1271.45,New
C07128,5,7130.71,Repeat
C07129,1,670.68,New
C07130,3,5157.469999999999,Repeat
C07131,4,6461.55,Repeat
C07132,1,1220.04,New
C07133,5,5562.74,Repeat
C07134,10,14878.18,Repeat
C07135,4,4871.29,Repeat
C07136,2,1951.3500000000001,Repeat
C07137,9,9950.11,Repeat
C07138,3,4964.5,Repeat
C07139,3,6291.1,Repeat
C07140,4,6444.75,Repeat
C07141,4,5412.88,Repeat
C07142,2,4709.469999999999,Repeat
C07143,2,3297.8199999999997,Repeat
C07144,6,7470.67,Repeat
C07145,4,5324.549999999999,Repeat
C07146,4,4708.77,Repeat
C07147,5,9377.47,Repeat
C07148,7,9228.35,Repeat
C07149,6,7370.25,Repeat
C07150,1,1475.54,New
C07151,4,5825.02,Repeat
C07152,3,3713.1499999999996,Repeat
C07153,6,7315.74,Repeat
C07154,5,8840.35,Repeat
C07155,4,4172.56,Repeat
C07156,5,6353.91,Repeat
C07157,2,1984.8,Repeat
C07158,5,6836.17,Repeat
C07159,4,5140.89,Repeat
C07160,3,5874.530000000001,Repeat
C07161,5,8048.97,Repeat
C07162,2,2991.51,Repeat
C07163,1,1067.08,New
C07164,2,2525.1,Repeat
C07165,3,6495.92,Repeat
C07166,8,10645.2,Repeat
C07167,7,8496.74,Repeat
C07168,2,1987.84,Repeat
C07169,3,3953.2,Repeat
C07170,3,4374.46,Repeat
C07171,2,2075.5,Repeat
C07172,3,3420.78,Repeat
C07173,6,7505.66,Repeat
C07174,7,11958.29,Repeat
C07175,4,5509.04,Repeat
C07176,5,8787.91,Repeat
C07177,1,1411.09,New
C07178,6,8608.22,Repeat
C07179,4,5206.8099999999995,Repeat
C07180,6,9108.17,Repeat
C07181,4,4929.2,Repeat
C07182,6,12857.41,Repeat
C07183,3,7387.88,Repeat
C07184,3,6008.349999999999,Repeat
C07185,2,4014.23,Repeat
C07186,1,1532.28,New
C07187,3,3067.66,Repeat
C07188,1,3094.64,New
C07189,3,4901.639999999999,Repeat
C07190,2,3020.99,Repeat
C07191,7,10330.539999999999,Repeat
C07192,7,9301.94,Repeat
C07193,1,1102.82,New
C07194,4,9658.07,Repeat
C07195,3,3066.5099999999998,Repeat
C07196,5,10172.68,Repeat
C07197,8,14981.189999999999,Repeat
C07198,3,4631.32,Repeat
C07199,3,4763.55,Repeat
C07200,4,6812.92,Repeat
C07201,3,5178.04,Repeat
C07202,2,2209.14,Repeat
C07203,6,7689.24,Repeat
C07204,6,9065.46,Repeat
C07205,5,6720.58,Repeat
C07206,3,7339.16,Repeat
C07207,2,2726.0,Repeat
C07208,2,3003.49,Repeat
C07209,5,6010.41,Repeat
C07210,6,11019.9,Repeat
C07211,5,10820.67,Repeat
C07212,7,7669.45,Repeat
C07213,1,1900.67,New
C07214,7,9398.19,Repeat
C07215,2,1577.44,Repeat
C07216,4,5211.9,Repeat
C07217,3,3540.87,Repeat
C07218,2,2578.55,Repeat
C07219,6,10384.05,Repeat
C07220,2,4432.63,Repeat
C07221,2,3493.9399999999996,Repeat
C07222,5,7397.66,Repeat
C07224,3,3810.23,Repeat
C07225,3,7495.74,Repeat
C07227,4,4617.86,Repeat
C07228,3,2871.03,Repeat
C07229,7,9965.01,Repeat
C07230,2,2426.51,Repeat
C07231,3,5170.36,Repeat
C07232,3,3921.98,Repeat
C07233,7,16499.64,Repeat
C07234,3,2925.32,Repeat
C07235,2,2015.01,Repeat
C07236,1,1141.26,New
C07237,5,7996.6,Repeat
C07238,3,5608.1,Repeat
C07239,4,4821.47,Repeat
C07240,3,4963.68,Repeat
C07241,4,7456.93,Repeat
C07242,6,9176.52,Repeat
C07243,3,3987.0600000000004,Repeat
C07244,3,7257.139999999999,Repeat
C07245,1,3146.5,New
C07246,2,2905.39,Repeat
C07247,4,6478.08,Repeat
C07248,3,3491.38,Repeat
C07249,5,8386.050000000001,Repeat
C07250,3,4771.24,Repeat
C07251,7,8566.69,Repeat
C07252,3,6843.81,Repeat
C07253,5,5732.45,Repeat
C07254,4,5207.86,Repeat
C07255,3,4873.66,Repeat
C07256,4,7472.53,Repeat
C07257,3,5668.07,Repeat
C07258,6,9561.27,Repeat
C07259,5,8967.88,Repeat
C07260,3,4312.46,Repeat
C07261,3,6046.62,Repeat
C07262,3,5405.37,Repeat
C07263,4,4170.360000000001,Repeat
C07264,4,5463.87,Repeat
C07265,2,3085.6400000000003,Repeat
C07266,6,7126.09,Repeat
C07267,1,1026.4,New
C07268,2,4507.78,Repeat
C07269,5,6835.860000000001,Repeat
C07270,2,2410.2200000000003,Repeat
C07271,5,4856.129999999999,Repeat
C07272,3,2576.25,Repeat
C07273,5,8579.15,Repeat
C07274,3,3495.5299999999997,Repeat
C07275,6,9332.529999999999,Repeat
C07276,5,7194.679999999999,Repeat
C07277,4,6528.05,Repeat
C07278,2,4015.0699999999997,Repeat
C07279,5,6521.73,Repeat
C07280,2,2295.62,Repeat
C07281,6,9205.18,Repeat
C07282,2,4795.74,Repeat
C07283,2,2217.6800000000003,Repeat
C07284,3,2981.48,Repeat
C07285,5,7977.53,Repeat
C07286,1,1900.67,New
C07287,5,7632.3099999999995,Repeat
C07288,3,5979.67,Repeat
C07289,3,3342.92,Repeat
C07290,4,5819.2,Repeat
C07291,5,12202.38,Repeat
C07292,2,3677.5,Repeat
C07293,2,2216.88,Repeat
C07294,2,2540.11,Repeat
C07295,2,3366.5200000000004,Repeat
C07296,5,7089.6900000000005,Repeat
C07297,7,7886.209999999999,Repeat
C07298,2,3055.9300000000003,Repeat
C07299,4,6344.29,Repeat
C07300,2,4798.3099999999995,Repeat
C07301,6,11190.16,Repeat
C07302,1,1085.84,New
C07303,4,6764.7699999999995,Repeat
C07304,1,1531.5,New
C07305,5,7365.8099999999995,Repeat
C07307,4,8630.02,Repeat
C07308,6,8105.47,Repeat
C07309,2,3675.99,Repeat
C07310,8,12425.75,Repeat
C07311,1,1475.54,New
C07312,5,9078.48,Repeat
C07313,6,15189.16,Repeat
C07314,5,9338.08,Repeat
C07315,2,2082.0299999999997,Repeat
C07316,3,4817.139999999999,Repeat
C07317,3,4209.72,Repeat
C07318,10,14880.88,Repeat
C07319,6,6777.3,Repeat
C07320,4,6410.35,Repeat
C07321,4,8320.57,Repeat
C07322,4,7133.63,Repeat
C07323,1,954.93,New
C07324,3,5368.48,Repeat
C07325,1,1477.94,New
C07326,6,9477.09,Repeat
C07327,2,2657.04,Repeat
C07328,9,15315.73,Repeat
C07329,7,12313.76,Repeat
C07330,3,5634.38,Repeat
C07331,10,13519.36,Repeat
C07332,2,3865.3599999999997,Repeat
C07333,3,4900.98,Repeat
C07334,3,2853.21,Repeat
C07335,4,4763.91,Repeat
C07336,4,6347.38,Repeat
C07337,5,7857.26,Repeat
C07338,2,2631.52,Repeat
C07339,7,8623.92,Repeat
C07340,2,2976.16,Repeat
C07341,1,1485.36,New
C07342,5,5804.85,Repeat
C07343,3,4023.5699999999997,Repeat
C07344,2,4262.77,Repeat
C07345,4,5632.71,Repeat
C07346,4,7479.87,Repeat
C07347,4,5375.37,Repeat
C07348,5,7414.27,Repeat
C07349,5,12128.74,Repeat
C07350,2,3335.6499999999996,Repeat
C07351,5,5452.41,Repeat
C07353,4,9524.95,Repeat
C07354,7,13436.79,Repeat
C07355,5,6163.37,Repeat
C07356,3,3752.8,Repeat
C07357,5,4976.43,Repeat
C07358,3,6307.48,Repeat
C07359,8,16568.36,Repeat
C07360,2,2387.0699999999997,Repeat
C07361,4,8906.2,Repeat
C07362,2,3018.95,Repeat
C07363,4,7353.35,Repeat
C07364,4,5184.79,Repeat
C07365,4,5636.65,Repeat
C07366,3,4351.15,Repeat
C07367,4,6949.04,Repeat
C07368,4,4452.29,Repeat
C07369,6,7350.21,Repeat
C07370,5,6595.98,Repeat
C07371,7,10087.43,Repeat
C07372,3,3378.64,Repeat
C07373,4,3801.49,Repeat
C07374,3,5220.68,Repeat
C07375,3,5747.4,Repeat
C07376,6,11506.6,Repeat
C07377,4,4516.05,Repeat
C07378,5,6404.32,Repeat
C07379,2,2433.33,Repeat
C07380,4,7013.96,Repeat
C07381,8,12313.869999999999,Repeat
C07382,5,5853.6,Repeat
C07383,3,4421.67,Repeat
C07384,3,3020.1,Repeat
C07385,3,3384.21,Repeat
C07386,9,14573.57,Repeat
C07387,1,3191.49,New
C07388,1,3611.27,New
C07389,4,6735.639999999999,Repeat
C07390,1,1155.82,New
C07391,4,4271.71,Repeat
C07392,5,7695.0599999999995,Repeat
C07393,7,10755.48,Repeat
C07394,5,7616.26,Repeat
C07395,2,2908.0699999999997,Repeat
C07396,3,3727.21,Repeat
C07397,4,4197.06,Repeat
C07398,6,8123.06,Repeat
C07399,4,3983.84,Repeat
C07400,1,1656.05,New
C07401,5,8590.62,Repeat
C07402,6,6248.93,Repeat
C07403,6,8993.92,Repeat
C07404,4,4853.61,Repeat
C07405,2,3967.96,Repeat
C07406,6,12797.939999999999,Repeat
C07407,6,10561.939999999999,Repeat
C07408,4,6038.84,Repeat
C07409,5,5528.46,Repeat
C07410,5,6138.87,Repeat
C07411,5,10951.74,Repeat
C07412,3,4310.21,Repeat
C07413,1,745.21,New
C07414,2,4567.35,Repeat
C07415,4,11079.0,Repeat
C07416,6,7233.65,Repeat
C07417,2,3195.5200000000004,Repeat
C07418,1,944.4,New
C07419,3,3938.8999999999996,Repeat
C07421,3,2985.29,Repeat
C07422,4,5459.12,Repeat
C07423,6,7991.97,Repeat
C07424,4,6977.79,Repeat
C07425,4,3816.3500000000004,Repeat
C07426,4,5658.34,Repeat
C07427,4,4613.07,Repeat
C07428,2,2579.59,Repeat
C07429,6,9132.08,Repeat
C07430,4,7154.33,Repeat
C07431,4,5586.17,Repeat
C07432,1,1301.4,New
C07433,3,3494.7,Repeat
C07434,1,3224.22,New
C07436,3,3664.98,Repeat
C07437,6,10836.59,Repeat
C07438,4,6764.95,Repeat
C07439,1,878.72,New
C07440,7,12353.17,Repeat
C07441,2,2328.8999999999996,Repeat
C07442,5,5099.85,Repeat
C07443,3,4804.15,Repeat
C07444,4,4301.22,Repeat
C07445,7,10103.01,Repeat
C07446,5,8064.19,Repeat
C07447,2,2699.39,Repeat
C07448,4,6993.63,Repeat
C07449,4,7915.62,Repeat
C07450,2,1899.44,Repeat
C07451,7,14178.39,Repeat
C07452,6,9450.92,Repeat
C07453,7,12178.7,Repeat
C07454,5,7970.87,Repeat
C07455,7,8189.570000000001,Repeat
C07456,7,12842.64,Repeat
C07457,8,9292.85,Repeat
C07458,3,5680.54,Repeat
C07459,7,9488.210000000001,Repeat
C07460,3,4815.15,Repeat
C07461,4,4201.639999999999,Repeat
C07462,4,4875.51,Repeat
C07463,2,3048.0,Repeat
C07464,7,8756.36,Repeat
C07465,2,3809.4700000000003,Repeat
C07466,3,3373.81,Repeat
C07467,2,3058.58,Repeat
C07468,8,10793.19,Repeat
C07469,3,5785.02,Repeat
C07470,3,7638.11,Repeat
C07471,3,4919.57,Repeat
C07472,4,7183.64,Repeat
C07473,2,3194.76,Repeat
C07474,6,11887.48,Repeat
C07475,7,13788.76,Repeat
C07476,4,8395.7,Repeat
C07477,7,9246.97,Repeat
C07478,1,1548.94,New
C07479,5,7400.18,Repeat
C07480,6,8973.84,Repeat
C07481,1,1005.19,New
C07482,4,5238.13,Repeat
C07483,4,5795.23,Repeat
C07484,4,7303.950000000001,Repeat
C07485,5,7067.86,Repeat
C07486,2,2110.61,Repeat
C07487,2,2413.3,Repeat
C07488,5,8030.049999999999,Repeat
C07490,5,5004.24,Repeat
C07491,3,5081.73,Repeat
C07492,6,8277.25,Repeat
C07493,2,2867.98,Repeat
C07494,1,1292.07,New
C07495,1,1595.74,New
C07496,3,4382.43,Repeat
C07497,6,7461.81,Repeat
C07498,8,11419.84,Repeat
C07499,4,8037.76,Repeat
C07500,6,8764.71,Repeat
C07501,3,4057.25,Repeat
C07502,7,8817.0,Repeat
C07503,1,3787.65,New
C07504,3,4683.11,Repeat
C07505,6,9190.93,Repeat
C07506,2,3108.12,Repeat
C07507,5,7975.469999999999,Repeat
C07508,5,7682.99,Repeat
C07509,5,6522.54,Repeat
C07510,2,2693.73,Repeat
C07511,3,5164.32,Repeat
C07512,2,5440.68,Repeat
C07513,5,9027.310000000001,Repeat
C07514,5,7132.3,Repeat
C07515,3,4629.54,Repeat
C07516,3,4761.17,Repeat
C07517,1,1667.19,New
C07518,3,7956.46,Repeat
C07519,5,6975.68,Repeat
C07520,1,1360.07,New
C07521,1,2270.47,New
C07522,7,11075.32,Repeat
C07523,5,12457.51,Repeat
C07524,3,3897.79,Repeat
C07525,1,1602.73,New
C07526,7,11367.68,Repeat
C07527,3,4561.1900000000005,Repeat
C07528,1,1679.73,New
C07529,5,6001.05,Repeat
C07530,4,8555.55,Repeat
C07531,2,2694.23,Repeat
C07532,4,5229.969999999999,Repeat
C07533,4,4413.94,Repeat
C07534,5,6700.43,Repeat
C07535,3,5456.56,Repeat
C07536,3,3643.8,Repeat
C07537,5,5692.6,Repeat
C07538,9,13760.65,Repeat
C07539,6,8278.91,Repeat
C07540,6,8452.04,Repeat
C07541,5,6601.82,Repeat
C07542,6,9328.210000000001,Repeat
C07543,6,9052.89,Repeat
C07544,6,13023.8,Repeat
C07545,4,5921.44,Repeat
C07546,1,1542.63,New
C07547,6,9023.18,Repeat
C07549,1,1574.4,New
C07550,4,6806.52,Repeat
C07551,1,1822.28,New
C07552,4,6127.469999999999,Repeat
C07553,3,4635.719999999999,Repeat
C07554,5,5721.92,Repeat
C07555,6,6236.7699999999995,Repeat
C07556,6,7117.67,Repeat
C07557,4,6409.17,Repeat
C07558,5,7331.18,Repeat
C07559,6,13454.91,Repeat
C07560,3,5556.54,Repeat
C07561,3,6034.26,Repeat
C07562,3,4745.209999999999,Repeat
C07563,2,3505.5,Repeat
C07564,5,7844.3,Repeat
C07565,3,3671.02,Repeat
C07566,4,8185.95,Repeat
C07567,8,13961.220000000001,Repeat
C07568,6,11412.49,Repeat
C07569,8,13301.47,Repeat
C07570,3,6745.01,Repeat
C07571,5,7957.15,Repeat
C07572,5,8789.39,Repeat
C07573,3,6341.2699999999995,Repeat
C07574,2,2836.95,Repeat
C07575,2,4129.84,Repeat
C07576,5,6570.29,Repeat
C07577,4,5209.28,Repeat
C07578,6,9079.14,Repeat
C07579,1,3611.27,New
C07580,4,7251.96,Repeat
C07581,3,5350.3,Repeat
C07582,6,9095.5,Repeat
C07583,4,7121.129999999999,Repeat
C07584,2,2322.8599999999997,Repeat
C07585,3,3909.12,Repeat
C07586,5,7946.81,Repeat
C07587,3,6097.73,Repeat
C07588,2,2668.5699999999997,Repeat
C07589,3,3151.86,Repeat
C07590,5,5722.4,Repeat
C07591,6,8042.08,Repeat
C07592,3,4222.57,Repeat
C07593,6,10628.3,Repeat
C07594,2,2566.94,Repeat
C07595,5,4742.77,Repeat
C07596,6,6085.51,Repeat
C07597,2,2484.26,Repeat
C07598,6,8497.57,Repeat
C07599,3,4811.58,Repeat
C07600,2,2030.2399999999998,Repeat
C07601,1,944.4,New
C07602,7,11031.8,Repeat
C07603,3,6516.39,Repeat
C07604,2,2532.87,Repeat
C07605,5,9534.25,Repeat
C07606,5,8072.68,Repeat
C07607,3,7145.55,Repeat
C07608,5,7462.2699999999995,Repeat
C07609,3,5502.91,Repeat
C07610,3,5587.639999999999,Repeat
C07611,2,3975.91,Repeat
C07612,1,954.18,New
C07613,2,2037.27,Repeat
C07614,3,5595.04,Repeat
C07615,7,9560.43,Repeat
C07616,6,6402.33,Repeat
C07617,5,7036.46,Repeat
C07618,4,5445.38,Repeat
C07619,3,5403.13,Repeat
C07620,6,11442.04,Repeat
C07621,3,6772.3,Repeat
C07622,6,10249.51,Repeat
C07623,5,5068.74,Repeat
C07624,1,1687.08,New
C07625,8,11939.34,Repeat
C07626,1,759.19,New
C07627,5,5661.91,Repeat
C07628,5,5614.21,Repeat
C07629,3,5421.54,Repeat
C07630,4,7070.39,Repeat
C07631,5,6722.28,Repeat
C07632,4,7434.4,Repeat
C07633,5,9006.619999999999,Repeat
C07634,3,3624.8199999999997,Repeat
C07635,3,3691.95,Repeat
C07636,3,2965.6,Repeat
C07637,4,4769.35,Repeat
C07638,2,2668.74,Repeat
C07639,4,8300.33,Repeat
C07640,6,9670.18,Repeat
C07641,4,10578.77,Repeat
C07642,3,3356.2400000000002,Repeat
C07643,3,5829.58,Repeat
C07644,2,1827.22,Repeat
C07645,5,5899.6900000000005,Repeat
C07646,7,10740.43,Repeat
C07647,2,3376.21,Repeat
C07648,4,5127.71,Repeat
C07649,6,7458.12,Repeat
C07650,2,4826.09,Repeat
C07651,3,4490.23,Repeat
C07652,3,6062.7300000000005,Repeat
C07653,2,2044.34,Repeat
C07654,2,4260.33,Repeat
C07655,5,6479.12,Repeat
C07656,4,4294.639999999999,Repeat
C07657,4,7563.120000000001,Repeat
C07658,2,5422.22,Repeat
C07659,3,4045.12,Repeat
C07660,6,11643.810000000001,Repeat
C07661,4,5052.32,Repeat
C07662,3,4589.9,Repeat
C07663,2,4912.9400000000005,Repeat
C07664,4,5889.77,Repeat
C07665,3,7263.7699999999995,Repeat
C07666,3,3735.1800000000003,Repeat
C07667,4,5196.55,Repeat
C07668,3,3968.1499999999996,Repeat
C07669,6,6940.63,Repeat
C07670,4,8026.4,Repeat
C07671,5,5295.36,Repeat
C07672,4,4236.2,Repeat
C07673,4,6058.1,Repeat
C07674,4,6023.23,Repeat
C07675,4,6359.389999999999,Repeat
C07676,3,5861.34,Repeat
C07677,6,9019.41,Repeat
C07678,3,7701.3099999999995,Repeat
C07679,7,9075.86,Repeat
C07680,4,5183.13,Repeat
C07681,5,6300.01,Repeat
C07682,4,5220.15,Repeat
C07683,4,6630.349999999999,Repeat
C07684,8,11584.96,Repeat
C07685,5,7922.29,Repeat
C07686,2,3140.51,Repeat
C07687,5,5618.4,Repeat
C07688,4,5267.39,Repeat
C07689,3,7217.83,Repeat
C07690,7,10191.57,Repeat
C07691,1,1327.99,New
C07692,2,2920.1400000000003,Repeat
C07693,4,7640.75,Repeat
C07694,2,2966.0299999999997,Repeat
C07695,1,2803.53,New
C07696,5,10330.67,Repeat
C07698,5,8045.04,Repeat
C07699,4,5655.54,Repeat
C07700,3,2506.89,Repeat
C07701,5,6955.67,Repeat
C07702,3,4125.1,Repeat
C07703,4,6461.71,Repeat
C07705,3,6517.56,Repeat
C07707,6,11670.34,Repeat
C07708,4,5421.12,Repeat
C07709,6,8204.28,Repeat
C07710,5,8985.7,Repeat
C07711,3,5170.24,Repeat
C07713,2,5852.25,Repeat
C07714,3,5196.79,Repeat
C07715,2,2257.34,Repeat
C07716,4,7171.49,Repeat
C07717,3,5323.01,Repeat
C07718,4,4869.93,Repeat
C07719,2,3010.7,Repeat
C07720,7,9303.619999999999,Repeat
C07721,3,3378.3199999999997,Repeat
C07723,4,4745.99,Repeat
C07724,4,6181.79,Repeat
C07725,5,7565.009999999999,Repeat
C07726,4,5922.55,Repeat
C07727,3,7641.950000000001,Repeat
C07728,2,2577.55,Repeat
C07729,1,1301.4,New
C07730,3,5191.1900000000005,Repeat
C07731,1,1140.44,New
C07732,4,7793.879999999999,Repeat
C07733,3,3479.15,Repeat
C07734,4,4250.92,Repeat
C07735,5,14190.75,Repeat
C07736,5,8354.25,Repeat
C07737,7,10234.02,Repeat
C07738,6,12995.43,Repeat
C07739,3,5488.85,Repeat
C07740,6,10725.380000000001,Repeat
C07741,2,2707.24,Repeat
C07742,4,6000.87,Repeat
C07743,4,10978.98,Repeat
C07744,4,5451.4,Repeat
C07745,4,5146.76,Repeat
C07746,8,8570.93,Repeat
C07747,2,2568.38,Repeat
C07748,4,6194.22,Repeat
C07749,4,4496.21,Repeat
C07750,1,1201.33,New
C07751,2,2841.5699999999997,Repeat
C07752,2,3688.83,Repeat
C07753,3,4043.82,Repeat
C07754,3,4412.74,Repeat
C07755,5,7159.14,Repeat
C07756,3,4555.68,Repeat
C07757,2,2144.24,Repeat
C07758,2,3852.15,Repeat
C07759,5,9426.98,Repeat
C07760,2,2148.25,Repeat
C07761,7,10243.279999999999,Repeat
C07762,3,5741.32,Repeat
C07763,4,4951.3099999999995,Repeat
C07764,1,1284.25,New
C07765,7,12095.72,Repeat
C07766,2,4432.91,Repeat
C07767,4,5828.7,Repeat
C07768,2,1546.56,Repeat
C07769,2,4973.96,Repeat
C07770,1,1415.9,New
C07771,1,1262.55,New
C07772,2,2874.12,Repeat
C07773,3,4955.389999999999,Repeat
C07775,9,13974.06,Repeat
C07776,4,4562.43,Repeat
C07777,4,6089.9800000000005,Repeat
C07778,2,2164.7799999999997,Repeat
C07779,3,4636.4800000000005,Repeat
C07780,5,7653.49,Repeat
C07781,5,6198.42,Repeat
C07782,3,5668.0599999999995,Repeat
C07783,5,8708.69,Repeat
C07784,4,6466.64,Repeat
C07785,5,4615.14,Repeat
C07786,4,5659.43,Repeat
C07787,3,2212.6400000000003,Repeat
C07788,5,7344.01,Repeat
C07789,5,12027.0,Repeat
C07790,5,4502.93,Repeat
C07791,5,8574.71,Repeat
C07792,4,5224.22,Repeat
C07793,5,7560.77,Repeat
C07794,3,3816.51,Repeat
C07795,2,3502.01,Repeat
C07796,3,3867.9900000000002,Repeat
C07797,5,5697.42,Repeat
C07798,1,1475.54,New
C07799,3,4890.7699999999995,Repeat
C07800,4,7642.78,Repeat
C07801,5,9287.53,Repeat
C07802,5,10126.119999999999,Repeat
C07803,3,3865.88,Repeat
C07804,3,3305.02,Repeat
C07805,3,3363.51,Repeat
C07806,2,5004.11,Repeat
C07807,2,4391.28,Repeat
C07808,5,7416.09,Repeat
C07809,3,5835.4,Repeat
C07810,2,2187.37,Repeat
C07811,5,12348.7,Repeat
C07812,2,4058.9,Repeat
C07813,3,4067.04,Repeat
C07815,3,4795.06,Repeat
C07816,3,4036.94,Repeat
C07817,5,6289.61,Repeat
C07818,6,9320.81,Repeat
C07819,6,8014.33,Repeat
C07820,5,5684.3099999999995,Repeat
C07821,3,5550.5,Repeat
C07822,3,4206.39,Repeat
C07823,7,9545.04,Repeat
C07824,1,3151.68,New
C07825,7,9595.130000000001,Repeat
C07826,5,9489.09,Repeat
C07827,3,4543.87,Repeat
C07828,5,7352.05,Repeat
C07829,4,4775.49,Repeat
C07830,4,5324.8,Repeat
C07831,4,8039.77,Repeat
C07832,5,6401.84,Repeat
C07833,4,5851.78,Repeat
C07834,1,1623.82,New
C07835,2,2241.49,Repeat
C07836,7,11488.98,Repeat
C07837,3,2749.0699999999997,Repeat
C07838,4,11197.46,Repeat
C07839,5,7861.41,Repeat
C07840,2,2983.98,Repeat
C07841,1,3194.34,New
C07842,3,10287.86,Repeat
C07843,2,2703.14,Repeat
C07844,2,3198.69,Repeat
C07845,6,9336.11,Repeat
C07846,6,7920.73,Repeat
C07847,4,7195.349999999999,Repeat
C07848,3,3702.96,Repeat
C07849,3,3420.1400000000003,Repeat
C07850,1,1085.84,New
C07851,6,12101.36,Repeat
C07852,3,6266.23,Repeat
C07853,4,4492.97,Repeat
C07854,1,2691.54,New
C07855,3,4427.69,Repeat
C07856,1,1490.45,New
C07857,2,4250.87,Repeat
C07858,3,3000.07,Repeat
C07859,3,4835.21,Repeat
C07860,7,10923.57,Repeat
C07861,3,4499.2699999999995,Repeat
C07862,2,3071.45,Repeat
C07863,4,4147.59,Repeat
C07864,2,2532.17,Repeat
C07865,2,3119.88,Repeat
C07866,4,4947.33,Repeat
C07867,5,6191.0599999999995,Repeat
C07868,4,6120.450000000001,Repeat
C07869,8,9654.98,Repeat
C07870,4,4996.08,Repeat
C07871,5,6339.74,Repeat
C07872,4,4793.78,Repeat
C07873,1,2166.84,New
C07874,5,6627.55,Repeat
C07875,5,9650.01,Repeat
C07876,1,1067.08,New
C07877,1,860.78,New
C07878,6,10888.49,Repeat
C07879,1,1083.42,New
C07881,7,8053.59,Repeat
C07882,3,5381.59,Repeat
C07884,1,1064.78,New
C07885,2,2875.8,Repeat
C07886,3,3872.4,Repeat
C07887,9,15106.38,Repeat
C07888,3,3665.44,Repeat
C07889,6,10056.75,Repeat
C07890,3,5913.950000000001,Repeat
C07891,2,2405.3999999999996,Repeat
C07892,3,3115.87,Repeat
C07893,5,5881.34,Repeat
C07894,3,4382.15,Repeat
C07895,4,5506.09,Repeat
C07896,1,1810.13,New
C07897,5,7655.66,Repeat
C07898,2,2035.9499999999998,Repeat
C07899,5,7662.42,Repeat
C07900,2,4576.92,Repeat
C07901,3,5219.74,Repeat
C07902,3,4735.04,Repeat
C07903,1,1531.5,New
C07904,6,8787.32,Repeat
C07905,3,3737.21,Repeat
C07906,5,7987.78,Repeat
C07907,5,4976.4400000000005,Repeat
C07908,2,3023.29,Repeat
C07909,3,3095.93,Repeat
C07910,9,13246.52,Repeat
C07911,4,4223.99,Repeat
C07912,4,7696.16,Repeat
C07913,5,6851.389999999999,Repeat
C07914,3,3424.12,Repeat
C07915,6,11808.11,Repeat
C07916,6,7573.9,Repeat
C07917,2,4135.39,Repeat
C07918,5,5977.81,Repeat
C07919,4,6505.12,Repeat
C07920,8,12045.28,Repeat
C07921,5,6889.25,Repeat
C07922,5,6266.48,Repeat
C07923,6,8774.76,Repeat
C07924,5,6959.67,Repeat
C07925,3,3794.68,Repeat
C07926,5,5556.0599999999995,Repeat
C07927,2,3412.62,Repeat
C07928,4,7080.28,Repeat
C07930,7,10105.21,Repeat
C07931,2,2581.05,Repeat
C07932,7,9347.16,Repeat
C07933,1,1243.79,New
C07934,4,6602.16,Repeat
C07935,6,8944.85,Repeat
C07936,1,969.37,New
C07937,5,7177.51,Repeat
C07938,4,5236.4,Repeat
C07939,2,2044.4,Repeat
C07940,5,5135.42,Repeat
C07941,3,4788.22,Repeat
C07942,7,11736.63,Repeat
C07943,8,15347.25,Repeat
C07944,4,5462.400000000001,Repeat
C07945,3,4479.98,Repeat
C07946,4,8788.69,Repeat
C07947,3,4353.19,Repeat
C07948,5,6580.69,Repeat
C07949,4,5706.709999999999,Repeat
C07950,7,12278.199999999999,Repeat
C07951,2,3794.62,Repeat
C07952,2,2901.4,Repeat
C07953,5,8079.37,Repeat
C07954,4,3896.84,Repeat
C07955,3,7388.08,Repeat
C07956,7,11674.87,Repeat
C07957,5,5965.03,Repeat
C07958,4,5243.51,Repeat
C07959,8,16749.53,Repeat
C07960,3,4420.8099999999995,Repeat
C07961,3,4845.17,Repeat
C07962,1,1731.17,New
C07963,2,2795.81,Repeat
C07964,6,10131.59,Repeat
C07965,1,1104.79,New
C07966,3,8918.83,Repeat
C07967,6,8823.23,Repeat
C07968,4,5450.43,Repeat
C07969,2,6238.61,Repeat
C07970,1,631.03,New
C07971,5,8456.09,Repeat
C07972,4,7507.57,Repeat
C07973,5,8264.64,Repeat
C07974,4,8114.16,Repeat
C07975,4,3410.65,Repeat
C07976,2,2759.79,Repeat
C07977,4,7568.3099999999995,Repeat
C07978,5,7909.91,Repeat
C07979,3,4815.57,Repeat
C07980,4,4024.7799999999997,Repeat
C07981,3,4844.99,Repeat
C07982,3,3968.41,Repeat
C07983,2,2885.1899999999996,Repeat
C07984,7,9841.4,Repeat
C07985,2,2763.12,Repeat
C07986,4,5524.24,Repeat
C07987,2,2600.8,Repeat
C07988,1,1013.73,New
C07989,2,2047.2199999999998,Repeat
C07990,5,6218.22,Repeat
C07991,5,14336.96,Repeat
C07992,2,2766.48,Repeat
C07993,5,5378.11,Repeat
C07994,4,5184.99,Repeat
C07996,2,2908.0699999999997,Repeat
C07997,5,6472.22,Repeat
C07998,5,10016.78,Repeat
C07999,1,2123.85,New
C08000,2,1332.17,Repeat
C08001,7,12419.18,Repeat
C08002,2,2334.71,Repeat
C08003,4,10432.46,Repeat
C08004,3,5489.49,Repeat
C08005,5,7377.110000000001,Repeat
C08006,4,9750.73,Repeat
C08007,4,7125.360000000001,Repeat
C08008,2,2190.4300000000003,Repeat
C08009,4,6562.299999999999,Repeat
C08011,5,6654.5,Repeat
C08012,4,5340.26,Repeat
C08013,1,2398.84,New
C08015,4,9252.86,Repeat
C08016,6,10672.65,Repeat
C08017,2,1904.77,Repeat
C08018,2,3656.6,Repeat
C08019,4,4348.469999999999,Repeat
C08020,2,2595.1800000000003,Repeat
C08021,5,6386.05,Repeat
C08022,7,9106.66,Repeat
C08023,5,7402.139999999999,Repeat
C08024,8,10642.05,Repeat
C08025,4,4740.28,Repeat
C08026,3,3781.41,Repeat
C08027,2,6198.719999999999,Repeat
C08028,5,7087.139999999999,Repeat
C08029,5,9328.06,Repeat
C08030,8,9783.39,Repeat
C08031,5,14424.21,Repeat
C08032,8,17886.14,Repeat
C08033,9,15672.779999999999,Repeat
C08034,2,2814.26,Repeat
C08035,2,2836.17,Repeat
C08036,4,6064.389999999999,Repeat
C08037,6,9902.47,Repeat
C08038,7,8696.66,Repeat
C08039,8,7753.98,Repeat
C08040,6,10063.24,Repeat
C08041,6,8868.49,Repeat
C08042,2,2403.78,Repeat
C08043,3,2787.79,Repeat
C08044,5,6720.57,Repeat
C08045,4,5644.63,Repeat
C08046,1,922.96,New
C08047,3,5199.78,Repeat
C08048,6,7131.41,Repeat
C08049,6,6482.58,Repeat
C08050,8,12269.27,Repeat
C08051,3,4609.38,Repeat
C08052,6,6457.3,Repeat
C08053,2,2646.27,Repeat
C08054,1,3224.22,New
C08055,8,13318.59,Repeat
C08056,6,8183.79,Repeat
C08057,8,12335.32,Repeat
C08058,3,4446.8099999999995,Repeat
C08059,2,1970.7599999999998,Repeat
C08060,2,5119.27,Repeat
C08061,2,2909.67,Repeat
C08062,2,2807.0,Repeat
C08063,5,7687.200000000001,Repeat
C08064,4,7445.9,Repeat
C08065,3,2943.39,Repeat
C08066,4,7587.4,Repeat
C08067,2,2717.1,Repeat
C08068,5,6696.75,Repeat
C08069,4,5024.46,Repeat
C08070,3,3847.5699999999997,Repeat
C08071,3,5690.18,Repeat
C08072,3,3561.8199999999997,Repeat
C08073,8,10568.05,Repeat
C08074,7,11750.970000000001,Repeat
C08075,2,3428.27,Repeat
C08076,2,1749.5,Repeat
C08077,5,7368.08,Repeat
C08078,2,4192.32,Repeat
C08079,6,7008.95,Repeat
C08080,3,3687.8,Repeat
C08081,1,1731.17,New
C08082,6,11484.91,Repeat
C08083,5,7425.77,Repeat
C08084,3,7573.370000000001,Repeat
C08085,2,2521.21,Repeat
C08086,3,3304.88,Repeat
C08087,5,9559.33,Repeat
C08088,4,4825.700000000001,Repeat
C08089,3,4815.110000000001,Repeat
C08090,2,3767.96,Repeat
C08091,5,6867.01,Repeat
C08092,2,2114.99,Repeat
C08093,1,2285.32,New
C08094,2,2661.24,Repeat
C08095,4,7527.55,Repeat
C08096,6,8507.31,Repeat
C08097,5,6083.87,Repeat
C08098,4,5231.96,Repeat
C08099,4,6695.74,Repeat
C08100,4,5355.530000000001,Repeat
C08101,7,8186.780000000001,Repeat
C08102,2,4446.35,Repeat
C08103,6,7510.1,Repeat
C08104,2,3426.62,Repeat
C08105,1,1595.74,New
C08106,3,2852.08,Repeat
C08107,6,8010.44,Repeat
C08108,5,6496.65,Repeat
C08109,2,2208.34,Repeat
C08110,3,4148.57,Repeat
C08111,3,4942.02,Repeat
C08112,7,10856.14,Repeat
C08113,4,7052.18,Repeat
C08114,5,7553.79,Repeat
C08116,3,7743.57,Repeat
C08117,6,10254.880000000001,Repeat
C08118,2,2284.14,Repeat
C08119,3,6947.48,Repeat
C08120,3,2542.72,Repeat
C08121,5,11755.41,Repeat
C08122,4,6592.469999999999,Repeat
C08123,1,2440.07,New
C08124,4,6135.88,Repeat
C08125,4,9123.36,Repeat
C08126,3,2914.64,Repeat
C08127,5,9388.17,Repeat
C08128,5,4773.01,Repeat
C08129,5,6698.93,Repeat
C08130,4,9322.51,Repeat
C08131,5,6566.96,Repeat
C08132,4,7636.26,Repeat
C08133,3,4932.08,Repeat
C08134,4,5308.15,Repeat
C08135,2,4662.12,Repeat
C08136,6,8497.39,Repeat
C08137,1,1623.82,New
C08138,3,3956.52,Repeat
C08139,5,6429.83,Repeat
C08140,6,8715.79,Repeat
C08141,4,5788.09,Repeat
C08142,6,7192.48,Repeat
C08143,5,6524.5199999999995,Repeat
C08144,6,7613.4,Repeat
C08145,3,3095.54,Repeat
C08146,1,745.2,New
C08147,6,11382.779999999999,Repeat
C08148,5,8628.86,Repeat
C08149,6,8430.55,Repeat
C08150,3,3580.4700000000003,Repeat
C08151,5,7415.34,Repeat
C08152,6,8306.27,Repeat
C08153,1,1284.25,New
C08154,1,1575.84,New
C08155,4,6486.6900000000005,Repeat
C08156,8,15164.189999999999,Repeat
C08157,2,3514.29,Repeat
C08158,7,9400.06,Repeat
C08160,7,10992.11,Repeat
C08161,5,6420.9,Repeat
C08162,4,8884.74,Repeat
C08163,2,1615.08,Repeat
C08164,3,5462.82,Repeat
C08165,4,5999.11,Repeat
C08166,5,8085.72,Repeat
C08167,5,7721.59,Repeat
C08168,1,954.93,New
C08169,6,6961.23,Repeat
C08170,4,9057.36,Repeat
C08171,3,2677.39,Repeat
C08172,5,8003.88,Repeat
C08173,3,7179.3099999999995,Repeat
C08174,6,9444.9,Repeat
C08175,2,3141.17,Repeat
C08176,2,2491.33,Repeat
C08177,2,2604.98,Repeat
C08178,4,5681.7,Repeat
C08179,6,8381.91,Repeat
C08181,2,3646.39,Repeat
C08182,2,4145.4400000000005,Repeat
C08183,2,2754.63,Repeat
C08184,4,5872.910000000001,Repeat
C08185,1,670.68,New
C08186,4,3943.23,Repeat
C08187,5,13657.94,Repeat
C08188,3,3853.5699999999997,Repeat
C08189,4,6778.26,Repeat
C08191,6,8841.33,Repeat
C08192,2,2874.92,Repeat
C08193,3,4621.700000000001,Repeat
C08194,5,10272.689999999999,Repeat
C08195,3,5032.99,Repeat
C08196,6,8713.93,Repeat
C08197,5,6249.39,Repeat
C08198,6,12563.43,Repeat
C08199,3,4750.9400000000005,Repeat
C08201,5,11433.85,Repeat
C08202,1,1486.93,New
C08203,4,6462.09,Repeat
C08204,4,5980.19,Repeat
C08205,4,5134.0199999999995,Repeat
C08206,7,11706.08,Repeat
C08207,6,7197.5599999999995,Repeat
C08208,4,7268.16,Repeat
C08209,5,6024.8099999999995,Repeat
C08210,4,5921.96,Repeat
C08211,4,5701.860000000001,Repeat
C08212,1,666.08,New
C08213,8,14697.869999999999,Repeat
C08214,2,2161.43,Repeat
C08215,6,13495.11,Repeat
C08216,2,2626.44,Repeat
C08217,5,11664.57,Repeat
C08218,5,6857.73,Repeat
C08219,4,4612.9400000000005,Repeat
C08220,2,2827.42,Repeat
C08221,1,1102.82,New
C08222,4,4663.61,Repeat
C08223,2,1618.24,Repeat
C08224,4,4580.97,Repeat
C08225,3,6582.0,Repeat
C08226,4,5591.13,Repeat
C08227,8,10438.81,Repeat
C08228,3,4222.47,Repeat
C08229,1,2280.88,New
C08230,2,2672.24,Repeat
C08231,3,2734.64,Repeat
C08232,4,5693.1900000000005,Repeat
C08233,2,2578.75,Repeat
C08234,2,2350.95,Repeat
C08236,3,4902.06,Repeat
C08237,5,11289.59,Repeat
C08238,5,7694.25,Repeat
C08239,6,7452.61,Repeat
C08240,5,6996.39,Repeat
C08241,2,2156.29,Repeat
C08242,2,3107.69,Repeat
C08243,3,4910.2300000000005,Repeat
C08244,6,9789.97,Repeat
C08245,6,10687.33,Repeat
C08246,5,12529.17,Repeat
C08247,4,4314.42,Repeat
C08248,6,6892.8099999999995,Repeat
C08249,3,3634.43,Repeat
C08250,5,6637.370000000001,Repeat
C08251,4,6830.14,Repeat
C08252,6,9506.89,Repeat
C08253,9,14626.04,Repeat
C08254,7,12082.01,Repeat
C08255,5,5654.28,Repeat
C08256,2,2554.46,Repeat
C08257,2,2464.8599999999997,Repeat
C08258,1,1450.9,New
C08259,4,4549.389999999999,Repeat
C08261,3,7297.05,Repeat
C08262,3,4859.389999999999,Repeat
C08263,3,4932.05,Repeat
C08264,4,5804.85,Repeat
C08265,4,6053.76,Repeat
C08266,3,4526.9,Repeat
C08267,3,3419.4700000000003,Repeat
C08268,5,8210.37,Repeat
C08269,2,1840.39,Repeat
C08270,2,2405.05,Repeat
C08271,3,6402.92,Repeat
C08272,2,5483.74,Repeat
C08273,4,5429.48,Repeat
C08274,2,2944.35,Repeat
C08275,7,9950.93,Repeat
C08276,3,3978.47,Repeat
C08277,3,4994.6900000000005,Repeat
C08279,7,8591.56,Repeat
C08280,7,11929.32,Repeat
C08281,1,1612.11,New
C08282,3,4301.87,Repeat
C08283,2,2258.61,Repeat
C08284,4,4725.719999999999,Repeat
C08285,2,2109.98,Repeat
C08286,3,3429.09,Repeat
C08287,2,2099.57,Repeat
C08288,5,5930.65,Repeat
C08289,2,3478.33,Repeat
C08290,1,1461.44,New
C08291,4,5735.650000000001,Repeat
C08292,2,2291.81,Repeat
C08293,4,4984.86,Repeat
C08294,3,4044.2,Repeat
C08295,2,3319.45,Repeat
C08296,4,4607.35,Repeat
C08298,2,4266.28,Repeat
C08299,7,8635.59,Repeat
C08300,2,2815.39,Repeat
C08301,1,1207.88,New
C08302,5,6727.63,Repeat
C08303,4,5466.41,Repeat
C08304,3,4099.25,Repeat
C08305,4,6734.2,Repeat
C08306,4,5266.7,Repeat
C08307,2,2156.53,Repeat
C08308,4,8821.03,Repeat
C08309,6,13183.220000000001,Repeat
C08310,2,4488.73,Repeat
C08311,4,5485.59,Repeat
C08312,1,1102.82,New
C08313,3,3448.29,Repeat
C08314,7,9471.48,Repeat
C08315,8,13026.03,Repeat
C08316,3,5472.5599999999995,Repeat
C08317,3,3209.5299999999997,Repeat
C08318,7,11053.32,Repeat
C08319,4,5773.14,Repeat
C08320,3,4126.86,Repeat
C08321,1,1224.06,New
C08322,6,6976.92,Repeat
C08323,6,7879.49,Repeat
C08324,3,3860.49,Repeat
C08325,4,4659.11,Repeat
C08326,3,6098.5199999999995,Repeat
C08327,2,2771.55,Repeat
C08328,8,10943.73,Repeat
C08329,2,3422.69,Repeat
C08330,9,10035.5,Repeat
C08331,3,4213.9,Repeat
C08332,4,6678.3,Repeat
C08333,7,8352.26,Repeat
C08334,3,4229.139999999999,Repeat
C08335,4,7411.639999999999,Repeat
C08336,3,3152.05,Repeat
C08337,8,11148.189999999999,Repeat
C08338,3,3846.94,Repeat
C08339,4,5785.39,Repeat
C08340,3,3048.31,Repeat
C08341,3,4150.21,Repeat
C08343,4,6478.9,Repeat
C08344,3,3048.3500000000004,Repeat
C08345,2,2622.08,Repeat
C08346,5,7273.16,Repeat
C08347,3,3872.24,Repeat
C08348,5,7896.32,Repeat
C08349,6,5738.08,Repeat
C08350,1,2311.65,New
C08351,6,8482.38,Repeat
C08352,4,6959.0,Repeat
C08353,3,3635.46,Repeat
C08354,4,6431.24,Repeat
C08355,3,4981.47,Repeat
C08356,3,4880.2699999999995,Repeat
C08357,4,4803.38,Repeat
C08358,5,6652.7,Repeat
C08359,8,11389.27,Repeat
C08360,7,15306.22,Repeat
C08361,8,13418.4,Repeat
C08362,6,8028.39,Repeat
C08363,3,5646.04,Repeat
C08364,6,6992.62,Repeat
C08365,5,10937.48,Repeat
C08366,4,9707.9,Repeat
C08367,3,3303.94,Repeat
C08368,4,7084.76,Repeat
C08369,4,3341.1,Repeat
C08370,4,5919.12,Repeat
C08371,7,10428.29,Repeat
C08372,3,4512.52,Repeat
C08373,4,6625.0199999999995,Repeat
C08374,3,3603.25,Repeat
C08375,5,6869.46,Repeat
C08376,6,8978.22,Repeat
C08377,6,12848.6,Repeat
C08378,3,9085.28,Repeat
C08379,2,2367.34,Repeat
C08380,1,1004.4,New
C08381,6,7587.75,Repeat
C08382,2,2811.5,Repeat
C08383,6,5821.28,Repeat
C08384,3,4117.54,Repeat
C08385,7,9968.0,Repeat
C08386,5,5723.04,Repeat
C08387,7,8598.7,Repeat
C08388,3,4112.48,Repeat
C08389,5,7746.82,Repeat
C08390,4,6187.46,Repeat
C08391,2,1605.12,Repeat
C08392,3,4216.41,Repeat
C08393,3,4071.6099999999997,Repeat
C08394,2,3131.59,Repeat
C08395,4,5496.280000000001,Repeat
C08396,7,8234.07,Repeat
C08397,3,5140.29,Repeat
C08398,5,6353.7,Repeat
C08400,11,15192.08,Repeat
C08401,5,6593.66,Repeat
C08402,3,5343.34,Repeat
C08403,4,5567.719999999999,Repeat
C08404,7,9642.61,Repeat
C08405,3,3869.5299999999997,Repeat
C08406,2,2400.75,Repeat
C08407,3,7152.33,Repeat
C08408,3,4861.05,Repeat
C08409,9,8857.61,Repeat
C08410,3,5718.64,Repeat
C08411,6,15659.869999999999,Repeat
C08412,2,2835.8,Repeat
C08413,4,6456.639999999999,Repeat
C08414,7,14666.08,Repeat
C08415,6,8097.3,Repeat
C08416,4,7231.849999999999,Repeat
C08417,6,12951.67,Repeat
C08418,4,5726.13,Repeat
C08419,4,4014.5299999999997,Repeat
C08420,3,4320.66,Repeat
C08421,6,8193.66,Repeat
C08422,3,3507.92,Repeat
C08423,4,5898.799999999999,Repeat
C08424,3,7501.92,Repeat
C08425,3,5079.49,Repeat
C08426,5,7529.92,Repeat
C08427,3,3323.6400000000003,Repeat
C08428,2,2387.0699999999997,Repeat
C08429,2,1490.42,Repeat
C08430,7,8665.539999999999,Repeat
C08431,4,7351.18,Repeat
C08432,5,8072.12,Repeat
C08433,1,1339.46,New
C08434,4,5166.25,Repeat
C08435,4,4149.42,Repeat
C08436,4,3645.73,Repeat
C08437,4,6357.02,Repeat
C08438,6,13562.52,Repeat
C08439,4,6126.57,Repeat
C08440,4,6503.09,Repeat
C08441,2,3243.12,Repeat
C08442,5,7270.88,Repeat
C08443,3,3959.51,Repeat
C08444,3,2859.49,Repeat
C08445,3,3369.38,Repeat
C08446,3,4339.99,Repeat
C08447,3,3484.3500000000004,Repeat
C08448,2,1952.9099999999999,Repeat
C08449,5,6531.86,Repeat
C08450,2,3822.85,Repeat
C08451,3,4821.44,Repeat
C08452,5,5169.97,Repeat
C08453,3,4488.95,Repeat
C08454,3,3775.45,Repeat
C08455,5,6377.1900000000005,Repeat
C08456,3,9184.52,Repeat
C08457,4,5777.02,Repeat
C08458,3,3585.38,Repeat
C08459,3,5322.3099999999995,Repeat
C08460,4,4549.4,Repeat
C08461,6,10098.82,Repeat
C08462,3,4212.71,Repeat
C08463,2,2841.5699999999997,Repeat
C08464,4,4207.71,Repeat
C08465,1,994.31,New
C08466,4,10278.310000000001,Repeat
C08467,4,4820.84,Repeat
C08468,7,12668.57,Repeat
C08469,3,3495.13,Repeat
C08470,6,6631.68,Repeat
C08471,1,1112.86,New
C08472,3,2237.02,Repeat
C08473,3,5420.76,Repeat
C08474,1,2903.27,New
C08475,7,11191.84,Repeat
C08476,6,8506.85,Repeat
C08477,4,7959.6,Repeat
C08478,6,8202.86,Repeat
C08479,3,5476.57,Repeat
C08481,7,6867.17,Repeat
C08482,4,6689.92,Repeat
C08483,3,6118.55,Repeat
C08484,4,4564.35,Repeat
C08485,4,6989.42,Repeat
C08486,3,4752.66,Repeat
C08487,2,3675.21,Repeat
C08488,5,8875.34,Repeat
C08489,4,4190.82,Repeat
C08490,2,1817.3700000000001,Repeat
C08491,6,7868.54,Repeat
C08492,5,5911.73,Repeat
C08493,4,4994.33,Repeat
C08494,3,2626.63,Repeat
C08495,7,7662.08,Repeat
C08496,5,10171.54,Repeat
C08497,3,3033.33,Repeat
C08498,2,1739.51,Repeat
C08499,2,4307.5,Repeat
C08500,9,12097.57,Repeat
C08501,3,4349.76,Repeat
C08502,5,7102.65,Repeat
C08503,1,1261.37,New
C08504,2,2283.95,Repeat
C08505,2,3290.56,Repeat
C08506,1,992.54,New
C08507,3,3406.4,Repeat
C08508,2,3893.99,Repeat
C08509,5,5620.88,Repeat
C08510,4,5141.97,Repeat
C08511,3,4454.48,Repeat
C08512,5,10206.65,Repeat
C08513,2,6418.37,Repeat
C08514,4,5621.05,Repeat
C08515,6,8552.73,Repeat
C08516,4,5853.54,Repeat
C08517,1,1679.73,New
C08518,2,5052.61,Repeat
C08520,5,7879.91,Repeat
C08521,2,2683.42,Repeat
C08522,10,15749.98,Repeat
C08523,5,6651.63,Repeat
C08524,6,12326.16,Repeat
C08525,3,2926.09,Repeat
C08527,6,8693.57,Repeat
C08528,4,5230.5599999999995,Repeat
C08529,3,7142.7300000000005,Repeat
C08530,3,3335.86,Repeat
C08531,8,9183.7,Repeat
C08532,10,10244.27,Repeat
C08533,2,1891.22,Repeat
C08534,2,2182.91,Repeat
C08535,4,5807.639999999999,Repeat
C08536,2,2812.3599999999997,Repeat
C08537,7,10525.98,Repeat
C08538,6,9403.91,Repeat
C08539,8,17407.53,Repeat
C08540,4,4318.57,Repeat
C08541,4,4291.530000000001,Repeat
C08542,4,5887.18,Repeat
C08543,2,2186.5,Repeat
C08544,3,2549.34,Repeat
C08545,4,8072.719999999999,Repeat
C08546,2,2534.77,Repeat
C08547,2,2839.75,Repeat
C08548,3,3410.73,Repeat
C08549,8,10246.33,Repeat
C08550,1,3359.46,New
C08551,5,6956.72,Repeat
C08552,6,7724.05,Repeat
C08553,5,7063.34,Repeat
C08554,4,5895.889999999999,Repeat
C08555,3,3962.03,Repeat
C08556,5,5980.16,Repeat
C08557,7,7836.0,Repeat
C08558,4,6643.38,Repeat
C08559,2,2884.56,Repeat
C08560,4,6883.47,Repeat
C08561,1,849.96,New
C08562,3,5596.7699999999995,Repeat
C08563,4,6125.78,Repeat
C08564,1,1220.04,New
C08565,4,5897.2699999999995,Repeat
C08566,4,4976.79,Repeat
C08567,3,6484.96,Repeat
C08568,2,4008.9700000000003,Repeat
C08569,3,3998.3900000000003,Repeat
C08570,1,745.2,New
C08571,1,1220.49,New
C08572,5,5078.32,Repeat
C08573,6,9786.31,Repeat
C08574,5,5434.16,Repeat
C08575,4,6525.62,Repeat
C08576,6,8050.74,Repeat
C08577,6,12999.0,Repeat
C08578,4,8180.07,Repeat
C08579,5,5521.360000000001,Repeat
C08580,1,1198.3,New
C08581,4,5998.71,Repeat
C08582,5,9492.49,Repeat
C08583,1,1336.82,New
C08584,2,1967.9099999999999,Repeat
C08585,7,13350.36,Repeat
C08586,3,3682.0699999999997,Repeat
C08587,2,2645.45,Repeat
C08588,3,4110.92,Repeat
C08589,1,1207.88,New
C08590,3,4114.68,Repeat
C08591,3,4312.8,Repeat
C08592,3,4750.530000000001,Repeat
C08593,1,2530.62,New
C08594,9,13137.82,Repeat
C08595,4,6146.67,Repeat
C08596,3,3391.6099999999997,Repeat
C08597,5,6634.34,Repeat
C08598,6,8240.119999999999,Repeat
C08599,9,12738.880000000001,Repeat
C08600,4,6778.62,Repeat
C08601,2,2883.05,Repeat
C08602,1,1309.25,New
C08603,2,4370.46,Repeat
C08604,6,6337.13,Repeat
C08605,6,10779.31,Repeat
C08606,3,3700.77,Repeat
C08607,3,4317.74,Repeat
C08608,6,6908.51,Repeat
C08609,4,5055.73,Repeat
C08610,6,8764.95,Repeat
C08611,4,6566.43,Repeat
C08612,1,897.18,New
C08613,7,10883.04,Repeat
C08614,5,9812.65,Repeat
C08615,4,5108.46,Repeat
C08616,2,2558.96,Repeat
C08617,3,3173.0299999999997,Repeat
C08618,3,2877.49,Repeat
C08619,6,13297.199999999999,Repeat
C08620,2,2348.39,Repeat
C08621,3,3166.71,Repeat
C08622,4,5265.18,Repeat
C08623,6,11721.130000000001,Repeat
C08624,5,8795.87,Repeat
C08625,6,6439.9,Repeat
C08626,8,10925.720000000001,Repeat
C08627,4,7163.4,Repeat
C08628,4,5088.07,Repeat
C08629,3,5873.78,Repeat
C08630,4,10234.24,Repeat
C08631,1,1004.4,New
C08632,5,7629.57,Repeat
C08633,7,10000.09,Repeat
C08634,5,6678.87,Repeat
C08635,4,5663.349999999999,Repeat
C08636,2,7518.17,Repeat
C08637,3,5567.53,Repeat
C08638,4,5305.2,Repeat
C08639,2,3856.8900000000003,Repeat
C08640,3,5851.38,Repeat
C08641,3,4814.34,Repeat
C08642,6,11762.8,Repeat
C08643,2,3178.38,Repeat
C08644,3,3903.99,Repeat
C08645,4,5118.56,Repeat
C08646,3,6725.67,Repeat
C08647,4,6309.04,Repeat
C08648,6,8986.59,Repeat
C08649,4,8161.400000000001,Repeat
C08650,6,8120.13,Repeat
C08651,3,7102.02,Repeat
C08652,2,3621.6400000000003,Repeat
C08653,2,5263.04,Repeat
C08654,4,7190.57,Repeat
C08655,4,6717.88,Repeat
C08656,5,6360.53,Repeat
C08657,5,7633.75,Repeat
C08658,2,3126.7,Repeat
C08659,4,5546.57,Repeat
C08660,3,3756.87,Repeat
C08661,3,5578.1900000000005,Repeat
C08662,5,8224.09,Repeat
C08663,4,4651.04,Repeat
C08664,2,5235.09,Repeat
C08665,4,6344.4,Repeat
C08666,4,4045.7300000000005,Repeat
C08667,3,4862.17,Repeat
C08668,3,4326.29,Repeat
C08669,7,8394.73,Repeat
C08670,4,4551.68,Repeat
C08671,4,5548.360000000001,Repeat
C08672,4,6985.24,Repeat
C08673,5,6067.82,Repeat
C08674,2,2286.26,Repeat
C08675,4,5315.1,Repeat
C08676,6,9855.75,Repeat
C08677,1,1142.66,New
C08678,4,9209.82,Repeat
C08679,3,3423.87,Repeat
C08680,5,7362.86,Repeat
C08681,5,12519.11,Repeat
C08682,4,8267.65,Repeat
C08683,3,3576.23,Repeat
C08684,3,5172.41,Repeat
C08685,2,2394.57,Repeat
C08686,3,6241.33,Repeat
C08687,2,2617.3,Repeat
C08688,8,12229.92,Repeat
C08689,4,6464.19,Repeat
C08690,7,8955.18,Repeat
C08692,7,13169.09,Repeat
C08693,5,6485.9,Repeat
C08694,1,1104.79,New
C08695,5,5203.7,Repeat
C08697,5,12533.81,Repeat
C08698,3,4342.09,Repeat
C08699,3,3867.19,Repeat
C08700,4,5049.549999999999,Repeat
C08701,1,1532.28,New
C08702,5,8619.59,Repeat
C08703,4,5024.44,Repeat
C08704,1,701.14,New
C08705,3,3953.33,Repeat
C08706,6,8236.220000000001,Repeat
C08707,3,4333.469999999999,Repeat
C08708,2,5270.370000000001,Repeat
C08709,5,5008.5599999999995,Repeat
C08710,4,6134.89,Repeat
C08711,2,3775.66,Repeat
C08713,1,1475.54,New
C08714,6,7903.86,Repeat
C08715,1,1011.54,New
C08716,2,3722.78,Repeat
C08717,3,4888.5599999999995,Repeat
C08718,4,7289.71,Repeat
C08719,5,5740.38,Repeat
C08720,5,9329.630000000001,Repeat
C08721,7,8481.83,Repeat
C08722,6,9184.24,Repeat
C08723,6,12798.03,Repeat
C08724,6,6285.4,Repeat
C08725,3,4836.3,Repeat
C08726,5,6672.280000000001,Repeat
C08727,5,7542.17,Repeat
C08728,3,4396.47,Repeat
C08729,2,3717.03,Repeat
C08730,4,5960.0,Repeat
C08731,3,5134.3,Repeat
C08732,2,2628.02,Repeat
C08733,3,3665.33,Repeat
C08734,5,10826.16,Repeat
C08735,5,5883.66,Repeat
C08736,8,11296.78,Repeat
C08737,4,7276.18,Repeat
C08738,3,3223.95,Repeat
C08739,3,3631.89,Repeat
C08740,3,5008.45,Repeat
C08741,1,1288.3,New
C08742,3,3658.55,Repeat
C08743,6,9826.01,Repeat
C08744,2,5690.86,Repeat
C08745,2,3455.2200000000003,Repeat
C08746,1,1232.91,New
C08747,3,2914.0099999999998,Repeat
C08748,4,9294.96,Repeat
C08749,3,3217.51,Repeat
C08750,2,2739.8,Repeat
C08751,1,1220.04,New
C08752,4,6249.679999999999,Repeat
C08753,4,5074.45,Repeat
C08754,2,2223.7999999999997,Repeat
C08755,3,3527.71,Repeat
C08756,4,7406.57,Repeat
C08757,3,3664.17,Repeat
C08758,3,3840.2,Repeat
C08759,6,8696.98,Repeat
C08760,4,4559.45,Repeat
C08761,1,992.54,New
C08762,5,9280.97,Repeat
C08763,2,1509.62,Repeat
C08764,3,4622.94,Repeat
C08766,2,2187.6400000000003,Repeat
C08767,6,14975.06,Repeat
C08768,4,6347.75,Repeat
C08769,1,2525.1,New
C08770,1,1679.73,New
C08771,1,849.96,New
C08772,2,2860.16,Repeat
C08773,5,7565.85,Repeat
C08774,3,3084.12,Repeat
C08775,3,3706.63,Repeat
C08776,1,1083.42,New
C08777,7,6964.679999999999,Repeat
C08778,2,2693.41,Repeat
C08779,4,5361.68,Repeat
C08780,3,3644.73,Repeat
C08781,6,7015.46,Repeat
C08782,6,8815.77,Repeat
C08783,5,8957.4,Repeat
C08784,2,4073.0600000000004,Repeat
C08785,3,2863.46,Repeat
C08786,5,7729.04,Repeat
C08787,3,5549.91,Repeat
C08788,5,7061.17,Repeat
C08789,3,3005.86,Repeat
C08790,3,4881.389999999999,Repeat
C08791,3,7933.37,Repeat
C08792,4,5681.1900000000005,Repeat
C08793,5,8741.14,Repeat
C08794,9,11659.49,Repeat
C08795,3,4356.87,Repeat
C08796,6,6300.32,Repeat
C08797,2,1962.14,Repeat
C08798,5,5933.97,Repeat
C08799,1,2822.18,New
C08800,7,9496.09,Repeat
C08801,3,4462.97,Repeat
C08802,6,9541.02,Repeat
C08803,9,14915.76,Repeat
C08804,8,9496.55,Repeat
C08805,3,3969.8,Repeat
C08806,1,3247.64,New
C08807,6,5983.91,Repeat
C08808,2,2927.1800000000003,Repeat
C08809,7,10354.98,Repeat
C08810,1,1005.19,New
C08811,1,2803.53,New
C08812,4,7980.209999999999,Repeat
C08813,7,9237.539999999999,Repeat
C08814,2,1542.72,Repeat
C08815,2,3877.9900000000002,Repeat
C08816,3,5269.14,Repeat
C08817,4,5469.85,Repeat
C08818,5,8291.07,Repeat
C08819,8,10623.6,Repeat
C08820,7,10042.42,Repeat
C08821,6,10173.64,Repeat
C08822,7,17209.82,Repeat
C08824,3,4909.93,Repeat
C08825,3,4120.6,Repeat
C08827,3,6195.61,Repeat
C08828,1,670.69,New
C08829,3,2925.94,Repeat
C08830,2,3867.8999999999996,Repeat
C08831,3,4213.599999999999,Repeat
C08832,8,10922.27,Repeat
C08833,3,4849.99,Repeat
C08834,2,2319.08,Repeat
C08835,4,4701.66,Repeat
C08836,2,5917.57,Repeat
C08838,2,1906.24,Repeat
C08839,5,6259.4,Repeat
C08840,2,2617.47,Repeat
C08841,4,5459.15,Repeat
C08842,1,1341.36,New
C08843,4,4340.25,Repeat
C08844,2,2420.02,Repeat
C08845,3,4004.65,Repeat
C08846,6,6980.049999999999,Repeat
C08847,7,12613.289999999999,Repeat
C08848,3,6686.11,Repeat
C08849,5,10557.71,Repeat
C08850,7,9527.57,Repeat
C08851,6,8146.18,Repeat
C08852,3,5036.73,Repeat
C08853,2,3339.67,Repeat
C08854,4,5599.49,Repeat
C08855,2,2364.1899999999996,Repeat
C08856,3,4055.5099999999998,Repeat
C08857,7,11162.39,Repeat
C08858,4,4098.84,Repeat
C08859,4,4662.46,Repeat
C08860,3,6491.57,Repeat
C08861,2,2743.94,Repeat
C08862,3,3845.3,Repeat
C08863,4,7936.27,Repeat
C08864,5,10770.1,Repeat
C08865,3,3650.2299999999996,Repeat
C08866,4,6295.05,Repeat
C08867,6,8040.18,Repeat
C08868,5,6184.3,Repeat
C08869,4,5430.36,Repeat
C08870,2,4987.07,Repeat
C08871,5,7036.639999999999,Repeat
C08872,2,3183.38,Repeat
C08873,3,5130.9,Repeat
C08874,7,14356.23,Repeat
C08875,3,4916.55,Repeat
C08876,4,6641.5,Repeat
C08877,7,9992.72,Repeat
C08878,5,6448.19,Repeat
C08879,5,8358.22,Repeat
C08880,4,8145.43,Repeat
C08881,3,3896.36,Repeat
C08882,5,10613.3,Repeat
C08883,4,5167.47,Repeat
C08884,2,4458.04,Repeat
C08885,6,7144.46,Repeat
C08886,5,6339.9400000000005,Repeat
C08887,3,3259.58,Repeat
C08888,2,3786.47,Repeat
C08889,1,1135.23,New
C08890,4,7331.299999999999,Repeat
C08891,4,11260.25,Repeat
C08892,6,10270.51,Repeat
C08893,2,1561.68,Repeat
C08895,6,8530.02,Repeat
C08896,1,2209.58,New
C08897,5,7754.79,Repeat
C08898,3,4350.36,Repeat
C08899,6,7708.530000000001,Repeat
C08900,3,5565.12,Repeat
C08901,3,4249.47,Repeat
C08902,8,10103.47,Repeat
C08903,3,3988.99,Repeat
C08904,4,6374.11,Repeat
C08905,5,6716.69,Repeat
C08906,6,8265.3,Repeat
C08907,5,6843.88,Repeat
C08908,5,7322.9,Repeat
C08909,8,13354.4,Repeat
C08910,3,3540.12,Repeat
C08911,3,4308.92,Repeat
C08912,1,944.4,New
C08913,9,14964.33,Repeat
C08914,1,1749.33,New
C08915,3,6340.369999999999,Repeat
C08916,4,7050.71,Repeat
C08917,9,15611.8,Repeat
C08918,3,4699.11,Repeat
C08919,8,11632.23,Repeat
C08920,3,5615.16,Repeat
C08921,3,4225.23,Repeat
C08922,2,2557.33,Repeat
C08923,6,9581.0,Repeat
C08924,8,13445.11,Repeat
C08925,8,10607.3,Repeat
C08926,5,5870.36,Repeat
C08927,3,3530.77,Repeat
C08928,3,3652.99,Repeat
C08929,6,8595.78,Repeat
C08930,5,6580.33,Repeat
C08931,3,4957.93,Repeat
C08932,5,6365.35,Repeat
C08933,2,4131.65,Repeat
C08934,5,6419.98,Repeat
C08935,3,6098.37,Repeat
C08936,3,4531.0599999999995,Repeat
C08937,2,2559.44,Repeat
C08938,2,4698.280000000001,Repeat
C08939,4,4714.54,Repeat
C08940,4,4305.28,Repeat
C08941,2,2212.5299999999997,Repeat
C08942,5,10147.73,Repeat
C08943,2,1972.5900000000001,Repeat
C08944,1,3852.75,New
C08945,1,707.94,New
C08946,5,6760.65,Repeat
C08947,1,1411.09,New
C08948,5,7947.57,Repeat
C08949,1,745.21,New
C08950,3,3547.6,Repeat
C08951,1,1532.28,New
C08952,6,8194.12,Repeat
C08953,2,2451.6800000000003,Repeat
C08954,6,7938.32,Repeat
C08955,4,6240.25,Repeat
C08956,4,4278.6900000000005,Repeat
C08957,3,3406.33,Repeat
C08958,4,8568.93,Repeat
C08959,5,8489.14,Repeat
C08960,1,1262.55,New
C08961,2,3240.2200000000003,Repeat
C08962,8,10715.47,Repeat
C08963,3,4493.04,Repeat
C08964,6,7766.66,Repeat
C08965,3,3404.9399999999996,Repeat
C08966,5,7403.29,Repeat
C08967,5,5620.59,Repeat
C08968,4,5701.6,Repeat
C08969,2,2656.99,Repeat
C08970,6,9112.26,Repeat
C08971,4,5347.51,Repeat
C08972,3,6532.13,Repeat
C08973,5,6189.33,Repeat
C08974,4,7150.51,Repeat
C08975,5,8096.110000000001,Repeat
C08976,2,2710.49,Repeat
C08977,4,4107.12,Repeat
C08978,4,4721.53,Repeat
C08979,3,5578.099999999999,Repeat
C08980,4,7914.5,Repeat
C08981,4,5514.91,Repeat
C08982,10,20340.420000000002,Repeat
C08983,4,5242.7,Repeat
C08984,3,3526.59,Repeat
C08985,5,6135.88,Repeat
C08986,7,9930.91,Repeat
C08987,7,13757.77,Repeat
C08988,5,6397.04,Repeat
C08989,2,4315.34,Repeat
C08990,5,6158.04,Repeat
C08991,1,1661.86,New
C08992,1,1261.37,New
C08993,5,8074.16,Repeat
C08994,2,2900.46,Repeat
C08995,7,9190.38,Repeat
C08996,5,9129.93,Repeat
C08997,1,1360.07,New
C08998,1,1852.43,New
C08999,4,8376.69,Repeat
C09000,6,8820.09,Repeat
C09001,2,2270.19,Repeat
C09002,7,9097.66,Repeat
C09003,4,4124.97,Repeat
C09004,3,4868.0599999999995,Repeat
C09005,6,6858.02,Repeat
C09006,3,6322.75,Repeat
C09007,5,6804.39,Repeat
C09008,3,3930.94,Repeat
C09009,5,11204.3,Repeat
C09010,2,2006.58,Repeat
C09011,4,6664.04,Repeat
C09012,4,5120.58,Repeat
C09014,4,5460.97,Repeat
C09015,2,1518.88,Repeat
C09016,3,4539.21,Repeat
C09017,3,5752.52,Repeat
C09018,5,7824.55,Repeat
C09019,6,8321.48,Repeat
C09020,6,9488.55,Repeat
C09021,6,7671.969999999999,Repeat
C09022,5,5293.18,Repeat
C09023,6,9048.73,Repeat
C09024,3,5590.66,Repeat
C09025,7,9734.8,Repeat
C09026,3,3619.62,Repeat
C09027,3,5065.34,Repeat
C09028,4,5655.7300000000005,Repeat
C09030,1,977.26,New
C09031,2,6418.5599999999995,Repeat
C09032,4,4452.67,Repeat
C09033,4,4966.4400000000005,Repeat
C09034,3,6593.0,Repeat
C09036,5,8371.72,Repeat
C09037,3,6231.29,Repeat
C09038,5,6139.950000000001,Repeat
C09039,5,9207.369999999999,Repeat
C09040,3,5193.89,Repeat
C09041,6,8468.5,Repeat
C09042,4,5549.1,Repeat
C09043,2,3001.3199999999997,Repeat
C09044,5,8523.69,Repeat
C09045,7,7240.38,Repeat
C09046,6,8036.23,Repeat
C09047,4,3748.74,Repeat
C09048,2,3242.05,Repeat
C09049,6,9665.63,Repeat
C09050,5,9838.73,Repeat
C09051,3,3833.75,Repeat
C09052,5,6331.19,Repeat
C09053,3,3447.45,Repeat
C09054,2,2005.98,Repeat
C09055,11,26844.91,Repeat
C09056,5,9046.01,Repeat
C09057,2,2760.0699999999997,Repeat
C09058,3,3217.3199999999997,Repeat
C09059,5,8941.45,Repeat
C09060,3,5185.88,Repeat
C09061,1,707.95,New
C09062,4,4912.07,Repeat
C09063,3,4623.14,Repeat
C09064,7,10675.05,Repeat
C09065,3,2967.3999999999996,Repeat
C09066,3,3691.1800000000003,Repeat
C09067,3,5669.32,Repeat
C09068,2,2106.23,Repeat
C09070,2,3173.05,Repeat
C09071,5,6426.42,Repeat
C09072,4,5405.58,Repeat
C09073,4,5557.85,Repeat
C09074,6,13541.66,Repeat
C09075,3,5983.57,Repeat
C09076,4,3902.99,Repeat
C09077,4,4246.35,Repeat
C09078,3,5487.83,Repeat
C09079,3,3656.29,Repeat
C09080,3,3686.6400000000003,Repeat
C09081,2,3389.38,Repeat
C09082,3,4102.68,Repeat
C09083,4,5025.59,Repeat
C09084,6,8507.89,Repeat
C09085,6,8486.9,Repeat
C09086,2,3421.08,Repeat
C09087,4,4343.05,Repeat
C09088,7,10909.7,Repeat
C09089,5,11309.61,Repeat
C09090,5,6387.799999999999,Repeat
C09091,4,4743.280000000001,Repeat
C09092,3,5421.53,Repeat
C09093,5,4705.04,Repeat
C09094,2,1728.88,Repeat
C09095,3,4594.51,Repeat
C09096,5,7168.25,Repeat
C09097,3,5700.139999999999,Repeat
C09098,4,5503.14,Repeat
C09099,3,9371.44,Repeat
C09100,5,6932.8099999999995,Repeat
C09101,4,6516.280000000001,Repeat
C09102,2,3746.81,Repeat
C09103,3,5102.110000000001,Repeat
C09104,3,5612.22,Repeat
C09105,2,2618.5,Repeat
C09106,2,3354.99,Repeat
C09107,3,6218.36,Repeat
C09108,5,7604.969999999999,Repeat
C09109,4,5663.0599999999995,Repeat
C09110,4,6467.98,Repeat
C09111,3,3126.54,Repeat
C09112,4,6209.62,Repeat
C09113,4,5878.4400000000005,Repeat
C09114,5,8667.17,Repeat
C09115,4,8320.57,Repeat
C09116,2,2014.82,Repeat
C09117,5,7522.26,Repeat
C09118,3,4425.63,Repeat
C09119,3,3305.2,Repeat
C09120,5,6120.719999999999,Repeat
C09121,1,1595.74,New
C09122,5,8776.1,Repeat
C09123,2,2811.23,Repeat
C09124,9,14082.23,Repeat
C09125,1,1064.78,New
C09126,5,8478.0,Repeat
C09127,2,4470.93,Repeat
C09128,4,3811.2,Repeat
C09129,3,3610.98,Repeat
C09130,2,2468.55,Repeat
C09131,5,5722.21,Repeat
C09133,6,8081.53,Repeat
C09134,4,5279.33,Repeat
C09135,5,7627.99,Repeat
C09136,2,2728.52,Repeat
C09137,3,5914.7,Repeat
C09138,3,4310.1,Repeat
C09140,5,12066.329999999998,Repeat
C09141,1,3644.56,New
C09142,6,8205.29,Repeat
C09143,4,5870.969999999999,Repeat
C09144,3,5574.799999999999,Repeat
C09145,4,8912.1,Repeat
C09146,2,1972.5900000000001,Repeat
C09147,3,5378.76,Repeat
C09148,6,10664.23,Repeat
C09149,2,4007.2799999999997,Repeat
C09150,4,5262.88,Repeat
C09151,4,4175.8099999999995,Repeat
C09152,3,4774.21,Repeat
C09153,3,4140.97,Repeat
C09154,6,7567.68,Repeat
C09155,3,4006.96,Repeat
C09156,4,5052.49,Repeat
C09157,7,11042.42,Repeat
C09158,2,3330.69,Repeat
C09159,5,4799.75,Repeat
C09160,1,666.08,New
C09161,3,4189.04,Repeat
C09162,1,954.93,New
C09163,3,5221.5,Repeat
C09164,3,3554.58,Repeat
C09165,1,707.95,New
C09166,3,4044.57,Repeat
C09167,3,4905.6900000000005,Repeat
C09168,3,7479.3099999999995,Repeat
C09169,6,7713.4,Repeat
C09170,1,937.4,New
C09171,5,6559.6900000000005,Repeat
C09172,8,10714.93,Repeat
C09173,2,7564.289999999999,Repeat
C09174,6,7095.84,Repeat
C09175,7,13741.67,Repeat
C09176,5,10694.74,Repeat
C09177,2,3037.48,Repeat
C09178,4,9251.01,Repeat
C09179,8,10737.1,Repeat
C09180,6,7510.22,Repeat
C09181,4,8682.36,Repeat
C09182,5,5042.900000000001,Repeat
C09184,1,2415.75,New
C09185,5,6268.37,Repeat
C09186,6,12217.95,Repeat
C09187,5,7576.29,Repeat
C09188,3,2605.3100000000004,Repeat
C09189,3,7849.19,Repeat
C09190,4,7110.93,Repeat
C09191,2,2580.34,Repeat
C09192,2,1685.2,Repeat
C09193,3,3599.04,Repeat
C09194,5,7655.87,Repeat
C09195,3,6206.24,Repeat
C09196,3,4743.91,Repeat
C09197,6,10165.5,Repeat
C09198,2,2621.4399999999996,Repeat
C09199,5,10206.41,Repeat
C09200,4,4039.17,Repeat
C09201,2,3227.6499999999996,Repeat
C09202,3,7190.12,Repeat
C09203,2,2082.0299999999997,Repeat
C09204,5,6196.7699999999995,Repeat
C09205,3,3446.38,Repeat
C09206,3,3897.54,Repeat
C09207,2,2193.85,Repeat
C09208,5,7256.219999999999,Repeat
C09209,8,15139.49,Repeat
C09210,2,1867.4099999999999,Repeat
C09211,3,4137.0,Repeat
C09212,3,4892.11,Repeat
C09213,5,5413.05,Repeat
C09214,6,8455.130000000001,Repeat
C09215,3,4007.08,Repeat
C09216,6,9432.04,Repeat
C09217,6,7304.33,Repeat
C09218,3,4302.66,Repeat
C09219,2,2350.98,Repeat
C09220,3,3892.15,Repeat
C09221,2,4929.719999999999,Repeat
C09222,1,1271.45,New
C09223,4,5194.8,Repeat
C09224,2,2660.86,Repeat
C09225,5,8066.68,Repeat
C09226,7,9745.12,Repeat
C09227,3,3377.94,Repeat
C09228,3,4788.4,Repeat
C09229,2,2217.02,Repeat
C09230,5,6939.25,Repeat
C09231,3,4908.4,Repeat
C09232,2,3025.6800000000003,Repeat
C09233,2,2693.46,Repeat
C09234,1,954.93,New
C09235,1,1749.33,New
C09236,4,7868.15,Repeat
C09237,3,3651.36,Repeat
C09238,2,1841.58,Repeat
C09239,1,817.74,New
C09240,3,3566.56,Repeat
C09241,6,7754.2,Repeat
C09242,4,4689.73,Repeat
C09243,4,4637.46,Repeat
C09244,8,12578.66,Repeat
C09245,10,12482.869999999999,Repeat
C09246,3,5679.72,Repeat
C09247,3,3565.9700000000003,Repeat
C09248,5,7642.29,Repeat
C09249,3,3715.4700000000003,Repeat
C09250,3,4509.79,Repeat
C09251,4,4923.89,Repeat
C09252,2,2273.6099999999997,Repeat
C09253,2,2401.85,Repeat
C09254,7,12271.7,Repeat
C09255,2,3940.0899999999997,Repeat
C09256,1,897.18,New
C09257,4,7908.73,Repeat
C09258,4,6708.62,Repeat
C09259,4,5545.38,Repeat
C09260,4,6332.0,Repeat
C09261,9,12197.76,Repeat
C09262,3,5050.86,Repeat
C09264,3,4750.5,Repeat
C09265,8,11987.3,Repeat
C09266,3,6655.46,Repeat
C09267,5,6594.45,Repeat
C09268,4,3675.22,Repeat
C09269,3,3094.01,Repeat
C09270,2,1849.29,Repeat
C09271,4,5577.16,Repeat
C09272,3,4239.1,Repeat
C09273,3,3959.6099999999997,Repeat
C09274,4,4850.77,Repeat
C09275,1,1136.29,New
C09276,5,8376.45,Repeat
C09277,3,5987.86,Repeat
C09278,4,4263.8099999999995,Repeat
C09279,3,6932.83,Repeat
C09280,5,6802.78,Repeat
C09281,3,3700.43,Repeat
C09283,7,7651.82,Repeat
C09284,5,9763.36,Repeat
C09285,5,8831.59,Repeat
C09286,8,13059.970000000001,Repeat
C09287,2,2304.47,Repeat
C09288,5,8925.130000000001,Repeat
C09289,6,9774.65,Repeat
C09290,2,1886.47,Repeat
C09291,4,6684.55,Repeat
C09292,6,10907.81,Repeat
C09293,5,9540.130000000001,Repeat
C09294,1,2235.63,New
C09295,3,3034.1,Repeat
C09296,1,1656.05,New
C09297,3,3559.8199999999997,Repeat
C09298,4,5987.0,Repeat
C09299,5,7338.75,Repeat
C09300,1,1461.44,New
C09301,5,7757.98,Repeat
C09302,5,8841.0,Repeat
C09303,1,3644.56,New
C09304,2,2077.84,Repeat
C09305,6,8550.29,Repeat
C09306,6,7733.15,Repeat
C09307,3,6960.23,Repeat
C09308,5,5978.97,Repeat
C09309,4,7629.14,Repeat
C09310,4,9732.29,Repeat
C09311,6,8370.19,Repeat
C09312,2,3126.1299999999997,Repeat
C09313,4,3453.8199999999997,Repeat
C09314,8,12363.95,Repeat
C09315,1,1083.42,New
C09316,6,5842.83,Repeat
C09317,5,10227.88,Repeat
C09318,2,6409.950000000001,Repeat
C09319,3,6241.21,Repeat
C09320,2,1845.44,Repeat
C09321,4,5827.94,Repeat
C09322,4,4457.05,Repeat
C09323,3,3364.9799999999996,Repeat
C09324,2,3021.64,Repeat
C09325,8,10138.1,Repeat
C09326,5,7382.36,Repeat
C09327,2,2082.29,Repeat
C09328,6,7604.82,Repeat
C09329,1,745.2,New
C09330,3,6301.77,Repeat
C09331,5,7466.1900000000005,Repeat
C09332,4,5038.26,Repeat
C09333,1,2817.21,New
C09334,2,1490.41,Repeat
C09335,4,8652.84,Repeat
C09336,2,3711.82,Repeat
C09337,6,7889.110000000001,Repeat
C09338,5,7940.68,Repeat
C09339,2,2983.45,Repeat
C09340,4,4666.75,Repeat
C09341,3,5824.4,Repeat
C09342,2,4129.35,Repeat
C09343,1,2525.1,New
C09344,2,4491.15,Repeat
C09345,2,3340.2,Repeat
C09346,5,6586.610000000001,Repeat
C09347,2,2752.3199999999997,Repeat
C09348,3,3589.88,Repeat
C09349,3,4132.98,Repeat
C09350,2,2195.8999999999996,Repeat
C09351,2,3818.79,Repeat
C09352,3,4011.9700000000003,Repeat
C09353,5,8672.11,Repeat
C09354,6,11274.24,Repeat
C09355,3,4828.71,Repeat
C09356,3,3757.81,Repeat
C09357,4,5397.67,Repeat
C09358,1,1640.05,New
C09359,1,1809.34,New
C09360,3,3542.19,Repeat
C09361,1,1140.44,New
C09362,5,5155.85,Repeat
C09363,4,5498.79,Repeat
C09364,8,12769.67,Repeat
C09365,6,9329.6,Repeat
C09366,5,5261.03,Repeat
C09367,5,8490.08,Repeat
C09368,7,15476.0,Repeat
C09369,4,5232.97,Repeat
C09370,5,6330.07,Repeat
C09371,4,6168.21,Repeat
C09372,9,17892.76,Repeat
C09373,3,6519.73,Repeat
C09374,2,2124.29,Repeat
C09375,7,8253.23,Repeat
C09376,2,3344.94,Repeat
C09377,3,5265.92,Repeat
C09378,7,9584.46,Repeat
C09379,3,3383.64,Repeat
C09380,2,2245.8,Repeat
C09381,4,6050.79,Repeat
C09382,7,7529.82,Repeat
C09383,8,11128.51,Repeat
C09384,1,1224.06,New
C09385,2,3238.16,Repeat
C09386,6,7763.94,Repeat
C09387,5,5901.51,Repeat
C09388,6,7742.219999999999,Repeat
C09389,1,2356.65,New
C09390,6,11035.43,Repeat
C09391,1,1805.64,New
C09392,6,12553.900000000001,Repeat
C09394,3,4537.75,Repeat
C09395,5,5541.85,Repeat
C09396,4,7124.24,Repeat
C09397,3,6562.15,Repeat
C09399,4,5099.83,Repeat
C09400,4,7018.97,Repeat
C09401,1,1262.55,New
C09402,8,11206.94,Repeat
C09403,4,4815.45,Repeat
C09404,3,3171.7,Repeat
C09405,5,5713.73,Repeat
C09406,1,1595.74,New
C09407,4,6303.070000000001,Repeat
C09408,4,8870.75,Repeat
C09409,4,5304.47,Repeat
C09410,4,5540.12,Repeat
C09411,1,670.69,New
C09412,1,3023.51,New
C09413,3,8156.01,Repeat
C09414,5,6918.0599999999995,Repeat
C09415,7,8646.57,Repeat
C09416,7,12769.74,Repeat
C09417,3,5402.33,Repeat
C09418,2,3170.91,Repeat
C09419,1,1140.44,New
C09420,4,8196.64,Repeat
C09422,5,5473.46,Repeat
C09423,2,4373.42,Repeat
C09424,7,11152.15,Repeat
C09425,3,5072.96,Repeat
C09426,8,11485.84,Repeat
C09427,2,3383.96,Repeat
C09428,5,7709.01,Repeat
C09429,4,7374.37,Repeat
C09430,3,3926.98,Repeat
C09431,1,2739.8,New
C09432,4,8519.93,Repeat
C09433,5,7865.01,Repeat
C09434,5,5467.76,Repeat
C09435,1,853.74,New
C09436,2,2525.09,Repeat
C09437,1,843.54,New
C09438,1,1451.64,New
C09439,2,2866.4,Repeat
C09440,4,6519.03,Repeat
C09441,6,7468.83,Repeat
C09442,6,10531.19,Repeat
C09443,3,3590.0699999999997,Repeat
C09444,2,4325.92,Repeat
C09445,5,10661.509999999998,Repeat
C09446,4,6907.26,Repeat
C09447,4,3698.16,Repeat
C09448,2,4964.43,Repeat
C09449,4,4703.700000000001,Repeat
C09450,1,2739.8,New
C09451,3,8685.02,Repeat
C09452,1,1047.68,New
C09453,6,10826.869999999999,Repeat
C09454,3,5641.29,Repeat
C09456,3,7249.17,Repeat
C09457,1,670.69,New
C09458,3,4810.0,Repeat
C09459,2,3413.3399999999997,Repeat
C09460,6,9092.65,Repeat
C09461,2,3445.99,Repeat
C09462,3,6151.44,Repeat
C09463,5,7574.97,Repeat
C09464,4,6570.32,Repeat
C09465,4,6433.03,Repeat
C09466,6,8707.35,Repeat
C09467,2,1722.47,Repeat
C09468,2,2106.86,Repeat
C09469,6,8976.83,Repeat
C09470,3,2500.83,Repeat
C09471,5,5974.6,Repeat
C09472,4,7272.18,Repeat
C09473,5,8736.93,Repeat
C09474,2,2933.26,Repeat
C09475,4,5101.59,Repeat
C09476,3,3452.45,Repeat
C09477,1,1199.42,New
C09478,2,5313.97,Repeat
C09479,5,5841.6,Repeat
C09480,1,1360.07,New
C09481,9,13158.15,Repeat
C09482,2,2668.8999999999996,Repeat
C09483,1,1356.1,New
C09484,4,5370.94,Repeat
C09485,3,3338.38,Repeat
C09486,1,1874.79,New
C09487,3,5469.469999999999,Repeat
C09488,4,8225.41,Repeat
C09489,10,13344.31,Repeat
C09491,4,3940.85,Repeat
C09492,8,11609.77,Repeat
C09493,2,3395.2,Repeat
C09494,3,4357.389999999999,Repeat
C09495,5,5344.099999999999,Repeat
C09496,1,878.72,New
C09497,6,10746.02,Repeat
C09498,3,3140.13,Repeat
C09499,2,5465.67,Repeat
C09500,3,4760.6900000000005,Repeat
C09501,2,2530.84,Repeat
C09502,6,7011.66,Repeat
C09503,4,8323.74,Repeat
C09504,1,2311.65,New
C09505,7,11182.25,Repeat
C09506,4,7127.849999999999,Repeat
C09507,2,2689.5,Repeat
C09508,6,6531.95,Repeat
C09509,4,7649.75,Repeat
C09510,4,4647.27,Repeat
C09511,3,5552.6,Repeat
C09512,5,8461.130000000001,Repeat
C09513,4,4843.0,Repeat
C09514,3,3298.96,Repeat
C09516,5,9229.95,Repeat
C09517,3,4667.88,Repeat
C09518,4,10276.72,Repeat
C09519,4,5163.61,Repeat
C09520,2,2064.05,Repeat
C09521,7,7799.76,Repeat
C09522,2,4279.1,Repeat
C09523,5,5604.9400000000005,Repeat
C09524,4,6829.55,Repeat
C09525,2,3897.5299999999997,Repeat
C09526,3,5600.92,Repeat
C09527,2,7090.66,Repeat
C09528,5,5588.57,Repeat
C09529,5,9155.76,Repeat
C09530,2,1883.47,Repeat
C09531,3,2817.34,Repeat
C09532,3,3265.44,Repeat
C09533,5,7463.96,Repeat
C09534,6,8544.39,Repeat
C09535,2,3561.0299999999997,Repeat
C09536,7,11239.55,Repeat
C09537,2,2916.88,Repeat
C09538,6,6851.21,Repeat
C09539,6,8634.52,Repeat
C09540,5,8805.43,Repeat
C09541,5,9108.06,Repeat
C09542,2,3541.08,Repeat
C09543,4,3853.96,Repeat
C09544,4,7023.03,Repeat
C09545,1,1207.88,New
C09547,3,7825.96,Repeat
C09548,4,8660.939999999999,Repeat
C09549,6,11582.28,Repeat
C09550,3,5914.82,Repeat
C09551,4,5538.37,Repeat
C09552,10,14042.47,Repeat
C09553,6,12789.77,Repeat
C09554,5,6721.84,Repeat
C09555,4,5391.4400000000005,Repeat
C09556,1,801.36,New
C09557,3,5973.46,Repeat
C09558,6,9193.82,Repeat
C09559,3,3509.4300000000003,Repeat
C09560,6,11906.14,Repeat
C09561,2,3191.49,Repeat
C09562,2,3699.12,Repeat
C09563,2,2346.16,Repeat
C09564,6,7925.549999999999,Repeat
C09565,6,8020.27,Repeat
C09566,3,4565.379999999999,Repeat
C09567,3,3568.3199999999997,Repeat
C09568,5,6229.3,Repeat
C09569,2,3955.48,Repeat
C09570,4,8552.08,Repeat
C09571,1,1199.42,New
C09572,6,8357.42,Repeat
C09573,4,9608.44,Repeat
C09574,1,1220.04,New
C09575,6,7709.54,Repeat
C09576,3,3213.85,Repeat
C09577,5,5637.9,Repeat
C09578,7,9089.44,Repeat
C09579,4,6064.469999999999,Repeat
C09580,4,4869.31,Repeat
C09581,3,3772.11,Repeat
C09582,3,5108.0,Repeat
C09583,6,8827.130000000001,Repeat
C09584,2,4088.0600000000004,Repeat
C09585,5,6482.86,Repeat
C09587,4,4411.23,Repeat
C09588,4,4787.02,Repeat
C09589,3,4508.65,Repeat
C09590,1,849.96,New
C09591,1,1271.45,New
C09592,5,8523.41,Repeat
C09593,5,5204.1,Repeat
C09594,6,6796.900000000001,Repeat
C09595,5,5254.42,Repeat
C09596,5,7114.369999999999,Repeat
C09597,2,2501.33,Repeat
C09598,5,9371.22,Repeat
C09599,5,6902.219999999999,Repeat
C09600,1,1595.74,New
C09601,4,4871.76,Repeat
C09602,6,7309.4,Repeat
C09603,4,3625.98,Repeat
C09604,3,10311.779999999999,Repeat
C09605,3,6580.889999999999,Repeat
C09606,3,4209.53,Repeat
C09607,5,10103.68,Repeat
C09608,1,1346.89,New
C09609,4,7130.45,Repeat
C09610,4,6675.5599999999995,Repeat
C09611,6,10724.630000000001,Repeat
C09612,8,8641.31,Repeat
C09613,3,3403.67,Repeat
C09614,5,5680.6,Repeat
C09615,3,6434.84,Repeat
C09616,6,8862.16,Repeat
C09617,2,2374.3,Repeat
C09618,3,3686.98,Repeat
C09619,5,7473.03,Repeat
C09620,2,3668.8,Repeat
C09621,2,2864.01,Repeat
C09622,6,7167.9,Repeat
C09623,1,1140.44,New
C09624,5,10075.37,Repeat
C09625,6,12542.27,Repeat
C09626,8,9110.35,Repeat
C09627,8,10482.199999999999,Repeat
C09628,1,904.67,New
C09629,8,20183.67,Repeat
C09630,7,12655.9,Repeat
C09631,4,9519.77,Repeat
C09632,6,8864.51,Repeat
C09633,5,8641.19,Repeat
C09634,3,4934.6900000000005,Repeat
C09635,6,8431.42,Repeat
C09636,1,1155.82,New
C09637,3,5642.530000000001,Repeat
C09638,4,4650.35,Repeat
C09639,4,7037.84,Repeat
C09640,2,2415.41,Repeat
C09641,4,5718.87,Repeat
C09642,5,7781.33,Repeat
C09643,5,11393.099999999999,Repeat
C09644,2,2006.57,Repeat
C09645,1,992.54,New
C09646,4,8427.88,Repeat
C09647,4,4329.9,Repeat
C09648,3,3417.91,Repeat
C09649,4,10149.08,Repeat
C09650,10,18878.26,Repeat
C09651,3,3462.33,Repeat
C09652,4,8266.460000000001,Repeat
C09653,5,5308.46,Repeat
C09654,2,3323.5299999999997,Repeat
C09655,4,5745.280000000001,Repeat
C09656,7,8622.69,Repeat
C09657,2,1857.9299999999998,Repeat
C09658,7,10395.42,Repeat
C09659,5,7718.88,Repeat
C09660,3,4340.92,Repeat
C09661,4,4804.84,Repeat
C09662,2,2493.79,Repeat
C09663,5,10356.84,Repeat
C09664,1,1532.28,New
C09665,3,3855.9900000000002,Repeat
C09666,5,5260.379999999999,Repeat
C09667,1,944.4,New
C09668,5,7265.88,Repeat
C09669,3,3200.7,Repeat
C09670,2,4265.139999999999,Repeat
C09671,6,8888.69,Repeat
C09672,4,4681.91,Repeat
C09673,3,3852.51,Repeat
C09674,4,4130.0,Repeat
C09675,8,12104.49,Repeat
C09676,2,2752.9700000000003,Repeat
C09677,5,7956.27,Repeat
C09678,5,10627.0,Repeat
C09679,7,9272.25,Repeat
C09680,3,4438.6,Repeat
C09681,2,2793.0200000000004,Repeat
C09682,6,7308.56,Repeat
C09683,5,8628.16,Repeat
C09684,3,3980.64,Repeat
C09685,5,5131.45,Repeat
C09686,8,10431.130000000001,Repeat
C09687,1,2404.09,New
C09688,4,3219.88,Repeat
C09689,3,4717.83,Repeat
C09690,5,10154.11,Repeat
C09691,3,2353.29,Repeat
C09692,7,9862.33,Repeat
C09693,4,6015.1900000000005,Repeat
C09694,6,8000.48,Repeat
C09695,6,12867.27,Repeat
C09696,4,5275.23,Repeat
C09697,6,11867.43,Repeat
C09698,4,4022.08,Repeat
C09699,5,5482.61,Repeat
C09700,2,3837.64,Repeat
C09701,5,11307.54,Repeat
C09702,6,7571.2,Repeat
C09703,5,6798.0599999999995,Repeat
C09704,1,1612.93,New
C09705,4,9812.01,Repeat
C09706,4,4284.7,Repeat
C09707,3,5420.1900000000005,Repeat
C09708,10,12984.28,Repeat
C09709,5,7371.49,Repeat
C09710,1,2008.8,New
C09711,3,5196.49,Repeat
C09712,5,7143.650000000001,Repeat
C09713,5,6570.55,Repeat
C09714,9,11207.539999999999,Repeat
C09715,7,10601.18,Repeat
C09716,7,9443.43,Repeat
C09717,3,4325.88,Repeat
C09718,4,5379.73,Repeat
C09719,1,1749.33,New
C09720,2,4694.42,Repeat
C09721,4,5037.58,Repeat
C09722,5,6208.73,Repeat
C09723,3,5723.1,Repeat
C09724,4,6557.4,Repeat
C09725,1,2171.68,New
C09726,6,6847.950000000001,Repeat
C09727,4,5785.86,Repeat
C09728,3,4118.31,Repeat
C09729,3,3908.95,Repeat
C09730,3,4701.5599999999995,Repeat
C09731,2,4036.8599999999997,Repeat
C09732,2,5140.01,Repeat
C09733,2,2959.0,Repeat
C09734,2,3210.37,Repeat
C09735,4,4270.57,Repeat
C09736,2,4592.2300000000005,Repeat
C09737,3,4304.41,Repeat
C09738,5,8369.12,Repeat
C09739,6,6210.23,Repeat
C09740,8,13623.15,Repeat
C09741,2,2348.64,Repeat
C09742,3,2820.1299999999997,Repeat
C09743,7,8492.47,Repeat
C09744,5,7539.07,Repeat
C09745,3,5316.85,Repeat
C09746,5,5809.03,Repeat
C09747,5,6161.0,Repeat
C09748,1,893.29,New
C09749,2,4116.15,Repeat
C09750,3,4625.23,Repeat
C09751,3,3680.42,Repeat
C09752,3,4448.29,Repeat
C09753,4,4848.85,Repeat
C09754,3,3128.96,Repeat
C09755,5,9514.73,Repeat
C09756,2,3459.21,Repeat
C09757,6,8842.35,Repeat
C09758,3,4085.17,Repeat
C09759,7,8228.89,Repeat
C09760,7,11300.74,Repeat
C09761,6,6777.79,Repeat
C09762,4,4379.26,Repeat
C09763,3,3779.31,Repeat
C09764,3,4870.6,Repeat
C09765,4,5415.43,Repeat
C09766,5,10524.76,Repeat
C09767,6,9441.91,Repeat
C09768,3,3687.0199999999995,Repeat
C09769,6,9423.359999999999,Repeat
C09770,4,8042.01,Repeat
C09771,3,4582.67,Repeat
C09772,3,5975.09,Repeat
C09773,4,4675.03,Repeat
C09774,2,3021.59,Repeat
C09775,3,4584.12,Repeat
C09776,6,10280.99,Repeat
C09777,4,8057.35,Repeat
C09778,5,7460.17,Repeat
C09779,5,7067.09,Repeat
C09780,7,8652.49,Repeat
C09781,4,6361.4,Repeat
C09782,2,2784.52,Repeat
C09783,3,6850.98,Repeat
C09784,4,5715.04,Repeat
C09785,5,4710.25,Repeat
C09786,5,6363.6,Repeat
C09787,4,5659.34,Repeat
C09788,5,7715.780000000001,Repeat
C09789,3,3515.9300000000003,Repeat
C09790,2,3586.81,Repeat
C09791,3,4763.2,Repeat
C09792,6,7431.849999999999,Repeat
C09793,4,4309.39,Repeat
C09794,3,3203.55,Repeat
C09795,2,2796.1099999999997,Repeat
C09796,3,5030.54,Repeat
C09797,3,3665.3999999999996,Repeat
C09798,4,7237.35,Repeat
C09799,1,1049.55,New
C09800,5,6126.23,Repeat
C09801,4,4864.8,Repeat
C09802,3,9602.96,Repeat
C09803,2,2819.07,Repeat
C09804,7,8010.05,Repeat
C09806,3,4800.44,Repeat
C09807,6,7913.33,Repeat
C09808,3,4722.21,Repeat
C09809,4,4562.19,Repeat
C09810,5,6270.44,Repeat
C09811,4,6493.55,Repeat
C09812,4,6141.74,Repeat
C09813,5,6720.65,Repeat
C09814,8,11935.18,Repeat
C09815,6,6972.5,Repeat
C09816,3,3966.02,Repeat
C09817,4,5622.58,Repeat
C09818,5,11538.029999999999,Repeat
C09819,5,7062.17,Repeat
C09820,3,2918.1,Repeat
C09822,5,5260.370000000001,Repeat
C09823,6,10377.58,Repeat
C09824,3,4190.74,Repeat
C09825,6,10612.46,Repeat
C09826,5,7003.68,Repeat
C09827,4,6286.030000000001,Repeat
C09828,2,2435.1800000000003,Repeat
C09829,2,2233.42,Repeat
C09830,1,2023.08,New
C09831,3,4179.85,Repeat
C09832,7,11204.89,Repeat
C09833,5,7619.5,Repeat
C09834,3,2702.0299999999997,Repeat
C09835,5,5988.63,Repeat
C09837,5,7125.0599999999995,Repeat
C09838,5,6575.71,Repeat
C09839,2,3886.13,Repeat
C09840,6,9959.51,Repeat
C09841,1,1135.23,New
C09842,2,2683.15,Repeat
C09843,4,6007.219999999999,Repeat
C09844,1,1049.55,New
C09845,3,3865.99,Repeat
C09846,2,4366.49,Repeat
C09847,3,3692.35,Repeat
C09848,4,9646.6,Repeat
C09849,3,4013.86,Repeat
C09850,2,2335.0299999999997,Repeat
C09851,10,17906.12,Repeat
C09852,4,5277.780000000001,Repeat
C09853,1,1104.79,New
C09854,3,3739.26,Repeat
C09855,6,11998.45,Repeat
C09856,3,8254.369999999999,Repeat
C09857,4,5087.42,Repeat
C09858,3,5707.13,Repeat
C09859,4,9009.83,Repeat
C09860,5,8701.05,Repeat
C09861,4,5173.07,Repeat
C09862,4,4386.8099999999995,Repeat
C09863,6,7854.219999999999,Repeat
C09864,6,9191.59,Repeat
C09865,3,5361.57,Repeat
C09866,3,3205.83,Repeat
C09867,2,3403.2400000000002,Repeat
C09868,1,670.69,New
C09869,4,7012.04,Repeat
C09870,5,8834.81,Repeat
C09871,4,5449.57,Repeat
C09872,3,4131.43,Repeat
C09873,5,6709.93,Repeat
C09874,2,2578.3599999999997,Repeat
C09875,4,4135.99,Repeat
C09876,7,11434.14,Repeat
C09877,6,6911.35,Repeat
C09878,2,3341.09,Repeat
C09879,8,10967.1,Repeat
C09880,3,6461.76,Repeat
C09881,4,9773.33,Repeat
C09882,5,8940.91,Repeat
C09883,4,5621.98,Repeat
C09884,5,5294.47,Repeat
C09885,4,8150.23,Repeat
C09886,3,2581.02,Repeat
C09887,4,5308.89,Repeat
C09888,5,8512.94,Repeat
C09889,3,4124.0599999999995,Repeat
C09890,2,2574.71,Repeat
C09891,2,1669.5700000000002,Repeat
C09892,7,10156.46,Repeat
C09893,6,8026.59,Repeat
C09894,4,4703.43,Repeat
C09895,4,8138.91,Repeat
C09896,3,3791.43,Repeat
C09897,2,2904.99,Repeat
C09898,6,10691.8,Repeat
C09899,4,6221.38,Repeat
C09900,2,1619.1,Repeat
C09901,5,7806.900000000001,Repeat
C09902,3,5148.49,Repeat
C09903,1,1661.86,New
C09904,7,13027.48,Repeat
C09906,5,11713.619999999999,Repeat
C09907,3,4649.389999999999,Repeat
C09908,2,2496.8999999999996,Repeat
C09909,1,939.07,New
C09910,5,10275.990000000002,Repeat
C09911,4,6352.99,Repeat
C09912,4,5031.02,Repeat
C09913,7,9645.97,Repeat
C09914,7,8748.45,Repeat
C09915,1,2922.88,New
C09916,2,3410.2200000000003,Repeat
C09917,6,7818.43,Repeat
C09918,2,2131.84,Repeat
C09919,5,6390.77,Repeat
C09920,5,10192.82,Repeat
C09921,6,11201.85,Repeat
C09922,11,19487.31,Repeat
C09923,3,7188.789999999999,Repeat
C09924,2,2206.6400000000003,Repeat
C09925,3,8074.049999999999,Repeat
C09926,2,2405.91,Repeat
C09927,5,7517.06,Repeat
C09928,7,12244.84,Repeat
C09929,5,8194.3,Repeat
C09930,5,7604.82,Repeat
C09931,4,6230.42,Repeat
C09932,3,4077.2200000000003,Repeat
C09933,4,6519.0599999999995,Repeat
C09934,3,4710.52,Repeat
C09935,7,7707.75,Repeat
C09936,4,5340.67,Repeat
C09937,4,6360.78,Repeat
C09938,2,4633.43,Repeat
C09939,4,7071.0,Repeat
C09940,6,11923.81,Repeat
C09941,2,2587.38,Repeat
C09942,3,4345.13,Repeat
C09943,2,1855.63,Repeat
C09944,3,5154.15,Repeat
C09945,5,7904.0599999999995,Repeat
C09946,3,4786.32,Repeat
C09947,1,3085.26,New
C09948,5,6918.8,Repeat
C09949,3,8611.630000000001,Repeat
C09950,4,7161.93,Repeat
C09951,3,3766.02,Repeat
C09952,6,6781.54,Repeat
C09953,3,5204.599999999999,Repeat
C09954,4,6222.530000000001,Repeat
C09955,4,5034.1,Repeat
C09956,6,14461.970000000001,Repeat
C09957,1,1369.9,New
C09958,4,4524.5,Repeat
C09959,6,7379.61,Repeat
C09960,1,1822.28,New
C09961,3,4054.8999999999996,Repeat
C09962,4,6978.92,Repeat
C09963,3,3393.99,Repeat
C09964,7,15043.09,Repeat
C09965,11,14507.849999999999,Repeat
C09966,3,8444.880000000001,Repeat
C09967,5,8435.7,Repeat
C09968,4,3693.86,Repeat
C09969,2,4799.860000000001,Repeat
C09970,4,5689.05,Repeat
C09971,5,6688.6900000000005,Repeat
C09972,1,1595.74,New
C09973,3,2966.1,Repeat
C09974,1,1309.25,New
C09975,4,8830.32,Repeat
C09976,3,3618.12,Repeat
C09977,4,4890.32,Repeat
C09978,6,7604.740000000001,Repeat
C09979,4,8118.99,Repeat
C09980,2,3819.83,Repeat
C09981,6,7165.57,Repeat
C09982,6,7773.96,Repeat
C09983,2,2191.98,Repeat
C09984,1,1081.2,New
C09985,3,5165.31,Repeat
C09986,3,4228.62,Repeat
C09987,6,6109.64,Repeat
C09988,3,4895.96,Repeat
C09989,1,849.96,New
C09990,5,6213.16,Repeat
C09991,2,2634.67,Repeat
C09992,5,7757.23,Repeat
C09993,3,4049.55,Repeat
C09994,7,8522.71,Repeat
C09995,2,2373.06,Repeat
C09996,3,3950.5099999999998,Repeat
C09997,3,2969.8900000000003,Repeat
C09998,2,4488.4,Repeat
C09999,3,4258.23,Repeat
C10000,7,8735.46,Repeat
C10001,5,7159.5,Repeat
C10002,6,10319.1,Repeat
C10003,3,10364.9,Repeat
C10004,4,5006.43,Repeat
C10005,1,937.4,New
C10006,3,5828.870000000001,Repeat
C10007,6,7155.61,Repeat
C10008,4,4143.09,Repeat
C10009,6,9492.439999999999,Repeat
C10010,6,7596.95,Repeat
C10011,3,4207.33,Repeat
C10012,4,7076.650000000001,Repeat
C10013,2,4988.34,Repeat
C10014,3,5810.9400000000005,Repeat
C10015,6,10649.11,Repeat
C10016,2,2641.48,Repeat
C10017,4,4688.74,Repeat
C10018,2,3497.83,Repeat
C10019,5,9219.07,Repeat
C10020,6,7861.41,Repeat
C10021,4,6281.79,Repeat
C10022,1,790.85,New
C10023,3,3255.87,Repeat
C10024,5,7708.610000000001,Repeat
C10025,5,6829.29,Repeat
C10027,5,7238.38,Repeat
C10028,1,1380.25,New
C10029,4,10235.34,Repeat
C10030,9,18152.85,Repeat
C10031,2,2901.49,Repeat
C10032,8,19470.38,Repeat
C10033,5,8346.27,Repeat
C10034,5,8825.130000000001,Repeat
C10035,2,3270.69,Repeat
C10036,5,8235.54,Repeat
C10037,3,4416.11,Repeat
C10038,5,5595.24,Repeat
C10039,4,5134.04,Repeat
C10040,3,4200.34,Repeat
C10041,4,6576.63,Repeat
C10042,3,5701.01,Repeat
C10043,2,2350.44,Repeat
C10044,4,4502.49,Repeat
C10045,5,9633.58,Repeat
C10047,4,5880.33,Repeat
C10048,2,3256.77,Repeat
C10049,6,6577.16,Repeat
C10050,5,9268.22,Repeat
C10051,7,11101.18,Repeat
C10052,7,11335.68,Repeat
C10053,1,1212.2,New
C10054,5,5816.16,Repeat
C10055,1,954.18,New
C10056,2,2381.46,Repeat
C10057,2,2132.98,Repeat
C10058,1,1201.33,New
C10059,5,8201.89,Repeat
C10060,3,8308.41,Repeat
C10061,6,7816.1,Repeat
C10062,2,5140.8,Repeat
C10063,6,10818.65,Repeat
C10064,5,6211.89,Repeat
C10065,2,1949.5900000000001,Repeat
C10066,3,5998.61,Repeat
C10067,2,4423.639999999999,Repeat
C10068,1,903.96,New
C10069,4,5844.74,Repeat
C10070,3,5870.3099999999995,Repeat
C10071,3,4655.26,Repeat
C10072,7,12343.44,Repeat
C10073,2,2647.58,Repeat
C10074,6,8693.789999999999,Repeat
C10075,4,4780.549999999999,Repeat
C10076,4,3415.69,Repeat
C10077,6,6707.83,Repeat
C10078,3,5856.77,Repeat
C10079,4,6978.3099999999995,Repeat
C10080,4,6012.17,Repeat
C10081,4,5676.52,Repeat
C10082,6,7837.89,Repeat
C10083,4,7906.5,Repeat
C10084,5,8341.47,Repeat
C10085,5,5704.58,Repeat
C10087,2,3381.48,Repeat
C10088,6,9110.89,Repeat
C10089,2,3355.69,Repeat
C10090,3,6996.27,Repeat
C10091,8,9431.07,Repeat
C10092,2,3354.56,Repeat
C10093,3,5716.3,Repeat
C10094,2,2672.7200000000003,Repeat
C10095,4,7171.42,Repeat
C10097,4,8547.189999999999,Repeat
C10098,5,5413.13,Repeat
C10099,3,3743.87,Repeat
C10100,2,4113.639999999999,Repeat
C10101,6,7224.92,Repeat
C10102,7,10254.28,Repeat
C10104,5,7633.42,Repeat
C10105,2,2738.09,Repeat
C10106,3,6020.5599999999995,Repeat
C10107,2,2794.44,Repeat
C10108,2,5979.9,Repeat
C10109,3,5967.78,Repeat
C10110,2,3010.7,Repeat
C10111,1,1004.4,New
C10112,4,7442.15,Repeat
C10113,5,9060.460000000001,Repeat
C10114,3,3381.96,Repeat
C10115,2,3077.3199999999997,Repeat
C10116,6,7444.49,Repeat
C10117,3,4527.28,Repeat
C10118,1,1485.36,New
C10119,1,1511.76,New
C10120,2,2805.73,Repeat
C10121,1,1612.93,New
C10122,2,2328.2,Repeat
C10123,4,9702.88,Repeat
C10124,3,2333.95,Repeat
C10125,5,8755.88,Repeat
C10126,3,3638.12,Repeat
C10127,5,5941.96,Repeat
C10128,2,2718.41,Repeat
C10129,1,2129.56,New
C10130,2,3146.5,Repeat
C10131,2,4822.04,Repeat
C10132,3,4953.93,Repeat
C10133,4,5670.49,Repeat
C10134,5,6067.97,Repeat
C10135,2,2569.32,Repeat
C10136,2,5325.54,Repeat
C10137,3,4181.1,Repeat
C10138,3,4759.16,Repeat
C10139,6,8748.55,Repeat
C10140,6,5688.88,Repeat
C10141,2,1852.25,Repeat
C10142,7,10044.85,Repeat
C10143,3,5684.23,Repeat
C10144,3,4327.08,Repeat
C10145,5,5605.54,Repeat
C10146,6,7551.08,Repeat
C10147,3,5341.32,Repeat
C10148,2,3021.71,Repeat
C10150,5,7735.139999999999,Repeat
C10151,5,7336.81,Repeat
C10152,5,6214.8,Repeat
C10153,6,8733.46,Repeat
C10154,5,8147.18,Repeat
C10155,4,4566.77,Repeat
C10156,4,4006.29,Repeat
C10157,7,12653.11,Repeat
C10158,2,3095.63,Repeat
C10159,1,1485.36,New
C10160,4,5459.95,Repeat
C10161,5,7953.0,Repeat
C10162,3,3721.04,Repeat
C10163,1,666.08,New
C10164,2,1887.8700000000001,Repeat
C10165,3,5465.73,Repeat
C10166,1,992.54,New
C10167,2,1958.58,Repeat
C10168,5,8269.25,Repeat
C10169,6,9622.6,Repeat
C10170,2,3818.97,Repeat
C10171,5,13407.769999999999,Repeat
C10172,3,3976.49,Repeat
C10173,4,4770.82,Repeat
C10174,4,7050.2699999999995,Repeat
C10175,2,2799.65,Repeat
C10176,3,5173.839999999999,Repeat
C10177,3,5747.22,Repeat
C10178,5,5493.01,Repeat
C10179,8,9613.44,Repeat
C10180,2,2914.4,Repeat
C10181,4,5595.47,Repeat
C10182,5,8808.630000000001,Repeat
C10184,8,11703.65,Repeat
C10185,4,4517.14,Repeat
C10186,2,4652.88,Repeat
C10187,4,6645.299999999999,Repeat
C10188,3,3722.8999999999996,Repeat
C10189,3,4381.5199999999995,Repeat
C10190,5,8249.74,Repeat
C10192,3,7035.3,Repeat
C10193,8,9821.52,Repeat
C10194,5,6971.6900000000005,Repeat
C10195,2,2505.13,Repeat
C10196,4,4804.77,Repeat
C10197,4,6636.43,Repeat
C10198,1,1284.25,New
C10199,4,6014.96,Repeat
C10200,3,3410.0499999999997,Repeat
C10201,2,2408.0299999999997,Repeat
C10202,3,3277.3999999999996,Repeat
C10203,2,3155.6099999999997,Repeat
C10204,2,2960.8999999999996,Repeat
C10205,1,2171.68,New
C10206,2,1909.02,Repeat
C10207,2,2820.58,Repeat
C10208,2,2512.75,Repeat
C10209,4,4791.18,Repeat
C10210,8,9818.16,Repeat
C10211,2,2924.3,Repeat
C10212,9,16801.05,Repeat
C10214,5,9540.47,Repeat
C10215,1,1749.33,New
C10216,4,7269.73,Repeat
C10217,1,2063.1,New
C10218,5,12266.36,Repeat
C10219,4,7075.22,Repeat
C10220,6,12589.42,Repeat
C10221,4,5569.599999999999,Repeat
C10222,1,4109.7,New
C10223,4,7199.94,Repeat
C10224,5,7825.42,Repeat
C10225,4,4427.29,Repeat
C10226,3,5752.09,Repeat
C10227,6,8655.25,Repeat
C10228,3,2751.08,Repeat
C10229,3,3296.69,Repeat
C10230,6,9201.4,Repeat
C10231,5,5029.88,Repeat
C10232,4,5601.68,Repeat
C10233,4,6643.06,Repeat
C10234,4,7196.0,Repeat
C10235,3,3125.29,Repeat
C10236,5,7870.259999999999,Repeat
C10237,4,6851.68,Repeat
C10239,1,759.19,New
C10240,4,6845.17,Repeat
C10241,4,6606.26,Repeat
C10242,8,10774.68,Repeat
C10243,3,3731.15,Repeat
C10244,5,9530.55,Repeat
C10245,4,7585.5599999999995,Repeat
C10246,4,6155.04,Repeat
C10247,2,2759.79,Repeat
C10248,5,6349.07,Repeat
C10249,2,2470.95,Repeat
C10250,6,9065.58,Repeat
C10251,4,7154.73,Repeat
C10252,2,2944.8900000000003,Repeat
C10253,6,8805.55,Repeat
C10254,2,2220.74,Repeat
C10255,6,10191.19,Repeat
C10256,3,5291.51,Repeat
C10257,4,5380.030000000001,Repeat
C10258,2,2556.5099999999998,Repeat
C10259,4,7043.07,Repeat
C10260,3,5068.32,Repeat
C10261,1,1679.73,New
C10262,5,6906.7699999999995,Repeat
C10263,3,3350.13,Repeat
C10264,3,4309.98,Repeat
C10265,6,8151.76,Repeat
C10266,3,5520.43,Repeat
C10267,3,4606.91,Repeat
C10268,3,4974.66,Repeat
C10269,3,3565.79,Repeat
C10270,2,1842.4,Repeat
C10271,2,4748.95,Repeat
C10272,4,3524.96,Repeat
C10273,3,2889.58,Repeat
C10274,3,3977.09,Repeat
C10275,4,7118.71,Repeat
C10276,6,10857.24,Repeat
C10277,3,3952.24,Repeat
C10278,4,4433.65,Repeat
C10279,4,4276.1,Repeat
C10280,6,13133.43,Repeat
C10281,2,2080.69,Repeat
C10282,2,2011.48,Repeat
C10283,3,4832.42,Repeat
C10284,3,3218.95,Repeat
C10285,6,10917.97,Repeat
C10286,2,2170.5,Repeat
C10287,6,10746.84,Repeat
C10288,4,6707.63,Repeat
C10289,3,5557.13,Repeat
C10290,3,3543.13,Repeat
C10291,4,5561.32,Repeat
C10292,6,10553.810000000001,Repeat
C10293,3,3386.74,Repeat
C10294,3,6663.65,Repeat
C10296,4,5266.47,Repeat
C10297,6,8274.039999999999,Repeat
C10298,6,9473.08,Repeat
C10299,3,6122.43,Repeat
C10301,5,5487.21,Repeat
C10302,3,3338.37,Repeat
C10303,6,6403.74,Repeat
C10304,3,4126.78,Repeat
C10305,5,5557.06,Repeat
C10306,6,8207.56,Repeat
C10307,3,4478.9,Repeat
C10308,3,3553.98,Repeat
C10309,1,2270.47,New
C10310,4,11323.2,Repeat
C10311,1,897.18,New
C10312,6,7894.37,Repeat
C10313,1,3519.62,New
C10314,1,2311.65,New
C10315,5,6219.69,Repeat
C10316,5,7871.71,Repeat
C10317,6,7642.81,Repeat
C10318,4,5143.35,Repeat
C10319,4,5011.66,Repeat
C10320,6,11747.64,Repeat
C10321,6,10674.68,Repeat
C10322,7,10262.59,Repeat
C10323,3,3236.27,Repeat
C10324,2,3565.56,Repeat
C10325,2,1453.16,Repeat
C10326,3,5783.049999999999,Repeat
C10327,4,9276.83,Repeat
C10328,3,6276.1,Repeat
C10329,8,12224.01,Repeat
C10330,3,3668.15,Repeat
C10331,5,9595.65,Repeat
C10332,4,4814.18,Repeat
C10333,6,8639.86,Repeat
C10334,1,1407.64,New
C10335,2,2684.08,Repeat
C10336,3,4541.34,Repeat
C10337,5,10186.550000000001,Repeat
C10338,1,1004.4,New
C10339,4,6177.46,Repeat
C10340,3,3488.3500000000004,Repeat
C10341,2,4226.7300000000005,Repeat
C10342,1,1021.13,New
C10343,5,7887.14,Repeat
C10344,3,5264.33,Repeat
C10345,4,7240.65,Repeat
C10346,2,3058.58,Repeat
C10347,2,3441.77,Repeat
C10348,2,4011.27,Repeat
C10349,7,7774.1900000000005,Repeat
C10350,3,3157.5499999999997,Repeat
C10351,7,10136.89,Repeat
C10352,3,3997.27,Repeat
C10353,5,8895.61,Repeat
C10354,4,5844.09,Repeat
C10355,3,5412.54,Repeat
C10356,4,5603.4,Repeat
C10357,2,4730.889999999999,Repeat
C10358,4,5423.46,Repeat
C10359,2,4190.3099999999995,Repeat
C10360,1,1542.63,New
C10361,1,1049.55,New
C10362,5,5973.84,Repeat
C10363,2,3671.8599999999997,Repeat
C10364,1,2693.78,New
C10365,1,2693.78,New
C10366,3,5614.99,Repeat
C10368,4,3918.2599999999998,Repeat
C10369,5,8440.41,Repeat
C10370,4,5284.99,Repeat
C10371,4,7379.68,Repeat
C10372,6,7673.68,Repeat
C10373,6,9499.49,Repeat
C10374,5,8608.31,Repeat
C10375,3,3579.27,Repeat
C10376,2,2545.91,Repeat
C10377,5,9912.74,Repeat
C10378,4,7325.67,Repeat
C10379,1,1415.9,New
C10380,3,3871.23,Repeat
C10381,1,1198.3,New
C10382,7,9924.55,Repeat
C10383,3,4013.1,Repeat
C10384,3,6132.780000000001,Repeat
C10385,4,5861.26,Repeat
C10386,6,9614.67,Repeat
C10387,3,5657.530000000001,Repeat
C10388,4,8084.16,Repeat
C10389,6,9408.58,Repeat
C10390,4,4532.49,Repeat
C10391,2,1573.23,Repeat
C10392,3,2867.15,Repeat
C10393,4,5910.67,Repeat
C10394,5,9297.36,Repeat
C10395,3,5287.07,Repeat
C10396,1,992.54,New
C10397,5,6676.3,Repeat
C10398,2,1989.44,Repeat
C10399,5,14264.0,Repeat
C10400,1,1220.49,New
C10401,2,2191.96,Repeat
C10402,5,6646.19,Repeat
C10403,3,3707.49,Repeat
C10404,5,7699.73,Repeat
C10405,3,3840.8599999999997,Repeat
C10406,2,3074.87,Repeat
C10407,2,5038.0599999999995,Repeat
C10409,2,3167.6,Repeat
C10410,4,5846.97,Repeat
C10411,4,4701.6,Repeat
C10412,6,7899.5199999999995,Repeat
C10413,9,19638.94,Repeat
C10414,5,7937.32,Repeat
C10415,6,7720.21,Repeat
C10416,6,9535.380000000001,Repeat
C10417,4,5895.43,Repeat
C10418,5,7516.81,Repeat
C10419,1,745.21,New
C10420,7,11299.16,Repeat
C10421,3,5380.53,Repeat
C10422,6,10791.08,Repeat
C10423,4,4888.67,Repeat
C10424,3,4789.78,Repeat
C10425,2,2413.5299999999997,Repeat
C10427,6,7651.95,Repeat
C10428,2,2305.7200000000003,Repeat
C10429,7,10243.11,Repeat
C10430,5,5047.2300000000005,Repeat
C10431,6,7311.76,Repeat
C10432,1,1531.5,New
C10433,3,4024.66,Repeat
C10434,3,3786.5699999999997,Repeat
C10435,6,8088.93,Repeat
C10436,1,1026.4,New
C10437,4,3895.57,Repeat
C10438,4,5311.679999999999,Repeat
C10439,1,1564.87,New
C10440,2,6399.339999999999,Repeat
C10441,4,5779.05,Repeat
C10442,4,5034.73,Repeat
C10443,5,11139.46,Repeat
C10444,2,2159.63,Repeat
C10445,4,6572.1,Repeat
C10446,4,5183.35,Repeat
C10448,1,1141.26,New
C10449,5,6317.55,Repeat
C10450,2,2820.8,Repeat
C10451,3,4991.57,Repeat
C10452,3,5548.38,Repeat
C10453,6,8183.9,Repeat
C10454,4,6030.07,Repeat
C10455,3,3985.41,Repeat
C10456,5,8421.85,Repeat
C10457,5,6729.51,Repeat
C10458,6,6240.35,Repeat
C10459,5,10040.43,Repeat
C10460,2,2209.84,Repeat
C10461,4,6328.37,Repeat
C10462,3,5515.469999999999,Repeat
C10463,3,3667.38,Repeat
C10464,1,1198.3,New
C10465,6,8777.17,Repeat
C10466,5,6608.94,Repeat
C10467,5,6406.49,Repeat
C10468,2,2600.42,Repeat
C10469,3,6864.53,Repeat
C10470,4,5048.46,Repeat
C10471,2,3401.37,Repeat
C10472,4,3966.63,Repeat
C10473,5,6396.43,Repeat
C10474,2,1662.87,Repeat
C10475,2,2418.34,Repeat
C10476,3,6443.31,Repeat
C10477,6,6585.67,Repeat
C10478,5,5240.82,Repeat
C10479,7,14155.619999999999,Repeat
C10480,3,6030.21,Repeat
C10481,4,5836.67,Repeat
C10482,5,12581.08,Repeat
C10483,4,4919.0,Repeat
C10484,4,8689.89,Repeat
C10485,5,6635.0,Repeat
C10486,1,3405.7,New
C10487,2,4296.28,Repeat
C10488,4,7080.76,Repeat
C10489,4,5990.04,Repeat
C10490,1,1262.55,New
C10491,5,9321.26,Repeat
C10492,1,1346.89,New
C10493,2,4308.0199999999995,Repeat
C10494,6,8427.3,Repeat
C10495,2,5206.7,Repeat
C10496,4,7016.419999999999,Repeat
C10497,6,8191.889999999999,Repeat
C10498,3,7743.33,Repeat
C10499,5,6570.5599999999995,Repeat
C10500,6,7516.54,Repeat
C10501,6,10584.23,Repeat
C10502,1,2396.6,New
C10503,4,6738.45,Repeat
C10504,6,9669.06,Repeat
C10505,2,4594.51,Repeat
C10506,4,5403.08,Repeat
C10507,2,2266.5,Repeat
C10508,5,6119.7699999999995,Repeat
C10509,3,4370.4400000000005,Repeat
C10510,4,6668.66,Repeat
C10511,7,11656.119999999999,Repeat
C10512,1,1026.4,New
C10513,2,2112.46,Repeat
C10514,6,8163.780000000001,Repeat
C10515,3,4737.84,Repeat
C10516,3,3523.9700000000003,Repeat
C10517,7,8216.98,Repeat
C10518,5,7930.99,Repeat
C10519,12,17343.94,Repeat
C10520,2,3146.67,Repeat
C10521,10,11439.33,Repeat
C10522,3,4966.92,Repeat
C10523,6,9852.4,Repeat
C10524,3,3217.24,Repeat
C10525,3,3583.95,Repeat
C10526,7,8239.92,Repeat
C10527,4,4011.81,Repeat
C10528,3,6475.46,Repeat
C10529,6,7032.0,Repeat
C10530,3,3775.94,Repeat
C10531,3,2877.4700000000003,Repeat
C10532,3,4374.1900000000005,Repeat
C10533,3,3789.02,Repeat
C10534,4,5339.0,Repeat
C10535,3,4303.58,Repeat
C10536,4,5212.17,Repeat
C10537,4,5741.81,Repeat
C10538,4,7579.0,Repeat
C10539,2,1858.85,Repeat
C10540,3,3100.59,Repeat
C10542,3,6122.610000000001,Repeat
C10543,5,7139.36,Repeat
C10544,3,4654.58,Repeat
C10545,3,8044.49,Repeat
C10546,3,4915.299999999999,Repeat
C10547,5,7166.46,Repeat
C10548,4,6570.469999999999,Repeat
C10549,2,3043.5,Repeat
C10550,3,4049.76,Repeat
C10551,2,1946.67,Repeat
C10552,3,5735.18,Repeat
C10553,4,6373.1,Repeat
C10554,2,6456.43,Repeat
C10555,6,7126.26,Repeat
C10556,2,1978.23,Repeat
C10557,2,2565.8,Repeat
C10558,5,8406.23,Repeat
C10559,2,2986.93,Repeat
C10560,10,17187.87,Repeat
C10561,3,7141.79,Repeat
C10562,2,3035.83,Repeat
C10563,5,7415.91,Repeat
C10564,3,4063.83,Repeat
C10565,3,4027.8799999999997,Repeat
C10566,3,4657.67,Repeat
C10567,2,2404.0299999999997,Repeat
C10568,3,3704.16,Repeat
C10569,7,8412.06,Repeat
C10570,2,2432.51,Repeat
C10571,5,6749.5199999999995,Repeat
C10572,7,12554.22,Repeat
C10573,2,2135.6099999999997,Repeat
C10574,3,3994.76,Repeat
C10575,4,4735.09,Repeat
C10576,4,5836.530000000001,Repeat
C10577,4,5237.9,Repeat
C10578,2,2816.41,Repeat
C10579,5,7571.45,Repeat
C10580,4,5805.74,Repeat
C10581,5,6633.99,Repeat
C10582,6,9220.73,Repeat
C10583,3,3736.71,Repeat
C10584,5,9438.16,Repeat
C10585,4,8345.04,Repeat
C10586,2,4336.02,Repeat
C10587,3,4539.37,Repeat
C10588,2,2845.8599999999997,Repeat
C10589,2,4129.84,Repeat
C10590,5,7823.62,Repeat
C10591,3,2350.34,Repeat
C10592,6,7641.5,Repeat
C10593,2,2705.85,Repeat
C10594,3,5192.15,Repeat
C10595,2,3394.8,Repeat
C10596,4,5551.31,Repeat
C10597,4,7293.219999999999,Repeat
C10598,6,8568.26,Repeat
C10599,6,8039.71,Repeat
C10600,2,2564.13,Repeat
C10601,4,6385.32,Repeat
C10602,4,4931.87,Repeat
C10603,3,3838.16,Repeat
C10604,4,7011.29,Repeat
C10605,3,5092.469999999999,Repeat
C10606,4,9101.32,Repeat
C10607,4,4112.68,Repeat
C10608,8,12784.119999999999,Repeat
C10609,7,11734.099999999999,Repeat
C10610,7,8391.83,Repeat
C10611,4,4346.71,Repeat
C10612,7,10773.93,Repeat
C10613,5,13492.79,Repeat
C10614,8,13417.359999999999,Repeat
C10615,3,4724.98,Repeat
C10616,6,10126.78,Repeat
C10617,4,6519.06,Repeat
C10618,3,4408.74,Repeat
C10620,3,4049.0,Repeat
C10621,4,6696.84,Repeat
C10622,4,6157.110000000001,Repeat
C10623,4,7410.43,Repeat
C10624,4,8032.02,Repeat
C10625,1,1085.84,New
C10626,3,4132.09,Repeat
C10627,3,2854.27,Repeat
C10629,4,8198.94,Repeat
C10630,10,12667.39,Repeat
C10631,5,10020.93,Repeat
C10632,3,8007.42,Repeat
C10633,2,1935.6999999999998,Repeat
C10634,8,12985.92,Repeat
C10635,5,9990.79,Repeat
C10636,9,14019.72,Repeat
C10637,5,6279.29,Repeat
C10638,1,707.95,New
C10639,2,2001.9699999999998,Repeat
C10640,2,2235.62,Repeat
C10641,3,3635.98,Repeat
C10642,3,3915.6099999999997,Repeat
C10643,5,8721.77,Repeat
C10644,1,1900.67,New
C10645,1,1679.73,New
C10646,5,5825.38,Repeat
C10647,4,4394.6,Repeat
C10648,2,4348.54,Repeat
C10649,4,5935.79,Repeat
C10650,3,3799.0099999999998,Repeat
C10651,3,5290.56,Repeat
C10652,7,11300.26,Repeat
C10653,4,5159.68,Repeat
C10654,7,10496.86,Repeat
C10655,5,5904.09,Repeat
C10656,7,11724.71,Repeat
C10657,4,5344.52,Repeat
C10658,6,9180.42,Repeat
C10659,3,9254.49,Repeat
C10660,4,4470.66,Repeat
C10661,6,9642.51,Repeat
C10662,5,6264.219999999999,Repeat
C10663,7,8182.16,Repeat
C10664,6,7441.99,Repeat
C10665,4,8160.23,Repeat
C10666,2,3094.85,Repeat
C10667,2,2445.91,Repeat
C10668,3,4008.01,Repeat
C10669,6,10397.06,Repeat
C10670,1,3611.27,New
C10671,7,12682.93,Repeat
C10672,4,6872.73,Repeat
C10673,2,3895.48,Repeat
C10674,6,8825.38,Repeat
C10675,5,9254.83,Repeat
C10676,4,6024.21,Repeat
C10677,2,2750.04,Repeat
C10678,4,9751.800000000001,Repeat
C10679,5,9316.630000000001,Repeat
C10680,4,4402.96,Repeat
C10681,1,1292.07,New
C10682,6,10719.630000000001,Repeat
C10683,2,1482.64,Repeat
C10684,3,6714.79,Repeat
C10685,3,5814.76,Repeat
C10686,4,6256.61,Repeat
C10687,4,5270.84,Repeat
C10688,4,4238.63,Repeat
C10689,4,5043.79,Repeat
C10690,6,13961.57,Repeat
C10691,2,2998.7,Repeat
C10692,7,11451.88,Repeat
C10693,5,7754.96,Repeat
C10694,2,5862.34,Repeat
C10695,6,8819.93,Repeat
C10696,4,5027.33,Repeat
C10698,2,2306.13,Repeat
C10699,5,6912.29,Repeat
C10700,3,3604.3999999999996,Repeat
C10701,1,707.95,New
C10702,2,1467.13,Repeat
C10703,2,2944.04,Repeat
C10704,4,5656.72,Repeat
C10705,3,4054.55,Repeat
C10706,4,6039.71,Repeat
C10707,2,3612.24,Repeat
C10708,5,13850.94,Repeat
C10709,3,4349.35,Repeat
C10710,1,1102.82,New
C10711,4,6939.01,Repeat
C10712,3,3533.24,Repeat
C10713,2,4013.6,Repeat
C10714,6,12422.48,Repeat
C10715,4,5015.87,Repeat
C10716,3,6482.4,Repeat
C10717,3,2954.38,Repeat
C10718,2,3141.1,Repeat
C10719,5,6807.280000000001,Repeat
C10720,5,5990.38,Repeat
C10722,1,2205.64,New
C10723,3,3800.41,Repeat
C10724,3,6491.110000000001,Repeat
C10725,4,7145.889999999999,Repeat
C10726,3,2985.38,Repeat
C10727,3,6258.02,Repeat
C10728,3,3745.24,Repeat
C10729,4,4175.59,Repeat
C10730,2,3318.05,Repeat
C10731,5,8054.1,Repeat
C10732,2,1872.02,Repeat
C10733,4,8038.200000000001,Repeat
C10734,3,4317.57,Repeat
C10735,6,5886.49,Repeat
C10736,2,4759.77,Repeat
C10737,6,7056.88,Repeat
C10738,2,1874.27,Repeat
C10739,2,1775.03,Repeat
C10740,1,1759.81,New
C10741,3,3735.2,Repeat
C10742,3,4572.69,Repeat
C10743,4,4806.58,Repeat
C10744,8,10480.19,Repeat
C10745,3,4109.5,Repeat
C10746,7,8127.17,Repeat
C10747,3,3961.19,Repeat
C10748,5,7756.99,Repeat
C10749,2,2476.37,Repeat
C10750,6,10043.56,Repeat
C10751,3,4043.29,Repeat
C10752,4,5757.46,Repeat
C10753,4,5616.33,Repeat
C10754,5,10150.36,Repeat
C10755,6,11097.98,Repeat
C10756,5,7077.09,Repeat
C10757,5,7460.0199999999995,Repeat
C10758,3,3221.04,Repeat
C10759,5,6201.79,Repeat
C10760,1,2282.53,New
C10761,1,633.42,New
C10762,5,5168.29,Repeat
C10763,3,3530.95,Repeat
C10764,1,1749.33,New
C10765,5,8335.64,Repeat
C10766,3,3596.54,Repeat
C10767,3,4499.77,Repeat
C10768,4,6944.26,Repeat
C10769,4,4773.65,Repeat
C10770,6,9305.9,Repeat
C10771,4,6627.049999999999,Repeat
C10772,5,8681.06,Repeat
C10773,1,944.4,New
C10774,2,2131.8599999999997,Repeat
C10775,4,9062.05,Repeat
C10776,4,5185.21,Repeat
C10777,2,2538.08,Repeat
C10778,7,11016.84,Repeat
C10779,1,707.95,New
C10780,1,1822.28,New
C10781,2,2234.73,Repeat
C10782,4,6454.400000000001,Repeat
C10783,1,3151.68,New
C10785,2,3198.6800000000003,Repeat
C10786,5,6088.76,Repeat
C10787,4,8876.42,Repeat
C10788,5,9569.45,Repeat
C10789,4,6422.42,Repeat
C10790,4,5135.43,Repeat
C10791,4,3536.6499999999996,Repeat
C10792,6,8401.3,Repeat
C10793,4,6638.3,Repeat
C10794,2,4479.95,Repeat
C10795,2,2858.9700000000003,Repeat
C10796,3,5445.54,Repeat
C10797,2,2713.21,Repeat
C10798,5,9700.72,Repeat
C10799,3,8328.26,Repeat
C10800,6,9042.09,Repeat
C10801,3,7117.93,Repeat
C10802,1,1140.44,New
C10803,2,1997.73,Repeat
C10804,3,6176.0599999999995,Repeat
C10805,1,1155.82,New
C10807,4,4214.92,Repeat
C10808,6,6863.0,Repeat
C10809,2,4074.55,Repeat
C10810,2,4906.57,Repeat
C10811,2,3725.0,Repeat
C10812,6,10921.14,Repeat
C10813,1,1845.93,New
C10814,1,1243.79,New
C10815,6,7769.57,Repeat
C10816,3,5461.240000000001,Repeat
C10817,8,15870.83,Repeat
C10818,1,670.69,New
C10819,3,3582.9700000000003,Repeat
C10820,4,5427.75,Repeat
C10821,2,2436.17,Repeat
C10822,5,9182.79,Repeat
C10823,5,11456.3,Repeat
C10824,1,1822.28,New
C10825,1,1144.3,New
C10826,1,1220.49,New
C10827,2,3359.86,Repeat
C10828,2,3107.34,Repeat
C10829,2,2337.87,Repeat
C10830,1,1852.43,New
C10831,6,10638.04,Repeat
C10832,7,10053.97,Repeat
C10833,3,5933.41,Repeat
C10834,3,3634.08,Repeat
C10835,5,7691.76,Repeat
C10836,2,3522.79,Repeat
C10837,5,10131.63,Repeat
C10838,1,1102.82,New
C10839,8,18712.68,Repeat
C10840,5,10095.46,Repeat
C10841,4,4450.12,Repeat
C10842,3,4718.34,Repeat
C10843,5,6588.9400000000005,Repeat
C10845,4,6227.17,Repeat
C10846,6,8162.5199999999995,Repeat
C10847,5,6229.77,Repeat
C10848,5,6605.77,Repeat
C10849,3,9916.529999999999,Repeat
C10850,4,5380.51,Repeat
C10851,5,8317.41,Repeat
C10852,3,8477.56,Repeat
C10853,3,3591.91,Repeat
C10854,5,8360.3,Repeat
C10855,3,4226.5,Repeat
C10856,5,8108.139999999999,Repeat
C10857,3,7025.23,Repeat
C10858,4,8411.18,Repeat
C10859,5,6710.6900000000005,Repeat
C10860,5,7283.01,Repeat
C10861,5,8064.5599999999995,Repeat
C10862,4,6973.52,Repeat
C10863,3,4909.53,Repeat
C10864,5,6991.15,Repeat
C10865,5,9216.72,Repeat
C10866,4,6783.139999999999,Repeat
C10867,3,3693.1800000000003,Repeat
C10868,2,4000.03,Repeat
C10869,3,3689.7,Repeat
C10870,3,3247.34,Repeat
C10871,5,5256.46,Repeat
C10872,3,5492.83,Repeat
C10873,5,5725.6,Repeat
C10874,7,9658.42,Repeat
C10875,1,944.4,New
C10876,2,3250.51,Repeat
C10877,4,9222.3,Repeat
C10878,2,2105.06,Repeat
C10879,5,7526.6900000000005,Repeat
C10880,1,801.36,New
C10881,2,1885.64,Repeat
C10882,5,6833.889999999999,Repeat
C10883,1,897.18,New
C10884,1,1852.43,New
C10885,2,2841.01,Repeat
C10886,4,4047.1000000000004,Repeat
C10887,1,1178.32,New
C10888,1,2970.72,New
C10889,3,3750.36,Repeat
C10890,3,3026.63,Repeat
C10891,2,3788.54,Repeat
C10892,3,4222.1900000000005,Repeat
C10893,5,9763.21,Repeat
C10894,4,4679.84,Repeat
C10895,3,3100.5600000000004,Repeat
C10896,6,8111.65,Repeat
C10897,7,10157.7,Repeat
C10898,3,5308.87,Repeat
C10899,3,5969.1,Repeat
C10900,3,3736.97,Repeat
C10901,6,12361.05,Repeat
C10902,5,8256.82,Repeat
C10903,2,6523.41,Repeat
C10904,2,1985.19,Repeat
C10905,5,7250.29,Repeat
C10906,5,6334.93,Repeat
C10907,5,7071.6900000000005,Repeat
C10908,3,3131.81,Repeat
C10909,6,8944.26,Repeat
C10910,6,8246.32,Repeat
C10911,7,10464.72,Repeat
C10912,6,8509.01,Repeat
C10913,3,4152.4,Repeat
C10914,6,11674.380000000001,Repeat
C10915,4,8321.869999999999,Repeat
C10916,1,860.78,New
C10917,1,1461.44,New
C10918,5,10616.150000000001,Repeat
C10919,5,5878.13,Repeat
C10920,2,3796.6000000000004,Repeat
C10921,3,8471.77,Repeat
C10922,3,3581.23,Repeat
C10923,5,6069.24,Repeat
C10924,2,2433.84,Repeat
C10925,4,5684.1900000000005,Repeat
C10926,5,9264.64,Repeat
C10927,4,5617.58,Repeat
C10928,3,3211.42,Repeat
C10929,4,5954.799999999999,Repeat
C10931,1,670.69,New
C10932,5,6016.889999999999,Repeat
C10933,3,4430.74,Repeat
C10935,4,8876.25,Repeat
C10936,7,11990.96,Repeat
C10937,4,5175.41,Repeat
C10938,1,1575.84,New
C10939,6,8787.65,Repeat
C10940,2,2360.62,Repeat
C10941,1,707.94,New
C10942,7,12664.52,Repeat
C10943,3,6550.71,Repeat
C10944,4,4531.41,Repeat
C10945,3,4290.33,Repeat
C10946,4,5165.02,Repeat
C10947,4,5989.74,Repeat
C10948,4,4015.7200000000003,Repeat
C10949,7,9603.64,Repeat
C10950,1,1511.76,New
C10951,2,3756.42,Repeat
C10952,8,13153.69,Repeat
C10953,5,6173.85,Repeat
C10954,4,4504.87,Repeat
C10955,6,8579.3,Repeat
C10956,1,1574.57,New
C10957,2,3717.0600000000004,Repeat
C10958,3,4875.37,Repeat
C10959,4,4809.74,Repeat
C10960,6,7333.09,Repeat
C10961,3,5836.35,Repeat
C10962,1,1201.33,New
C10963,5,7682.95,Repeat
C10964,4,7287.610000000001,Repeat
C10965,7,13308.02,Repeat
C10966,5,8736.76,Repeat
C10967,4,4401.1900000000005,Repeat
C10968,3,4455.84,Repeat
C10969,2,2310.92,Repeat
C10970,4,5926.17,Repeat
C10971,3,5033.89,Repeat
C10972,2,3457.41,Repeat
C10973,6,10384.06,Repeat
C10974,7,10446.27,Repeat
C10975,1,1049.55,New
C10976,4,5580.76,Repeat
C10977,4,7674.99,Repeat
C10978,6,8871.42,Repeat
C10979,3,3765.5,Repeat
C10980,2,1750.4,Repeat
C10981,3,4048.11,Repeat
C10982,6,7067.87,Repeat
C10983,5,7518.08,Repeat
C10984,5,8033.97,Repeat
C10985,2,2082.67,Repeat
C10986,3,3680.73,Repeat
C10987,6,9883.01,Repeat
C10988,3,3282.41,Repeat
C10989,3,5879.79,Repeat
C10990,4,6134.28,Repeat
C10991,4,7337.84,Repeat
C10992,5,6514.99,Repeat
C10993,4,5951.69,Repeat
C10994,3,4959.45,Repeat
C10995,3,6573.19,Repeat
C10996,5,8669.119999999999,Repeat
C10997,5,5550.32,Repeat
C10998,4,7309.2,Repeat
C10999,6,10798.19,Repeat
C11000,4,6871.73,Repeat
C11001,1,954.18,New
C11002,5,6078.17,Repeat
C11003,10,15004.390000000001,Repeat
C11004,3,5235.9,Repeat
C11005,3,7003.57,Repeat
C11006,3,3236.04,Repeat
C11007,2,2289.08,Repeat
C11008,2,3670.5,Repeat
C11009,9,12519.09,Repeat
C11010,2,4136.76,Repeat
C11011,2,2675.57,Repeat
C11012,7,10352.97,Repeat
C11013,8,10519.66,Repeat
C11014,6,9047.88,Repeat
C11015,3,5410.21,Repeat
C11016,3,6746.48,Repeat
C11017,7,8998.64,Repeat
C11018,1,1679.73,New
C11019,2,2483.13,Repeat
C11020,6,9250.21,Repeat
C11021,6,10340.7,Repeat
C11022,7,11112.119999999999,Repeat
C11023,5,5493.8099999999995,Repeat
C11024,4,5808.52,Repeat
C11025,6,7786.65,Repeat
C11026,4,4308.49,Repeat
C11027,5,9218.79,Repeat
C11028,1,942.91,New
C11029,2,3007.72,Repeat
C11030,4,6736.469999999999,Repeat
C11031,2,2161.43,Repeat
C11032,6,11866.34,Repeat
C11033,6,10629.23,Repeat
C11034,4,5145.58,Repeat
C11035,1,1669.57,New
C11036,5,6555.51,Repeat
C11037,7,10296.18,Repeat
C11038,4,5052.72,Repeat
C11039,1,2134.16,New
C11040,7,12396.380000000001,Repeat
C11041,2,3469.74,Repeat
C11042,6,11041.41,Repeat
C11043,7,7990.95,Repeat
C11044,2,2941.1,Repeat
C11045,2,2365.26,Repeat
C11046,4,5251.0599999999995,Repeat
C11047,7,15292.470000000001,Repeat
C11048,2,2430.81,Repeat
C11049,6,11711.18,Repeat
C11050,5,8765.4,Repeat
C11051,3,4279.38,Repeat
C11052,2,4181.35,Repeat
C11053,3,4402.4400000000005,Repeat
C11054,3,3356.7299999999996,Repeat
C11055,7,9730.87,Repeat
C11056,5,6335.8,Repeat
C11057,3,5765.549999999999,Repeat
C11058,3,3897.4399999999996,Repeat
C11059,4,8344.04,Repeat
C11060,2,1849.99,Repeat
C11061,3,4909.79,Repeat
C11062,1,1207.88,New
C11063,1,633.42,New
C11064,4,8252.150000000001,Repeat
C11065,3,3963.45,Repeat
C11066,1,1612.93,New
C11067,2,2328.85,Repeat
C11068,5,13094.0,Repeat
C11069,4,5500.0,Repeat
C11070,4,4704.54,Repeat
C11071,4,4929.82,Repeat
C11072,4,4750.13,Repeat
C11073,4,8195.060000000001,Repeat
C11074,6,8694.72,Repeat
C11075,3,4738.73,Repeat
C11076,2,2281.16,Repeat
C11077,7,9626.41,Repeat
C11078,5,6830.94,Repeat
C11079,7,9598.57,Repeat
C11080,5,7814.69,Repeat
C11081,3,3843.04,Repeat
C11082,2,2190.84,Repeat
C11083,1,2282.53,New
C11084,5,10306.349999999999,Repeat
C11085,3,3625.08,Repeat
C11086,4,8635.98,Repeat
C11087,3,4772.21,Repeat
C11088,1,1064.78,New
C11089,5,6510.65,Repeat
C11090,5,5007.4400000000005,Repeat
C11091,1,843.66,New
C11092,2,3127.24,Repeat
C11093,4,4769.76,Repeat
C11094,3,7747.25,Repeat
C11095,6,10304.77,Repeat
C11097,2,1734.3400000000001,Repeat
C11100,5,9027.19,Repeat
C11101,4,4341.99,Repeat
C11102,3,4236.65,Repeat
C11103,4,6068.34,Repeat
C11104,6,7452.86,Repeat
C11105,2,3279.3,Repeat
C11106,3,4283.42,Repeat
C11107,1,1852.43,New
C11108,4,10146.21,Repeat
C11109,6,6924.41,Repeat
C11110,3,3726.84,Repeat
C11111,2,2397.66,Repeat
C11112,4,7313.719999999999,Repeat
C11113,7,10253.529999999999,Repeat
C11114,5,7714.43,Repeat
C11115,3,3889.19,Repeat
C11116,6,8102.67,Repeat
C11117,9,14379.64,Repeat
C11118,3,3973.64,Repeat
C11119,2,2625.8,Repeat
C11120,5,6327.61,Repeat
C11121,7,13238.75,Repeat
C11122,5,7640.6,Repeat
C11123,5,6777.13,Repeat
C11124,3,2897.91,Repeat
C11125,4,4661.45,Repeat
C11126,4,3546.35,Repeat
C11127,3,3832.66,Repeat
C11128,5,5635.23,Repeat
C11129,4,7857.53,Repeat
C11130,1,1612.93,New
C11131,3,3397.48,Repeat
C11132,4,3877.57,Repeat
C11133,1,1888.8,New
C11134,1,994.31,New
C11135,5,6211.08,Repeat
C11136,1,1573.25,New
C11137,3,4692.25,Repeat
C11138,4,5390.96,Repeat
C11139,3,3786.88,Repeat
C11140,3,3316.92,Repeat
C11141,7,12351.8,Repeat
C11142,3,3656.88,Repeat
C11143,4,3968.95,Repeat
C11144,11,15304.26,Repeat
C11145,8,11391.08,Repeat
C11146,5,6436.469999999999,Repeat
C11147,1,1738.75,New
C11148,1,1485.36,New
C11149,4,5317.96,Repeat
C11150,3,3957.84,Repeat
C11151,1,1888.8,New
C11152,4,7166.53,Repeat
C11153,4,5580.9400000000005,Repeat
C11154,3,3121.68,Repeat
C11155,3,3281.47,Repeat
C11156,3,5888.37,Repeat
C11157,2,2276.29,Repeat
C11158,5,6663.3,Repeat
C11159,5,8081.42,Repeat
C11160,2,4719.24,Repeat
C11161,4,5560.1,Repeat
C11162,5,10295.89,Repeat
C11163,8,12266.35,Repeat
C11164,1,1738.75,New
C11165,6,7654.24,Repeat
C11166,5,8354.56,Repeat
C11167,5,6226.76,Repeat
C11168,2,2204.16,Repeat
C11169,2,2164.93,Repeat
C11170,3,4313.3099999999995,Repeat
C11171,2,1446.3400000000001,Repeat
C11172,5,8540.82,Repeat
C11173,3,5092.97,Repeat
C11174,6,8516.66,Repeat
C11175,1,1531.5,New
C11176,4,6037.110000000001,Repeat
C11177,4,5031.61,Repeat
C11178,3,3615.54,Repeat
C11179,4,6674.94,Repeat
C11180,2,4303.86,Repeat
C11181,5,7239.17,Repeat
C11182,2,4769.8,Repeat
C11183,4,4849.99,Repeat
C11184,4,6390.09,Repeat
C11185,9,11202.01,Repeat
C11186,2,2744.48,Repeat
C11187,5,9304.61,Repeat
C11188,5,8508.34,Repeat
C11189,4,8096.73,Repeat
C11190,5,5856.5,Repeat
C11191,3,3867.8099999999995,Repeat
C11192,5,7054.15,Repeat
C11193,1,1532.28,New
C11194,5,7773.13,Repeat
C11195,3,3696.35,Repeat
C11196,6,10660.46,Repeat
C11197,3,3515.49,Repeat
C11198,3,3889.72,Repeat
C11199,2,6409.950000000001,Repeat
C11200,2,3928.6400000000003,Repeat
C11201,3,3695.25,Repeat
C11202,6,8896.44,Repeat
C11203,6,8382.76,Repeat
C11204,3,8483.92,Repeat
C11205,6,8484.3,Repeat
C11206,3,5471.799999999999,Repeat
C11207,1,1687.32,New
C11208,3,4216.12,Repeat
C11209,5,7925.88,Repeat
C11210,4,6070.549999999999,Repeat
C11211,2,2553.03,Repeat
C11212,1,2803.53,New
C11213,4,5293.32,Repeat
C11214,5,8092.82,Repeat
C11215,6,7823.77,Repeat
C11216,3,4440.12,Repeat
C11217,1,1411.09,New
C11218,3,4222.43,Repeat
C11219,3,3195.37,Repeat
C11220,7,10902.05,Repeat
C11221,4,4372.38,Repeat
C11222,3,3706.64,Repeat
C11223,5,6905.9,Repeat
C11224,1,1612.11,New
C11225,7,8731.65,Repeat
C11226,2,3518.2300000000005,Repeat
C11227,2,5217.47,Repeat
C11228,6,8571.43,Repeat
C11229,9,13079.73,Repeat
C11230,8,15098.699999999999,Repeat
C11231,5,6993.5,Repeat
C11232,3,5582.28,Repeat
C11233,5,9513.57,Repeat
C11234,3,3106.0699999999997,Repeat
C11235,3,4229.16,Repeat
C11236,3,3173.7999999999997,Repeat
C11237,5,5717.4400000000005,Repeat
C11238,1,1749.33,New
C11239,3,3180.96,Repeat
C11240,3,3351.96,Repeat
C11241,5,6542.8099999999995,Repeat
C11242,2,2777.68,Repeat
C11243,2,2256.88,Repeat
C11244,2,3113.54,Repeat
C11245,4,8193.79,Repeat
C11246,7,10487.210000000001,Repeat
C11247,2,6001.02,Repeat
C11248,5,4951.2,Repeat
C11249,3,3277.46,Repeat
C11250,3,3725.8199999999997,Repeat
C11252,6,7251.78,Repeat
C11253,2,2301.82,Repeat
C11254,4,3619.76,Repeat
C11255,8,12589.76,Repeat
C11256,3,3516.3199999999997,Repeat
C11257,2,3024.02,Repeat
C11258,4,5326.36,Repeat
C11259,2,4170.139999999999,Repeat
C11260,3,3928.25,Repeat
C11261,4,7601.57,Repeat
C11262,3,4468.55,Repeat
C11263,4,5562.78,Repeat
C11264,4,5869.88,Repeat
C11265,3,3201.7,Repeat
C11266,2,2212.0299999999997,Repeat
C11267,3,4903.17,Repeat
C11268,2,1890.7199999999998,Repeat
C11269,2,2342.5699999999997,Repeat
C11270,4,6073.34,Repeat
C11271,2,2570.62,Repeat
C11272,4,5123.28,Repeat
C11273,4,6351.58,Repeat
C11274,2,2624.4700000000003,Repeat
C11275,3,3142.84,Repeat
C11276,4,4502.99,Repeat
C11277,4,4420.24,Repeat
C11278,1,2822.18,New
C11279,2,4318.25,Repeat
C11280,2,2986.24,Repeat
C11281,5,8387.95,Repeat
C11282,3,3308.1800000000003,Repeat
C11284,5,10292.42,Repeat
C11285,3,6480.11,Repeat
C11286,1,878.72,New
C11287,3,3651.8900000000003,Repeat
C11288,2,4041.83,Repeat
C11289,3,3952.86,Repeat
C11290,5,8458.7,Repeat
C11291,2,2661.66,Repeat
C11292,4,4060.6800000000003,Repeat
C11293,4,4674.69,Repeat
C11294,1,1759.81,New
C11295,2,2263.99,Repeat
C11296,2,2782.65,Repeat
C11297,4,5322.92,Repeat
C11298,2,2238.63,Repeat
C11299,4,5082.93,Repeat
C11300,3,3418.99,Repeat
C11301,4,4168.41,Repeat
C11302,2,4254.5,Repeat
C11303,2,1579.99,Repeat
C11304,2,3626.5299999999997,Repeat
C11305,2,2097.5299999999997,Repeat
C11306,1,701.14,New
C11307,3,4587.719999999999,Repeat
C11308,1,1284.25,New
C11309,2,2911.5,Repeat
C11310,4,6361.19,Repeat
C11311,8,14082.43,Repeat
C11312,2,4746.74,Repeat
C11313,3,3667.77,Repeat
C11315,3,4695.219999999999,Repeat
C11316,3,3653.7,Repeat
C11317,2,2640.33,Repeat
C11318,4,4271.28,Repeat
C11319,4,4927.71,Repeat
C11320,5,7271.78,Repeat
C11321,4,4265.24,Repeat
C11322,3,3778.11,Repeat
C11323,4,7326.44,Repeat
C11324,2,1828.6200000000001,Repeat
C11325,8,12740.619999999999,Repeat
C11326,8,11708.72,Repeat
C11327,3,4717.25,Repeat
C11328,5,9248.31,Repeat
C11329,2,3831.08,Repeat
C11330,3,4952.21,Repeat
C11331,3,3863.91,Repeat
C11332,5,6967.18,Repeat
C11333,6,8596.66,Repeat
C11334,5,5845.58,Repeat
C11335,5,7315.18,Repeat
C11336,5,6814.38,Repeat
C11337,4,6257.21,Repeat
C11338,6,10585.93,Repeat
C11339,7,12263.75,Repeat
C11340,2,1751.92,Repeat
C11341,4,6429.58,Repeat
C11342,2,4634.15,Repeat
C11343,3,5731.02,Repeat
C11344,4,6619.25,Repeat
C11345,4,5508.6900000000005,Repeat
C11346,7,14647.279999999999,Repeat
C11347,4,5235.14,Repeat
C11348,3,3129.77,Repeat
C11349,5,8719.03,Repeat
C11350,1,860.78,New
C11352,6,10991.18,Repeat
C11353,4,6134.09,Repeat
C11354,6,7604.01,Repeat
C11355,6,6707.969999999999,Repeat
C11356,6,12331.48,Repeat
C11357,2,2212.45,Repeat
C11358,5,5736.66,Repeat
C11359,7,11913.72,Repeat
C11360,4,5954.04,Repeat
C11361,4,8431.14,Repeat
C11362,6,8816.47,Repeat
C11363,3,5474.389999999999,Repeat
C11364,7,10665.77,Repeat
C11365,6,7892.78,Repeat
C11366,4,5125.349999999999,Repeat
C11367,2,3474.09,Repeat
C11368,6,10330.0,Repeat
C11369,7,11047.52,Repeat
C11371,10,12489.65,Repeat
C11372,2,2226.2799999999997,Repeat
C11373,5,6567.969999999999,Repeat
C11374,3,3485.4700000000003,Repeat
C11375,2,4576.92,Repeat
C11376,4,4663.34,Repeat
C11377,5,6970.27,Repeat
C11378,2,3895.3399999999997,Repeat
C11379,3,5918.21,Repeat
C11380,3,6558.73,Repeat
C11381,4,5744.06,Repeat
C11383,3,2918.2200000000003,Repeat
C11384,3,4444.67,Repeat
C11385,3,3513.79,Repeat
C11386,3,3179.66,Repeat
C11387,4,7813.62,Repeat
C11388,3,4368.85,Repeat
C11389,5,8365.720000000001,Repeat
C11390,5,7740.469999999999,Repeat
C11391,6,6779.5199999999995,Repeat
C11392,7,8216.42,Repeat
C11393,2,2246.6,Repeat
C11394,5,6775.46,Repeat
C11395,1,745.21,New
C11396,1,1201.33,New
C11397,9,13939.54,Repeat
C11398,2,2107.22,Repeat
C11399,9,12536.26,Repeat
C11400,4,6017.76,Repeat
C11401,2,4579.91,Repeat
C11402,4,7004.7,Repeat
C11403,4,7357.57,Repeat
C11404,5,6984.639999999999,Repeat
C11405,1,1369.9,New
C11407,4,5465.5599999999995,Repeat
C11408,3,3694.69,Repeat
C11409,5,6645.51,Repeat
C11410,5,11930.01,Repeat
C11411,3,3296.77,Repeat
C11412,3,6107.33,Repeat
C11413,6,8635.03,Repeat
C11414,6,9240.26,Repeat
C11415,4,4800.66,Repeat
C11416,4,6322.54,Repeat
C11417,5,6486.379999999999,Repeat
C11418,2,3222.33,Repeat
C11419,6,7614.91,Repeat
C11420,5,7880.87,Repeat
C11421,1,1288.3,New
C11422,2,1921.63,Repeat
C11423,3,4314.4,Repeat
C11424,3,5080.73,Repeat
C11425,9,11073.029999999999,Repeat
C11427,4,4774.25,Repeat
C11428,5,5619.6,Repeat
C11429,3,5781.46,Repeat
C11430,5,7310.23,Repeat
C11431,3,4795.98,Repeat
C11432,7,13907.11,Repeat
C11433,5,7540.4,Repeat
C11434,5,5921.67,Repeat
C11435,10,13600.1,Repeat
C11436,6,7746.79,Repeat
C11437,5,5266.64,Repeat
C11438,6,10207.71,Repeat
C11439,3,2751.3900000000003,Repeat
C11440,2,2646.24,Repeat
C11441,5,9365.269999999999,Repeat
C11442,4,6336.53,Repeat
C11443,2,2630.8900000000003,Repeat
C11444,3,3419.04,Repeat
C11445,4,6886.650000000001,Repeat
C11446,1,707.94,New
C11447,3,3895.58,Repeat
C11448,7,8045.29,Repeat
C11449,7,8640.369999999999,Repeat
C11450,7,9033.25,Repeat
C11451,2,2623.71,Repeat
C11452,3,5448.76,Repeat
C11453,4,4834.5599999999995,Repeat
C11454,5,7554.37,Repeat
C11455,6,6902.58,Repeat
C11456,2,2846.2,Repeat
C11457,3,3196.97,Repeat
C11458,7,12194.27,Repeat
C11459,1,1261.37,New
C11460,2,2729.2799999999997,Repeat
C11461,3,4732.950000000001,Repeat
C11462,2,2131.84,Repeat
C11463,4,4627.4,Repeat
C11464,4,4161.63,Repeat
C11465,3,3737.2,Repeat
C11466,3,4525.79,Repeat
C11467,2,2600.98,Repeat
C11468,5,8691.34,Repeat
C11469,3,4555.59,Repeat
C11470,1,1085.84,New
C11471,2,2831.7,Repeat
C11472,5,6656.7699999999995,Repeat
C11473,3,2632.84,Repeat
C11474,4,4060.79,Repeat
C11475,3,4074.88,Repeat
C11476,3,7848.99,Repeat
C11477,8,9746.57,Repeat
C11478,5,9370.369999999999,Repeat
C11479,5,6308.13,Repeat
C11480,5,5467.46,Repeat
C11481,5,7120.9,Repeat
C11482,5,7518.37,Repeat
C11483,3,4473.889999999999,Repeat
C11484,3,3791.75,Repeat
C11485,4,5309.95,Repeat
C11486,3,5720.74,Repeat
C11487,7,11679.39,Repeat
C11488,5,7650.26,Repeat
C11489,3,2959.42,Repeat
C11490,3,5061.09,Repeat
C11491,2,2496.81,Repeat
C11492,5,7408.73,Repeat
C11493,3,3790.25,Repeat
C11494,7,9641.63,Repeat
C11496,8,12017.81,Repeat
C11497,4,8267.57,Repeat
C11498,3,5913.63,Repeat
C11499,2,2555.61,Repeat
C11500,4,4903.72,Repeat
C11501,2,5549.24,Repeat
C11502,2,5511.9400000000005,Repeat
C11503,3,5883.87,Repeat
C11504,7,8077.8099999999995,Repeat
C11505,3,5862.610000000001,Repeat
C11506,2,2556.5099999999998,Repeat
C11507,2,4939.24,Repeat
C11508,5,7519.89,Repeat
C11509,6,9069.43,Repeat
C11510,6,9471.24,Repeat
C11511,5,10220.3,Repeat
C11512,3,3726.01,Repeat
C11513,2,2980.3,Repeat
C11515,4,5115.52,Repeat
C11516,2,2276.2799999999997,Repeat
C11517,1,1731.17,New
C11518,5,8405.85,Repeat
C11519,5,6045.02,Repeat
C11520,2,1745.76,Repeat
C11521,3,5553.88,Repeat
C11522,5,6380.58,Repeat
C11523,2,2726.64,Repeat
C11524,7,11074.76,Repeat
C11525,5,7776.73,Repeat
C11526,2,3019.85,Repeat
C11527,6,8196.51,Repeat
C11528,3,4347.99,Repeat
C11529,6,8695.0,Repeat
C11530,2,3000.8,Repeat
C11531,4,8602.73,Repeat
C11532,5,8002.18,Repeat
C11533,4,4784.8099999999995,Repeat
C11534,4,5947.92,Repeat
C11535,1,3063.01,New
C11536,2,3965.45,Repeat
C11537,2,1675.0900000000001,Repeat
C11538,12,16058.92,Repeat
C11539,8,12850.619999999999,Repeat
C11540,3,5170.29,Repeat
C11541,3,4354.82,Repeat
C11542,1,3498.66,New
C11543,5,8833.18,Repeat
C11544,3,5371.66,Repeat
C11545,4,3818.05,Repeat
C11546,1,745.2,New
C11547,3,4453.57,Repeat
C11548,5,12500.55,Repeat
C11549,3,3610.37,Repeat
C11550,1,1031.55,New
C11551,2,2692.27,Repeat
C11552,5,6959.63,Repeat
C11553,7,10945.65,Repeat
C11554,5,7855.5599999999995,Repeat
C11555,2,7686.85,Repeat
C11556,4,6665.13,Repeat
C11557,7,11405.57,Repeat
C11558,2,3548.41,Repeat
C11559,1,1271.45,New
C11560,5,5730.219999999999,Repeat
C11561,2,2506.31,Repeat
C11562,2,2540.11,Repeat
C11563,4,7003.04,Repeat
C11564,1,1612.11,New
C11565,4,5875.900000000001,Repeat
C11566,2,3509.1000000000004,Repeat
C11567,6,9924.89,Repeat
C11568,3,3885.5,Repeat
C11569,1,707.94,New
C11570,1,1269.62,New
C11571,5,9772.14,Repeat
C11572,2,2114.76,Repeat
C11573,4,6765.17,Repeat
C11574,3,5417.43,Repeat
C11575,2,2501.77,Repeat
C11576,4,7834.8,Repeat
C11577,5,6884.5599999999995,Repeat
C11578,6,5860.57,Repeat
C11579,8,14365.84,Repeat
C11580,4,4366.35,Repeat
C11581,2,2131.1000000000004,Repeat
C11582,3,2934.86,Repeat
C11583,1,1243.79,New
C11584,3,2858.68,Repeat
C11585,6,8968.61,Repeat
C11586,5,7088.9400000000005,Repeat
C11587,6,7703.35,Repeat
C11588,5,7648.91,Repeat
C11589,3,3632.1499999999996,Repeat
C11590,2,2156.2599999999998,Repeat
C11591,7,9513.189999999999,Repeat
C11592,3,3676.84,Repeat
C11593,2,3048.58,Repeat
C11594,3,5118.34,Repeat
C11595,4,5796.85,Repeat
C11596,5,7106.2699999999995,Repeat
C11597,1,1136.29,New
C11598,2,3473.92,Repeat
C11599,6,9073.83,Repeat
C11600,2,4711.639999999999,Repeat
C11601,3,8387.14,Repeat
C11602,2,2616.29,Repeat
C11603,3,3250.34,Repeat
C11604,5,9367.62,Repeat
C11605,7,15033.63,Repeat
C11606,5,7289.01,Repeat
C11607,2,2760.73,Repeat
C11608,3,3231.36,Repeat
C11609,2,2166.43,Repeat
C11610,4,6515.049999999999,Repeat
C11611,1,1198.3,New
C11612,2,2183.48,Repeat
C11613,5,8314.75,Repeat
C11615,3,8256.15,Repeat
C11616,5,6684.53,Repeat
C11617,3,4699.64,Repeat
C11618,2,2934.4700000000003,Repeat
C11619,2,4404.46,Repeat
C11620,2,2310.87,Repeat
C11621,4,6543.030000000001,Repeat
C11622,3,4117.04,Repeat
C11623,2,4076.62,Repeat
C11624,2,1695.4499999999998,Repeat
C11625,3,3089.5299999999997,Repeat
C11626,5,8078.57,Repeat
C11627,2,3547.51,Repeat
C11628,2,2933.0699999999997,Repeat
C11629,5,4683.4400000000005,Repeat
C11630,5,8799.74,Repeat
C11631,3,4922.14,Repeat
C11632,6,11859.94,Repeat
C11633,7,12305.17,Repeat
C11634,5,9235.73,Repeat
C11635,4,7161.04,Repeat
C11636,6,9773.47,Repeat
C11637,4,8782.94,Repeat
C11638,4,4925.12,Repeat
C11639,2,2897.88,Repeat
C11640,3,3207.92,Repeat
C11641,7,10846.449999999999,Repeat
C11642,5,6722.05,Repeat
C11643,4,5405.48,Repeat
C11644,1,745.2,New
C11645,3,4963.35,Repeat
C11646,5,5921.75,Repeat
C11647,6,9729.48,Repeat
C11648,4,5819.67,Repeat
C11649,2,2592.87,Repeat
C11650,4,7108.23,Repeat
C11651,1,942.91,New
C11652,5,7475.08,Repeat
C11653,7,7583.04,Repeat
C11654,2,1750.39,Repeat
C11655,3,4110.65,Repeat
C11656,5,6953.23,Repeat
C11657,4,5272.38,Repeat
C11658,3,2954.15,Repeat
C11659,1,1155.82,New
C11660,4,5688.39,Repeat
C11661,5,5017.54,Repeat
C11662,2,2007.75,Repeat
C11663,3,6133.21,Repeat
C11664,4,7220.37,Repeat
C11665,3,4620.73,Repeat
C11666,5,7565.59,Repeat
C11667,2,2881.8999999999996,Repeat
C11668,7,11945.55,Repeat
C11669,3,4152.32,Repeat
C11670,3,4009.21,Repeat
C11671,2,4965.63,Repeat
C11672,3,6785.49,Repeat
C11673,2,2845.84,Repeat
C11674,4,7345.35,Repeat
C11675,2,1772.29,Repeat
C11676,4,5834.71,Repeat
C11677,3,3673.67,Repeat
C11678,7,10427.34,Repeat
C11679,4,4949.13,Repeat
C11680,3,4665.93,Repeat
C11681,6,10709.599999999999,Repeat
C11682,4,4204.84,Repeat
C11683,1,860.78,New
C11684,5,6897.46,Repeat
C11685,3,5638.860000000001,Repeat
C11686,4,4970.51,Repeat
C11687,4,7104.32,Repeat
C11688,1,1271.45,New
C11689,1,759.19,New
C11690,6,9394.49,Repeat
C11691,3,3076.04,Repeat
C11692,2,1297.1100000000001,Repeat
C11693,4,5093.849999999999,Repeat
C11694,1,1271.45,New
C11695,1,1201.33,New
C11696,4,8204.55,Repeat
C11697,6,10237.17,Repeat
C11698,1,745.21,New
C11699,3,5342.97,Repeat
C11700,4,5208.68,Repeat
C11701,3,4033.48,Repeat
C11702,2,4450.95,Repeat
C11703,4,5522.05,Repeat
C11704,6,10442.119999999999,Repeat
C11705,4,5132.46,Repeat
C11706,5,7334.79,Repeat
C11707,1,1011.54,New
C11708,4,3649.32,Repeat
C11709,3,5894.09,Repeat
C11710,6,8918.380000000001,Repeat
C11711,2,3646.8999999999996,Repeat
C11712,6,8006.18,Repeat
C11713,4,4941.78,Repeat
C11714,1,1485.36,New
C11715,7,9968.76,Repeat
C11716,5,8020.58,Repeat
C11717,3,3942.29,Repeat
C11718,2,4716.26,Repeat
C11719,2,2794.6099999999997,Repeat
C11720,6,9982.84,Repeat
C11721,3,4628.65,Repeat
C11722,4,5530.64,Repeat
C11723,4,5339.15,Repeat
C11724,8,12134.6,Repeat
C11725,5,9606.98,Repeat
C11726,3,3876.33,Repeat
C11727,10,13723.03,Repeat
C11728,4,7674.06,Repeat
C11729,1,2412.28,New
C11730,3,3544.0299999999997,Repeat
C11731,4,4776.31,Repeat
C11732,3,3075.48,Repeat
C11733,3,5660.55,Repeat
C11734,3,9167.05,Repeat
C11735,5,9462.16,Repeat
C11736,2,4185.45,Repeat
C11737,4,4933.1900000000005,Repeat
C11738,4,5278.28,Repeat
C11739,9,12601.37,Repeat
C11740,5,7911.73,Repeat
C11741,5,10131.03,Repeat
C11742,7,10480.56,Repeat
C11743,3,3786.37,Repeat
C11744,4,5117.78,Repeat
C11745,5,7040.589999999999,Repeat
C11746,2,4484.04,Repeat
C11747,3,4401.5,Repeat
C11748,4,5535.03,Repeat
C11749,4,4045.86,Repeat
C11750,1,1336.82,New
C11751,2,2040.58,Repeat
C11753,3,5476.67,Repeat
C11754,1,1360.07,New
C11755,4,5396.219999999999,Repeat
C11756,1,1085.84,New
C11757,4,6572.01,Repeat
C11758,6,12136.33,Repeat
C11759,3,6171.23,Repeat
C11760,5,7172.08,Repeat
C11761,3,5799.15,Repeat
C11762,2,2716.01,Repeat
C11763,2,2068.44,Repeat
C11764,10,12018.25,Repeat
C11765,8,9489.49,Repeat
C11766,5,7597.95,Repeat
C11767,6,9263.2,Repeat
C11768,5,5795.65,Repeat
C11769,5,7025.2,Repeat
C11770,5,8841.18,Repeat
C11771,1,1142.66,New
C11772,1,2171.68,New
C11773,3,5291.88,Repeat
C11774,3,3601.85,Repeat
C11775,6,10322.24,Repeat
C11776,6,7129.76,Repeat
C11777,9,14426.39,Repeat
C11778,7,11126.46,Repeat
C11779,2,3589.59,Repeat
C11780,4,6386.67,Repeat
C11781,3,6198.59,Repeat
C11782,3,3168.4700000000003,Repeat
C11783,5,5696.53,Repeat
C11784,1,1360.07,New
C11785,5,7847.4,Repeat
C11786,5,9486.74,Repeat
C11787,5,8998.91,Repeat
C11788,2,2951.08,Repeat
C11789,3,3982.46,Repeat
C11790,3,5610.46,Repeat
C11791,2,2162.9700000000003,Repeat
C11792,3,2758.09,Repeat
C11793,2,3245.17,Repeat
C11794,4,6026.24,Repeat
C11795,3,5806.61,Repeat
C11796,7,9022.03,Repeat
C11797,1,1341.38,New
C11798,5,5602.3099999999995,Repeat
C11799,5,9064.39,Repeat
C11800,6,7878.16,Repeat
C11801,4,5387.62,Repeat
C11802,4,4404.5199999999995,Repeat
C11803,2,3210.77,Repeat
C11804,2,4329.7,Repeat
C11805,7,7303.14,Repeat
C11806,5,8139.84,Repeat
C11807,4,5679.7,Repeat
C11808,5,6046.96,Repeat
C11809,7,10927.24,Repeat
C11810,3,3622.45,Repeat
C11811,5,6144.0,Repeat
C11813,6,7301.23,Repeat
C11814,5,7017.15,Repeat
C11815,2,4142.9,Repeat
C11816,4,4666.49,Repeat
C11817,3,5708.78,Repeat
C11818,4,7847.2699999999995,Repeat
C11819,6,9621.07,Repeat
C11820,2,4484.79,Repeat
C11821,3,4808.719999999999,Repeat
C11822,4,10048.55,Repeat
C11823,7,8979.06,Repeat
C11824,4,4406.15,Repeat
C11825,5,8537.24,Repeat
C11826,5,7552.24,Repeat
C11827,4,4260.88,Repeat
C11828,5,9688.68,Repeat
C11830,4,5438.4,Repeat
C11831,4,4662.71,Repeat
C11832,5,8905.380000000001,Repeat
C11833,2,2152.85,Repeat
C11834,2,2627.13,Repeat
C11835,3,4165.8099999999995,Repeat
C11836,3,5489.83,Repeat
C11837,5,8812.78,Repeat
C11838,3,3591.04,Repeat
C11839,5,8120.92,Repeat
C11840,5,5106.5,Repeat
C11841,4,5393.82,Repeat
C11842,6,9115.9,Repeat
C11843,4,4276.4,Repeat
C11844,3,4140.8,Repeat
C11845,4,8178.03,Repeat
C11846,4,6406.99,Repeat
C11847,3,3405.25,Repeat
C11848,5,5869.37,Repeat
C11849,4,5967.93,Repeat
C11850,4,7891.360000000001,Repeat
C11851,3,4751.4,Repeat
C11852,4,5402.200000000001,Repeat
C11853,7,15741.73,Repeat
C11854,1,3231.14,New
C11855,4,5496.54,Repeat
C11856,3,4289.549999999999,Repeat
C11857,1,633.42,New
C11858,6,12492.89,Repeat
C11859,2,2805.1800000000003,Repeat
C11860,8,13232.76,Repeat
C11861,7,10086.710000000001,Repeat
C11862,2,3732.6800000000003,Repeat
C11863,5,9233.210000000001,Repeat
C11864,2,2542.2,Repeat
C11865,5,5605.31,Repeat
C11866,3,4211.7,Repeat
C11867,9,16035.03,Repeat
C11868,1,2602.81,New
C11869,6,7600.25,Repeat
C11870,5,13010.2,Repeat
C11871,1,1490.45,New
C11872,2,4388.24,Repeat
C11873,5,6177.67,Repeat
C11874,2,2476.38,Repeat
C11875,6,12886.75,Repeat
C11876,4,8522.1,Repeat
C11877,2,6127.38,Repeat
C11878,4,4983.139999999999,Repeat
C11879,5,7171.44,Repeat
C11880,4,7408.070000000001,Repeat
C11881,4,6518.3,Repeat
C11882,5,6071.39,Repeat
C11883,5,5771.639999999999,Repeat
C11884,2,5293.98,Repeat
C11885,3,4114.65,Repeat
C11887,2,2404.0299999999997,Repeat
C11888,5,8437.35,Repeat
C11890,4,6756.18,Repeat
C11891,2,2042.96,Repeat
C11892,3,4441.0,Repeat
C11893,4,5270.65,Repeat
C11894,3,5123.95,Repeat
C11895,3,4649.07,Repeat
C11896,5,10119.66,Repeat
C11897,5,8900.26,Repeat
C11898,1,801.36,New
C11899,2,3235.56,Repeat
C11900,5,5631.3099999999995,Repeat
C11901,2,1872.2200000000003,Repeat
C11902,2,3818.92,Repeat
C11903,3,9378.03,Repeat
C11904,1,745.2,New
C11905,4,4868.9,Repeat
C11906,3,3248.36,Repeat
C11907,1,1279.55,New
C11908,3,2557.95,Repeat
C11909,7,9940.08,Repeat
C11910,2,2087.06,Repeat
C11911,4,5516.45,Repeat
C11912,4,6084.25,Repeat
C11913,3,3845.8199999999997,Repeat
C11914,2,2072.27,Repeat
C11915,1,843.54,New
C11916,4,6421.07,Repeat
C11917,5,6194.14,Repeat
C11918,2,2122.51,Repeat
C11919,3,4193.889999999999,Repeat
C11920,3,4549.7,Repeat
C11921,1,1206.14,New
C11922,5,9488.82,Repeat
C11923,3,8009.9,Repeat
C11924,6,9112.619999999999,Repeat
C11925,3,7255.31,Repeat
C11926,4,7060.89,Repeat
C11927,6,7213.12,Repeat
C11928,6,6897.65,Repeat
C11929,4,4720.34,Repeat
C11930,2,3281.38,Repeat
C11931,4,4916.01,Repeat
C11932,3,2797.0699999999997,Repeat
C11933,2,2881.34,Repeat
C11934,6,10390.86,Repeat
C11935,7,13260.23,Repeat
C11936,4,5361.37,Repeat
C11937,2,2683.07,Repeat
C11938,6,12702.94,Repeat
C11939,4,9959.65,Repeat
C11940,3,4662.83,Repeat
C11941,2,2938.6400000000003,Repeat
C11942,4,4373.62,Repeat
C11943,3,5681.66,Repeat
C11944,2,1820.1399999999999,Repeat
C11945,9,18961.96,Repeat
C11946,4,5389.04,Repeat
C11947,1,3498.66,New
C11948,5,6140.08,Repeat
C11949,4,5424.280000000001,Repeat
C11950,3,3259.35,Repeat
C11951,4,4887.07,Repeat
C11952,2,3395.0,Repeat
C11953,5,8267.16,Repeat
C11954,3,7133.92,Repeat
C11955,3,5633.83,Repeat
C11956,5,9443.55,Repeat
C11957,3,4310.59,Repeat
C11958,1,745.21,New
C11959,4,3797.73,Repeat
C11960,6,9775.369999999999,Repeat
C11961,6,9608.470000000001,Repeat
C11962,11,17588.28,Repeat
C11963,4,6610.08,Repeat
C11964,1,1656.05,New
C11965,3,5545.26,Repeat
C11966,4,6201.400000000001,Repeat
C11967,3,5149.88,Repeat
C11968,6,9931.17,Repeat
C11969,1,746.91,New
C11970,7,9108.31,Repeat
C11971,3,4302.77,Repeat
C11972,1,3085.26,New
C11973,6,7168.48,Repeat
C11974,4,4219.99,Repeat
C11975,7,9020.72,Repeat
C11976,4,3574.85,Repeat
C11977,6,8919.220000000001,Repeat
C11978,5,9134.69,Repeat
C11979,1,1612.11,New
C11980,2,2481.12,Repeat
C11981,1,1201.33,New
C11982,3,5199.96,Repeat
C11983,5,8459.19,Repeat
C11984,5,5697.47,Repeat
C11985,6,9657.63,Repeat
C11986,1,1759.81,New
C11987,6,6416.32,Repeat
C11988,2,2530.5299999999997,Repeat
C11989,11,14592.81,Repeat
C11990,5,7225.0,Repeat
C11991,2,2623.38,Repeat
C11992,1,1085.84,New
C11993,6,8937.24,Repeat
C11994,5,8288.18,Repeat
C11995,4,4358.04,Repeat
C11996,1,2655.97,New
C11997,4,5534.34,Repeat
C11998,3,6469.97,Repeat
C11999,4,6268.65,Repeat
C12000,5,5079.75,Repeat
