customer_id,orders,revenue
C00001,5,8239.470000000001
C00002,6,8376.52
C00003,2,4211.05
C00004,4,7083.29
C00005,4,6646.63
C00006,4,4965.9
C00007,6,7962.2
C00008,7,12707.07
C00009,5,6655.53
C00010,3,4387.75
C00011,4,4701.97
C00012,6,9713.79
C00013,5,6152.04
C00014,3,5686.88
C00015,3,6140.57
C00016,3,4194.99
C00017,1,2994.1
C00018,3,4071.01
C00019,6,9546.71
C00020,3,3922.9300000000003
C00021,2,2649.01
C00022,5,9950.08
C00023,7,11782.560000000001
C00024,5,8303.23
C00025,5,6737.639999999999
C00026,4,5403.78
C00027,3,4664.5
C00028,6,10433.42
C00029,4,5649.34
C00030,5,8233.18
C00031,2,1996.25
C00032,3,2878.73
C00033,6,9294.1
C00034,3,4286.32
C00035,3,3132.8900000000003
C00036,2,3219.1099999999997
C00037,3,3805.44
C00038,4,4704.41
C00039,3,2568.7799999999997
C00040,4,4764.61
C00041,6,10311.5
C00042,2,3282.0699999999997
C00043,2,2244.07
C00044,3,3430.76
C00046,4,4777.45
C00047,7,12972.029999999999
C00048,5,5967.08
C00050,3,4059.55
C00051,2,4631.86
C00052,2,3465.39
C00053,7,13496.15
C00054,4,5051.08
C00055,5,7229.44
C00056,4,4378.97
C00058,1,1156.06
C00059,3,3877.1099999999997
C00060,1,1475.54
C00061,4,7817.03
C00062,7,7234.110000000001
C00064,4,4953.65
C00065,2,3123.87
C00066,4,5280.24
C00067,3,7403.469999999999
C00068,3,5934.62
C00069,2,4255.58
C00070,5,6812.44
C00071,4,5771.44
C00072,5,7587.17
C00073,2,2528.52
C00074,8,7929.53
C00075,3,4936.42
C00076,5,6775.76
C00077,1,1201.33
C00078,2,2429.7599999999998
C00079,4,6851.37
C00080,6,13712.0
C00081,3,3546.38
C00082,5,9485.97
C00083,5,7014.59
C00084,5,8663.83
C00085,5,9122.46
C00086,7,11932.939999999999
C00087,6,13560.32
C00088,2,1713.14
C00089,3,5180.76
C00090,4,5257.58
C00091,5,7021.15
C00092,3,3774.04
C00093,1,1262.55
C00094,4,7815.12
C00095,1,1102.82
C00096,7,10101.04
C00097,3,4268.54
C00098,3,4567.19
C00099,4,4737.7699999999995
C00100,6,7287.67
C00101,2,2829.35
C00102,5,6057.24
C00103,3,7215.9400000000005
C00104,6,11435.96
C00105,5,6474.25
C00106,2,2967.98
C00107,4,4444.27
C00108,5,7938.99
C00109,8,9787.58
C00110,9,13116.37
C00111,3,3856.71
C00112,5,5460.98
C00113,5,5627.26
C00114,3,4735.46
C00115,3,4272.18
C00116,2,2129.09
C00117,4,9101.46
C00118,5,10983.3
C00119,3,3916.52
C00120,4,5300.33
C00121,4,6836.03
C00122,3,5081.73
C00123,6,15372.15
C00124,8,11775.07
C00125,2,1678.4
C00126,4,4511.89
C00127,5,6031.54
C00129,1,843.54
C00130,3,6527.85
C00131,3,4469.23
C00132,3,5702.82
C00133,2,2933.31
C00134,3,5470.25
C00135,3,3561.87
C00136,3,4905.72
C00137,5,6822.43
C00138,5,8332.9
C00139,3,5492.08
C00140,1,2402.66
C00142,1,1284.25
C00143,6,8394.130000000001
C00144,2,4284.68
C00145,3,4668.219999999999
C00146,3,5534.79
C00147,5,6013.18
C00148,1,3462.33
C00149,3,4621.360000000001
C00150,2,6028.6
C00151,6,9266.94
C00152,3,3730.98
C00153,3,3226.8099999999995
C00154,3,3774.3599999999997
C00155,5,12111.01
C00156,3,4646.57
C00157,1,1667.19
C00158,4,4805.27
C00159,4,3839.37
C00160,1,1301.4
C00161,4,4720.55
C00162,5,6377.32
C00163,3,5360.91
C00164,5,8839.69
C00165,1,1511.76
C00166,4,4663.0
C00167,7,10437.31
C00168,7,10922.42
C00169,2,2944.35
C00170,2,4201.98
C00171,3,3371.19
C00172,1,1595.74
C00173,4,9103.14
C00174,8,14062.66
C00175,2,2882.5
C00176,3,5124.889999999999
C00177,4,9293.53
C00178,2,2532.17
C00179,4,6350.01
C00180,5,8146.33
C00181,5,7528.8099999999995
C00182,1,1083.42
C00183,7,10391.99
C00184,4,6084.23
C00185,5,6280.39
C00186,7,12467.75
C00187,4,4287.98
C00188,4,6962.56
C00189,2,2597.6400000000003
C00190,4,6691.45
C00191,2,1813.3400000000001
C00192,2,2073.74
C00193,2,1980.58
C00194,4,5040.1
C00195,2,2639.76
C00196,1,1612.93
C00197,5,7340.530000000001
C00198,5,8090.549999999999
C00199,8,12824.27
C00200,5,7741.889999999999
C00201,4,7709.21
C00202,1,1067.08
C00203,4,5352.91
C00204,4,6591.889999999999
C00205,3,3658.11
C00206,7,7838.94
C00207,2,3871.41
C00208,4,5450.08
C00209,6,11545.54
C00210,5,6915.9
C00211,6,7171.139999999999
C00212,3,5173.89
C00213,6,8624.14
C00214,5,8502.619999999999
C00215,5,9676.470000000001
C00216,4,5762.969999999999
C00217,5,7907.530000000001
C00218,2,2131.84
C00220,4,6028.45
C00221,3,3973.84
C00222,4,8649.52
C00223,3,4068.13
C00224,2,4788.51
C00225,5,5881.9
C00226,1,1212.2
C00228,6,8576.68
C00229,3,3564.28
C00230,6,8666.02
C00231,5,5540.18
C00232,1,1104.79
C00233,2,3332.34
C00234,5,7464.95
C00235,4,6436.98
C00236,9,12620.1
C00237,5,6130.48
C00238,5,5683.299999999999
C00239,1,1269.62
C00240,7,10847.48
C00241,3,4209.139999999999
C00242,5,7199.14
C00243,3,3556.5299999999997
C00244,3,5514.76
C00245,5,14339.28
C00246,5,6518.5
C00247,6,7225.05
C00248,4,4200.759999999999
C00249,3,7545.679999999999
C00250,4,4429.34
C00251,5,8285.09
C00252,2,3281.38
C00253,5,6063.44
C00254,2,1751.22
C00255,2,1969.8
C00256,1,1220.04
C00257,3,4166.72
C00258,6,8936.59
C00259,6,6554.76
C00260,3,5263.8
C00261,5,8167.92
C00262,5,7780.32
C00263,1,745.21
C00264,3,5329.73
C00265,3,3703.3199999999997
C00266,4,5442.29
C00267,2,3802.83
C00268,4,5774.43
C00269,7,8539.25
C00270,4,5895.16
C00271,3,4152.87
C00272,3,3922.85
C00273,6,10523.93
C00274,3,4697.9
C00275,1,3498.66
C00276,1,1262.55
C00277,7,7865.54
C00278,5,10775.66
C00280,5,5881.59
C00281,8,9167.029999999999
C00282,6,6832.02
C00283,3,6311.3099999999995
C00284,4,6017.34
C00285,4,6274.94
C00286,4,7107.34
C00287,1,4040.67
C00288,5,6078.87
C00289,3,2647.67
C00290,4,4288.06
C00291,4,7548.09
C00292,3,4082.5699999999997
C00293,3,3703.8999999999996
C00294,3,3274.96
C00295,2,2628.02
C00296,4,4165.66
C00297,2,1775.48
C00298,5,7195.44
C00299,3,8678.32
C00300,4,6553.93
C00301,3,3341.75
C00302,2,3954.9100000000003
C00303,3,4086.46
C00304,6,12332.98
C00305,1,1073.17
C00306,1,1292.07
C00308,4,4863.94
C00309,4,5290.530000000001
C00310,3,5162.74
C00311,2,2245.3999999999996
C00312,4,4828.41
C00313,4,6287.53
C00314,5,5654.86
C00315,6,7629.03
C00316,4,3779.5
C00317,9,12743.529999999999
C00318,1,3359.46
C00319,4,5392.26
C00320,1,1612.11
C00321,3,4015.37
C00322,4,6470.32
C00323,2,6571.02
C00324,1,1402.28
C00325,3,4911.38
C00326,4,3835.1600000000003
C00327,3,4468.72
C00328,2,3170.91
C00329,5,8629.43
C00330,5,6436.24
C00331,3,2935.87
C00332,3,8288.18
C00333,3,4337.63
C00334,4,3898.63
C00335,4,7323.76
C00336,3,5655.0
C00337,6,9157.03
C00338,3,2709.76
C00339,2,1518.88
C00340,2,2572.48
C00341,2,2940.87
C00342,3,3672.0299999999997
C00343,2,3024.8900000000003
C00344,3,5560.110000000001
C00345,7,13067.67
C00346,4,6768.030000000001
C00347,3,4107.8
C00348,2,2336.56
C00349,3,3666.21
C00350,3,5561.84
C00351,5,6998.07
C00352,3,2842.54
C00353,4,9325.67
C00354,6,6918.5
C00355,7,10944.62
C00356,5,7173.85
C00357,7,10927.02
C00358,2,2704.21
C00359,1,1822.28
C00360,2,3501.39
C00361,4,5079.07
C00362,9,11942.74
C00363,3,3696.88
C00364,7,9991.119999999999
C00365,5,7126.09
C00366,3,4161.0
C00367,3,4120.41
C00368,4,6511.67
C00369,9,14163.26
C00370,6,8274.63
C00371,3,3016.42
C00372,4,6057.91
C00373,3,3724.24
C00374,3,3023.87
C00375,2,2599.37
C00376,5,5573.83
C00377,3,3651.26
C00378,4,6590.08
C00379,2,2187.37
C00380,3,4404.9
C00381,5,7214.88
C00382,3,5748.91
C00383,5,5918.38
C00384,6,9195.36
C00385,7,12650.32
C00386,4,5807.48
C00387,8,12592.369999999999
C00388,8,12708.630000000001
C00389,1,1207.88
C00390,3,3817.99
C00391,1,1575.84
C00392,3,2156.71
C00393,8,9907.97
C00394,6,11620.32
C00395,5,7257.28
C00396,3,3548.49
C00397,7,10500.05
C00398,5,8237.58
C00399,4,5802.67
C00400,1,1485.36
C00401,1,1140.44
C00402,3,3995.8499999999995
C00403,4,8023.34
C00404,4,8111.54
C00405,4,5158.25
C00406,4,6383.95
C00407,6,8589.59
C00408,7,16011.19
C00409,5,8404.49
C00410,3,3181.1800000000003
C00411,7,12428.36
C00412,3,4740.81
C00413,5,9031.79
C00414,1,1136.29
C00415,6,14385.48
C00416,5,14283.470000000001
C00417,5,5193.6900000000005
C00418,4,4981.71
C00419,3,3136.49
C00420,5,8036.82
C00421,7,7718.84
C00422,3,3732.46
C00423,3,5240.79
C00424,2,2664.31
C00425,3,3183.73
C00426,2,2219.62
C00427,3,2897.69
C00428,4,5709.59
C00429,6,7480.8
C00430,7,11066.46
C00431,4,5567.139999999999
C00432,2,2643.28
C00433,5,8426.61
C00434,7,12335.26
C00435,4,6463.35
C00436,7,10398.22
C00437,1,1651.81
C00438,3,2832.94
C00439,3,5410.389999999999
C00440,4,6037.9800000000005
C00441,3,3512.17
C00442,3,4859.08
C00443,2,1739.4499999999998
C00444,4,7279.99
C00445,2,2188.0299999999997
C00446,4,10400.599999999999
C00447,4,5148.01
C00448,4,5270.530000000001
C00449,5,9633.52
C00450,8,11725.71
C00451,3,6013.790000000001
C00452,4,4153.24
C00453,6,7421.61
C00454,3,3667.73
C00455,2,4433.3
C00456,5,8355.57
C00457,8,9920.15
C00458,2,2260.77
C00459,3,3595.35
C00460,2,2412.0699999999997
C00461,3,3731.96
C00462,5,5698.98
C00463,3,4390.68
C00464,5,5791.06
C00465,3,2826.52
C00466,4,4298.75
C00468,3,3769.66
C00469,3,3469.0600000000004
C00470,3,7804.0
C00471,3,5175.79
C00472,3,4988.799999999999
C00473,6,10339.8
C00474,3,3600.7
C00475,2,3232.41
C00476,4,5142.51
C00477,2,2223.7999999999997
C00478,3,5670.52
C00479,2,2339.75
C00480,5,5744.51
C00481,3,3254.89
C00482,4,5366.889999999999
C00483,3,3130.49
C00484,5,7026.07
C00485,3,3482.39
C00486,1,1985.08
C00487,2,1613.01
C00488,4,5316.79
C00489,4,6261.77
C00490,5,5207.46
C00491,1,1900.67
C00492,1,960.37
C00493,3,3822.64
C00494,1,1067.08
C00495,1,1262.55
C00496,2,4800.0599999999995
C00497,7,12215.66
C00498,4,4907.04
C00499,8,9637.79
C00500,5,7053.86
C00501,2,2506.55
C00502,3,4261.37
C00504,3,5503.77
C00505,6,8945.71
C00506,2,2699.39
C00507,5,9525.91
C00508,4,6301.64
C00509,1,1346.89
C00510,2,2122.51
C00511,3,7789.09
C00512,1,1490.45
C00513,5,6743.42
C00514,6,8907.26
C00515,3,2603.68
C00516,5,7777.37
C00517,5,10567.84
C00518,2,3648.91
C00519,5,6576.66
C00520,2,3306.34
C00521,3,3234.74
C00522,4,4554.0599999999995
C00523,8,14376.599999999999
C00524,6,9225.42
C00525,1,893.29
C00526,3,4046.23
C00527,2,3971.07
C00528,5,8417.26
C00529,4,8574.01
C00530,5,6130.27
C00531,3,6397.42
C00532,3,8912.56
C00533,6,7702.9
C00534,6,8428.66
C00535,1,1356.1
C00536,5,9982.67
C00537,4,6939.900000000001
C00539,2,1362.69
C00540,6,7015.91
C00541,3,3970.66
C00542,2,1997.07
C00543,1,1279.55
C00544,3,5787.860000000001
C00545,1,860.78
C00546,4,6003.71
C00547,4,5975.86
C00548,3,4799.26
C00549,4,8307.89
C00550,1,843.54
C00551,6,11723.59
C00552,5,8240.68
C00553,4,7581.33
C00554,4,6062.69
C00555,8,11766.75
C00556,8,9927.51
C00557,5,10586.21
C00558,6,6741.29
C00559,7,15559.01
C00560,2,2837.53
C00561,4,5711.33
C00562,4,6531.81
C00563,5,6358.24
C00564,5,8582.52
C00565,3,3721.01
C00567,5,6659.4400000000005
C00568,2,2665.5299999999997
C00569,6,6156.37
C00570,5,6999.41
C00571,7,9455.04
C00572,7,13720.19
C00574,2,1739.51
C00575,6,8159.82
C00576,3,3147.18
C00577,7,14426.53
C00578,3,3730.4
C00579,4,4854.3
C00580,4,5231.87
C00581,7,7581.47
C00582,1,2522.74
C00583,3,4531.63
C00584,4,6316.820000000001
C00585,2,4602.049999999999
C00586,3,4067.21
C00587,6,9041.23
C00588,7,12165.88
C00589,4,4360.5
C00590,3,3565.68
C00591,2,2033.51
C00592,5,11009.92
C00593,3,4466.47
C00594,6,13445.93
C00595,6,10489.06
C00596,4,6663.27
C00597,6,7621.400000000001
C00598,5,5798.59
C00599,4,5334.83
C00600,1,3644.56
C00601,3,3043.62
C00602,8,14597.69
C00603,1,666.08
C00604,6,6102.63
C00605,4,7140.25
C00606,4,6334.2699999999995
C00607,5,8382.24
C00608,4,7045.599999999999
C00609,6,7935.37
C00610,5,9960.779999999999
C00611,2,2494.2799999999997
C00612,5,9045.38
C00613,6,10758.18
C00614,4,5480.71
C00615,1,1269.62
C00616,4,4610.48
C00617,2,2530.99
C00618,5,8012.16
C00619,2,4163.219999999999
C00620,7,10738.99
C00621,6,8270.15
C00622,5,7121.54
C00623,2,2266.95
C00624,4,5523.91
C00625,5,9317.87
C00626,3,6092.61
C00627,6,11184.58
C00628,2,3059.98
C00629,1,1301.4
C00630,3,4280.21
C00631,2,4694.63
C00632,5,8672.150000000001
C00633,1,1573.25
C00634,6,7641.45
C00635,2,3129.71
C00636,5,6131.26
C00637,4,4892.599999999999
C00638,3,6311.01
C00639,3,3729.6099999999997
C00640,3,8055.389999999999
C00641,4,4226.73
C00642,3,6764.469999999999
C00643,6,6332.32
C00644,5,6530.11
C00645,4,7712.35
C00646,5,8500.6
C00647,5,7645.0
C00648,2,3011.48
C00649,4,7676.4400000000005
C00650,3,7907.860000000001
C00651,6,7350.29
C00652,2,2341.73
C00653,4,5397.65
C00654,6,10377.32
C00655,4,5992.799999999999
C00656,1,1011.54
C00657,4,6480.77
C00658,5,7304.65
C00659,5,9556.11
C00660,4,6350.17
C00661,2,2578.8
C00662,2,2205.37
C00663,4,4510.13
C00664,4,4797.62
C00665,3,4219.12
C00666,7,11601.41
C00667,3,4892.1900000000005
C00668,4,3982.62
C00669,4,5640.7300000000005
C00670,3,3840.59
C00671,1,1757.44
C00672,3,3276.5
C00673,3,5976.63
C00674,2,2241.92
C00675,3,8285.43
C00676,7,8224.21
C00677,6,6073.88
C00678,4,4828.0599999999995
C00679,7,8685.369999999999
C00680,1,745.21
C00681,5,4625.27
C00682,3,5346.01
C00683,5,6564.55
C00684,7,10730.279999999999
C00686,6,12378.509999999998
C00687,6,9367.21
C00688,1,878.72
C00689,4,5452.73
C00690,2,4285.45
C00691,2,4510.4
C00692,5,8574.25
C00693,5,8903.81
C00694,4,5433.9400000000005
C00695,1,860.78
C00696,3,4276.79
C00697,6,8634.8
C00698,7,11751.59
C00699,2,1889.7199999999998
C00700,3,4533.29
C00701,5,8470.25
C00702,1,1656.05
C00703,8,9135.710000000001
C00704,5,9833.560000000001
C00705,4,3866.72
C00706,3,3322.49
C00708,4,6596.780000000001
C00709,3,6298.33
C00710,3,6937.64
C00711,3,4166.63
C00712,3,4963.28
C00713,1,1852.43
C00714,4,4665.37
C00715,1,1710.6
C00716,5,7434.95
C00717,5,5290.610000000001
C00718,6,8951.0
C00719,7,15205.79
C00720,4,8275.23
C00721,3,5498.64
C00722,2,2212.51
C00723,7,9298.7
C00724,5,6766.81
C00725,6,7587.66
C00726,5,6739.35
C00727,4,7212.389999999999
C00728,2,2567.95
C00729,2,2439.96
C00730,3,4134.129999999999
C00731,3,5530.66
C00732,5,8150.21
C00733,4,7505.889999999999
C00734,4,4873.9400000000005
C00735,6,8369.039999999999
C00736,5,8008.01
C00737,5,6383.23
C00738,4,8629.91
C00739,5,6177.75
C00740,1,903.96
C00741,6,8639.65
C00742,2,2289.44
C00743,2,5262.73
C00744,6,9898.3
C00745,3,2783.64
C00746,4,4905.12
C00747,4,6224.24
C00748,1,1497.05
C00749,4,5827.49
C00750,5,5574.84
C00751,4,5677.49
C00752,7,10634.04
C00753,1,1356.1
C00754,4,4547.32
C00755,2,1968.6599999999999
C00756,2,6918.63
C00757,3,3543.6899999999996
C00758,9,14219.8
C00759,3,4324.360000000001
C00760,1,2415.75
C00761,5,8090.92
C00762,8,10229.91
C00763,2,2528.52
C00764,4,7128.799999999999
C00765,5,9194.15
C00766,3,3854.67
C00767,7,12369.43
C00768,5,8616.529999999999
C00769,4,4982.12
C00770,5,9215.31
C00771,6,8807.75
C00772,7,8582.3
C00773,5,8497.67
C00774,3,5432.21
C00775,6,8924.789999999999
C00776,6,6466.84
C00777,2,1803.96
C00778,3,3711.98
C00779,8,9287.45
C00780,4,6338.18
C00781,3,3766.24
C00782,1,834.78
C00783,4,5319.75
C00784,6,9434.92
C00785,2,2661.66
C00786,4,7724.74
C00787,6,10683.89
C00788,3,4658.04
C00789,1,759.19
C00790,3,4123.3099999999995
C00791,2,3789.3500000000004
C00792,2,3198.6800000000003
C00793,3,3560.21
C00794,5,5723.49
C00795,4,4162.85
C00796,5,7296.05
C00797,2,2605.4700000000003
C00798,3,5733.0
C00799,1,1064.78
C00800,5,6307.38
C00801,4,5692.27
C00802,2,2353.04
C00803,3,3302.17
C00804,3,4561.05
C00805,3,4089.28
C00806,4,4554.34
C00807,4,5268.53
C00808,5,6516.49
C00809,7,10671.42
C00810,1,745.21
C00811,9,14185.630000000001
C00812,5,7337.41
C00813,2,1480.99
C00814,3,5813.7
C00815,3,3995.9399999999996
C00816,4,5560.6
C00817,2,3855.28
C00818,1,1083.42
C00819,1,1370.99
C00820,4,5434.35
C00821,4,6181.51
C00822,1,1346.89
C00823,5,6617.33
C00824,3,3283.2400000000002
C00825,5,5233.36
C00826,5,6722.599999999999
C00827,3,5933.389999999999
C00828,6,9382.3
C00829,5,8401.57
C00830,8,10354.25
C00832,3,4484.72
C00833,3,3715.0
C00834,2,2312.67
C00835,2,2593.5
C00836,1,1004.4
C00837,3,3752.38
C00838,6,7144.51
C00839,6,9759.91
C00840,2,3885.5200000000004
C00841,1,1135.23
C00842,1,1427.77
C00843,3,6968.18
C00844,6,8417.27
C00845,2,3163.2200000000003
C00846,6,7606.47
C00847,3,5324.05
C00848,6,8605.34
C00849,6,8644.880000000001
C00850,2,2318.46
C00851,2,3757.3900000000003
C00852,7,12579.74
C00853,2,2513.41
C00854,7,12705.13
C00855,1,944.4
C00856,3,5330.23
C00857,1,1135.23
C00858,4,4241.77
C00859,4,3921.59
C00860,4,4868.53
C00861,6,8655.98
C00862,3,2618.73
C00863,1,1004.4
C00864,3,6734.07
C00865,3,6781.1
C00866,4,6582.2699999999995
C00867,4,7130.41
C00868,6,9704.39
C00870,8,11201.54
C00871,6,10138.759999999998
C00872,3,5391.2
C00873,4,5344.03
C00874,6,7973.17
C00875,5,4630.22
C00876,5,6456.57
C00877,2,2832.75
C00878,4,4550.77
C00879,3,5271.299999999999
C00880,3,6783.92
C00881,3,4310.73
C00882,3,5299.88
C00883,5,5628.79
C00884,2,2922.73
C00885,1,1141.26
C00886,3,2991.8
C00887,3,4758.52
C00888,3,4101.59
C00889,1,2166.84
C00890,1,1327.99
C00891,2,4369.51
C00892,3,4359.74
C00893,1,1451.64
C00894,2,4409.76
C00895,3,3918.54
C00896,5,6027.95
C00897,3,3574.66
C00898,2,3629.89
C00899,6,7550.55
C00900,6,7762.53
C00901,1,3146.5
C00902,1,1091.61
C00903,2,1866.8899999999999
C00904,4,6647.73
C00905,2,2235.91
C00906,2,2348.08
C00907,3,6260.45
C00908,7,12293.39
C00909,4,7660.21
C00910,2,2711.2799999999997
C00911,3,4315.3099999999995
C00912,4,4582.139999999999
C00913,4,5287.01
C00914,2,2241.75
C00915,3,3588.44
C00916,7,10020.64
C00917,9,12342.85
C00918,4,6401.67
C00919,8,11222.18
C00920,2,2697.95
C00921,2,3088.2200000000003
C00922,5,8493.11
C00923,8,9701.32
C00924,5,6020.11
C00925,4,7946.6
C00926,2,5215.69
C00927,7,9084.029999999999
C00928,4,4245.27
C00929,2,2690.16
C00930,4,6677.54
C00931,5,5517.3
C00932,5,7219.16
C00933,2,3180.42
C00934,4,6793.799999999999
C00935,3,4038.07
C00936,7,11256.65
C00937,3,4654.62
C00938,2,4272.07
C00939,4,5551.52
C00940,5,6573.15
C00941,4,7495.630000000001
C00943,4,6771.07
C00944,2,2401.25
C00945,3,6330.26
C00946,2,3174.55
C00947,6,12157.11
C00948,1,1360.07
C00949,5,10147.51
C00950,1,904.67
C00951,7,13453.02
C00952,5,11282.630000000001
C00953,7,8107.38
C00954,3,4219.389999999999
C00955,4,5224.9400000000005
C00956,1,1104.79
C00957,7,10447.3
C00958,4,7016.4
C00959,3,3592.99
C00960,4,4822.05
C00961,3,5771.71
C00962,5,6622.9400000000005
C00963,1,992.54
C00964,2,2779.64
C00965,3,4249.49
C00966,3,5862.47
C00967,1,1679.73
C00968,1,958.3
C00969,1,759.19
C00970,8,13281.85
C00971,3,4121.16
C00972,4,5814.47
C00973,3,3759.15
C00974,3,4363.15
C00975,4,4825.82
C00976,3,5178.37
C00977,5,6382.3099999999995
C00978,4,5332.389999999999
C00979,9,16826.32
C00980,1,1262.55
C00981,1,1269.62
C00982,3,3996.7799999999997
C00983,4,5734.860000000001
C00984,6,7098.2
C00985,4,8990.11
C00986,4,6224.96
C00987,5,5936.139999999999
C00988,7,11194.92
C00989,3,3572.27
C00990,5,7040.299999999999
C00991,3,6406.03
C00992,2,1983.98
C00993,5,6601.47
C00994,6,6956.5
C00995,6,11631.84
C00996,4,6054.02
C00997,4,5281.74
C00998,3,3881.37
C00999,3,3300.91
C01000,5,10206.65
C01001,5,7751.23
C01002,1,1679.73
C01003,3,4580.139999999999
C01004,1,1021.13
C01005,6,9683.65
C01006,6,8683.77
C01008,7,8943.75
C01009,1,977.26
C01010,2,2096.1499999999996
C01011,1,1178.32
C01012,3,3538.48
C01013,6,8310.97
C01015,1,1271.45
C01016,3,4679.83
C01017,1,1011.54
C01018,1,1261.37
C01019,5,6522.3
C01020,2,4292.94
C01021,7,11282.37
C01022,2,4223.84
C01023,3,3454.72
C01024,7,9222.96
C01025,5,5492.45
C01026,3,4193.39
C01027,7,9529.96
C01028,5,6626.66
C01029,6,15063.41
C01030,5,8097.18
C01031,4,4462.96
C01032,3,3987.56
C01033,1,1822.28
C01034,5,5669.28
C01035,2,3715.7699999999995
C01036,2,2267.08
C01037,1,1532.28
C01038,3,4840.04
C01039,1,745.2
C01040,6,8693.53
C01041,3,5603.1900000000005
C01042,5,7029.95
C01043,1,2099.1
C01044,2,3285.68
C01045,5,6108.65
C01046,4,4919.98
C01047,5,6358.92
C01048,2,2217.6800000000003
C01049,10,14194.95
C01050,4,6828.97
C01051,5,7823.38
C01052,5,5498.849999999999
C01053,2,2784.52
C01054,5,7681.49
C01055,2,1768.2199999999998
C01056,4,5815.95
C01057,4,4771.95
C01058,5,10931.73
C01059,3,4580.95
C01060,7,9737.83
C01061,2,1698.11
C01062,5,7932.58
C01063,7,13329.14
C01064,4,6704.03
C01065,2,3215.89
C01066,4,6008.45
C01068,5,7534.54
C01069,6,9515.13
C01070,7,12713.89
C01071,4,6333.47
C01072,5,9094.039999999999
C01073,4,4722.52
C01074,6,9408.720000000001
C01075,7,12913.0
C01076,4,4248.01
C01077,4,7162.629999999999
C01078,2,4286.9400000000005
C01079,3,5387.63
C01080,4,5830.83
C01081,5,7363.799999999999
C01082,6,7760.53
C01083,5,6844.82
C01084,3,7948.5599999999995
C01085,2,2340.94
C01086,9,14688.88
C01087,3,4394.15
C01088,2,4012.05
C01089,5,12492.240000000002
C01090,3,3109.8100000000004
C01091,1,1085.84
C01092,4,4935.22
C01093,5,7966.68
C01094,1,1415.88
C01095,7,12877.88
C01096,2,2772.7
C01097,3,4919.78
C01098,3,6435.15
C01099,6,11448.62
C01100,5,5966.209999999999
C01101,4,5844.219999999999
C01102,3,3249.79
C01103,4,5639.01
C01104,5,5316.06
C01105,3,5230.1
C01106,2,1952.35
C01107,4,10630.740000000002
C01108,4,8501.61
C01109,5,7365.99
C01110,2,2573.84
C01111,6,10480.039999999999
C01112,1,5702.01
C01113,4,5257.76
C01114,1,1199.42
C01115,6,10106.3
C01116,3,4107.969999999999
C01117,4,4299.51
C01118,5,7120.57
C01119,1,3225.86
C01120,2,2534.91
C01121,3,5121.94
C01122,5,7151.799999999999
C01123,4,7284.47
C01124,3,5244.42
C01125,2,2310.2799999999997
C01126,3,3402.98
C01127,6,8521.79
C01128,3,3652.8599999999997
C01129,3,3833.9399999999996
C01130,4,6412.23
C01131,2,3206.71
C01132,4,5034.78
C01133,4,4984.98
C01134,6,11776.380000000001
C01135,3,3611.7799999999997
C01136,3,7607.49
C01137,2,2368.1400000000003
C01138,2,2641.48
C01139,7,11718.83
C01140,6,12899.14
C01141,7,13718.49
C01142,5,9571.41
C01143,2,2316.71
C01144,4,6722.3
C01145,4,4515.13
C01146,4,4740.099999999999
C01147,4,6981.22
C01148,6,7626.66
C01149,4,6541.33
C01150,7,9497.83
C01151,4,4413.78
C01152,4,5045.35
C01153,4,7242.530000000001
C01154,2,2835.8
C01155,3,3355.4
C01156,1,1155.82
C01157,4,5042.07
C01158,2,4354.17
C01159,6,8793.11
C01160,3,3340.9399999999996
C01161,4,5176.15
C01162,6,9073.41
C01163,3,3924.04
C01164,5,8588.720000000001
C01165,3,3823.67
C01166,1,834.78
C01167,4,4679.66
C01168,1,1852.43
C01169,4,3330.99
C01170,4,5283.51
C01171,3,7947.33
C01172,2,2160.22
C01173,2,2572.8500000000004
C01174,4,4659.13
C01175,3,8192.09
C01176,4,6465.97
C01177,3,6614.35
C01178,4,4466.76
C01179,2,2500.5
C01180,3,6568.71
C01181,5,6541.08
C01182,2,2162.9700000000003
C01183,2,2791.2799999999997
C01184,3,3790.67
C01185,5,5207.33
C01186,3,5437.74
C01187,8,15306.21
C01188,7,9327.18
C01189,3,4958.0
C01190,6,6519.59
C01191,3,5442.6900000000005
C01192,5,5825.2699999999995
C01193,4,4746.87
C01194,4,4874.37
C01195,5,7800.2
C01196,2,4935.84
C01197,3,4161.0599999999995
C01198,4,8152.18
C01199,4,6127.13
C01201,4,7139.74
C01202,2,1901.21
C01203,6,9082.01
C01204,4,6140.34
C01205,6,8681.73
C01206,2,1788.96
C01207,1,1574.57
C01208,3,4208.45
C01209,5,7351.68
C01210,3,5168.200000000001
C01211,7,11619.29
C01212,3,3948.37
C01213,6,8701.03
C01214,1,878.72
C01215,6,7301.179999999999
C01216,3,3545.33
C01217,3,3082.33
C01218,6,7890.8
C01219,3,3642.5099999999998
C01220,2,2305.88
C01221,7,9427.130000000001
C01222,2,2843.0099999999998
C01223,7,8498.77
C01224,2,2518.8
C01225,2,1739.51
C01226,3,2994.6
C01227,4,7209.0599999999995
C01228,8,11242.74
C01229,3,5921.29
C01230,1,944.4
C01231,3,3261.9
C01232,2,1722.26
C01233,3,5339.5199999999995
C01234,1,834.78
C01235,6,7426.96
C01236,3,4531.81
C01237,4,5559.9
C01238,1,666.08
C01239,3,7511.54
C01240,1,1013.73
C01241,6,9119.82
C01242,5,5485.86
C01243,8,12519.9
C01244,2,3122.05
C01245,4,6908.94
C01246,5,7273.05
C01247,2,2262.8
C01248,4,3815.57
C01249,3,3510.13
C01250,3,3573.7799999999997
C01251,1,1220.49
C01252,1,2161.46
C01253,4,5436.41
C01254,3,4046.96
C01255,6,13085.35
C01256,3,4753.92
C01257,4,5396.29
C01258,4,4698.05
C01259,2,2314.79
C01260,6,8767.02
C01261,4,7174.91
C01262,2,2597.6400000000003
C01263,5,10493.279999999999
C01264,5,7384.08
C01265,5,6502.1900000000005
C01266,5,8666.2
C01267,4,9863.730000000001
C01268,4,6339.23
C01269,4,5036.95
C01270,5,9196.94
C01271,3,3123.43
C01272,3,3306.88
C01273,3,4675.82
C01274,6,7332.389999999999
C01275,2,1544.6799999999998
C01276,2,3286.43
C01277,4,4587.96
C01278,5,9941.71
C01279,3,3360.58
C01280,3,3241.84
C01281,2,4453.59
C01282,5,9052.9
C01283,5,8782.83
C01284,5,8639.2
C01285,2,3129.71
C01286,3,4920.73
C01287,3,4201.32
C01288,6,8228.23
C01289,7,9966.54
C01290,6,12604.58
C01291,5,6275.92
C01292,7,8644.39
C01293,4,7550.86
C01294,3,6565.21
C01295,6,9386.65
C01296,4,4554.51
C01297,3,2690.96
C01298,4,5192.05
C01299,9,11993.9
C01300,2,2051.29
C01301,3,3976.75
C01302,4,4725.24
C01303,2,1975.9499999999998
C01304,4,5503.03
C01305,5,9660.77
C01306,3,5133.53
C01307,1,1511.76
C01308,3,4013.5299999999997
C01309,3,4494.38
C01310,8,9441.289999999999
C01311,1,1136.29
C01312,5,5655.92
C01313,5,11916.06
C01314,5,8398.62
C01315,6,9165.08
C01316,2,3120.1000000000004
C01317,5,9370.05
C01318,3,5179.08
C01319,3,7367.55
C01320,5,6352.5
C01321,10,15619.49
C01322,5,9485.02
C01323,3,3774.35
C01324,3,4766.59
C01325,2,2163.4700000000003
C01326,3,5068.79
C01327,3,4488.74
C01328,7,10288.52
C01329,3,5615.37
C01330,3,5148.8099999999995
C01331,5,6194.139999999999
C01332,5,7274.66
C01333,1,1679.73
C01334,3,2958.48
C01335,2,2346.16
C01337,7,10524.49
C01338,4,7786.61
C01339,7,11065.33
C01340,2,2331.76
C01341,4,7620.67
C01342,5,5662.13
C01343,10,12227.53
C01344,3,10410.74
C01345,3,3725.71
C01346,4,9466.25
C01347,4,6657.29
C01348,4,4912.29
C01349,5,12208.81
C01350,5,8289.69
C01351,5,7693.42
C01352,2,1460.33
C01353,6,7621.97
C01354,6,7830.25
C01355,1,3225.86
C01356,3,4981.09
C01357,4,4955.3099999999995
C01358,5,6965.75
C01359,5,5742.8099999999995
C01360,3,7327.369999999999
C01361,6,8635.04
C01362,3,6060.33
C01363,3,3714.16
C01364,3,3860.8900000000003
C01365,3,3579.0499999999997
C01367,2,2175.71
C01368,7,8548.369999999999
C01369,3,3569.12
C01370,4,5553.8099999999995
C01371,1,1271.45
C01372,1,707.94
C01373,4,4254.13
C01374,2,4024.87
C01375,4,3948.7799999999997
C01376,4,5758.65
C01377,4,6148.86
C01378,3,7604.219999999999
C01379,2,1642.3899999999999
C01380,5,6600.87
C01381,5,8118.3
C01382,6,6495.38
C01383,7,11024.539999999999
C01384,9,14513.289999999999
C01385,1,3308.46
C01386,3,5367.35
C01387,4,6465.92
C01388,2,6443.69
C01389,7,10344.03
C01390,2,1465.81
C01391,2,2554.46
C01392,3,6098.24
C01393,4,6554.17
C01394,9,12444.46
C01395,2,2663.35
C01396,3,4889.55
C01397,6,6825.18
C01398,4,5376.58
C01399,4,5529.9
C01400,4,9417.94
C01401,4,10424.32
C01402,5,11209.68
C01404,6,5831.13
C01405,5,7153.49
C01406,7,13603.99
C01407,4,4445.73
C01408,1,1141.26
C01409,1,1786.57
C01410,4,5442.74
C01411,3,5904.65
C01412,1,1341.36
C01413,1,843.54
C01415,4,4940.18
C01416,2,5052.57
C01417,2,2933.31
C01418,2,3400.6099999999997
C01419,5,6366.5
C01420,3,4402.61
C01421,1,1102.82
C01422,1,1564.87
C01423,4,6445.91
C01424,3,4162.18
C01425,1,905.06
C01426,4,4873.67
C01427,3,6194.63
C01428,2,2697.56
C01429,4,4222.78
C01430,2,2439.12
C01432,4,5834.849999999999
C01433,8,9718.41
C01434,6,9067.23
C01435,3,4849.26
C01436,1,1451.64
C01437,2,2119.58
C01438,6,7860.57
C01439,3,2951.07
C01440,6,9586.73
C01441,3,4687.889999999999
C01442,5,9085.08
C01443,8,12995.14
C01444,2,3391.12
C01445,7,8327.05
C01446,6,12164.880000000001
C01447,3,4643.91
C01448,2,2367.67
C01449,4,6378.639999999999
C01450,3,4663.5599999999995
C01451,6,7720.070000000001
C01452,5,6044.4
C01453,3,4687.23
C01454,4,4323.87
C01455,1,1243.79
C01456,3,3634.6499999999996
C01457,5,9099.6
C01458,4,4087.38
C01459,4,4627.94
C01460,6,7059.47
C01461,9,13289.08
C01462,6,7090.01
C01463,3,4866.09
C01464,4,5577.7699999999995
C01465,7,12546.289999999999
C01466,7,10574.26
C01467,3,3462.39
C01468,4,5292.21
C01469,4,6432.25
C01470,5,7036.98
C01471,4,6742.95
C01472,5,5714.63
C01473,2,3003.22
C01474,2,3174.6099999999997
C01475,3,5675.01
C01476,4,5293.71
C01477,3,4030.6000000000004
C01478,3,8014.28
C01479,4,4499.17
C01480,5,11499.900000000001
C01481,3,3147.92
C01482,1,1201.33
C01483,3,5292.9800000000005
C01484,3,4295.38
C01485,5,6089.55
C01486,8,8948.38
C01487,3,4903.27
C01488,2,3102.2
C01489,5,6494.1
C01490,6,7897.459999999999
C01491,3,3356.8499999999995
C01492,5,6998.55
C01493,2,2245.23
C01495,6,8241.72
C01496,5,5338.57
C01497,2,3161.74
C01498,4,7399.780000000001
C01499,3,5204.88
C01500,3,5229.41
C01501,4,5171.92
C01502,2,2092.71
C01503,3,3962.56
C01504,4,4161.21
C01505,3,4467.08
C01506,11,16452.99
C01507,2,3041.69
C01508,2,2377.91
C01510,5,6032.04
C01511,1,2568.5
C01512,8,10391.83
C01513,4,5378.19
C01514,3,7612.75
C01515,4,6229.86
C01516,2,4887.94
C01517,2,3285.68
C01518,3,4111.18
C01519,4,7164.67
C01520,3,3279.05
C01521,2,2739.4700000000003
C01522,2,2057.04
C01523,3,3259.12
C01524,3,4712.92
C01525,5,8438.08
C01526,2,3304.42
C01527,7,11226.82
C01528,4,12158.51
C01529,1,707.95
C01530,2,3334.04
C01531,6,10995.24
C01532,4,6421.67
C01533,4,6255.360000000001
C01534,3,6217.49
C01535,5,8176.3099999999995
C01536,1,2412.28
C01537,6,6598.69
C01538,3,3506.33
C01539,5,6172.6
C01540,3,7949.99
C01541,3,5772.05
C01542,2,3067.14
C01543,4,5140.4
C01544,5,6686.38
C01545,3,2786.0
C01546,2,2487.4300000000003
C01547,2,2313.25
C01548,6,8208.33
C01549,3,6227.65
C01550,1,1356.1
C01551,4,6712.02
C01552,5,6421.12
C01553,3,2868.74
C01554,5,7643.11
C01555,2,2815.7799999999997
C01556,3,4921.33
C01557,3,3878.23
C01558,5,5421.6
C01559,3,3416.63
C01560,3,3811.6800000000003
C01561,1,954.18
C01562,4,3705.01
C01563,3,4889.21
C01564,4,3311.39
C01565,3,7032.59
C01566,4,5587.71
C01567,3,4110.87
C01568,6,9873.55
C01569,6,7825.400000000001
C01570,1,1269.62
C01571,1,1532.28
C01572,3,6228.17
C01573,3,2707.45
C01574,4,7012.16
C01575,1,860.78
C01576,7,11755.0
C01577,3,4842.08
C01578,4,5676.76
C01579,5,9322.5
C01580,3,6516.59
C01581,2,7672.48
C01582,2,4697.37
C01583,3,3150.38
C01584,2,2631.6800000000003
C01585,4,8233.050000000001
C01586,2,2746.7299999999996
C01587,3,3702.62
C01588,2,4439.16
C01589,3,4508.07
C01590,5,8137.299999999999
C01591,6,7440.1
C01592,3,3623.23
C01594,1,878.72
C01595,2,4481.43
C01596,3,4482.04
C01597,7,10258.57
C01598,3,3715.2
C01599,4,4790.33
C01601,7,9211.55
C01602,2,4143.58
C01603,3,4474.1900000000005
C01604,6,7704.75
C01605,3,5807.67
C01606,3,6665.23
C01607,3,5229.21
C01608,3,3688.69
C01609,7,11403.22
C01610,2,2466.34
C01611,6,5792.55
C01612,8,11218.02
C01613,7,10739.2
C01614,3,4559.29
C01615,6,8081.23
C01616,4,5692.57
C01617,7,12602.69
C01618,3,3688.4700000000003
C01619,2,2424.69
C01620,3,4646.53
C01621,6,16240.43
C01622,6,8887.46
C01623,2,3735.64
C01624,2,2819.37
C01625,1,1451.64
C01626,4,4037.9700000000003
C01627,8,11032.439999999999
C01628,5,7278.67
C01629,2,2169.26
C01630,7,10246.28
C01631,3,4651.2
C01632,1,666.08
C01633,2,1786.98
C01634,3,3680.5299999999997
C01635,4,5956.700000000001
C01636,4,5978.360000000001
C01637,7,10138.68
C01638,1,1612.93
C01639,5,7698.44
C01640,4,6021.02
C01641,4,5505.8099999999995
C01642,3,3566.7
C01643,5,9416.119999999999
C01644,6,6957.610000000001
C01645,4,5793.110000000001
C01646,3,3289.57
C01647,4,6911.72
C01648,2,2314.07
C01649,4,5418.55
C01650,2,2950.95
C01651,6,10581.0
C01652,3,3766.49
C01653,1,1201.33
C01654,4,5059.24
C01655,5,6617.44
C01656,3,4539.34
C01657,4,5289.92
C01658,3,4453.55
C01659,5,4797.71
C01660,2,3021.7
C01661,2,2715.75
C01662,8,11256.01
C01663,2,2141.27
C01664,2,1933.23
C01665,7,10366.77
C01667,3,4142.77
C01668,4,6106.72
C01669,6,10388.869999999999
C01670,3,6478.37
C01671,2,2769.6099999999997
C01672,3,3670.25
C01673,3,4205.54
C01674,2,2542.16
C01675,4,5838.46
C01676,2,2384.46
C01677,4,4834.57
C01678,2,4663.16
C01679,2,3664.54
C01680,2,3532.1400000000003
C01681,5,4563.41
C01682,2,2314.07
C01683,3,4026.34
C01684,2,1966.4699999999998
C01686,3,4146.43
C01687,5,7600.15
C01689,3,3254.89
C01690,4,4696.13
C01691,7,10609.19
C01692,6,6588.950000000001
C01693,3,3667.37
C01694,4,4632.38
C01696,5,6656.969999999999
C01697,3,3398.4
C01698,3,4761.11
C01699,5,8699.439999999999
C01700,4,5855.25
C01701,4,5478.94
C01702,3,4428.26
C01703,1,1531.5
C01704,5,8049.42
C01705,2,4227.7
C01706,1,1141.26
C01707,2,2160.75
C01708,3,4039.87
C01709,1,3225.86
C01710,4,7797.08
C01711,7,11017.88
C01712,3,4976.13
C01713,1,2134.16
C01714,3,6737.27
C01715,3,9272.98
C01716,3,3134.2200000000003
C01717,2,2906.28
C01718,3,5339.0599999999995
C01719,1,992.54
C01720,4,6432.09
C01721,2,2702.99
C01722,4,4822.139999999999
C01723,1,1083.42
C01724,3,2847.8
C01725,7,12814.380000000001
C01726,5,8885.95
C01727,9,14332.67
C01728,4,8507.33
C01729,1,1104.79
C01730,3,5357.06
C01732,3,3464.71
C01733,1,1083.42
C01734,7,9592.67
C01735,4,5424.66
C01736,2,3532.16
C01737,4,4500.79
C01738,4,7960.91
C01739,1,954.93
C01740,5,7553.38
C01741,3,3910.05
C01742,3,7996.88
C01743,3,3724.0299999999997
C01744,8,11918.8
C01745,7,11505.4
C01746,2,1749.6
C01747,6,8961.44
C01748,1,3247.64
C01749,3,4410.36
C01750,5,10684.47
C01751,4,6430.9800000000005
C01752,4,9607.779999999999
C01753,3,3882.58
C01754,6,13942.060000000001
C01755,8,16524.04
C01756,5,7002.3099999999995
C01757,5,11090.390000000001
C01758,4,5337.57
C01759,3,9155.18
C01760,6,8638.71
C01761,5,6609.6
C01762,1,1356.1
C01763,4,5689.91
C01764,3,3978.62
C01765,3,3274.99
C01766,3,7758.3
C01767,4,5532.34
C01768,3,4829.66
C01769,3,4647.45
C01770,5,11507.75
C01771,2,2152.48
C01772,3,3928.77
C01773,2,2103.42
C01774,5,6497.7300000000005
C01775,4,7792.28
C01776,6,12407.53
C01777,1,745.21
C01778,4,5108.49
C01779,6,8135.889999999999
C01780,3,3163.2599999999998
C01781,4,6594.24
C01782,4,8033.17
C01783,2,2635.93
C01784,4,4692.88
C01785,3,3594.38
C01786,4,5328.1
C01787,4,5331.54
C01788,3,4588.44
C01789,3,3170.01
C01790,6,10024.33
C01791,7,7559.389999999999
C01792,2,2047.6999999999998
C01793,1,1212.2
C01794,4,5399.84
C01795,3,6477.38
C01796,2,2854.85
C01797,3,4026.38
C01798,2,2436.63
C01799,3,3872.0699999999997
C01800,1,2522.74
C01801,4,5951.77
C01803,3,4013.73
C01804,6,5607.7300000000005
C01805,7,9677.83
C01806,4,6241.92
C01807,10,12146.72
C01808,1,1140.44
C01809,3,2858.13
C01810,3,3178.02
C01811,3,4305.25
C01812,4,7093.8099999999995
C01813,5,7147.27
C01814,2,2249.6400000000003
C01815,5,11247.47
C01816,1,1651.81
C01817,8,10786.36
C01818,8,9553.91
C01819,5,7253.65
C01820,8,13051.09
C01821,5,5707.7
C01822,4,5246.299999999999
C01823,7,8888.34
C01824,9,15001.42
C01825,3,5027.15
C01826,6,8488.93
C01827,4,5889.26
C01828,4,6431.299999999999
C01829,3,3821.19
C01830,5,9323.560000000001
C01831,5,8156.73
C01832,3,3396.54
C01833,2,4277.99
C01834,7,10987.55
C01835,4,6576.68
C01836,3,4778.22
C01837,4,7250.21
C01838,2,2374.0299999999997
C01839,4,6315.280000000001
C01840,1,1262.55
C01841,3,5632.3099999999995
C01842,2,2430.5
C01843,4,9214.26
C01844,3,3004.21
C01845,1,1595.74
C01846,6,9896.08
C01847,1,1612.11
C01848,2,2891.66
C01849,4,5783.51
C01850,5,7891.35
C01851,2,3144.0299999999997
C01852,7,11934.46
C01853,5,6947.6
C01854,2,1986.85
C01855,3,3764.0
C01856,3,4307.95
C01857,2,2078.38
C01858,4,5576.469999999999
C01859,2,2355.46
C01860,6,7570.53
C01862,4,5010.2
C01863,3,4162.52
C01864,2,1931.71
C01865,3,5270.4400000000005
C01866,4,5904.1
C01867,1,1346.89
C01868,2,3940.63
C01869,6,12125.09
C01870,3,4653.72
C01871,3,3182.97
C01872,3,3038.7599999999998
C01873,2,2755.59
C01874,4,6186.549999999999
C01875,5,6949.23
C01876,4,6395.96
C01877,5,6025.71
C01878,6,9680.220000000001
C01879,5,6861.5599999999995
C01880,3,2974.65
C01881,3,3449.86
C01882,3,4378.92
C01883,2,2914.3599999999997
C01884,5,9107.2
C01885,2,1891.22
C01886,3,4426.93
C01887,4,5828.299999999999
C01888,2,2735.15
C01889,7,10575.92
C01890,5,8196.89
C01891,4,4227.78
C01892,2,2634.24
C01893,4,7552.24
C01894,1,2134.16
C01895,5,9324.4
C01896,5,10712.119999999999
C01897,7,9537.11
C01898,2,2422.63
C01899,7,7633.91
C01900,1,860.78
C01901,2,2820.8100000000004
C01902,3,3599.41
C01903,4,4777.78
C01904,3,3274.13
C01905,2,3983.19
C01906,3,6103.75
C01907,5,8392.61
C01909,6,10103.95
C01910,9,13680.74
C01911,2,3042.08
C01912,4,9390.970000000001
C01913,6,9121.51
C01914,3,6593.74
C01915,4,3923.73
C01916,12,20597.1
C01917,4,5468.66
C01918,5,10171.19
C01919,4,9897.71
C01920,5,6057.43
C01921,7,14461.34
C01922,5,5908.2699999999995
C01923,4,7737.99
C01924,6,9233.2
C01925,2,4845.55
C01926,5,11137.93
C01927,6,9033.79
C01928,7,12611.91
C01929,4,7707.87
C01930,5,9289.17
C01931,2,3066.69
C01932,2,4599.55
C01933,4,6558.1900000000005
C01934,2,2971.97
C01936,1,1199.42
C01937,5,9520.119999999999
C01938,2,1887.6
C01939,1,1199.42
C01940,3,4139.85
C01941,8,13935.87
C01942,3,3601.19
C01943,2,5014.46
C01944,6,10182.62
C01945,6,11778.97
C01946,2,2222.46
C01947,4,5031.1900000000005
C01948,1,878.72
C01949,3,6276.9400000000005
C01950,3,3445.67
C01951,6,12029.19
C01952,5,7652.93
C01953,5,6119.66
C01954,2,1933.38
C01955,3,3511.29
C01956,3,4944.34
C01957,3,3344.74
C01958,2,2577.65
C01959,3,8119.17
C01960,7,8835.9
C01961,3,3729.86
C01962,3,6044.5199999999995
C01963,2,6218.36
C01964,3,4221.49
C01965,9,13743.85
C01966,3,4053.3900000000003
C01968,3,4553.610000000001
C01969,1,3151.68
C01970,1,1102.82
C01971,4,8493.25
C01972,2,3307.8599999999997
C01973,4,4328.06
C01974,7,8883.55
C01975,4,4473.74
C01976,6,10445.529999999999
C01977,9,13003.59
C01978,2,2817.04
C01979,4,7516.45
C01980,8,11631.689999999999
C01981,3,3481.09
C01982,2,3571.6099999999997
C01983,4,8321.94
C01984,2,4500.74
C01985,2,2806.16
C01986,5,4365.54
C01987,1,2225.72
C01988,4,6108.639999999999
C01989,4,6160.05
C01990,3,6378.389999999999
C01991,3,3444.91
C01992,6,9648.74
C01993,2,3722.83
C01994,5,6093.48
C01995,6,7510.82
C01996,1,1083.42
C01997,3,2327.59
C01998,5,6472.4
C01999,3,4707.9
C02000,2,3510.99
C02001,6,7054.62
C02002,6,8294.199999999999
C02003,5,5942.57
C02005,4,8337.58
C02006,4,7476.38
C02007,3,4569.7
C02008,1,3323.73
C02009,2,4281.66
C02010,1,1220.04
C02011,7,10895.21
C02012,2,2722.81
C02013,3,3960.8599999999997
C02014,3,4538.32
C02015,5,8406.94
C02016,10,11784.949999999999
C02017,5,5914.05
C02018,10,18350.94
C02019,2,3483.61
C02020,2,3384.81
C02021,4,6465.25
C02022,4,6075.47
C02023,5,5970.97
C02024,5,11710.789999999999
C02025,5,6201.8099999999995
C02026,5,6457.8
C02027,12,19502.489999999998
C02028,5,6707.54
C02029,4,7588.71
C02030,2,2678.66
C02031,5,8928.23
C02032,7,8523.31
C02033,6,7968.08
C02034,2,4256.65
C02035,3,5440.33
C02036,3,4632.84
C02037,4,8415.289999999999
C02038,2,1415.89
C02039,1,1401.76
C02040,4,4926.53
C02041,1,2678.93
C02042,4,5681.24
C02043,9,16255.57
C02044,8,12263.25
C02045,2,2481.8
C02046,5,9604.869999999999
C02047,6,7464.45
C02048,3,3376.3500000000004
C02049,3,3257.16
C02050,2,4948.93
C02051,7,8914.3
C02052,10,14770.55
C02053,5,6571.42
C02054,1,2027.45
C02055,2,2693.31
C02056,4,4469.3
C02057,6,8645.95
C02058,5,6243.4
C02059,4,7572.960000000001
C02060,1,2440.98
C02061,3,4757.610000000001
C02062,5,9698.23
C02063,1,2023.08
C02064,5,7283.37
C02065,8,10873.96
C02066,8,13706.289999999999
C02067,6,10383.63
C02068,2,3370.25
C02069,4,5677.1900000000005
C02070,6,8492.35
C02071,6,8050.39
C02072,5,9772.94
C02073,2,2050.65
C02074,4,4632.51
C02075,4,7708.73
C02076,4,5751.92
C02077,8,10511.95
C02078,6,7798.9400000000005
C02079,2,2246.05
C02080,4,5100.93
C02081,7,8267.53
C02082,4,4632.15
C02083,6,8155.54
C02084,4,6088.05
C02085,5,11806.46
C02086,3,5379.94
C02087,2,3153.98
C02088,6,8894.66
C02089,1,1220.04
C02090,6,7428.98
C02091,6,9537.44
C02092,2,1935.6999999999998
C02093,5,7608.68
C02094,6,8787.16
C02095,5,9301.26
C02096,4,8601.81
C02097,7,9347.31
C02098,7,14607.199999999999
C02099,3,4479.4400000000005
C02100,3,3110.48
C02101,3,5611.51
C02102,5,5909.86
C02103,6,10942.789999999999
C02104,1,1738.75
C02105,2,2672.27
C02106,4,7724.76
C02107,1,1262.05
C02108,1,1356.1
C02109,4,6235.14
C02110,3,6886.0599999999995
C02111,3,6855.26
C02112,2,2988.65
C02113,7,12378.12
C02114,5,7099.55
C02115,5,6100.39
C02116,6,10053.529999999999
C02117,3,3625.5599999999995
C02118,3,4690.67
C02119,5,5279.3
C02120,2,3040.07
C02121,3,3201.7
C02122,5,5684.48
C02123,4,4283.21
C02124,2,4120.46
C02125,4,6810.889999999999
C02126,3,3019.96
C02127,3,3485.81
C02128,5,7170.02
C02129,2,1946.7199999999998
C02130,2,2230.9700000000003
C02131,6,8553.01
C02132,6,7421.9
C02133,3,5776.4
C02134,3,3609.02
C02135,6,6814.53
C02136,3,5501.1
C02137,3,3352.4700000000003
C02138,2,3508.4399999999996
C02139,4,6020.969999999999
C02140,5,9466.98
C02141,5,7377.36
C02142,7,11317.35
C02143,2,2037.62
C02145,5,5469.21
C02146,5,6987.32
C02147,5,7168.42
C02148,7,15018.55
C02149,1,2951.08
C02150,6,8201.05
C02151,3,7075.16
C02152,7,10110.24
C02153,5,5899.15
C02154,3,5086.47
C02155,4,5171.87
C02156,2,3358.83
C02157,9,12320.91
C02158,1,860.78
C02159,1,2008.8
C02160,3,4743.71
C02161,2,2360.75
C02162,6,8209.13
C02163,8,10629.53
C02164,3,3652.86
C02165,4,6088.96
C02166,3,4908.8
C02167,4,4850.01
C02168,3,6652.93
C02169,4,9437.130000000001
C02170,4,4389.43
C02171,8,13783.64
C02172,4,5261.73
C02173,5,9755.869999999999
C02174,3,4287.9
C02175,4,6080.46
C02176,2,2221.05
C02177,4,6066.15
C02178,3,5108.87
C02179,2,4195.29
C02180,1,3094.64
C02181,3,3670.65
C02182,5,6337.49
C02183,1,2903.27
C02184,2,4731.719999999999
C02185,3,6506.6900000000005
C02186,2,2304.47
C02187,3,4414.68
C02188,4,5597.1
C02189,4,4462.42
C02190,2,2335.65
C02191,6,7964.11
C02192,3,5874.99
C02193,2,1795.45
C02194,8,9887.89
C02195,3,3216.4
C02196,3,3323.92
C02197,4,6678.030000000001
C02198,4,7281.54
C02199,3,5195.24
C02200,6,8231.77
C02201,3,3060.0
C02202,7,10789.3
C02203,5,6114.57
C02204,2,2923.2299999999996
C02205,3,4152.5
C02206,2,2993.7200000000003
C02207,4,5779.5
C02208,5,9416.92
C02209,1,2412.28
C02210,4,3851.63
C02211,3,3488.3199999999997
C02212,1,1207.88
C02213,1,1141.26
C02214,1,1262.55
C02215,7,13741.45
C02216,1,2951.08
C02217,2,2170.8599999999997
C02218,5,5110.139999999999
C02219,5,11995.35
C02220,4,4979.63
C02221,2,2286.36
C02222,8,12949.359999999999
C02223,4,6777.41
C02224,1,860.78
C02225,7,11671.01
C02226,3,3676.5299999999997
C02227,3,4288.35
C02228,6,6896.78
C02229,6,8652.16
C02230,3,5317.570000000001
C02231,3,5217.4
C02232,2,2315.8
C02233,4,5559.91
C02234,3,4808.36
C02235,2,4476.0599999999995
C02236,2,4723.19
C02237,2,1850.6000000000001
C02238,2,2638.2200000000003
C02239,2,2814.1099999999997
C02240,9,12111.74
C02241,3,6664.32
C02242,3,4152.29
C02243,3,4114.2
C02244,3,5557.24
C02245,4,3818.64
C02247,3,3457.91
C02248,3,2682.02
C02249,5,6147.3099999999995
C02250,3,2449.7799999999997
C02251,8,12233.41
C02252,4,6916.69
C02253,4,6328.88
C02254,4,6949.9400000000005
C02255,3,3760.7599999999998
C02256,3,3691.5699999999997
C02257,2,2940.1099999999997
C02258,1,944.4
C02259,4,4353.83
C02261,3,4649.77
C02262,4,5338.08
C02263,1,1612.93
C02264,4,4224.61
C02265,1,1011.54
C02266,5,7140.86
C02267,4,4520.28
C02268,2,2366.16
C02269,3,4349.389999999999
C02270,8,10676.14
C02271,6,9808.46
C02272,4,5344.32
C02273,1,1852.43
C02274,6,6695.74
C02275,7,8005.799999999999
C02276,6,7580.87
C02277,6,12194.630000000001
C02278,3,4125.18
C02279,2,2413.83
C02280,5,5639.5
C02281,1,1369.9
C02282,6,6397.37
C02283,6,6581.64
C02284,3,4611.1
C02285,2,3548.87
C02286,2,2403.63
C02287,4,8016.709999999999
C02288,5,5488.700000000001
C02289,6,8485.74
C02290,1,1475.54
C02291,1,878.72
C02292,2,1839.97
C02293,3,4036.6899999999996
C02294,2,2942.29
C02295,4,6876.75
C02296,6,9272.79
C02297,2,3646.6899999999996
C02298,6,8477.39
C02299,2,1776.75
C02300,3,3386.6099999999997
C02301,3,4352.75
C02302,4,4620.86
C02303,2,2439.52
C02304,3,5969.38
C02305,3,4546.42
C02306,3,4431.639999999999
C02307,3,6897.42
C02308,5,9024.17
C02309,6,12516.119999999999
C02310,6,8226.55
C02311,3,5300.3
C02312,2,2888.96
C02313,6,7776.219999999999
C02314,4,5323.91
C02315,7,9243.84
C02316,7,13245.03
C02317,2,2865.2799999999997
C02318,5,6031.65
C02319,4,8980.25
C02320,2,3242.38
C02321,1,1549.4
C02322,2,3125.8599999999997
C02323,4,5315.43
C02325,4,8019.89
C02326,7,12627.92
C02327,6,10135.529999999999
C02328,3,3855.08
C02329,5,8464.22
C02330,4,7866.76
C02331,4,5008.23
C02332,6,10456.66
C02333,2,1374.02
C02334,4,4121.8099999999995
C02335,3,3780.4799999999996
C02337,7,11274.130000000001
C02338,3,4482.95
C02339,1,701.14
C02342,6,9612.64
C02343,3,4753.5
C02344,4,8294.83
C02345,2,3038.59
C02346,6,8774.85
C02347,3,3205.37
C02348,2,4206.61
C02349,7,13360.29
C02350,3,6343.02
C02351,3,3795.29
C02352,5,6738.74
C02353,6,8714.210000000001
C02354,4,5195.110000000001
C02355,5,7805.16
C02356,3,4059.68
C02357,5,8078.15
C02358,4,6019.110000000001
C02359,2,2057.84
C02360,7,7148.05
C02361,4,6689.38
C02362,5,8544.44
C02363,2,4693.63
C02364,4,6743.42
C02365,5,6293.97
C02366,7,8694.21
C02367,4,6184.110000000001
C02368,2,4136.04
C02369,6,7166.85
C02370,5,5531.67
C02371,3,3843.51
C02372,2,3366.8100000000004
C02373,2,3095.46
C02374,2,2927.91
C02375,5,5982.6
C02376,5,5552.71
C02377,10,12880.38
C02378,4,5663.24
C02379,6,7205.860000000001
C02380,6,9388.47
C02381,4,6058.25
C02382,3,5361.129999999999
C02383,8,12427.77
C02384,5,7792.59
C02385,5,6198.05
C02386,6,8645.36
C02387,8,9327.619999999999
C02388,3,4953.73
C02389,4,5929.87
C02390,5,6863.34
C02391,2,2736.1800000000003
C02393,3,4541.28
C02394,2,3063.01
C02395,5,5579.66
C02396,3,4600.73
C02397,2,3650.0
C02398,3,5272.58
C02399,4,9199.189999999999
C02400,4,4644.67
C02401,3,3490.87
C02402,1,3801.34
C02403,2,2348.32
C02404,3,5298.469999999999
C02405,7,9778.34
C02406,4,7220.01
C02407,5,5677.9800000000005
C02408,3,5739.52
C02409,3,3561.7
C02410,2,3765.68
C02412,2,3785.6099999999997
C02413,3,4571.530000000001
C02414,2,3820.66
C02415,4,4972.85
C02416,5,7385.47
C02417,5,4863.13
C02418,4,7402.3099999999995
C02419,4,7320.48
C02420,7,8464.33
C02421,3,3740.5200000000004
C02422,6,10828.84
C02423,2,3327.5
C02424,9,14542.29
C02425,2,2482.55
C02426,4,5064.17
C02427,5,9080.84
C02428,6,8184.67
C02429,7,8487.84
C02430,4,5132.96
C02431,2,2707.24
C02432,3,3451.58
C02433,5,7362.95
C02434,6,10415.88
C02435,2,2333.27
C02436,6,9470.93
C02437,1,1262.55
C02438,1,3303.62
C02439,3,5198.51
C02441,3,3645.3
C02442,4,6911.5599999999995
C02443,1,1710.6
C02444,7,8463.54
C02445,2,3835.58
C02446,2,2375.77
C02447,5,6841.99
C02448,1,1207.88
C02449,2,2499.59
C02451,2,2403.63
C02452,6,7033.860000000001
C02453,7,11630.93
C02454,6,9185.73
C02455,1,1360.07
C02457,3,2952.5099999999998
C02458,2,2706.7200000000003
C02459,2,2212.58
C02460,1,2994.1
C02461,3,3676.41
C02462,4,4808.99
C02463,4,9175.77
C02464,4,5920.85
C02465,5,6245.51
C02466,2,1684.2800000000002
C02467,7,9027.41
C02468,3,4583.58
C02469,4,6944.540000000001
C02470,2,2428.3599999999997
C02471,5,11571.650000000001
C02472,4,5161.68
C02473,7,8617.4
C02474,2,3192.74
C02475,4,3294.92
C02476,3,3979.22
C02477,3,4005.48
C02478,3,5310.99
C02479,3,3108.87
C02480,3,5896.23
C02481,2,2862.23
C02482,4,4525.64
C02483,1,1207.88
C02484,4,5397.76
C02485,4,5942.6900000000005
C02486,4,4208.63
C02487,1,701.14
C02488,1,1135.23
C02489,3,3747.9
C02490,1,2402.66
C02491,7,11093.33
C02492,3,4291.8099999999995
C02493,6,8905.51
C02494,2,2631.04
C02495,2,4574.23
C02497,2,2902.1800000000003
C02498,2,4158.82
C02499,4,5967.06
C02500,5,9442.13
C02501,3,4749.47
C02502,3,4571.03
C02503,1,1475.54
C02504,5,7366.1900000000005
C02505,3,3954.38
C02506,4,8101.37
C02507,5,8262.16
C02508,1,1292.07
C02509,2,3439.87
C02510,2,3246.38
C02511,3,5603.29
C02512,8,14000.59
C02513,4,5482.13
C02514,3,4817.52
C02515,3,4359.51
C02516,2,2487.08
C02517,3,5668.35
C02518,3,3283.7599999999998
C02519,5,10006.349999999999
C02520,1,3421.21
C02521,3,7016.52
C02522,1,1140.44
C02523,3,3538.25
C02524,1,2864.79
C02525,5,7337.28
C02526,2,2516.76
C02527,4,7077.08
C02528,4,5460.5
C02529,3,5115.14
C02530,3,5257.7699999999995
C02531,1,1292.07
C02532,4,4235.3
C02533,4,7097.29
C02534,3,4509.4
C02535,5,10657.0
C02536,5,8654.08
C02537,4,7313.83
C02538,4,5418.889999999999
C02539,4,5522.15
C02540,4,9571.71
C02541,1,1243.79
C02542,3,6087.389999999999
C02543,1,1081.2
C02544,4,9128.17
C02545,1,666.08
C02546,8,10720.789999999999
C02547,4,5893.7300000000005
C02548,2,2355.27
C02549,6,9849.57
C02550,4,7413.62
C02551,2,2919.51
C02552,4,5027.24
C02553,7,10832.42
C02554,2,5004.11
C02555,5,8184.11
C02557,5,5895.68
C02558,3,4084.6099999999997
C02559,2,3529.75
C02560,5,6431.88
C02561,4,6206.89
C02562,7,11488.33
C02563,4,7240.56
C02564,3,4101.13
C02565,3,3911.4799999999996
C02566,3,3515.0699999999997
C02567,4,4601.610000000001
C02568,4,4606.88
C02569,4,7856.06
C02570,2,5102.38
C02571,4,5141.66
C02572,4,5764.27
C02573,3,5033.74
C02574,2,3127.24
C02575,4,5327.1900000000005
C02576,2,2222.92
C02577,2,3011.88
C02578,1,2171.68
C02579,3,3609.8100000000004
C02580,4,4618.27
C02581,3,4877.07
C02583,3,5098.43
C02584,1,1104.79
C02585,1,1140.44
C02586,5,6577.05
C02587,4,5293.68
C02588,5,6100.6900000000005
C02589,4,5766.89
C02590,4,5395.65
C02591,3,3312.27
C02592,1,1640.05
C02593,3,2836.73
C02594,7,10307.23
C02595,4,6530.150000000001
C02596,4,8771.77
C02597,5,8081.31
C02598,4,9584.3
C02599,3,3635.6800000000003
C02600,3,3037.6
C02601,7,9912.39
C02602,7,10467.93
C02603,6,10155.02
C02604,4,7031.62
C02605,4,5439.52
C02606,2,2606.4399999999996
C02607,3,4504.91
C02608,1,1475.54
C02609,3,5234.01
C02610,4,6599.969999999999
C02611,4,7263.46
C02612,3,6381.89
C02613,3,4715.62
C02614,5,5918.02
C02615,6,6850.17
C02616,6,7342.03
C02617,3,5702.2
C02618,4,6010.71
C02619,5,10184.68
C02620,2,2805.34
C02621,3,4347.84
C02622,3,5351.8
C02623,1,1485.36
C02624,1,843.54
C02625,4,7714.02
C02626,4,7528.46
C02627,2,2365.25
C02628,6,7462.04
C02629,2,2248.9700000000003
C02630,4,5636.1
C02631,5,6719.3
C02632,7,7065.39
C02633,7,14082.56
C02634,2,2105.27
C02635,1,1309.25
C02636,6,7443.76
C02637,5,10166.45
C02638,3,10214.9
C02639,4,6950.28
C02640,7,10092.89
C02641,3,5863.25
C02642,5,8862.029999999999
C02643,6,8902.16
C02644,2,2524.04
C02645,2,3451.3900000000003
C02646,6,8227.380000000001
C02647,2,2430.3100000000004
C02648,5,7018.53
C02649,4,5239.88
C02650,4,7071.53
C02651,1,1004.4
C02652,3,3565.65
C02653,5,7228.1900000000005
C02654,4,3797.33
C02656,6,7616.2
C02657,1,1224.06
C02658,2,4117.4400000000005
C02659,4,5445.79
C02660,6,7368.36
C02661,4,5535.5199999999995
C02662,7,11391.67
C02663,3,5054.76
C02664,2,1803.96
C02665,1,1687.08
C02666,8,9812.09
C02667,7,9990.029999999999
C02668,5,5212.9800000000005
C02669,5,8786.79
C02670,2,3318.9300000000003
C02671,4,8163.71
C02672,5,6494.66
C02673,5,7996.42
C02674,2,2215.85
C02675,6,10755.93
C02676,4,7258.12
C02677,4,6934.68
C02678,7,10414.11
C02679,5,6299.82
C02680,2,2109.98
C02681,3,3345.6400000000003
C02682,4,5537.34
C02683,3,4992.53
C02685,5,7364.61
C02686,4,5025.02
C02687,5,7183.48
C02688,2,3158.01
C02689,3,3895.6899999999996
C02690,2,2456.16
C02691,2,4408.41
C02692,4,9884.7
C02693,3,8395.6
C02694,5,8078.29
C02695,1,954.18
C02696,8,16189.49
C02697,5,9568.51
C02698,4,5082.5199999999995
C02699,3,4102.29
C02700,6,9604.91
C02701,5,5232.3099999999995
C02702,7,9661.72
C02703,7,8189.87
C02704,3,4594.24
C02705,3,5989.6
C02706,2,2396.44
C02707,2,2878.0299999999997
C02708,2,3769.0299999999997
C02709,5,10206.4
C02710,6,10648.51
C02711,4,8500.05
C02712,3,3648.06
C02713,5,8356.23
C02714,4,5626.65
C02715,6,8304.1
C02716,3,4650.45
C02717,5,7029.52
C02719,3,4068.85
C02720,3,3688.88
C02721,3,3143.89
C02722,5,4614.95
C02723,4,5280.9
C02724,3,4125.969999999999
C02725,1,1288.3
C02726,4,4590.33
C02727,2,2310.0699999999997
C02728,2,2647.69
C02729,4,10193.64
C02730,4,5277.75
C02731,4,3491.8599999999997
C02732,4,5142.59
C02733,4,5257.01
C02734,3,3813.6899999999996
C02735,2,2974.64
C02736,3,5978.65
C02737,4,5720.74
C02738,3,3567.45
C02739,4,4975.6
C02740,8,14130.39
C02741,4,7652.66
C02742,3,6547.9
C02743,1,1031.55
C02744,6,10140.99
C02745,1,1852.43
C02746,3,3918.7599999999998
C02747,5,6233.469999999999
C02748,5,6742.7
C02749,9,14729.99
C02750,6,8510.62
C02751,1,1309.25
C02752,4,6317.9
C02753,4,5302.84
C02754,2,2268.41
C02755,4,6144.68
C02757,2,2906.7799999999997
C02758,5,7647.02
C02759,3,3607.67
C02760,4,8022.6
C02761,4,9980.47
C02762,3,5233.08
C02763,4,6591.3099999999995
C02764,5,7682.61
C02765,4,5121.88
C02766,1,1490.42
C02767,3,6058.33
C02768,6,11440.369999999999
C02769,2,1974.1
C02770,5,9105.6
C02771,3,3753.99
C02772,5,5564.280000000001
C02773,9,11804.93
C02774,2,2755.59
C02775,4,6158.24
C02776,8,16579.98
C02777,2,2499.3
C02778,1,1612.93
C02779,3,3268.7
C02780,5,10413.91
C02781,4,11956.49
C02782,4,6958.639999999999
C02783,3,8491.33
C02784,2,3581.84
C02785,3,3193.59
C02786,2,1946.48
C02787,5,8504.92
C02789,3,5052.34
C02790,8,12774.05
C02791,1,1085.84
C02792,4,5158.43
C02793,4,7490.639999999999
C02794,5,6221.66
C02795,8,10068.35
C02796,4,5143.4
C02797,3,3376.9700000000003
C02798,1,2008.8
C02799,3,3569.0699999999997
C02800,4,5745.1900000000005
C02801,4,5854.6900000000005
C02802,3,4069.08
C02803,2,4224.280000000001
C02804,5,8452.1
C02805,3,8203.17
C02806,1,701.14
C02807,8,15056.36
C02808,3,3600.58
C02809,8,11242.14
C02810,6,7230.35
C02811,6,6651.0199999999995
C02812,4,5399.58
C02813,2,1988.22
C02814,8,12724.72
C02815,3,6364.1900000000005
C02816,1,1369.9
C02817,6,8150.030000000001
C02818,2,2124.0299999999997
C02819,3,3065.58
C02820,4,4374.04
C02821,3,4121.76
C02822,5,9073.15
C02823,3,3208.2200000000003
C02824,3,4148.07
C02825,6,7220.9400000000005
C02826,3,3613.1099999999997
C02827,5,7885.54
C02828,5,5494.59
C02829,2,2261.05
C02830,4,4812.09
C02831,5,10418.26
C02832,3,5874.21
C02833,2,2857.38
C02834,2,3125.41
C02836,3,4165.91
C02837,3,3182.99
C02838,5,6534.45
C02839,2,3492.4399999999996
C02840,4,6175.03
C02841,8,12465.53
C02842,2,2602.7299999999996
C02843,6,7876.0
C02844,8,14402.69
C02845,6,8728.53
C02846,5,6543.469999999999
C02847,5,8563.06
C02848,5,8840.19
C02849,5,8612.039999999999
C02850,4,7446.73
C02851,5,8455.92
C02852,7,9426.65
C02853,7,13247.25
C02854,2,5014.46
C02855,4,4994.55
C02856,2,2424.9300000000003
C02857,4,10927.62
C02858,5,8404.03
C02859,5,7551.3
C02860,6,6230.41
C02861,9,13582.52
C02862,1,1013.73
C02863,2,2673.21
C02864,5,10265.06
C02865,2,4405.4
C02866,5,5831.66
C02867,3,3321.63
C02868,3,3517.45
C02869,4,6290.25
C02870,1,1418.26
C02871,3,5261.8099999999995
C02872,6,13337.64
C02873,5,7918.110000000001
C02874,2,2340.8
C02875,2,3090.8199999999997
C02876,3,4386.47
C02877,3,7072.099999999999
C02878,6,8346.43
C02879,1,2673.65
C02880,5,6880.18
C02881,4,8739.86
C02882,2,1872.02
C02883,3,7022.51
C02884,4,10824.8
C02885,4,5809.0599999999995
C02887,6,11418.47
C02888,3,4004.0
C02890,6,13107.2
C02891,2,2284.74
C02892,2,2401.81
C02893,5,7505.32
C02894,2,5781.48
C02895,8,9539.16
C02896,7,10671.35
C02897,6,8085.58
C02898,3,3407.1
C02899,4,4904.98
C02900,3,3204.32
C02901,1,1198.3
C02902,6,9566.869999999999
C02903,6,7771.05
C02904,4,10198.99
C02905,4,5223.01
C02906,1,1081.2
C02907,1,3312.1
C02908,5,10108.08
C02909,4,6199.5
C02910,6,9058.81
C02911,3,5333.0
C02912,4,7236.93
C02913,3,3416.19
C02914,1,3644.56
C02915,10,11682.61
C02916,7,10684.369999999999
C02917,2,2462.62
C02918,2,2411.67
C02919,2,2301.56
C02920,7,8521.87
C02921,5,8990.98
C02922,3,4358.92
C02923,3,3763.58
C02924,4,5189.38
C02925,5,9880.33
C02926,4,4699.72
C02927,3,3715.76
C02928,5,5872.24
C02929,5,5903.68
C02930,2,2986.51
C02931,4,6341.33
C02932,1,1262.55
C02933,2,2727.8599999999997
C02934,9,10655.1
C02935,5,8286.119999999999
C02936,5,5981.47
C02937,3,3217.16
C02938,3,4794.13
C02939,1,666.08
C02940,7,13108.76
C02941,5,10498.130000000001
C02942,5,8764.76
C02943,4,5775.76
C02944,7,12825.46
C02945,5,8457.78
C02946,3,2738.8900000000003
C02947,3,5261.49
C02948,5,9229.89
C02949,7,10449.76
C02950,5,6672.01
C02951,2,2832.9
C02952,2,4456.08
C02953,4,4976.0199999999995
C02954,5,6457.1
C02955,2,2645.45
C02956,3,3783.95
C02957,3,4162.12
C02958,3,3807.2200000000003
C02959,2,3187.95
C02960,3,4379.96
C02961,3,5754.01
C02962,3,6425.0
C02963,4,5449.35
C02964,7,9685.36
C02965,4,4373.969999999999
C02966,4,3707.21
C02967,5,7602.639999999999
C02968,1,1212.2
C02969,3,4030.46
C02970,7,10397.4
C02971,3,4429.24
C02972,2,1858.85
C02973,2,3709.27
C02974,2,2333.99
C02975,2,2310.24
C02976,2,4078.3
C02977,3,5760.459999999999
C02978,4,5451.72
C02979,3,4323.0199999999995
C02980,8,11952.65
C02981,4,6554.82
C02982,4,8701.439999999999
C02983,3,4012.19
C02984,1,944.4
C02985,6,9282.4
C02986,2,4190.3099999999995
C02987,3,7614.26
C02988,3,4625.47
C02989,4,8944.61
C02990,2,2126.85
C02991,5,8343.24
C02992,2,5179.13
C02994,4,5003.46
C02995,5,7164.0
C02996,3,3174.64
C02997,2,2843.94
C02998,1,2970.72
C02999,2,2105.27
C03000,5,9263.349999999999
C03001,3,3001.51
C03002,4,4251.52
C03003,5,6052.629999999999
C03004,4,4792.24
C03005,5,6901.91
C03006,4,5981.0
C03007,2,3807.6899999999996
C03008,3,2840.58
C03009,4,6772.91
C03010,6,8384.99
C03011,3,2883.36
C03012,2,6668.77
C03013,3,5418.14
C03014,2,3123.87
C03015,3,7065.37
C03016,3,3613.13
C03017,5,6255.25
C03018,7,10570.369999999999
C03019,1,2568.5
C03020,2,2361.17
C03021,5,5041.5
C03022,3,2891.98
C03023,1,1309.25
C03024,4,8567.24
C03026,3,3212.63
C03027,1,1805.64
C03028,2,3377.95
C03029,2,5083.54
C03030,3,8778.060000000001
C03031,4,4945.58
C03032,3,5703.74
C03033,10,11224.8
C03034,1,1047.68
C03035,4,9830.49
C03036,1,3151.68
C03037,3,5486.280000000001
C03038,9,12958.06
C03039,2,3093.71
C03040,3,5227.79
C03041,1,666.08
C03042,3,6711.870000000001
C03043,7,15234.17
C03044,5,5915.77
C03045,2,2749.61
C03046,6,7722.54
C03047,4,5340.34
C03048,3,4009.89
C03049,5,7749.66
C03050,6,13340.810000000001
C03051,2,3208.37
C03052,6,17704.01
C03053,6,9627.17
C03054,3,4255.01
C03056,6,13127.14
C03057,7,10917.62
C03058,4,5559.33
C03059,3,3698.13
C03060,2,3731.24
C03062,8,16209.68
C03063,4,4699.68
C03065,4,5374.5
C03066,3,2662.88
C03067,3,3504.67
C03068,5,7393.86
C03069,4,3889.9800000000005
C03070,6,7275.09
C03071,4,6202.11
C03072,4,5056.05
C03073,4,5750.92
C03074,5,7913.97
C03075,5,7215.98
C03076,8,12697.7
C03077,4,7141.22
C03078,6,8859.37
C03079,2,4937.6900000000005
C03080,6,7263.879999999999
C03081,1,2099.1
C03082,4,8372.94
C03083,4,9042.279999999999
C03084,2,3982.44
C03085,2,2553.7200000000003
C03086,2,5069.92
C03087,5,6929.76
C03088,4,7673.740000000001
C03089,5,9143.83
C03090,4,6480.860000000001
C03091,5,8834.07
C03092,6,6581.33
C03093,3,4003.25
C03094,6,9788.76
C03095,3,4257.28
C03096,1,1279.55
C03097,7,12111.84
C03098,3,5977.23
C03099,4,4943.16
C03100,5,5636.43
C03101,4,5025.45
C03102,6,13628.36
C03103,4,5503.28
C03104,3,6636.360000000001
C03105,4,10763.47
C03106,8,13135.69
C03107,5,6672.58
C03108,8,9844.19
C03109,4,5618.21
C03110,4,5064.97
C03111,5,8032.75
C03112,3,2758.02
C03113,2,3598.92
C03114,4,5707.1900000000005
C03115,7,9118.66
C03116,2,4534.23
C03117,4,4519.58
C03118,3,7329.24
C03119,4,7622.57
C03120,1,849.96
C03121,4,5716.92
C03122,5,10111.54
C03123,4,5824.76
C03124,4,3773.66
C03125,4,4465.53
C03126,2,2542.16
C03127,3,3505.2
C03128,4,7716.799999999999
C03129,3,3165.4700000000003
C03130,3,3766.2000000000003
C03131,5,6228.32
C03132,8,16476.73
C03133,2,2300.68
C03134,3,4537.4
C03135,6,11279.39
C03136,5,6931.780000000001
C03137,4,7721.57
C03139,4,5940.26
C03140,3,5299.38
C03141,4,4634.38
C03142,5,8355.69
C03143,4,5082.0
C03144,4,4982.51
C03145,2,2224.5499999999997
C03146,6,10518.95
C03147,6,10977.2
C03148,2,3573.41
C03149,4,6929.54
C03150,3,4063.83
C03151,2,2971.97
C03152,8,10680.48
C03153,4,5598.09
C03154,5,8163.82
C03155,7,11338.88
C03156,4,7455.21
C03157,4,5307.27
C03158,5,8797.53
C03159,4,8621.31
C03160,3,3138.43
C03161,3,3696.7699999999995
C03162,5,6227.63
C03163,2,2754.83
C03164,3,2291.78
C03165,1,1198.3
C03166,5,6886.53
C03167,3,4594.18
C03168,3,5399.09
C03169,4,5564.88
C03170,5,6394.87
C03171,3,7657.96
C03172,2,2600.9300000000003
C03173,4,6262.92
C03174,7,7468.67
C03175,2,2376.31
C03176,3,3722.31
C03177,6,10451.3
C03178,4,4784.8
C03179,7,9120.8
C03180,6,7274.73
C03181,5,10256.829999999998
C03182,4,4259.33
C03184,2,2959.82
C03185,10,13540.23
C03186,5,6458.59
C03187,2,2467.3599999999997
C03188,3,3549.82
C03189,3,3786.84
C03190,7,11076.25
C03191,4,5286.1900000000005
C03192,2,2130.3999999999996
C03193,3,4308.82
C03194,3,3379.6099999999997
C03195,3,5022.43
C03196,4,6459.78
C03197,1,954.18
C03198,3,3230.48
C03199,2,2313.12
C03200,3,4315.3099999999995
C03201,2,1890.1399999999999
C03202,3,3231.9700000000003
C03203,6,9683.84
C03204,6,10425.87
C03205,3,4199.36
C03206,5,10238.01
C03207,3,3940.81
C03208,3,3928.69
C03209,2,2884.56
C03210,6,9330.34
C03211,5,8386.4
C03212,3,5353.41
C03213,4,5088.38
C03214,7,9203.34
C03215,4,6377.73
C03216,3,3678.96
C03217,3,3294.51
C03218,9,13852.55
C03219,2,4651.3
C03220,3,3132.6499999999996
C03221,4,5214.8
C03223,2,3814.8099999999995
C03224,3,3552.8999999999996
C03225,4,10312.93
C03226,5,6672.03
C03227,1,2487.57
C03228,4,5479.59
C03229,6,8990.65
C03230,5,6891.59
C03231,4,4928.16
C03232,6,11722.01
C03233,8,9800.119999999999
C03234,3,4938.93
C03235,3,7974.26
C03236,2,2131.8599999999997
C03237,3,3890.5299999999997
C03238,4,4912.78
C03239,4,8082.860000000001
C03240,1,1900.67
C03241,3,3442.26
C03242,2,2745.16
C03243,1,2673.65
C03244,6,12997.810000000001
C03245,3,4844.82
C03246,3,3337.4300000000003
C03247,5,7002.8099999999995
C03248,7,9642.28
C03249,2,2265.76
C03250,3,8218.779999999999
C03251,4,7178.15
C03252,4,6246.86
C03253,3,5768.72
C03254,3,4980.28
C03255,3,5158.04
C03256,3,5231.0
C03257,8,10624.65
C03258,2,2764.41
C03259,5,4757.389999999999
C03260,3,5819.45
C03261,11,13750.86
C03262,3,3829.49
C03263,3,4819.21
C03264,3,3608.2
C03265,6,9444.95
C03266,3,3139.56
C03267,2,2969.0299999999997
C03268,4,5098.75
C03269,8,10876.35
C03270,2,2923.26
C03271,3,7869.04
C03272,1,954.93
C03273,3,3460.61
C03274,2,1624.03
C03275,3,4902.94
C03276,2,2587.2799999999997
C03277,4,6657.28
C03278,3,2967.56
C03279,3,4716.58
C03280,4,4860.41
C03281,2,2979.85
C03282,1,2123.82
C03283,2,2358.4300000000003
C03284,6,8004.48
C03285,5,5946.41
C03286,3,6764.38
C03287,4,7705.31
C03288,3,6748.81
C03289,4,6597.12
C03290,2,3028.01
C03291,3,3788.42
C03292,5,8333.529999999999
C03293,3,3715.2799999999997
C03294,6,8870.47
C03295,5,6651.8099999999995
C03296,4,5478.92
C03297,2,2374.0299999999997
C03298,5,5150.63
C03299,3,5859.77
C03300,4,3522.37
C03301,2,2864.14
C03302,3,4529.8
C03303,4,6202.62
C03304,2,2153.23
C03305,3,5058.57
C03306,3,3445.0
C03307,2,2206.71
C03308,6,10961.369999999999
C03309,4,6558.9
C03310,1,1004.4
C03311,2,2578.84
C03312,5,5781.22
C03313,4,5829.45
C03314,2,4728.2
C03315,5,10603.669999999998
C03317,4,3997.38
C03318,2,2557.33
C03319,4,6553.49
C03320,3,4423.33
C03321,4,7271.98
C03322,3,4145.82
C03323,4,5948.61
C03324,2,3270.8199999999997
C03325,2,2745.69
C03326,4,5045.43
C03327,5,5676.889999999999
C03328,2,3489.4700000000003
C03329,2,2353.08
C03330,3,4937.59
C03331,5,6696.71
C03332,4,6861.32
C03333,3,3827.29
C03334,5,10551.85
C03335,7,11251.289999999999
C03336,2,3617.24
C03337,7,10332.39
C03338,2,3799.94
C03339,4,4057.95
C03340,3,4122.66
C03341,5,7802.0
C03342,5,6814.64
C03343,4,4873.49
C03344,5,5913.75
C03345,4,4737.13
C03346,3,4442.26
C03347,5,7900.14
C03348,4,6342.68
C03349,3,6245.79
C03350,5,8390.82
C03351,2,2709.54
C03352,5,7197.72
C03353,1,1031.55
C03354,2,2896.3599999999997
C03355,4,4394.39
C03356,5,8464.83
C03357,2,3474.09
C03358,2,2152.48
C03359,6,5978.87
C03360,5,7541.02
C03361,9,13925.9
C03362,2,2356.46
C03363,4,5313.22
C03364,4,5985.07
C03365,3,7083.9400000000005
C03366,3,4613.09
C03367,9,12028.57
C03368,2,3135.91
C03369,1,1220.04
C03370,1,670.69
C03371,4,6832.63
C03372,3,3411.38
C03373,2,2401.45
C03374,2,2702.46
C03375,7,11892.81
C03376,8,13714.73
C03377,2,2988.98
C03378,3,6129.38
C03379,9,18086.88
C03380,2,3492.8599999999997
C03381,6,7790.3
C03382,3,5024.98
C03383,6,11447.31
C03384,2,3313.15
C03385,4,4779.389999999999
C03386,3,4630.95
C03387,8,13785.3
C03388,2,3874.96
C03389,4,4305.19
C03390,4,7463.36
C03391,3,4394.3
C03393,3,3552.41
C03394,3,3877.1800000000003
C03396,1,4205.29
C03397,3,7423.75
C03398,3,3323.5699999999997
C03399,4,7703.820000000001
C03400,4,5846.7300000000005
C03401,6,9098.19
C03402,6,10738.66
C03403,4,7213.67
C03404,2,1972.1399999999999
C03405,4,4645.99
C03406,3,4191.139999999999
C03407,5,7814.84
C03408,2,2617.3
C03410,6,8429.39
C03411,1,904.67
C03412,3,5652.44
C03413,5,7250.59
C03414,1,1212.2
C03415,6,7350.12
C03416,2,3568.7700000000004
C03417,3,4528.44
C03418,4,4538.91
C03419,3,4118.35
C03420,5,5378.08
C03421,2,3438.55
C03422,4,3977.58
C03423,5,6251.5599999999995
C03424,4,3857.74
C03425,10,18614.079999999998
C03426,6,8033.68
C03427,3,9426.49
C03428,3,4229.64
C03429,5,6844.44
C03430,5,6045.5199999999995
C03431,7,11011.4
C03432,2,3327.13
C03433,4,6227.39
C03434,4,5569.91
C03435,1,1640.05
C03436,2,4140.35
C03437,3,4164.36
C03438,8,11880.33
C03439,4,8029.21
C03440,6,9208.92
C03441,6,9292.18
C03442,2,2646.12
C03443,6,7863.639999999999
C03444,2,2616.42
C03445,4,4706.1900000000005
C03446,4,5606.3
C03447,3,6593.9
C03448,4,5593.57
C03449,4,5455.27
C03450,2,4214.92
C03451,2,4724.34
C03452,4,4305.4400000000005
C03453,4,7080.7699999999995
C03454,1,1336.82
C03455,1,1575.84
C03456,3,7532.62
C03457,3,6966.630000000001
C03458,4,5449.85
C03459,3,5797.63
C03460,5,5833.17
C03461,3,2844.25
C03462,4,8263.98
C03463,5,6641.04
C03464,1,960.37
C03465,3,2907.66
C03466,3,4013.9700000000003
C03467,5,8543.92
C03468,3,3598.19
C03469,5,6944.24
C03470,3,4464.5
C03471,5,8107.900000000001
C03472,2,4036.76
C03473,4,5003.66
C03474,8,11451.75
C03475,2,2857.1099999999997
C03476,4,5486.52
C03477,4,9502.43
C03478,3,3882.42
C03479,3,4689.84
C03480,2,2862.19
C03481,3,3185.6499999999996
C03482,3,3697.4300000000003
C03483,6,7100.76
C03484,4,5693.65
C03485,2,2838.39
C03486,3,3285.24
C03487,2,2513.41
C03488,2,1886.26
C03489,2,2814.08
C03490,2,2280.88
C03491,4,10141.51
C03492,3,4815.62
C03493,5,6704.52
C03494,6,8996.7
C03495,1,907.02
C03496,4,8558.36
C03497,3,4795.71
C03498,2,2238.1000000000004
C03499,1,1549.4
C03500,8,10368.24
C03501,2,2580.95
C03502,2,2341.2
C03503,3,6907.280000000001
C03504,3,3732.1000000000004
C03505,5,7738.8099999999995
C03506,3,5087.37
C03507,5,7619.85
C03508,4,4482.469999999999
C03509,4,5256.89
C03510,3,4547.48
C03511,5,8737.15
C03512,4,6956.48
C03513,8,12237.789999999999
C03514,1,977.26
C03515,4,3971.62
C03516,4,4513.38
C03517,5,7060.950000000001
C03518,4,5105.95
C03519,3,3652.74
C03520,4,5602.49
C03521,5,10280.07
C03522,5,6112.51
C03523,4,5910.2
C03525,2,2768.99
C03526,5,8988.94
C03527,4,5191.73
C03528,7,8387.78
C03529,8,17357.31
C03530,3,3070.92
C03531,2,1915.5
C03532,2,3606.16
C03533,4,4489.79
C03534,3,3424.48
C03535,4,5098.31
C03536,3,3422.26
C03537,4,5353.8
C03538,4,5120.5
C03539,7,11118.7
C03540,1,1356.1
C03541,6,8576.61
C03542,3,4262.02
C03543,5,7585.85
C03544,5,5832.15
C03545,5,6367.48
C03546,6,10383.44
C03548,4,6648.92
C03549,2,2339.86
C03550,5,6972.33
C03551,2,2672.27
C03552,3,4098.27
C03553,3,4721.75
C03554,5,6850.52
C03555,5,5923.45
C03556,5,8202.17
C03557,3,3796.88
C03558,1,1292.07
C03559,5,5341.92
C03560,4,5149.73
C03561,2,2065.16
C03562,1,843.54
C03563,5,8641.23
C03564,5,8312.119999999999
C03565,3,5523.2
C03566,4,4229.04
C03567,5,5578.27
C03568,4,7294.21
C03569,7,10855.66
C03570,3,3735.5699999999997
C03571,3,5286.58
C03572,3,5264.9
C03573,6,9124.2
C03574,1,1309.25
C03575,2,3225.62
C03576,9,11078.03
C03577,2,2028.75
C03578,2,2241.75
C03579,6,9823.55
C03580,3,3590.82
C03581,1,1224.06
C03582,4,3983.7
C03583,5,8540.48
C03584,2,3050.2299999999996
C03585,2,5540.460000000001
C03586,3,4375.68
C03587,5,7180.6
C03588,4,6256.719999999999
C03589,4,4403.16
C03590,8,8359.529999999999
C03591,3,4344.52
C03592,1,1049.55
C03593,4,5423.68
C03594,6,9084.32
C03595,3,4851.7
C03596,6,9070.9
C03597,3,3856.19
C03598,6,7906.27
C03599,7,12430.66
C03600,4,5552.42
C03601,2,2202.7
C03602,6,8076.01
C03603,3,3572.02
C03604,7,8740.04
C03605,3,4792.26
C03606,4,6793.08
C03607,5,9656.5
C03608,2,4605.29
C03609,6,9840.51
C03610,4,5695.49
C03611,4,5354.22
C03612,1,1531.5
C03613,3,7064.950000000001
C03614,4,8468.86
C03615,3,3223.37
C03616,6,9696.130000000001
C03617,4,5208.76
C03618,3,4730.25
C03619,5,7622.96
C03620,3,4702.8099999999995
C03621,1,1261.37
C03622,5,9207.15
C03623,5,6886.02
C03624,5,5353.32
C03625,5,4611.42
C03626,1,1475.54
C03627,1,1360.07
C03628,3,6146.38
C03629,3,3261.88
C03630,7,9374.09
C03631,2,4658.79
C03632,1,1532.28
C03633,3,3177.21
C03635,8,13184.07
C03636,4,4714.610000000001
C03637,3,5150.49
C03639,5,6993.889999999999
C03640,6,9400.74
C03641,2,2686.73
C03642,5,7401.0199999999995
C03643,5,8866.76
C03644,3,4152.09
C03645,4,5096.54
C03646,4,6735.87
C03648,4,4871.84
C03649,3,3581.6800000000003
C03650,5,6525.33
C03651,2,1873.96
C03652,3,2409.4300000000003
C03653,4,6002.21
C03654,2,4076.7400000000002
C03655,5,9849.33
C03656,3,3448.41
C03657,1,1661.86
C03658,8,19483.03
C03659,4,8632.51
C03660,4,4626.07
C03661,1,1450.9
C03662,3,5210.68
C03663,5,6688.9
C03664,9,13926.029999999999
C03665,3,4312.05
C03666,2,4115.46
C03667,4,5209.73
C03668,4,10239.73
C03669,3,5120.43
C03670,5,6231.08
C03671,2,1453.14
C03672,6,16738.86
C03673,2,3977.9700000000003
C03674,7,9224.66
C03675,4,5762.83
C03676,2,2406.2299999999996
C03677,3,3491.0
C03678,3,3506.16
C03679,5,6411.389999999999
C03680,4,3891.49
C03681,4,5692.88
C03682,3,3188.99
C03683,2,2654.3999999999996
C03684,3,3693.52
C03685,5,10855.33
C03686,7,14756.74
C03687,1,801.36
C03688,4,4660.69
C03690,2,4333.56
C03691,2,3596.33
C03692,3,3515.08
C03693,6,10838.24
C03694,1,1656.05
C03695,2,2533.14
C03696,5,6885.95
C03697,2,2612.81
C03698,2,2840.0099999999998
C03699,6,7412.79
C03700,2,1519.91
C03701,4,7609.389999999999
C03702,4,4715.6
C03703,4,6144.79
C03704,6,8916.22
C03705,4,5085.44
C03706,3,5091.23
C03707,4,5966.2
C03708,3,9079.08
C03709,3,5400.7699999999995
C03710,2,2669.66
C03711,7,12348.16
C03713,1,1485.36
C03714,4,6079.13
C03715,2,2467.51
C03716,4,4489.51
C03717,5,7958.07
C03718,1,1155.82
C03719,3,3242.4300000000003
C03720,3,4951.05
C03721,3,4207.63
C03722,3,5440.21
C03723,3,3483.07
C03724,5,6230.84
C03725,3,4641.28
C03726,2,3883.3999999999996
C03727,3,5775.42
C03728,3,6606.07
C03729,3,5066.57
C03730,3,2645.34
C03731,5,6136.98
C03732,6,10128.89
C03733,8,11721.58
C03734,2,2077.84
C03735,2,2322.2200000000003
C03736,6,8067.09
C03737,3,3078.2400000000002
C03738,1,1232.91
C03739,7,12543.42
C03740,5,10043.33
C03741,3,4693.14
C03742,2,3491.46
C03743,7,14749.68
C03744,4,5175.6900000000005
C03745,5,9968.19
C03746,4,5692.84
C03747,2,3373.37
C03748,5,6589.81
C03749,2,2390.34
C03750,7,10459.64
C03751,4,4271.8099999999995
C03752,4,7200.26
C03753,4,5056.73
C03754,6,9770.220000000001
C03755,3,5443.45
C03756,6,10770.16
C03757,6,7174.58
C03758,3,3892.7799999999997
C03759,4,4807.58
C03760,4,6160.16
C03761,6,14819.76
C03762,3,3709.5099999999998
C03763,7,8734.26
C03764,2,2213.0299999999997
C03765,4,4823.42
C03766,4,3747.89
C03767,3,3365.88
C03768,3,4352.99
C03769,2,2970.75
C03770,3,3533.5699999999997
C03771,5,10760.33
C03772,5,8716.689999999999
C03773,6,10940.43
C03774,7,10106.97
C03775,4,7572.38
C03776,2,3887.0
C03777,3,4931.37
C03778,6,7707.4
C03779,7,13318.98
C03780,5,6037.360000000001
C03781,1,1595.74
C03782,4,8598.619999999999
C03783,2,2269.38
C03784,7,8594.98
C03785,4,7151.89
C03786,5,7423.03
C03787,2,3660.5600000000004
C03788,2,2605.4700000000003
C03789,4,5198.9400000000005
C03791,2,3694.67
C03792,2,3479.2799999999997
C03793,1,1346.89
C03794,8,11247.6
C03795,2,1371.82
C03796,3,5604.79
C03797,4,4173.98
C03798,3,6174.82
C03799,1,834.78
C03800,4,6684.52
C03801,3,6965.32
C03802,7,11453.57
C03803,3,4001.9300000000003
C03804,3,5268.25
C03805,1,994.31
C03806,4,5970.98
C03807,4,6018.91
C03808,2,4389.76
C03809,3,3658.59
C03810,2,3784.92
C03811,3,4908.42
C03812,4,6193.42
C03813,3,3943.91
C03814,4,5313.82
C03815,5,7105.22
C03816,4,7705.51
C03817,3,5936.42
C03818,4,10015.0
C03819,3,4419.67
C03820,11,16474.98
C03821,4,4681.77
C03822,2,3170.1400000000003
C03823,3,6353.59
C03824,3,3349.14
C03825,9,10774.41
C03826,3,4657.47
C03827,3,5651.84
C03828,3,4055.5
C03829,2,3131.37
C03830,7,8116.780000000001
C03831,2,3616.87
C03832,5,7368.02
C03833,5,6797.62
C03834,4,8294.779999999999
C03835,10,12357.9
C03836,4,5278.87
C03837,6,9784.84
C03838,2,3434.39
C03839,6,9024.07
C03840,5,7013.11
C03841,6,8920.02
C03842,1,1047.68
C03843,4,5065.96
C03844,2,1977.92
C03845,3,3854.38
C03846,2,3641.13
C03847,1,1612.11
C03848,3,4107.61
C03849,4,3770.6099999999997
C03851,3,4006.3
C03852,6,14085.65
C03853,4,6400.53
C03854,5,8995.11
C03855,8,13481.29
C03856,2,2315.13
C03857,6,10337.630000000001
C03858,4,4074.0699999999997
C03859,4,6409.7699999999995
C03860,2,2905.07
C03861,1,707.94
C03862,5,8991.57
C03863,4,4063.26
C03864,10,13271.6
C03865,2,2062.73
C03866,3,4343.389999999999
C03867,5,7872.82
C03868,1,1885.83
C03869,5,5763.36
C03870,1,843.54
C03871,6,6603.62
C03872,1,701.14
C03873,3,3651.2999999999997
C03874,8,11406.66
C03875,3,5917.21
C03876,3,5468.21
C03877,4,3961.08
C03878,6,10807.08
C03879,3,5051.9
C03880,4,7346.08
C03881,5,6643.120000000001
C03882,1,1549.4
C03883,2,2597.6099999999997
C03884,5,8799.61
C03885,6,9013.04
C03886,3,3929.75
C03887,3,5280.76
C03888,3,2783.43
C03889,3,4537.28
C03890,3,5560.4400000000005
C03891,4,6502.64
C03892,2,2712.13
C03893,6,7794.05
C03894,2,4250.87
C03895,1,1064.78
C03896,6,8776.47
C03897,2,4742.74
C03898,3,4621.4
C03899,2,2545.91
C03900,3,2914.7
C03901,2,3033.58
C03902,6,9565.1
C03903,1,994.31
C03904,5,8074.0199999999995
C03905,4,4506.219999999999
C03906,3,5487.91
C03907,5,6951.77
C03908,2,3063.7799999999997
C03909,2,1862.01
C03910,2,5160.66
C03911,2,2460.79
C03912,1,1900.67
C03913,4,5730.32
C03914,4,8930.11
C03915,3,5394.59
C03916,1,2822.18
C03917,2,3153.83
C03918,2,2589.7
C03919,3,3513.13
C03920,2,2418.45
C03921,5,9219.58
C03922,6,9071.6
C03923,1,801.36
C03924,1,745.21
C03925,2,3877.75
C03926,4,5094.38
C03927,4,5914.54
C03928,4,3806.5600000000004
C03929,5,6559.81
C03930,3,5136.36
C03931,7,10203.54
C03932,6,9575.7
C03933,4,5992.4
C03934,5,9112.86
C03935,6,7431.15
C03936,2,3170.13
C03937,3,7074.36
C03938,3,3674.45
C03939,1,3359.46
C03940,4,4978.62
C03941,3,5170.29
C03942,5,8537.779999999999
C03943,6,8618.29
C03944,4,4828.0
C03945,2,4032.4799999999996
C03946,4,5221.98
C03947,1,2282.53
C03948,5,9427.92
C03949,3,6055.75
C03951,1,1309.25
C03952,5,5889.43
C03953,3,3298.69
C03954,4,5366.57
C03955,4,4399.28
C03956,2,4399.37
C03957,2,3928.8
C03958,4,4696.96
C03959,5,8804.6
C03960,4,6820.84
C03961,4,8366.41
C03962,5,10118.19
C03964,2,3058.58
C03965,6,7588.24
C03966,6,8816.97
C03967,5,8330.55
C03968,4,10376.45
C03969,4,4566.87
C03970,6,6029.21
C03971,2,2395.0699999999997
C03972,6,8691.24
C03974,5,7671.53
C03975,7,8592.81
C03976,4,4914.96
C03977,5,6528.55
C03978,4,5823.18
C03979,4,4997.26
C03980,4,4738.3
C03981,1,937.4
C03982,7,9131.98
C03983,6,8592.66
C03984,5,7509.76
C03985,7,8339.35
C03986,2,4983.3
C03987,4,5966.4
C03988,1,1011.54
C03989,5,6517.18
C03990,7,8137.3099999999995
C03991,6,11472.609999999999
C03992,2,4367.0
C03993,6,8410.18
C03994,5,8600.31
C03995,3,3882.75
C03996,4,4880.17
C03997,4,5229.91
C03998,3,3520.21
C03999,4,9207.14
C04000,4,5594.3099999999995
C04001,3,4172.8099999999995
C04002,3,3376.1000000000004
C04003,3,4624.8099999999995
C04004,4,6620.75
C04005,5,7043.52
C04006,6,11396.49
C04007,3,4218.75
C04008,5,8026.31
C04009,9,14021.97
C04010,5,9277.17
C04011,5,8206.51
C04012,3,5943.49
C04013,6,7296.37
C04014,3,3938.83
C04015,1,2812.19
C04016,2,3556.63
C04017,3,4468.79
C04018,2,1620.26
C04019,4,6008.23
C04020,6,9176.49
C04021,6,9901.84
C04022,3,2611.01
C04023,2,2293.94
C04024,6,9030.92
C04025,1,893.29
C04026,2,2214.02
C04027,4,4835.69
C04028,5,9676.09
C04029,3,4136.74
C04030,4,6628.8
C04031,4,4965.35
C04032,3,3515.81
C04033,7,14967.810000000001
C04034,3,9031.17
C04035,4,4872.74
C04036,4,5448.23
C04037,3,3344.11
C04038,3,5845.28
C04039,3,4792.21
C04040,5,12494.119999999999
C04041,1,897.18
C04042,5,5501.12
C04043,5,9203.75
C04044,4,7019.46
C04045,10,13313.29
C04046,2,5241.860000000001
C04047,4,7508.23
C04048,3,4436.549999999999
C04049,5,7314.049999999999
C04050,3,4406.5
C04051,2,4587.87
C04052,3,4525.07
C04053,2,2877.3
C04054,3,5098.38
C04055,4,7245.799999999999
C04056,7,8829.58
C04057,2,2493.3999999999996
C04058,2,3262.67
C04059,3,6027.33
C04060,6,10069.58
C04061,5,6164.38
C04062,1,1142.66
C04063,5,9486.37
C04064,4,6632.16
C04065,3,4935.9400000000005
C04066,7,10676.72
C04067,2,2418.45
C04068,4,7913.78
C04069,2,3379.65
C04070,3,3667.21
C04071,1,1288.3
C04072,4,4638.93
C04073,2,2880.1099999999997
C04074,2,2802.3
C04075,3,8709.01
C04076,3,7779.91
C04077,7,8939.79
C04078,1,1475.54
C04079,6,9340.71
C04080,2,3861.6899999999996
C04081,7,10451.3
C04082,2,2767.1899999999996
C04083,2,2409.21
C04084,1,2052.79
C04085,3,3189.21
C04086,3,3231.6499999999996
C04087,3,4839.5
C04088,2,2707.5299999999997
C04089,2,2481.41
C04090,4,4450.51
C04091,3,5327.79
C04092,5,5233.74
C04093,7,10775.68
C04094,5,9173.39
C04095,6,8662.4
C04096,3,4226.25
C04097,1,1224.06
C04098,3,5387.73
C04099,5,5901.79
C04100,3,4331.95
C04101,5,9231.51
C04102,6,9580.58
C04103,10,20244.85
C04104,1,1140.44
C04105,4,4609.65
C04106,4,4948.28
C04107,2,2282.5299999999997
C04108,4,5365.49
C04109,1,1450.9
C04110,5,6546.08
C04111,1,1301.4
C04112,7,8714.86
C04113,1,2424.4
C04114,3,3267.02
C04115,5,8522.16
C04116,3,3301.48
C04117,2,3485.92
C04118,3,3187.84
C04119,2,2580.33
C04120,2,3648.6800000000003
C04121,5,7937.49
C04122,2,2440.5299999999997
C04123,5,7519.54
C04124,5,6416.25
C04125,1,1661.86
C04126,7,11021.56
C04127,3,3375.5299999999997
C04129,3,3827.63
C04130,2,2846.74
C04131,4,4810.6
C04132,1,1164.42
C04133,4,6146.52
C04134,5,8067.37
C04135,3,6417.62
C04136,3,4212.84
C04137,2,2347.23
C04138,1,1475.54
C04139,8,11165.67
C04140,6,9556.47
C04141,4,6914.7300000000005
C04142,6,10231.83
C04143,2,1899.33
C04144,2,2726.59
C04145,5,6841.42
C04146,4,4987.94
C04147,3,5248.95
C04148,3,3597.66
C04149,4,6051.33
C04150,3,4298.07
C04151,3,3979.9
C04152,1,843.54
C04153,11,16145.22
C04154,8,10087.54
C04155,1,1262.55
C04156,3,4049.3199999999997
C04157,5,7338.3099999999995
C04158,1,1548.94
C04159,3,4000.6
C04160,2,3795.62
C04161,5,10199.529999999999
C04162,3,7523.45
C04163,1,960.37
C04164,6,7583.599999999999
C04165,8,12407.37
C04166,5,7606.32
C04167,5,9032.35
C04168,3,4212.0
C04169,6,8912.03
C04170,4,4731.84
C04171,5,11308.97
C04172,2,2818.37
C04173,6,9323.27
C04174,5,8041.12
C04175,5,11888.8
C04176,5,11953.46
C04177,4,4503.93
C04178,4,4526.5
C04179,3,3793.01
C04180,5,5897.68
C04181,1,944.4
C04182,6,8159.5
C04183,5,8941.25
C04184,6,8148.62
C04185,1,1574.4
C04186,2,2706.96
C04187,3,3994.34
C04188,7,14247.69
C04189,2,3834.35
C04190,3,3916.9
C04191,5,8003.969999999999
C04192,6,8760.92
C04193,4,9599.6
C04194,2,4083.58
C04195,2,3073.96
C04196,1,1749.33
C04197,2,3722.78
C04198,2,2169.8999999999996
C04199,4,4264.219999999999
C04200,1,1220.49
C04201,2,3148.9399999999996
C04202,2,1739.49
C04203,3,3308.88
C04204,9,10171.92
C04205,7,11227.08
C04206,4,5450.37
C04207,3,4372.84
C04208,3,2964.8
C04209,6,7549.16
C04210,6,6891.83
C04211,1,701.14
C04212,8,8779.94
C04213,5,5609.5
C04214,5,8593.529999999999
C04215,3,3850.85
C04216,5,10100.86
C04217,4,5154.13
C04218,3,6177.2
C04219,3,5925.15
C04220,6,6248.21
C04221,8,14202.39
C04222,3,6256.36
C04223,4,5172.74
C04224,2,2156.39
C04225,3,3107.65
C04226,3,3574.01
C04227,4,7343.45
C04228,3,5955.94
C04229,2,2847.84
C04230,4,6045.87
C04231,2,2204.6800000000003
C04232,4,9166.55
C04234,5,6813.17
C04235,2,6158.34
C04236,5,8542.06
C04237,7,8281.86
C04238,4,4229.99
C04239,6,8941.84
C04240,2,3061.2
C04241,5,9347.01
C04242,3,3513.04
C04243,5,8884.869999999999
C04244,4,6558.24
C04245,3,3619.48
C04246,7,9405.34
C04247,5,9065.630000000001
C04248,7,8930.43
C04249,3,5200.17
C04250,3,3526.75
C04251,3,4521.85
C04252,6,8251.71
C04253,5,6486.45
C04254,5,6460.53
C04255,6,6478.389999999999
C04256,1,1064.78
C04257,6,8386.07
C04258,7,11676.189999999999
C04259,8,14222.61
C04260,3,3832.2999999999997
C04261,1,2023.08
C04262,3,3660.9799999999996
C04263,6,8602.06
C04264,3,4057.46
C04265,6,8608.0
C04266,4,6035.77
C04267,2,2774.7
C04268,5,6613.1
C04269,8,9820.52
C04270,6,7191.63
C04271,4,5750.75
C04272,3,4217.12
C04274,3,3823.95
C04275,3,3056.01
C04276,2,2869.1
C04277,7,15401.509999999998
C04278,4,4914.94
C04279,5,5884.95
C04280,7,14356.48
C04281,3,4548.74
C04282,3,5852.0199999999995
C04283,4,5160.87
C04284,2,2422.66
C04285,4,4499.72
C04286,3,6145.66
C04288,5,9339.27
C04289,5,7549.530000000001
C04290,5,7026.61
C04291,2,2445.73
C04293,4,5472.74
C04295,10,14372.46
C04296,6,8824.89
C04297,5,10163.27
C04298,8,10138.0
C04299,3,4792.87
C04300,3,4888.01
C04301,2,2257.6000000000004
C04302,6,8148.85
C04303,5,10525.82
C04304,4,4581.74
C04305,1,977.26
C04306,1,2129.56
C04308,3,6585.08
C04309,3,8107.27
C04310,9,14040.87
C04311,4,7885.63
C04312,7,8086.71
C04313,2,2281.19
C04314,3,5035.92
C04315,4,4786.54
C04316,7,11160.71
C04317,7,12971.220000000001
C04318,5,6500.95
C04319,6,8739.4
C04320,7,8898.81
C04321,6,11703.27
C04322,3,3725.2
C04323,5,7328.84
C04324,5,8549.4
C04325,6,9621.99
C04326,3,3430.56
C04327,4,8509.06
C04328,3,4320.15
C04329,6,12720.210000000001
C04330,2,2483.04
C04331,5,5740.8
C04332,4,5808.18
C04333,1,1360.07
C04334,3,3067.33
C04335,3,4305.8099999999995
C04336,4,5103.62
C04337,5,7687.99
C04338,3,6347.7
C04339,2,2733.01
C04340,3,3435.5
C04341,7,11273.79
C04342,2,3499.11
C04343,3,4655.54
C04344,1,1738.75
C04345,5,6742.83
C04346,2,3057.81
C04347,3,3588.08
C04348,5,6017.55
C04349,2,1810.28
C04350,3,4423.84
C04351,3,6372.68
C04352,8,9976.89
C04353,5,6348.84
C04354,7,7872.37
C04355,3,3079.7799999999997
C04356,2,2935.52
C04357,4,4461.41
C04359,2,3556.7200000000003
C04360,6,7238.7699999999995
C04361,2,3031.19
C04362,2,2844.9700000000003
C04363,4,4950.41
C04364,1,707.94
C04365,2,2382.7599999999998
C04366,4,4621.2
C04367,2,5432.34
C04368,3,4280.35
C04369,3,6885.88
C04370,3,3262.06
C04371,4,5274.139999999999
C04372,8,14508.51
C04373,3,4929.42
C04374,6,10513.13
C04375,4,3930.65
C04376,6,10467.44
C04377,3,5102.15
C04378,4,4593.74
C04379,2,2791.31
C04380,3,3906.07
C04381,4,6684.22
C04382,2,3449.35
C04384,3,4757.34
C04385,6,8754.96
C04386,4,6089.11
C04387,2,2938.17
C04388,5,11519.42
C04389,2,2343.7200000000003
C04390,4,6051.46
C04391,3,3780.8900000000003
C04392,6,8040.57
C04393,3,4949.36
C04394,7,7825.47
C04395,5,11924.48
C04396,3,4337.46
C04397,5,6748.8
C04398,7,10194.8
C04399,4,4666.23
C04400,6,9399.5
C04401,4,4266.78
C04402,2,3357.92
C04403,3,3340.74
C04404,6,9661.09
C04405,2,3651.92
C04406,3,4361.75
C04407,2,2040.92
C04408,7,13175.76
C04409,2,2677.27
C04410,3,6274.59
C04411,3,4275.0
C04412,4,6203.389999999999
C04413,2,3504.96
C04414,2,2310.65
C04415,5,6018.15
C04416,1,1916.6
C04417,6,9838.53
C04418,3,3089.62
C04419,1,3063.39
C04420,3,2946.27
C04421,5,7612.69
C04423,3,4952.88
C04424,2,5124.19
C04425,3,5061.0
C04426,5,9368.29
C04427,6,7068.86
C04428,7,7189.9800000000005
C04429,4,8970.54
C04430,8,10370.14
C04431,3,8285.55
C04432,6,8538.58
C04433,5,6607.59
C04434,4,7025.34
C04436,2,2603.35
C04437,3,4259.26
C04438,3,5709.74
C04439,4,4755.77
C04440,8,17105.74
C04441,5,7800.22
C04442,4,7700.639999999999
C04443,5,11076.11
C04444,4,3836.5
C04445,2,2256.33
C04446,4,4429.56
C04447,3,4973.37
C04449,7,9708.29
C04450,3,4922.6
C04451,4,5505.92
C04452,3,7579.94
C04453,3,3120.6899999999996
C04454,5,4877.84
C04455,8,11262.05
C04456,5,8769.17
C04457,4,6330.75
C04458,5,8217.81
C04459,1,595.97
C04460,4,6054.26
C04462,5,8582.42
C04464,2,2948.1800000000003
C04465,3,3883.96
C04466,2,6437.0
C04467,3,3789.62
C04468,4,6217.9400000000005
C04469,2,3584.37
C04470,2,1700.48
C04471,3,3021.58
C04472,4,6056.08
C04473,1,1667.19
C04474,6,6429.94
C04475,5,6546.58
C04476,1,1852.43
C04477,5,6505.5
C04478,2,2792.87
C04479,2,3351.9700000000003
C04480,5,8465.37
C04481,4,7652.75
C04482,3,3166.1499999999996
C04483,7,9053.83
C04484,3,4421.8
C04485,5,8013.92
C04486,7,8905.69
C04487,4,3753.95
C04488,3,4327.549999999999
C04489,4,4687.71
C04490,7,10749.869999999999
C04491,6,10216.48
C04492,3,4361.07
C04493,2,4003.1400000000003
C04494,3,4178.28
C04495,8,16000.1
C04496,4,4639.8099999999995
C04497,5,8761.25
C04498,6,9538.41
C04499,1,897.18
C04500,4,4679.87
C04501,2,2782.55
C04502,1,1309.25
C04503,6,10793.21
C04504,4,5704.37
C04505,5,8069.14
C04506,4,4165.1
C04507,4,10444.869999999999
C04508,2,3225.85
C04509,3,4438.35
C04510,3,4549.76
C04512,5,7313.17
C04513,8,11457.29
C04514,3,4968.65
C04515,4,5526.47
C04516,3,3773.02
C04518,1,4627.89
C04520,4,8087.820000000001
C04521,4,5937.47
C04522,5,8771.99
C04523,4,5898.62
C04524,2,2625.8
C04525,4,5127.8099999999995
C04526,5,5502.18
C04527,3,3638.7599999999998
C04528,4,5880.05
C04529,6,7843.15
C04530,6,12823.55
C04531,5,4583.97
C04532,3,3718.25
C04533,2,3823.49
C04534,5,8052.93
C04535,3,3598.7799999999997
C04536,2,2855.6499999999996
C04537,9,16161.74
C04538,2,3725.33
C04539,1,1104.79
C04540,4,6071.01
C04541,2,1779.1799999999998
C04542,8,11427.6
C04543,4,7726.77
C04544,2,3535.8999999999996
C04545,2,3206.71
C04546,1,1199.42
C04547,2,2794.04
C04549,3,3684.1499999999996
C04550,1,1339.46
C04551,4,6710.86
C04552,4,6121.33
C04553,6,9713.73
C04554,9,14018.74
C04555,7,9754.75
C04556,4,4886.4
C04557,1,1749.33
C04558,7,10574.06
C04559,3,3718.83
C04560,2,5296.37
C04561,2,2321.04
C04562,8,13576.539999999999
C04563,2,2250.37
C04564,3,4109.38
C04565,1,1140.44
C04566,1,1612.93
C04567,5,6840.25
C04568,4,7024.62
C04569,1,3359.46
C04570,2,1986.75
C04571,4,6688.240000000001
C04572,4,9048.19
C04573,5,4868.92
C04574,6,8208.94
C04575,4,5445.87
C04576,1,1198.3
C04577,2,2404.0299999999997
C04578,4,6341.34
C04579,3,5739.07
C04580,3,4169.57
C04581,8,13807.73
C04582,5,6336.860000000001
C04583,8,10592.24
C04584,5,6268.78
C04585,4,6445.36
C04586,3,3907.64
C04587,2,2472.25
C04588,2,2816.41
C04589,3,4582.01
C04591,3,2955.98
C04592,4,7773.74
C04593,1,1072.16
C04594,4,9740.88
C04595,4,7746.3099999999995
C04596,9,13959.46
C04597,1,1102.82
C04598,5,6542.59
C04599,3,3374.09
C04600,5,8387.43
C04601,6,9523.86
C04602,3,4257.33
C04603,2,1652.35
C04604,2,2183.51
C04605,5,12144.31
C04606,3,6367.44
C04607,8,13057.81
C04608,9,13071.1
C04609,2,2410.5
C04610,4,6359.5
C04611,1,1067.08
C04612,6,12327.64
C04613,6,9980.65
C04614,3,3066.07
C04615,7,7723.4
C04616,5,6115.04
C04617,6,12483.31
C04618,5,11397.21
C04619,5,6409.57
C04620,4,8201.54
C04621,3,5229.98
C04622,5,5680.72
C04623,2,2588.71
C04624,2,3027.48
C04625,2,3239.1800000000003
C04626,6,10551.76
C04627,1,1661.86
C04628,3,4825.96
C04629,2,2671.59
C04630,4,5844.5599999999995
C04631,3,5968.13
C04632,6,9115.21
C04633,4,7182.7699999999995
C04634,5,7765.78
C04635,3,5397.46
C04636,5,9644.08
C04637,7,10014.84
C04638,5,7406.0
C04639,3,6489.68
C04640,3,3100.41
C04641,8,14548.880000000001
C04642,3,4798.88
C04643,3,3761.67
C04645,6,8079.02
C04646,2,5304.3
C04647,3,3975.63
C04648,2,4108.53
C04649,2,2580.56
C04650,4,5825.42
C04651,4,4825.76
C04652,7,11237.85
C04653,5,7461.37
C04654,3,7454.26
C04655,3,6073.75
C04656,1,3247.64
C04657,3,3911.95
C04658,3,4034.05
C04659,3,3719.96
C04660,4,7358.03
C04661,4,5031.76
C04662,4,6956.68
C04663,7,10325.18
C04664,6,8493.56
C04665,4,6295.43
C04666,2,2553.75
C04667,4,4576.56
C04668,4,6527.97
C04669,7,8675.46
C04670,2,2272.81
C04671,3,3908.55
C04672,4,5949.34
C04673,5,5766.5599999999995
C04674,4,6136.64
C04675,7,12292.08
C04676,2,2752.55
C04677,5,7556.99
C04678,6,7647.32
C04679,5,6982.13
C04680,3,3542.68
C04681,5,6060.9400000000005
C04682,6,8548.279999999999
C04683,1,2356.65
C04684,1,1612.93
C04686,1,878.72
C04687,4,4589.37
C04688,2,2405.3999999999996
C04689,2,3627.5299999999997
C04690,5,6471.3
C04691,1,2739.8
C04692,6,9965.97
C04693,3,3728.1800000000003
C04694,6,10182.11
C04695,5,10075.03
C04696,7,9493.7
C04697,2,2695.35
C04698,3,3798.44
C04699,4,8403.689999999999
C04700,3,3506.23
C04701,2,2988.98
C04702,4,4553.42
C04703,7,9980.52
C04704,5,9372.43
C04705,3,5361.37
C04706,7,10455.09
C04707,2,4910.21
C04708,4,3993.34
C04709,4,5366.7
C04710,7,8648.88
C04711,4,8842.0
C04712,5,9527.1
C04713,5,9033.14
C04714,6,8838.31
C04715,3,6239.99
C04716,5,8003.68
C04717,4,8568.720000000001
C04718,7,10818.58
C04719,4,3827.15
C04720,7,10102.53
C04721,4,8618.07
C04722,7,12057.79
C04723,2,5521.099999999999
C04724,4,4599.81
C04725,4,5311.12
C04726,3,4925.27
C04727,6,6793.58
C04728,1,1721.56
C04729,5,6821.469999999999
C04730,2,2822.4300000000003
C04731,2,5797.09
C04732,2,3824.93
C04733,3,3642.3399999999997
C04734,5,6569.06
C04735,3,4244.74
C04736,3,4690.1900000000005
C04737,3,5269.969999999999
C04738,1,1612.11
C04739,3,2749.06
C04740,2,1819.08
C04741,4,7389.639999999999
C04742,5,5346.969999999999
C04743,8,11337.47
C04744,3,4666.1900000000005
C04745,4,5036.23
C04746,5,5604.22
C04747,5,10166.22
C04748,4,4359.5199999999995
C04749,6,7926.57
C04750,4,5316.46
C04751,4,4508.26
C04752,4,7235.16
C04753,6,6975.2
C04754,5,11512.87
C04755,2,3235.35
C04756,3,3497.2799999999997
C04757,1,1141.26
C04758,2,2863.9700000000003
C04760,3,3530.05
C04761,6,8751.15
C04762,4,6925.3
C04763,3,4502.37
C04764,4,4313.5599999999995
C04765,5,5647.59
C04766,2,2729.31
C04767,10,13523.88
C04768,7,15331.869999999999
C04769,4,10447.56
C04770,4,6566.67
C04771,2,3383.5199999999995
C04772,6,10216.92
C04773,3,3776.21
C04774,3,5531.65
C04775,7,8433.93
C04776,5,9713.56
C04777,5,6491.01
C04778,3,3451.58
C04779,6,8523.29
C04780,1,3323.73
C04781,6,11165.960000000001
C04782,2,3895.11
C04783,5,7929.8099999999995
C04784,6,8678.19
C04785,4,5374.4400000000005
C04786,5,8617.73
C04787,8,9288.24
C04788,6,7693.83
C04789,4,8770.49
C04791,2,2764.91
C04792,5,8043.009999999999
C04793,3,3550.92
C04794,3,9542.22
C04795,5,5354.75
C04796,2,3025.58
C04797,6,9063.029999999999
C04798,3,3106.96
C04799,3,6223.83
C04800,4,5282.37
C04801,5,8017.65
C04802,2,2979.92
C04803,2,4637.67
C04804,5,5856.2300000000005
C04805,2,2595.19
C04806,8,10558.8
C04807,3,4005.98
C04808,2,2814.26
C04809,1,942.91
C04810,3,2902.83
C04811,1,1206.14
C04812,6,7049.53
C04813,3,4930.1
C04814,1,1415.88
C04815,6,11520.51
C04816,2,1751.92
C04817,5,6614.84
C04818,1,1401.76
C04819,2,2007.85
C04820,3,3864.71
C04821,3,4367.34
C04822,3,5025.59
C04823,6,8372.529999999999
C04824,4,6974.8
C04825,1,5416.91
C04826,5,5914.0
C04827,3,3921.7799999999997
C04828,4,5208.25
C04829,4,6453.610000000001
C04830,3,3977.67
C04831,4,4931.78
C04832,3,4374.95
C04833,5,6004.04
C04834,2,2444.48
C04835,7,8363.26
C04836,7,10395.31
C04837,5,6975.97
C04838,5,5991.5
C04839,4,5833.32
C04840,10,19187.03
C04841,5,8066.18
C04842,4,10928.289999999999
C04843,5,8015.27
C04844,6,9092.869999999999
C04845,4,4607.11
C04846,7,11170.55
C04847,1,1749.33
C04848,3,3804.83
C04849,3,7702.8
C04850,4,4542.03
C04851,8,12393.42
C04852,2,4406.54
C04853,5,6430.25
C04854,3,3738.11
C04855,3,5462.88
C04856,6,7149.95
C04857,2,2571.23
C04858,6,11145.06
C04859,7,9294.65
C04860,1,746.91
C04861,6,7061.54
C04862,2,3983.59
C04863,9,14962.86
C04864,1,1661.86
C04865,3,3670.9900000000002
C04866,4,5265.63
C04867,3,2964.56
C04868,3,3586.04
C04869,5,8054.8
C04870,4,5614.610000000001
C04871,1,1370.29
C04872,4,5669.5599999999995
C04873,7,8578.14
C04874,5,8336.48
C04875,7,12862.039999999999
C04876,7,8592.61
C04877,3,2162.49
C04878,4,8453.51
C04879,1,954.93
C04880,6,6087.219999999999
C04881,3,3905.74
C04883,9,13487.369999999999
C04884,3,3732.46
C04885,4,7526.99
C04886,1,745.21
C04887,3,4399.91
C04888,5,7392.55
C04889,6,9965.599999999999
C04890,3,4627.09
C04891,6,7717.65
C04892,3,4612.26
C04893,2,1764.74
C04894,3,5136.76
C04895,2,2310.92
C04896,3,3247.1
C04897,1,1360.07
C04898,2,4016.04
C04899,5,8355.73
C04900,4,4634.87
C04901,2,3279.87
C04902,2,3481.0299999999997
C04903,2,2579.8
C04904,3,3138.26
C04905,6,6065.12
C04906,4,4425.8
C04907,1,745.2
C04908,1,992.54
C04909,6,7728.09
C04910,6,8562.15
C04911,4,6294.5199999999995
C04912,2,2716.79
C04913,7,9643.27
C04914,3,3952.02
C04915,6,11222.189999999999
C04916,4,5213.87
C04917,3,3452.8199999999997
C04918,8,11522.11
C04919,6,6827.9
C04920,4,5912.719999999999
C04921,5,7062.2699999999995
C04922,7,12698.039999999999
C04923,5,8147.67
C04924,5,6170.24
C04925,1,1759.81
C04926,3,5147.45
C04927,3,4007.2999999999997
C04928,1,707.95
C04929,1,1595.74
C04930,2,2648.05
C04931,3,5483.59
C04932,6,8831.52
C04933,7,8903.85
C04934,1,1759.81
C04935,5,7365.12
C04936,3,4446.31
C04937,8,19356.39
C04938,4,6077.88
C04939,3,4164.25
C04940,2,3000.6
C04941,1,1047.68
C04942,2,2145.51
C04943,4,6062.68
C04944,5,8157.78
C04945,8,13866.89
C04946,5,6038.71
C04947,3,7372.54
C04948,3,3666.31
C04949,3,4240.13
C04950,1,1140.44
C04951,4,6071.55
C04952,4,5262.1
C04953,1,1497.05
C04954,5,6153.3099999999995
C04955,5,6146.22
C04956,3,3931.2799999999997
C04957,4,6642.32
C04958,5,9186.529999999999
C04959,4,4502.64
C04960,7,15577.39
C04961,5,8283.94
C04962,1,1679.73
C04963,2,1922.53
C04964,6,8899.470000000001
C04965,2,5586.57
C04966,2,2984.17
C04967,4,7119.7
C04968,2,4062.3199999999997
C04969,5,7972.79
C04970,1,1490.4
C04971,5,10270.76
C04972,1,1885.83
C04973,5,5120.91
C04974,4,4819.96
C04975,6,10540.01
C04977,6,8417.28
C04978,5,7082.8
C04979,2,4158.65
C04980,1,1885.83
C04981,9,13841.5
C04982,3,3455.59
C04983,3,4409.03
C04984,5,7173.71
C04986,5,8856.98
C04987,1,1164.42
C04988,2,3371.2200000000003
C04989,1,1573.25
C04990,4,5121.57
C04991,1,1140.44
C04992,3,4319.85
C04993,6,5970.5599999999995
C04994,4,5631.29
C04995,5,7954.5599999999995
C04996,3,6688.73
C04997,5,8036.74
C04998,4,6810.070000000001
C04999,5,4950.1
C05000,2,4114.48
C05001,8,10281.86
C05002,7,9172.72
C05003,7,11151.42
C05004,5,8871.869999999999
C05005,6,9061.789999999999
C05006,2,3571.6099999999997
C05007,4,5211.65
C05008,8,10703.84
C05009,4,5712.08
C05010,2,4448.64
C05011,6,8223.54
C05012,3,4060.67
C05013,2,4178.64
C05014,2,2420.3
C05015,2,2489.59
C05016,3,6098.700000000001
C05017,2,1976.03
C05018,2,1655.32
C05019,5,9032.9
C05020,3,3411.0699999999997
C05021,5,5572.08
C05022,4,5698.61
C05023,2,2001.8600000000001
C05024,4,6076.59
C05025,3,2839.1099999999997
C05026,2,2356.33
C05027,3,3546.58
C05028,5,6344.52
C05029,2,2622.62
C05030,3,4249.68
C05031,3,8034.51
C05032,5,11376.130000000001
C05033,5,6936.61
C05035,1,954.93
C05036,6,9836.55
C05037,9,11643.14
C05038,1,904.67
C05039,2,2304.1499999999996
C05040,6,7472.58
C05041,2,2390.84
C05042,3,4494.83
C05043,4,7544.02
C05044,6,8555.2
C05045,2,2697.81
C05046,3,5316.8099999999995
C05047,1,1490.4
C05049,2,3926.38
C05050,3,2992.55
C05051,1,1220.04
C05052,1,1284.25
C05053,1,994.31
C05054,4,6072.74
C05055,5,6592.99
C05056,2,1893.58
C05057,6,8550.95
C05058,3,4297.42
C05059,3,3526.08
C05060,3,4561.18
C05061,5,11973.07
C05062,1,2720.14
C05063,4,11268.04
C05064,6,9020.68
C05065,2,2565.95
C05066,1,759.19
C05067,4,4356.15
C05068,4,3921.2799999999997
C05069,5,5221.51
C05070,5,7493.23
C05071,3,4381.27
C05072,8,15407.6
C05073,2,2402.96
C05074,2,2033.51
C05075,3,4079.5699999999997
C05076,4,5957.1900000000005
C05077,3,4861.85
C05078,4,6561.03
C05079,3,4763.34
C05080,4,5962.629999999999
C05081,6,6764.17
C05082,2,2152.8
C05083,3,3148.9399999999996
C05084,3,3985.3199999999997
C05085,3,2664.69
C05086,6,9345.48
C05087,4,5929.2
C05088,3,2846.54
C05089,6,7670.179999999999
C05090,4,5978.45
C05091,2,1848.02
C05092,1,1346.89
C05093,3,2933.32
C05094,5,9161.349999999999
C05095,3,3658.5699999999997
C05096,5,6707.38
C05097,3,8216.47
C05098,7,8371.23
C05099,2,2150.54
C05100,2,2622.62
C05101,1,1900.67
C05102,3,3887.46
C05103,1,1531.5
C05104,4,5515.1
C05105,1,878.72
C05106,4,8189.110000000001
C05107,5,7649.92
C05108,2,3011.88
C05109,5,7941.87
C05110,4,5871.4
C05111,5,11208.720000000001
C05112,3,4363.12
C05113,1,1072.16
C05114,7,12120.2
C05115,6,9766.88
C05116,3,4521.98
C05117,3,6031.79
C05118,4,4369.73
C05119,4,5711.84
C05120,2,2534.09
C05121,3,3832.85
C05122,5,7551.75
C05124,3,7693.0
C05125,3,5631.7
C05126,9,17509.690000000002
C05127,5,7753.04
C05128,3,3844.6099999999997
C05129,1,1064.78
C05130,4,5520.58
C05131,3,5992.84
C05132,5,6469.39
C05133,4,4130.21
C05134,1,1490.42
C05135,4,8052.86
C05136,5,5814.53
C05137,6,10116.0
C05138,3,7538.900000000001
C05139,2,2630.86
C05140,1,1135.23
C05141,4,5383.57
C05142,3,3165.66
C05143,7,11551.1
C05144,5,13328.14
C05145,2,2076.56
C05146,2,2923.2299999999996
C05147,1,1201.33
C05148,2,4015.38
C05149,9,11274.33
C05150,3,3279.5600000000004
C05151,6,7936.82
C05152,11,13109.19
C05153,5,11115.05
C05154,1,1201.33
C05156,5,9925.81
C05157,4,5223.360000000001
C05158,5,8499.05
C05159,2,2309.22
C05160,3,4576.52
C05161,9,11403.58
C05162,5,6086.07
C05163,3,3568.67
C05164,2,2628.1000000000004
C05165,2,1940.28
C05166,4,8000.41
C05167,3,6139.54
C05168,5,8377.12
C05169,3,5809.87
C05170,1,1574.4
C05171,3,2968.72
C05172,3,3122.62
C05173,6,7803.84
C05174,2,3141.1
C05175,4,6958.700000000001
C05176,2,3255.25
C05177,2,2175.51
C05178,6,11553.6
C05179,1,1199.42
C05180,3,5088.23
C05181,2,3524.49
C05182,4,10237.4
C05183,4,6745.91
C05184,3,4826.63
C05185,2,2695.5299999999997
C05186,3,5178.25
C05187,3,3878.71
C05188,3,4242.8099999999995
C05189,4,5613.59
C05190,6,7992.63
C05191,6,9389.49
C05192,7,14731.89
C05193,7,8345.47
C05194,4,3912.22
C05195,5,6907.45
C05196,4,5387.3
C05197,5,8496.6
C05198,5,7788.01
C05199,2,2729.9700000000003
C05200,6,10757.24
C05201,4,5468.219999999999
C05202,9,11481.09
C05203,2,2713.21
C05204,2,2967.48
C05205,3,3378.49
C05206,4,6595.15
C05207,1,1201.33
C05208,3,3486.1899999999996
C05209,5,6286.08
C05210,5,6572.5
C05211,2,2860.09
C05212,4,4414.08
C05213,3,3781.88
C05214,4,5301.55
C05215,6,12070.33
C05216,2,2634.01
C05217,4,4803.89
C05218,5,8883.88
C05219,2,2559.09
C05220,2,3854.13
C05221,4,6488.19
C05222,4,3973.8900000000003
C05223,2,1977.57
C05224,3,3010.4700000000003
C05225,5,6023.14
C05226,4,3748.17
C05227,4,3838.16
C05228,7,9846.57
C05229,7,10593.69
C05230,7,11509.84
C05231,7,9093.220000000001
C05232,2,3037.63
C05233,4,4960.41
C05234,3,4352.68
C05235,5,6718.17
C05236,2,3896.09
C05237,4,5022.7
C05238,7,9998.65
C05239,6,9313.42
C05240,5,7388.13
C05241,3,6642.75
C05242,3,2907.6800000000003
C05243,7,12311.5
C05244,5,13586.0
C05245,5,6676.64
C05246,5,7764.6900000000005
C05247,7,13743.81
C05248,3,4789.74
C05249,2,1415.8899999999999
C05250,3,3273.24
C05251,3,3994.76
C05252,4,9395.92
C05253,3,4460.860000000001
C05254,4,4182.51
C05255,1,1661.86
C05256,4,6470.17
C05257,4,4353.48
C05258,5,8443.8
C05259,5,8281.03
C05260,6,9728.9
C05261,5,7873.15
C05262,2,3331.9700000000003
C05263,4,7123.139999999999
C05264,6,9436.29
C05265,4,6137.01
C05266,3,3673.3599999999997
C05267,5,5529.4400000000005
C05268,6,8108.63
C05269,2,2515.14
C05270,9,14771.5
C05271,2,2355.94
C05272,8,10715.64
C05273,3,4620.139999999999
C05274,5,5205.96
C05275,6,8627.380000000001
C05276,3,4489.45
C05277,2,2885.09
C05278,5,6795.95
C05279,3,7628.21
C05280,5,8733.82
C05281,2,2332.39
C05282,6,8497.8
C05283,5,9729.72
C05284,1,745.2
C05285,6,11814.36
C05286,3,5567.6
C05287,3,4078.86
C05288,3,3862.6899999999996
C05289,3,6483.57
C05290,2,1946.7199999999998
C05291,5,7538.16
C05292,2,4022.1499999999996
C05293,9,13879.64
C05294,5,11497.85
C05295,6,8549.35
C05296,3,4025.56
C05297,7,12862.66
C05298,1,595.97
C05299,4,8634.95
C05300,4,5462.65
C05301,1,834.78
C05302,5,8626.74
C05303,4,7248.91
C05304,4,5078.49
C05305,5,8537.87
C05306,3,4296.28
C05307,7,11645.62
C05308,8,12638.98
C05309,5,7568.7699999999995
C05310,2,2152.85
C05311,4,9249.23
C05313,5,6286.21
C05314,3,3441.7
C05315,4,7494.73
C05316,3,10362.83
C05317,4,5190.37
C05318,3,8497.43
C05319,3,4633.79
C05320,6,7842.36
C05321,4,4731.4400000000005
C05322,1,907.02
C05323,4,5540.6
C05324,7,8835.35
C05325,3,6493.86
C05326,3,4883.18
C05327,1,1900.67
C05328,4,5015.61
C05329,5,7701.95
C05330,5,9301.810000000001
C05331,3,3529.5699999999997
C05332,2,3541.48
C05333,3,3126.83
C05334,6,9744.53
C05335,9,15437.25
C05336,2,2293.94
C05337,3,6406.55
C05338,4,5728.54
C05339,3,5287.49
C05340,3,3614.42
C05341,5,6224.9400000000005
C05342,8,12188.95
C05343,8,13676.27
C05344,3,5713.32
C05345,4,8776.04
C05346,2,3837.7
C05347,2,2684.92
C05349,5,7718.82
C05350,4,8448.67
C05351,9,13799.04
C05352,5,7158.88
C05353,4,4984.06
C05354,3,4178.09
C05356,9,14522.42
C05357,5,8550.85
C05358,4,5551.1
C05359,4,4332.53
C05360,2,2870.42
C05361,1,944.4
C05362,3,4669.780000000001
C05363,6,6389.139999999999
C05364,3,3647.99
C05365,1,1224.06
C05366,2,2439.96
C05367,5,7159.54
C05368,7,10914.45
C05369,3,5674.07
C05370,6,9781.539999999999
C05371,7,8338.48
C05372,2,5292.54
C05373,2,3552.26
C05374,2,2002.6100000000001
C05375,2,4619.5
C05376,3,4677.88
C05377,4,5626.79
C05378,4,5058.5
C05379,5,8139.67
C05380,3,4367.7
C05381,8,12009.17
C05383,8,14445.41
C05384,4,9076.29
C05385,4,4699.55
C05386,4,4509.86
C05387,6,6726.38
C05388,2,4501.17
C05389,4,10162.27
C05390,2,2247.1000000000004
C05391,2,2306.12
C05392,4,7531.0599999999995
C05393,2,2940.87
C05394,1,1612.11
C05395,5,6618.65
C05396,2,2607.2799999999997
C05397,3,6179.549999999999
C05398,2,5136.76
C05399,2,2445.12
C05400,2,2844.7
C05401,3,4040.47
C05402,2,1595.73
C05403,4,6460.32
C05404,2,4863.9
C05405,2,2479.94
C05406,5,9471.96
C05407,1,1574.57
C05408,3,5391.45
C05409,3,3915.14
C05410,2,3196.95
C05411,3,3201.7200000000003
C05412,7,9197.41
C05413,2,1803.96
C05414,4,5499.969999999999
C05415,4,6763.95
C05417,4,4846.12
C05418,2,4810.799999999999
C05419,4,5185.47
C05420,6,6450.99
C05421,6,8257.96
C05422,2,4259.0199999999995
C05423,4,4712.39
C05424,4,6056.92
C05425,4,4402.73
C05426,8,15721.03
C05427,6,8955.8
C05428,2,3882.8099999999995
C05429,1,774.7
C05430,3,4789.780000000001
C05431,2,2203.12
C05432,6,8871.84
C05433,5,8028.01
C05434,2,2649.73
C05435,7,10675.48
C05436,4,5220.47
C05437,3,3276.11
C05438,3,3888.67
C05439,2,3008.25
C05440,6,8628.05
C05441,1,1731.17
C05442,3,5169.55
C05443,3,4071.92
C05444,3,3667.9300000000003
C05445,2,2490.1099999999997
C05446,2,2826.89
C05447,5,6000.28
C05448,5,7323.1
C05450,4,6352.54
C05451,1,1451.64
C05452,1,3151.68
C05453,6,6707.2
C05454,2,1821.63
C05455,1,802.74
C05456,4,6133.51
C05457,6,8890.82
C05458,2,4071.46
C05459,1,707.95
C05460,2,1756.29
C05461,3,4486.99
C05462,12,21354.79
C05463,2,1943.5
C05464,5,4831.04
C05465,2,2446.89
C05466,3,5232.05
C05467,4,5076.59
C05468,6,8590.34
C05469,5,9585.21
C05470,3,4094.46
C05471,2,3435.21
C05472,4,5948.99
C05473,4,3856.67
C05474,2,2623.89
C05475,2,2911.76
C05476,5,6165.13
C05477,7,10102.78
C05478,4,5729.44
C05479,1,3359.46
C05480,8,9959.59
C05481,5,5310.72
C05482,2,3010.7
C05483,1,1656.05
C05484,3,5513.1
C05485,8,15937.39
C05486,5,7256.09
C05487,5,5710.2
C05488,5,11292.31
C05490,1,1749.33
C05491,7,8762.17
C05492,6,10708.17
C05493,6,11061.34
C05494,5,9162.07
C05495,1,1005.19
C05496,6,7569.74
C05497,3,4961.7
C05498,5,5331.84
C05499,5,6973.0
C05500,6,6529.4400000000005
C05501,1,745.2
C05502,2,4252.83
C05503,9,11955.279999999999
C05504,6,10218.17
C05505,4,5434.03
C05506,2,2393.58
C05507,4,4382.77
C05508,5,10375.279999999999
C05509,8,10387.32
C05510,4,4354.82
C05511,3,3658.08
C05512,3,8787.380000000001
C05513,5,6570.87
C05514,7,8876.1
C05515,2,2972.18
C05516,4,6900.7699999999995
C05517,5,10772.01
C05518,3,4574.67
C05519,3,4772.25
C05520,1,1575.84
C05521,3,5974.45
C05522,2,3911.33
C05523,6,10599.25
C05524,3,4196.01
C05526,5,8208.41
C05527,3,4431.04
C05528,6,7557.43
C05529,4,4912.22
C05530,8,12660.04
C05531,5,7397.96
C05532,6,7745.8099999999995
C05533,6,9571.94
C05534,2,2303.09
C05535,2,2021.85
C05536,2,2261.82
C05537,4,4756.97
C05538,6,13456.78
C05539,3,3534.88
C05540,4,4450.96
C05541,5,8808.43
C05542,3,3459.17
C05543,2,2690.16
C05544,2,2908.0699999999997
C05545,6,7994.139999999999
C05546,4,4907.51
C05547,6,9648.37
C05548,2,3262.9300000000003
C05550,4,4973.14
C05551,2,2225.45
C05552,3,5802.58
C05553,4,5678.08
C05554,4,6888.45
C05555,3,5168.62
C05556,2,3145.1099999999997
C05557,8,15695.48
C05558,4,4338.13
C05559,4,6371.66
C05560,11,14246.44
C05561,5,5445.08
C05562,5,7789.07
C05563,2,7066.639999999999
C05564,6,10409.2
C05565,3,2540.2
C05566,4,4776.63
C05567,1,1005.19
C05568,3,3523.54
C05569,6,6275.46
C05570,8,12514.51
C05571,1,774.7
C05572,6,7064.5599999999995
C05573,6,7188.4
C05574,2,1655.32
C05575,3,3036.3
C05576,3,4381.19
C05577,4,6275.2699999999995
C05578,5,6027.52
C05579,6,11092.939999999999
C05580,2,2658.81
C05581,7,10574.779999999999
C05582,2,3138.7200000000003
C05583,3,6610.86
C05584,3,3453.11
C05585,5,6929.04
C05586,5,6919.34
C05587,4,6359.929999999999
C05588,5,9492.19
C05589,7,9129.07
C05590,1,958.3
C05591,5,12327.9
C05592,4,7420.29
C05593,7,12779.98
C05594,4,4529.26
C05595,2,2835.55
C05597,6,6436.86
C05598,4,6754.88
C05599,4,6172.79
C05600,6,7633.59
C05601,3,3506.63
C05602,1,3085.26
C05603,3,4162.96
C05604,5,6874.5599999999995
C05605,2,1815.71
C05606,3,3664.7599999999998
C05607,4,5641.07
C05608,1,1564.87
C05609,3,5185.87
C05610,7,8229.359999999999
C05611,6,9418.08
C05612,1,1805.64
C05613,8,16949.6
C05614,6,9959.84
C05615,3,4011.2799999999997
C05616,5,9753.880000000001
C05617,2,2632.2799999999997
C05618,5,6965.72
C05619,3,4691.29
C05620,1,670.69
C05621,2,2078.1400000000003
C05622,4,5770.9800000000005
C05624,3,4110.4
C05625,6,7511.87
C05626,2,2216.6
C05627,3,4455.9
C05628,2,2993.69
C05629,6,7910.48
C05630,1,1142.66
C05632,1,1141.26
C05633,3,3840.02
C05634,4,4673.3
C05635,8,10547.77
C05636,3,5117.99
C05637,3,5016.43
C05638,5,5664.48
C05639,5,8288.7
C05640,3,6379.18
C05641,7,10631.199999999999
C05642,3,4002.9300000000003
C05643,4,5805.46
C05644,4,5668.52
C05645,3,3496.77
C05646,4,8698.72
C05647,4,8427.9
C05648,7,16098.46
C05649,7,9284.89
C05650,2,2803.62
C05651,2,4009.5299999999997
C05652,4,7117.94
C05653,6,6694.1
C05654,7,12107.130000000001
C05655,4,4415.95
C05656,5,9767.42
C05657,8,11159.18
C05658,6,9939.199999999999
C05659,6,10815.289999999999
C05660,2,2237.79
C05661,1,1852.43
C05662,4,9677.65
C05663,5,7126.53
C05664,2,2384.31
C05665,3,4029.6499999999996
C05666,5,4475.62
C05667,4,5004.9
C05668,5,4873.45
C05669,2,2310.7
C05670,2,4425.549999999999
C05671,2,3888.25
C05672,3,3487.08
C05673,3,3745.1
C05674,3,4184.620000000001
C05675,4,5158.3099999999995
C05676,3,4039.3100000000004
C05677,4,9439.81
C05678,3,5281.299999999999
C05679,9,11300.84
C05680,3,3334.29
C05681,4,6306.74
C05682,4,6075.85
C05683,2,1970.35
C05684,3,4899.18
C05685,3,2958.3
C05686,3,6931.620000000001
C05687,4,4763.86
C05688,3,3496.71
C05689,8,11734.48
C05690,5,8681.44
C05691,4,6158.8
C05692,4,5125.98
C05693,3,5908.38
C05694,8,9757.65
C05695,8,10122.689999999999
C05696,5,9329.05
C05697,5,10855.46
C05698,4,4326.3
C05699,2,4890.82
C05700,4,6746.610000000001
C05701,2,1849.21
C05702,2,4151.030000000001
C05703,6,7579.139999999999
C05704,2,2376.33
C05706,1,1656.05
C05707,2,3106.5
C05708,1,2398.84
C05709,1,745.21
C05710,4,4658.74
C05711,3,3767.84
C05712,3,3942.41
C05713,5,6751.61
C05714,4,4651.39
C05715,5,5994.44
C05716,5,9079.39
C05717,2,1816.12
C05718,6,8182.69
C05719,1,897.18
C05720,1,849.96
C05721,6,9582.869999999999
C05722,4,6789.58
C05723,3,4207.77
C05724,3,4038.87
C05725,6,8472.49
C05726,5,6328.33
C05727,7,8412.93
C05728,3,2708.05
C05729,3,5505.7
C05730,5,5910.94
C05731,6,16550.79
C05732,2,4104.87
C05733,4,5349.37
C05734,5,6624.25
C05735,6,9943.599999999999
C05736,3,3663.5499999999997
C05737,3,4965.24
C05738,5,9062.73
C05739,7,10406.91
C05740,5,9310.2
C05741,4,7167.94
C05742,3,3287.37
C05743,3,4993.46
C05745,3,3751.86
C05746,2,2505.13
C05747,2,2424.9300000000003
C05748,4,5298.049999999999
C05749,1,2099.1
C05750,6,9267.140000000001
C05751,1,3323.73
C05752,2,4681.26
C05753,3,3974.09
C05754,4,6434.16
C05755,3,3768.46
C05756,6,7503.05
C05757,4,6804.93
C05758,3,3458.42
C05759,1,1141.26
C05760,4,7300.97
C05761,6,13757.94
C05762,4,5848.18
C05763,3,5388.39
C05764,6,11628.310000000001
C05765,3,3387.87
C05766,5,6364.37
C05767,2,2576.91
C05768,2,2192.61
C05769,4,4644.79
C05770,5,4982.1
C05771,5,6807.04
C05772,3,7060.76
C05773,8,11239.75
C05774,5,8020.889999999999
C05775,5,8910.25
C05776,5,5370.860000000001
C05777,4,5801.01
C05778,3,13198.779999999999
C05779,8,11057.35
C05780,2,2602.7
C05781,5,7485.15
C05782,3,4190.93
C05783,6,9243.22
C05784,5,4390.86
C05785,5,8020.1900000000005
C05786,4,6759.4
C05787,6,8825.0
C05788,6,7017.51
C05789,3,3876.8999999999996
C05790,4,5157.37
C05791,4,8320.869999999999
C05792,2,2220.75
C05793,3,5017.3
C05794,5,5784.26
C05795,4,5981.85
C05796,6,8787.31
C05797,3,5136.49
C05798,3,3404.38
C05799,3,3378.56
C05800,4,6464.1
C05801,5,6595.69
C05802,6,12420.73
C05803,3,4717.88
C05804,5,6317.62
C05805,4,7417.59
C05806,1,1687.08
C05807,2,4507.82
C05808,7,9841.630000000001
C05809,5,7289.21
C05810,1,942.91
C05811,4,4794.05
C05812,5,6819.54
C05813,2,1643.3400000000001
C05814,4,4375.33
C05815,3,3527.08
C05816,6,11046.22
C05817,5,11373.699999999999
C05818,4,6551.77
C05819,4,9366.470000000001
C05820,7,10781.72
C05821,5,9666.95
C05822,4,4378.33
C05823,4,6797.99
C05824,3,7178.3099999999995
C05825,4,6653.92
C05826,4,7264.86
C05827,6,13768.21
C05828,2,2756.81
C05829,4,5338.88
C05830,6,6061.73
C05831,4,9138.19
C05832,7,9180.86
C05833,2,2755.55
C05834,4,4916.82
C05835,5,9177.25
C05836,5,6808.96
C05837,4,7732.18
C05838,3,7082.65
C05839,5,7097.15
C05840,3,3763.12
C05841,6,8363.21
C05842,4,5487.8099999999995
C05843,4,5743.82
C05844,3,4087.9799999999996
C05846,5,10583.8
C05847,2,2557.33
C05848,5,6453.15
C05849,4,7462.33
C05850,9,17927.79
C05851,1,1155.82
C05852,4,5636.3099999999995
C05853,4,9796.32
C05854,2,2259.44
C05855,3,7073.41
C05856,2,2793.74
C05857,5,7370.7300000000005
C05858,3,6101.27
C05859,5,6883.610000000001
C05860,4,3952.41
C05861,1,1309.25
C05862,9,10927.18
C05863,3,7184.369999999999
C05864,1,595.97
C05865,8,12050.52
C05866,3,4360.97
C05867,1,1852.43
C05868,4,3738.5899999999997
C05869,5,5851.23
C05870,2,2156.3999999999996
C05871,6,7511.17
C05872,1,1900.67
C05873,4,6620.95
C05874,2,2301.12
C05875,6,8499.39
C05876,5,5617.66
C05877,2,1815.71
C05878,3,3442.83
C05879,7,11317.03
C05880,2,5070.96
C05881,7,12054.42
C05882,4,10053.95
C05883,5,6371.05
C05884,4,6969.6900000000005
C05885,2,3384.71
C05886,1,1360.07
C05887,8,11281.8
C05889,2,3532.88
C05890,2,2792.34
C05891,6,7778.36
C05892,7,15373.69
C05893,4,4915.03
C05894,8,11718.98
C05895,3,6146.97
C05896,1,759.19
C05897,5,9141.81
C05898,4,5406.45
C05899,6,7560.889999999999
C05900,4,5794.59
C05902,3,4577.5599999999995
C05903,3,3520.46
C05904,1,1574.4
C05905,3,3710.8999999999996
C05906,4,8093.29
C05907,4,7074.45
C05908,4,7219.32
C05909,2,4491.61
C05910,5,7868.83
C05912,2,1628.84
C05913,5,8423.34
C05914,3,4019.12
C05915,1,1207.88
C05916,2,5433.18
C05917,5,5944.32
C05918,3,3480.79
C05919,4,6915.51
C05920,6,8367.18
C05921,6,9084.8
C05922,5,6540.799999999999
C05923,1,1269.62
C05924,4,4782.780000000001
C05925,4,5206.25
C05926,7,11376.59
C05927,4,5273.21
C05928,4,3912.04
C05929,4,4496.16
C05930,6,10116.81
C05931,1,1201.33
C05932,4,6455.88
C05933,9,16173.100000000002
C05934,10,13132.449999999999
C05935,7,9806.99
C05936,3,3563.84
C05937,1,1067.08
C05938,2,2396.6
C05939,6,7906.54
C05940,4,6591.5
C05941,3,3441.87
C05942,3,3983.31
C05943,2,2653.79
C05944,3,6278.96
C05945,2,2105.27
C05946,5,6689.64
C05947,2,2114.3599999999997
C05948,5,6533.54
C05949,1,843.54
C05950,6,6761.78
C05951,3,6619.76
C05952,4,5954.2
C05953,2,3544.85
C05954,3,8130.150000000001
C05955,2,3410.91
C05956,3,5344.23
C05957,6,7014.47
C05958,3,3318.5699999999997
C05959,2,2368.37
C05960,5,8088.16
C05961,3,3988.35
C05962,5,8105.89
C05963,1,1497.05
C05964,2,4145.59
C05965,4,5794.67
C05966,1,3308.46
C05967,4,6382.99
C05968,9,12729.369999999999
C05969,3,3852.12
C05970,3,3421.94
C05971,4,6259.85
C05972,6,7486.19
C05973,4,5579.64
C05974,3,3459.08
C05975,1,834.78
C05976,6,6926.78
C05977,3,5806.27
C05978,3,6024.5599999999995
C05979,8,16935.47
C05980,2,3410.33
C05981,3,4889.77
C05982,2,2152.04
C05983,2,2149.08
C05984,2,3149.4300000000003
C05985,4,6657.4
C05986,1,1490.45
C05987,7,8574.77
C05988,4,4670.53
C05989,2,4723.19
C05990,5,6613.25
C05991,3,6552.23
C05992,2,5230.78
C05993,4,7286.280000000001
C05994,8,12276.060000000001
C05995,2,4151.030000000001
C05997,3,5506.099999999999
C05998,2,2351.33
C05999,3,4308.09
C06000,4,4372.25
C06001,1,1220.04
C06002,4,9705.58
C06003,3,4379.72
C06004,2,4905.93
C06005,6,11195.939999999999
C06006,2,3291.84
C06007,4,10152.66
C06008,5,7403.049999999999
C06009,5,7151.83
C06010,1,1198.3
C06011,1,701.14
C06012,3,4197.51
C06013,3,8001.16
C06014,5,8380.14
C06015,1,1135.23
C06016,2,4256.64
C06017,2,2515.24
C06018,4,6093.55
C06019,5,6080.71
C06020,7,9441.18
C06021,4,4905.56
C06022,4,4854.32
C06023,6,9882.59
C06024,5,6057.21
C06025,1,3063.01
C06026,1,1411.09
C06027,8,12864.77
C06028,3,3512.26
C06029,5,5241.85
C06030,5,6594.9
C06031,5,11427.69
C06032,8,14820.01
C06033,2,2340.59
C06034,8,9645.47
C06035,3,4351.4
C06036,4,5139.19
C06037,3,3732.6400000000003
C06038,3,4664.3099999999995
C06039,1,1485.36
C06040,3,8230.13
C06041,1,1822.28
C06042,6,7551.0599999999995
C06043,2,3457.45
C06044,10,15614.02
C06045,3,5394.41
C06046,4,3749.49
C06047,6,7093.7
C06048,5,12747.27
C06049,4,5561.74
C06050,6,7189.35
C06051,7,8331.42
C06052,8,11774.67
C06053,5,6876.219999999999
C06054,6,10298.66
C06055,6,8028.5199999999995
C06056,5,8345.75
C06057,2,1906.24
C06058,3,4234.4400000000005
C06059,3,3602.2
C06060,2,4884.76
C06061,7,12894.68
C06062,6,11723.21
C06063,2,2096.1499999999996
C06064,4,5628.99
C06065,3,7380.92
C06066,7,9695.31
C06067,1,1262.55
C06068,2,3382.31
C06069,6,9564.9
C06070,4,7747.570000000001
C06071,6,12540.69
C06072,1,1623.82
C06073,4,5859.35
C06074,1,2166.84
C06075,3,3277.38
C06076,2,3735.64
C06077,6,10994.87
C06078,2,3370.51
C06079,3,5470.46
C06080,6,10743.39
C06081,4,6422.59
C06082,5,8258.48
C06083,2,3749.32
C06084,3,4372.75
C06085,4,5822.110000000001
C06086,1,1450.9
C06087,2,2170.0299999999997
C06088,4,6385.79
C06089,2,1750.69
C06090,2,4016.17
C06091,7,9497.6
C06092,1,1900.67
C06093,6,10997.48
C06094,4,6392.1
C06095,4,4183.45
C06096,5,7737.67
C06097,2,3267.63
C06098,5,7285.129999999999
C06099,3,4764.99
C06100,5,5687.929999999999
C06101,6,9980.4
C06102,5,4773.4
C06103,3,4869.42
C06104,3,6508.55
C06105,3,4353.4
C06106,3,6512.18
C06107,5,8197.77
C06108,4,6967.66
C06109,2,2219.86
C06110,5,7790.35
C06111,2,2078.1400000000003
C06112,7,8057.85
C06113,2,3668.09
C06114,5,6105.41
C06115,3,3812.4799999999996
C06116,4,5211.59
C06117,1,3063.01
C06118,2,4105.95
C06119,2,2222.8999999999996
C06120,7,11037.8
C06121,7,9519.72
C06122,3,5784.57
C06123,5,7753.01
C06124,5,8398.81
C06125,4,5312.29
C06126,3,3664.09
C06127,2,2117.39
C06128,5,6181.129999999999
C06129,3,4141.08
C06130,1,2994.1
C06131,2,4433.46
C06132,3,3127.34
C06133,1,701.14
C06134,6,10315.49
C06135,2,2320.98
C06136,1,2023.08
C06137,4,4938.07
C06138,5,8081.02
C06140,3,6574.46
C06141,2,2415.24
C06142,4,7544.26
C06143,4,5908.2
C06144,1,1575.84
C06145,1,860.78
C06146,4,6043.4
C06147,4,7346.03
C06148,4,6404.2
C06149,4,6190.66
C06150,7,11618.78
C06151,4,10821.82
C06152,5,7502.049999999999
C06153,3,4158.59
C06154,4,5415.75
C06155,5,9053.24
C06156,5,7200.64
C06157,5,6355.5199999999995
C06158,1,670.69
C06159,2,5268.95
C06160,4,6469.1900000000005
C06161,4,6181.96
C06162,2,2205.73
C06163,6,8171.35
C06164,3,3785.73
C06165,2,3641.13
C06166,1,1451.64
C06167,1,1047.68
C06168,2,1704.32
C06169,3,3795.55
C06170,7,9915.2
C06171,3,3410.67
C06172,3,4423.98
C06173,4,4597.46
C06174,5,7688.450000000001
C06175,6,7213.01
C06176,1,1511.76
C06177,1,1822.28
C06178,2,3075.26
C06179,3,4148.45
C06180,3,3457.7
C06181,3,3183.88
C06182,4,6874.15
C06183,6,9434.04
C06184,5,6329.28
C06185,1,1332.17
C06186,2,3505.76
C06187,1,2448.13
C06188,1,1731.17
C06189,5,10639.7
C06190,3,4615.3099999999995
C06191,4,7735.719999999999
C06192,5,5537.53
C06193,1,1485.36
C06194,6,12052.58
C06195,4,4287.18
C06196,7,11696.2
C06197,3,5588.18
C06198,4,6397.6900000000005
C06199,2,3892.99
C06200,5,5636.610000000001
C06201,5,7068.85
C06202,4,7154.5
C06203,2,2037.25
C06204,3,4104.52
C06205,4,9250.94
C06206,5,5848.04
C06207,1,2448.13
C06208,4,5264.09
C06209,3,6001.75
C06210,3,4077.9700000000003
C06211,8,11122.07
C06213,6,10409.51
C06214,1,897.18
C06215,6,9196.58
C06216,4,5610.42
C06217,6,7903.92
C06218,2,3919.9
C06219,3,5041.64
C06220,5,8462.63
C06221,6,9846.16
C06222,1,1271.45
C06223,6,9601.5
C06224,5,9569.76
C06225,1,1909.86
C06226,4,4040.8199999999997
C06227,4,5799.32
C06228,6,11019.57
C06229,1,1102.82
C06230,6,11760.16
C06231,2,2706.13
C06232,3,3375.2000000000003
C06234,5,9876.33
C06235,3,4597.51
C06236,2,2946.1099999999997
C06237,2,2684.96
C06238,3,4393.63
C06239,5,6830.18
C06240,5,5032.74
C06241,5,6353.07
C06242,2,5433.55
C06243,4,5243.0599999999995
C06244,8,13004.52
C06245,4,7498.67
C06246,3,3733.47
C06247,3,3358.7
C06248,4,5642.47
C06249,3,3141.66
C06250,2,5871.13
C06251,3,3557.24
C06252,3,4035.55
C06253,2,3230.87
C06255,2,5098.21
C06256,5,6946.469999999999
C06257,2,2810.73
C06258,3,3729.6499999999996
C06259,5,9332.880000000001
C06260,7,8489.130000000001
C06261,2,3527.93
C06262,3,2912.95
C06264,2,2555.69
C06265,2,2418.55
C06266,2,2253.0
C06268,4,5487.21
C06269,7,8458.29
C06270,6,8799.45
C06271,2,2473.71
C06272,3,4478.87
C06273,5,6776.53
C06274,4,4954.2
C06275,3,6373.15
C06276,5,4662.48
C06277,5,6072.34
C06279,2,1858.1399999999999
C06280,3,3937.54
C06281,8,9630.27
C06282,10,14200.43
C06283,9,14582.55
C06284,5,7817.68
C06285,3,3170.6400000000003
C06286,2,4565.15
C06287,3,3821.23
C06288,7,7215.7300000000005
C06289,3,4026.3599999999997
C06290,7,11875.16
C06291,4,6850.28
C06292,3,4094.97
C06293,4,7622.83
C06294,1,897.18
C06295,5,6411.17
C06296,4,4320.04
C06297,3,3918.44
C06298,5,5588.07
C06299,7,7630.97
C06300,3,4161.15
C06301,2,3391.12
C06302,2,2753.37
C06303,4,4370.54
C06304,6,8305.41
C06305,8,14082.89
C06306,4,4255.28
C06307,1,1360.07
C06308,4,5486.92
C06309,5,5875.78
C06310,2,2827.43
C06311,5,8330.119999999999
C06312,4,5584.16
C06313,4,7730.84
C06314,2,4374.52
C06315,2,4359.44
C06316,3,9417.26
C06317,2,2355.3
C06318,6,8405.83
C06319,1,1532.28
C06320,5,8046.17
C06321,9,12358.369999999999
C06322,5,6255.37
C06323,2,3106.8100000000004
C06324,4,6710.42
C06325,6,10067.029999999999
C06326,6,9154.75
C06327,6,10029.69
C06328,3,3555.85
C06329,8,8913.29
C06330,1,1292.07
C06331,2,2068.44
C06332,6,7340.06
C06333,5,8438.83
C06334,5,10310.64
C06335,1,1822.28
C06336,4,7059.48
C06337,2,3365.33
C06338,4,6917.97
C06339,3,4696.5
C06340,2,3969.43
C06341,2,2622.8
C06342,5,7629.16
C06343,3,3673.63
C06344,4,7840.129999999999
C06345,1,2539.24
C06347,6,13710.84
C06349,6,9465.26
C06350,4,6710.13
C06351,1,1047.68
C06352,3,5592.04
C06353,5,6548.32
C06354,4,7647.15
C06355,4,5128.9
C06356,1,942.91
C06357,3,5518.37
C06358,4,4417.9
C06359,6,6580.12
C06360,4,6758.19
C06361,5,7571.77
C06362,1,1575.84
C06363,2,3598.01
C06364,2,4317.83
C06365,3,3243.62
C06366,6,8075.95
C06367,3,3023.3900000000003
C06368,3,3751.01
C06369,3,3867.62
C06370,5,6195.86
C06372,8,13186.33
C06373,4,5590.45
C06374,7,15367.460000000001
C06375,3,5368.49
C06376,2,4748.02
C06377,1,1794.36
C06378,3,6051.49
C06379,3,5741.3099999999995
C06380,6,8161.41
C06381,3,3985.4300000000003
C06382,2,4901.01
C06383,3,2835.12
C06384,4,6453.049999999999
C06386,2,2629.96
C06387,8,9495.82
C06389,7,11726.52
C06390,2,2424.94
C06391,6,7968.58
C06392,2,1881.49
C06393,2,2659.29
C06394,3,4235.33
C06395,4,7049.0599999999995
C06396,4,5588.79
C06397,2,2553.41
C06398,2,3268.17
C06399,4,7899.4
C06401,4,6375.2
C06402,5,8743.84
C06403,3,6670.26
C06404,3,2516.8
C06405,3,3058.0699999999997
C06406,6,7768.389999999999
C06407,1,1261.37
C06408,3,4849.29
C06409,2,4658.95
C06410,3,2646.37
C06411,3,4088.71
C06412,2,8480.89
C06413,5,9965.52
C06414,6,7430.13
C06415,5,7666.2
C06416,3,5411.14
C06417,5,4609.55
C06418,4,6273.13
C06419,3,3088.6899999999996
C06420,2,2286.87
C06421,5,7337.16
C06422,2,3000.12
C06423,8,9086.49
C06424,5,7580.2
C06425,5,7181.37
C06426,2,2145.73
C06427,3,4659.19
C06428,7,12079.71
C06429,6,6755.09
C06430,7,10292.34
C06431,6,9186.25
C06432,3,3640.69
C06433,2,4577.84
C06434,6,9609.14
C06435,6,9870.98
C06436,1,1346.89
C06437,3,2930.62
C06438,5,9519.11
C06439,6,11130.67
C06440,3,2816.8199999999997
C06442,4,6357.6900000000005
C06443,4,4199.9
C06444,3,5610.82
C06445,5,4939.97
C06446,3,3079.67
C06447,4,4418.67
C06448,1,1531.5
C06449,2,2237.79
C06450,3,3116.77
C06451,3,3312.77
C06452,1,1199.42
C06453,1,1140.44
C06454,4,8877.18
C06455,3,3940.31
C06456,1,1497.05
C06457,4,4284.78
C06458,3,3902.59
C06459,8,11521.02
C06460,5,7528.43
C06461,5,5822.28
C06462,6,9018.26
C06463,2,2746.99
C06464,10,14726.4
C06465,3,4116.88
C06466,4,5018.08
C06467,8,12064.21
C06468,6,8009.469999999999
C06469,3,8280.76
C06470,2,3251.1800000000003
C06471,5,8064.75
C06472,3,6492.349999999999
C06473,7,11270.72
C06474,7,9959.56
C06475,7,11863.97
C06476,5,11887.89
C06477,2,3983.41
C06478,4,4439.49
C06479,7,11396.93
C06480,4,6839.79
C06481,2,1415.89
C06482,3,2682.15
C06483,5,6372.38
C06484,4,8954.99
C06485,3,2711.67
C06486,5,6750.83
C06487,1,1079.18
C06488,5,8015.21
C06489,3,5794.4400000000005
C06490,8,11110.94
C06491,5,6473.62
C06492,4,6579.709999999999
C06493,7,7675.679999999999
C06494,5,7705.04
C06495,4,5212.969999999999
C06496,3,6746.110000000001
C06497,3,5279.1
C06498,3,4883.6
C06499,3,4236.200000000001
C06500,4,6738.11
C06501,2,2873.64
C06502,3,3453.76
C06503,5,5610.05
C06504,5,6935.16
C06505,3,5086.51
C06506,3,4515.37
C06507,4,9960.55
C06508,5,9354.039999999999
C06509,4,8030.88
C06510,4,5021.66
C06511,3,4905.2
C06512,2,5850.2
C06513,4,6335.83
C06514,4,5471.76
C06515,3,4252.26
C06516,4,4679.77
C06517,2,2119.4
C06518,3,7065.48
C06519,4,4969.95
C06520,5,8065.74
C06521,6,8662.880000000001
C06522,2,2769.6099999999997
C06523,5,8738.97
C06524,1,1064.78
C06525,2,2021.74
C06526,7,8336.119999999999
C06527,6,8288.83
C06528,4,5413.51
C06529,3,3131.2799999999997
C06530,4,4966.96
C06531,3,5005.09
C06532,3,4021.3199999999997
C06534,3,2648.53
C06535,2,3484.14
C06536,6,12638.04
C06537,2,2553.23
C06538,5,10557.99
C06539,2,2555.7
C06540,4,7168.9400000000005
C06541,6,7410.969999999999
C06542,3,4098.139999999999
C06543,4,5904.1900000000005
C06544,2,3472.46
C06545,5,7436.68
C06546,5,7581.049999999999
C06547,4,6635.700000000001
C06548,5,10992.03
C06549,5,6124.17
C06550,4,4614.95
C06551,8,8610.06
C06552,5,7175.77
C06553,2,2726.3900000000003
C06554,9,12869.24
C06555,3,4167.43
C06556,6,9378.869999999999
C06557,3,3482.86
C06558,5,7373.09
C06559,4,5528.09
C06560,3,5727.36
C06561,3,3439.01
C06562,3,3572.8500000000004
C06563,3,3663.75
C06564,3,4711.38
C06565,2,2780.71
C06566,6,11156.26
C06567,1,2815.29
C06568,4,5396.12
C06569,6,8687.29
C06570,2,3257.28
C06571,2,2573.5299999999997
C06572,3,6240.52
C06573,3,6074.120000000001
C06574,8,11925.49
C06575,1,1262.55
C06576,3,8191.27
C06578,2,2822.3900000000003
C06579,2,2044.87
C06580,1,1738.75
C06581,3,5020.1
C06582,4,5617.1900000000005
C06583,6,9437.28
C06584,7,9605.93
C06585,2,4416.51
C06586,9,16050.939999999999
C06587,4,4292.15
C06588,4,7181.49
C06589,8,12172.47
C06590,4,4761.8
C06591,3,4548.8
C06592,3,7470.62
C06593,5,5868.08
C06594,2,3068.19
C06595,3,3280.57
C06596,2,2836.3199999999997
C06597,8,11358.33
C06598,3,5430.6
C06599,4,8561.72
C06600,4,10421.4
C06601,4,5117.85
C06602,2,2966.63
C06603,5,8376.7
C06604,2,5062.17
C06605,1,1309.25
C06606,2,2628.05
C06607,1,759.19
C06608,4,6401.49
C06609,1,1201.33
C06610,5,8074.469999999999
C06611,1,745.2
C06612,5,7249.21
C06613,9,14632.23
C06614,5,5201.639999999999
C06615,3,3817.06
C06616,8,10695.88
C06617,6,10554.77
C06618,4,4314.15
C06619,2,2501.9700000000003
C06620,1,1004.4
C06621,4,4180.7699999999995
C06622,3,7233.08
C06623,9,17204.4
C06624,6,7791.51
C06625,4,5378.04
C06626,5,7786.28
C06627,2,2719.6400000000003
C06628,3,4139.41
C06629,7,9563.199999999999
C06630,2,2357.3199999999997
C06631,1,954.93
C06632,7,8040.54
C06633,3,4312.88
C06634,7,11126.6
C06635,5,6514.54
C06636,6,9747.76
C06637,3,8186.52
C06638,5,7150.4800000000005
C06639,6,10493.43
C06640,2,1756.29
C06642,2,2380.08
C06643,4,7717.77
C06644,6,9190.14
C06646,2,2375.09
C06647,5,5511.51
C06648,7,11174.98
C06649,5,10559.14
C06650,6,7173.88
C06651,3,5568.85
C06652,3,4095.24
C06653,5,9937.710000000001
C06654,3,3521.01
C06655,4,3836.12
C06656,3,5133.9
C06657,4,5129.85
C06658,3,4181.55
C06659,5,7769.31
C06660,9,16229.36
C06661,5,7664.36
C06662,6,8605.86
C06663,1,937.4
C06664,1,1805.64
C06665,2,4306.8
C06666,4,7825.57
C06667,6,11465.07
C06668,1,843.54
C06669,3,4848.28
C06670,4,6310.469999999999
C06671,1,960.37
C06672,1,954.18
C06673,5,5707.82
C06674,3,8913.970000000001
C06675,1,958.3
C06676,4,4794.43
C06677,3,4412.049999999999
C06678,3,2969.64
C06679,4,7839.38
C06680,3,4813.08
C06681,8,11204.45
C06682,3,3730.17
C06683,3,3585.7799999999997
C06684,4,5422.78
C06685,6,8087.91
C06686,5,9133.35
C06687,4,5044.74
C06688,5,5353.04
C06689,3,6137.08
C06690,4,7226.33
C06691,6,8530.029999999999
C06692,2,5004.11
C06693,7,9453.97
C06694,1,1845.93
C06695,1,2465.82
C06696,4,5592.73
C06697,5,7355.03
C06698,4,7951.81
C06699,4,4910.29
C06700,6,6937.65
C06701,4,5544.570000000001
C06702,8,12116.18
C06703,2,1988.46
C06704,5,7543.63
C06705,5,8158.7
C06706,5,5627.24
C06707,2,2738.3
C06708,5,9711.46
C06709,2,4788.46
C06710,1,1261.37
C06711,4,8543.3
C06712,4,6542.96
C06713,4,6521.92
C06714,8,10983.07
C06715,6,7838.73
C06716,4,6658.97
C06717,3,5522.07
C06718,3,5070.04
C06719,4,5674.1
C06720,6,10297.0
C06721,5,7965.44
C06722,5,7881.61
C06723,6,8816.88
C06724,3,4928.8
C06725,2,2347.4
C06726,3,3251.3900000000003
C06727,4,7981.74
C06728,3,4311.3
C06729,4,5178.52
C06730,2,2206.04
C06731,3,3806.91
C06732,4,7762.37
C06733,6,10218.96
C06734,5,7106.67
C06735,2,2831.34
C06736,5,4911.71
C06737,6,9691.25
C06738,3,4229.13
C06739,2,2872.8599999999997
C06740,4,5066.45
C06741,5,6686.65
C06742,1,1220.49
C06743,5,5879.29
C06744,2,2562.77
C06745,3,4837.12
C06746,5,7522.58
C06747,5,8157.219999999999
C06748,5,5880.2
C06749,1,1623.82
C06750,5,6358.7
C06751,3,4520.15
C06752,4,4633.42
C06753,3,4047.2799999999997
C06754,5,5283.29
C06755,4,5496.82
C06756,4,8333.45
C06757,7,8056.51
C06758,3,3730.92
C06759,7,10771.26
C06760,4,4909.98
C06761,2,2335.0299999999997
C06762,4,4675.46
C06763,8,11645.54
C06764,2,2617.47
C06765,4,4996.27
C06766,4,5720.5
C06767,2,4508.4
C06768,2,3849.4399999999996
C06769,3,3578.2
C06770,4,5606.120000000001
C06771,1,1759.81
C06773,3,3633.7
C06774,5,7685.469999999999
C06775,5,8725.08
C06776,3,5678.5599999999995
C06777,4,6188.05
C06778,3,3798.86
C06779,3,4197.86
C06780,5,6741.46
C06781,6,7171.5599999999995
C06782,1,1900.67
C06783,9,14756.94
C06784,5,7882.78
C06785,3,4232.01
C06786,4,5173.58
C06787,1,1064.78
C06788,2,2621.8
C06789,5,7230.469999999999
C06790,3,3542.19
C06791,5,8403.73
C06792,5,7871.15
C06793,3,6532.01
C06794,5,4850.68
C06795,4,5248.09
C06796,3,4725.49
C06797,4,6872.34
C06798,6,12210.98
C06799,2,3067.01
C06800,5,6754.419999999999
C06801,7,11540.06
C06802,5,8625.26
C06803,3,2714.4300000000003
C06804,5,5591.18
C06806,3,4983.28
C06807,5,6732.85
C06808,4,8487.27
C06809,2,2686.6899999999996
C06810,3,4593.12
C06811,2,2230.9700000000003
C06812,3,5483.02
C06814,4,6108.26
C06815,2,2508.59
C06816,2,3122.55
C06817,2,4418.92
C06818,4,9972.220000000001
C06819,4,6850.89
C06820,2,2191.96
C06821,4,6179.25
C06822,2,2737.6499999999996
C06823,3,5445.93
C06824,4,5657.57
C06825,6,7913.34
C06826,7,10888.09
C06827,4,7062.22
C06828,3,5739.4
C06829,6,10071.01
C06830,1,1011.54
C06831,1,3704.86
C06832,4,6730.05
C06833,5,7533.17
C06834,1,1262.55
C06835,2,2350.35
C06836,4,6458.34
C06837,4,4786.389999999999
C06838,6,7444.860000000001
C06839,4,3978.43
C06840,6,9007.07
C06841,2,2281.7200000000003
C06842,4,9359.81
C06843,4,9086.800000000001
C06844,1,1064.78
C06845,1,1721.56
C06846,4,6933.41
C06847,6,9249.64
C06848,5,5402.68
C06849,1,1407.64
C06850,3,3085.64
C06851,1,2673.65
C06852,2,2440.87
C06853,4,5358.639999999999
C06854,5,7248.2
C06855,1,843.54
C06856,3,3778.04
C06857,6,7646.34
C06858,6,7814.46
C06859,3,5626.19
C06860,4,4313.6
C06861,4,4990.08
C06862,2,3280.2
C06863,3,5986.389999999999
C06864,7,15103.439999999999
C06865,2,2274.81
C06866,2,2348.49
C06867,2,4532.67
C06868,3,4677.48
C06869,4,4975.19
C06870,5,4953.05
C06871,7,8737.59
C06872,3,3679.4
C06873,2,4572.68
C06874,8,15685.15
C06875,5,6405.03
C06876,2,2785.35
C06877,2,1858.1399999999999
C06878,2,3477.42
C06879,6,8332.1
C06880,5,5115.66
C06881,5,6308.639999999999
C06882,3,5229.95
C06884,4,4899.75
C06885,3,3700.71
C06886,5,7492.36
C06887,7,12290.75
C06888,7,14303.91
C06889,3,5677.219999999999
C06890,3,5219.85
C06891,5,9274.44
C06892,4,5093.73
C06893,4,9054.75
C06894,6,8606.51
C06895,5,8157.049999999999
C06896,7,10275.73
C06897,4,6564.38
C06898,5,6087.13
C06899,6,11120.869999999999
C06900,2,2797.85
C06901,7,9176.61
C06902,6,8381.97
C06903,4,4750.36
C06904,4,4855.97
C06905,1,701.14
C06906,2,6040.360000000001
C06907,6,8458.16
C06908,2,4975.1900000000005
C06909,2,4616.46
C06910,5,9688.96
C06911,6,9963.76
C06912,3,3620.5699999999997
C06913,4,7024.58
C06914,5,9689.23
C06915,4,5578.86
C06916,2,2341.22
C06917,4,4088.96
C06918,1,1083.42
C06919,1,1212.2
C06920,4,6028.48
C06921,3,4587.33
C06922,3,4517.64
C06923,4,6616.92
C06924,5,8715.43
C06925,2,3114.5899999999997
C06926,3,2422.58
C06927,3,2513.43
C06928,7,10814.24
C06929,3,5880.24
C06930,3,4489.75
C06931,4,5874.18
C06933,3,3767.92
C06934,1,1104.79
C06935,6,12150.49
C06936,3,4616.74
C06937,2,3332.46
C06938,4,6067.3099999999995
C06939,1,1710.6
C06940,2,3305.57
C06941,2,2632.2799999999997
C06942,6,8504.52
C06943,4,8332.26
C06944,3,6442.19
C06945,3,6322.74
C06946,7,11187.31
C06947,3,3843.54
C06948,3,4552.29
C06949,5,5312.46
C06950,3,5551.21
C06951,5,10771.52
C06952,3,3803.99
C06953,3,4929.64
C06954,3,5378.19
C06955,5,6776.1
C06956,4,9052.84
C06957,1,1805.64
C06958,1,1336.82
C06959,4,6267.62
C06960,1,1497.05
C06961,3,4738.889999999999
C06962,8,11147.86
C06963,7,12302.62
C06964,5,5629.12
C06965,5,8930.68
C06966,5,7129.29
C06967,3,3395.0299999999997
C06968,6,6684.03
C06969,8,12070.05
C06970,6,9550.25
C06971,8,13539.7
C06972,2,1950.84
C06973,5,6317.79
C06974,4,5946.75
C06975,1,897.18
C06976,4,3949.16
C06977,4,8264.529999999999
C06978,1,1612.11
C06979,6,8435.65
C06980,1,701.14
C06981,1,1220.04
C06982,3,3020.22
C06983,4,6298.74
C06984,3,5721.82
C06985,3,4265.0
C06986,3,3906.16
C06987,3,3095.86
C06988,4,5083.04
C06989,6,8961.35
C06990,3,3976.59
C06991,9,11184.029999999999
C06992,4,5812.78
C06993,7,11759.6
C06994,5,5733.7300000000005
C06995,4,5808.74
C06996,5,8929.16
C06997,8,10832.01
C06999,4,4986.63
C07000,3,6028.5
C07001,3,4687.3099999999995
C07002,3,4775.67
C07003,5,7502.86
C07004,4,5254.84
C07005,7,9816.97
C07006,2,3678.13
C07007,3,3768.08
C07008,3,10290.029999999999
C07009,2,1703.5
C07010,4,5209.25
C07011,3,5766.66
C07012,1,1026.4
C07013,4,7666.85
C07014,6,11020.23
C07015,2,4819.96
C07016,9,17912.04
C07017,2,5094.4
C07018,5,5640.13
C07019,9,13307.32
C07020,10,12777.45
C07021,2,3729.09
C07022,5,8890.09
C07023,4,4244.62
C07024,6,7389.91
C07025,4,4322.97
C07026,4,4544.82
C07027,6,7202.929999999999
C07028,4,6764.53
C07029,4,6657.25
C07030,5,6756.97
C07031,3,3727.4399999999996
C07032,2,1598.32
C07033,3,5864.71
C07034,1,1575.84
C07035,4,7413.150000000001
C07036,4,7459.799999999999
C07037,3,4042.54
C07038,1,2453.22
C07039,4,5162.7699999999995
C07040,3,4611.3
C07041,1,878.72
C07042,3,5326.99
C07043,4,9013.23
C07044,6,6188.09
C07045,2,2263.08
C07046,2,4989.26
C07047,2,1849.0
C07049,5,11191.029999999999
C07050,2,3222.33
C07051,4,6975.83
C07052,3,3911.93
C07053,4,5154.33
C07054,6,8066.59
C07055,7,14565.06
C07056,2,2626.05
C07057,3,5047.92
C07058,2,2645.88
C07059,4,4046.87
C07060,8,10928.05
C07061,2,3031.26
C07062,3,3742.71
C07063,3,4166.03
C07064,3,7718.96
C07065,5,9230.45
C07066,2,1748.8200000000002
C07067,3,4052.74
C07068,1,942.91
C07069,4,4898.5599999999995
C07070,2,1574.6399999999999
C07071,4,6110.62
C07072,2,2613.96
C07073,3,4989.96
C07074,4,5149.48
C07075,3,4016.59
C07076,5,5788.15
C07077,1,954.93
C07078,1,1679.73
C07079,3,3661.66
C07080,5,8642.5
C07081,4,6055.13
C07082,3,5098.91
C07083,3,3768.88
C07084,4,4619.41
C07085,3,7722.18
C07086,3,3539.25
C07087,3,2761.63
C07088,3,4282.78
C07089,7,9007.14
C07090,5,8085.25
C07091,3,6333.78
C07092,3,4087.8899999999994
C07093,4,6615.6
C07094,4,5605.74
C07095,4,9383.470000000001
C07097,4,6369.08
C07098,7,10673.03
C07099,5,6627.63
C07100,3,3361.9800000000005
C07101,1,1261.37
C07102,4,6639.8
C07103,2,2246.6
C07104,4,4684.79
C07105,4,9065.64
C07106,5,7063.37
C07107,7,12593.81
C07108,3,6968.139999999999
C07109,2,4453.08
C07110,5,7892.459999999999
C07111,4,6019.41
C07112,4,6409.1
C07114,5,6952.67
C07115,2,3204.8999999999996
C07116,7,9321.39
C07117,3,3740.99
C07119,6,9714.65
C07120,4,5930.52
C07121,4,6030.5599999999995
C07122,2,2589.3199999999997
C07123,7,10041.84
C07124,2,2862.54
C07125,3,6911.9400000000005
C07126,6,7026.57
C07127,1,1271.45
C07128,5,7130.71
C07129,1,670.68
C07130,3,5157.469999999999
C07131,4,6461.55
C07132,1,1220.04
C07133,5,5562.74
C07134,10,14878.18
C07135,4,4871.29
C07136,2,1951.3500000000001
C07137,9,9950.11
C07138,3,4964.5
C07139,3,6291.1
C07140,4,6444.75
C07141,4,5412.88
C07142,2,4709.469999999999
C07143,2,3297.8199999999997
C07144,6,7470.67
C07145,4,5324.549999999999
C07146,4,4708.77
C07147,5,9377.47
C07148,7,9228.35
C07149,6,7370.25
C07150,1,1475.54
C07151,4,5825.02
C07152,3,3713.1499999999996
C07153,6,7315.74
C07154,5,8840.35
C07155,4,4172.56
C07156,5,6353.91
C07157,2,1984.8
C07158,5,6836.17
C07159,4,5140.89
C07160,3,5874.530000000001
C07161,5,8048.97
C07162,2,2991.51
C07163,1,1067.08
C07164,2,2525.1
C07165,3,6495.92
C07166,8,10645.2
C07167,7,8496.74
C07168,2,1987.84
C07169,3,3953.2
C07170,3,4374.46
C07171,2,2075.5
C07172,3,3420.78
C07173,6,7505.66
C07174,7,11958.29
C07175,4,5509.04
C07176,5,8787.91
C07177,1,1411.09
C07178,6,8608.22
C07179,4,5206.8099999999995
C07180,6,9108.17
C07181,4,4929.2
C07182,6,12857.41
C07183,3,7387.88
C07184,3,6008.349999999999
C07185,2,4014.23
C07186,1,1532.28
C07187,3,3067.66
C07188,1,3094.64
C07189,3,4901.639999999999
C07190,2,3020.99
C07191,7,10330.539999999999
C07192,7,9301.94
C07193,1,1102.82
C07194,4,9658.07
C07195,3,3066.5099999999998
C07196,5,10172.68
C07197,8,14981.189999999999
C07198,3,4631.32
C07199,3,4763.55
C07200,4,6812.92
C07201,3,5178.04
C07202,2,2209.14
C07203,6,7689.24
C07204,6,9065.46
C07205,5,6720.58
C07206,3,7339.16
C07207,2,2726.0
C07208,2,3003.49
C07209,5,6010.41
C07210,6,11019.9
C07211,5,10820.67
C07212,7,7669.45
C07213,1,1900.67
C07214,7,9398.19
C07215,2,1577.44
C07216,4,5211.9
C07217,3,3540.87
C07218,2,2578.55
C07219,6,10384.05
C07220,2,4432.63
C07221,2,3493.9399999999996
C07222,5,7397.66
C07224,3,3810.23
C07225,3,7495.74
C07227,4,4617.86
C07228,3,2871.03
C07229,7,9965.01
C07230,2,2426.51
C07231,3,5170.36
C07232,3,3921.98
C07233,7,16499.64
C07234,3,2925.32
C07235,2,2015.01
C07236,1,1141.26
C07237,5,7996.6
C07238,3,5608.1
C07239,4,4821.47
C07240,3,4963.68
C07241,4,7456.93
C07242,6,9176.52
C07243,3,3987.0600000000004
C07244,3,7257.139999999999
C07245,1,3146.5
C07246,2,2905.39
C07247,4,6478.08
C07248,3,3491.38
C07249,5,8386.050000000001
C07250,3,4771.24
C07251,7,8566.69
C07252,3,6843.81
C07253,5,5732.45
C07254,4,5207.86
C07255,3,4873.66
C07256,4,7472.53
C07257,3,5668.07
C07258,6,9561.27
C07259,5,8967.88
C07260,3,4312.46
C07261,3,6046.62
C07262,3,5405.37
C07263,4,4170.360000000001
C07264,4,5463.87
C07265,2,3085.6400000000003
C07266,6,7126.09
C07267,1,1026.4
C07268,2,4507.78
C07269,5,6835.860000000001
C07270,2,2410.2200000000003
C07271,5,4856.129999999999
C07272,3,2576.25
C07273,5,8579.15
C07274,3,3495.5299999999997
C07275,6,9332.529999999999
C07276,5,7194.679999999999
C07277,4,6528.05
C07278,2,4015.0699999999997
C07279,5,6521.73
C07280,2,2295.62
C07281,6,9205.18
C07282,2,4795.74
C07283,2,2217.6800000000003
C07284,3,2981.48
C07285,5,7977.53
C07286,1,1900.67
C07287,5,7632.3099999999995
C07288,3,5979.67
C07289,3,3342.92
C07290,4,5819.2
C07291,5,12202.38
C07292,2,3677.5
C07293,2,2216.88
C07294,2,2540.11
C07295,2,3366.5200000000004
C07296,5,7089.6900000000005
C07297,7,7886.209999999999
C07298,2,3055.9300000000003
C07299,4,6344.29
C07300,2,4798.3099999999995
C07301,6,11190.16
C07302,1,1085.84
C07303,4,6764.7699999999995
C07304,1,1531.5
C07305,5,7365.8099999999995
C07307,4,8630.02
C07308,6,8105.47
C07309,2,3675.99
C07310,8,12425.75
C07311,1,1475.54
C07312,5,9078.48
C07313,6,15189.16
C07314,5,9338.08
C07315,2,2082.0299999999997
C07316,3,4817.139999999999
C07317,3,4209.72
C07318,10,14880.88
C07319,6,6777.3
C07320,4,6410.35
C07321,4,8320.57
C07322,4,7133.63
C07323,1,954.93
C07324,3,5368.48
C07325,1,1477.94
C07326,6,9477.09
C07327,2,2657.04
C07328,9,15315.73
C07329,7,12313.76
C07330,3,5634.38
C07331,10,13519.36
C07332,2,3865.3599999999997
C07333,3,4900.98
C07334,3,2853.21
C07335,4,4763.91
C07336,4,6347.38
C07337,5,7857.26
C07338,2,2631.52
C07339,7,8623.92
C07340,2,2976.16
C07341,1,1485.36
C07342,5,5804.85
C07343,3,4023.5699999999997
C07344,2,4262.77
C07345,4,5632.71
C07346,4,7479.87
C07347,4,5375.37
C07348,5,7414.27
C07349,5,12128.74
C07350,2,3335.6499999999996
C07351,5,5452.41
C07353,4,9524.95
C07354,7,13436.79
C07355,5,6163.37
C07356,3,3752.8
C07357,5,4976.43
C07358,3,6307.48
C07359,8,16568.36
C07360,2,2387.0699999999997
C07361,4,8906.2
C07362,2,3018.95
C07363,4,7353.35
C07364,4,5184.79
C07365,4,5636.65
C07366,3,4351.15
C07367,4,6949.04
C07368,4,4452.29
C07369,6,7350.21
C07370,5,6595.98
C07371,7,10087.43
C07372,3,3378.64
C07373,4,3801.49
C07374,3,5220.68
C07375,3,5747.4
C07376,6,11506.6
C07377,4,4516.05
C07378,5,6404.32
C07379,2,2433.33
C07380,4,7013.96
C07381,8,12313.869999999999
C07382,5,5853.6
C07383,3,4421.67
C07384,3,3020.1
C07385,3,3384.21
C07386,9,14573.57
C07387,1,3191.49
C07388,1,3611.27
C07389,4,6735.639999999999
C07390,1,1155.82
C07391,4,4271.71
C07392,5,7695.0599999999995
C07393,7,10755.48
C07394,5,7616.26
C07395,2,2908.0699999999997
C07396,3,3727.21
C07397,4,4197.06
C07398,6,8123.06
C07399,4,3983.84
C07400,1,1656.05
C07401,5,8590.62
C07402,6,6248.93
C07403,6,8993.92
C07404,4,4853.61
C07405,2,3967.96
C07406,6,12797.939999999999
C07407,6,10561.939999999999
C07408,4,6038.84
C07409,5,5528.46
C07410,5,6138.87
C07411,5,10951.74
C07412,3,4310.21
C07413,1,745.21
C07414,2,4567.35
C07415,4,11079.0
C07416,6,7233.65
C07417,2,3195.5200000000004
C07418,1,944.4
C07419,3,3938.8999999999996
C07421,3,2985.29
C07422,4,5459.12
C07423,6,7991.97
C07424,4,6977.79
C07425,4,3816.3500000000004
C07426,4,5658.34
C07427,4,4613.07
C07428,2,2579.59
C07429,6,9132.08
C07430,4,7154.33
C07431,4,5586.17
C07432,1,1301.4
C07433,3,3494.7
C07434,1,3224.22
C07436,3,3664.98
C07437,6,10836.59
C07438,4,6764.95
C07439,1,878.72
C07440,7,12353.17
C07441,2,2328.8999999999996
C07442,5,5099.85
C07443,3,4804.15
C07444,4,4301.22
C07445,7,10103.01
C07446,5,8064.19
C07447,2,2699.39
C07448,4,6993.63
C07449,4,7915.62
C07450,2,1899.44
C07451,7,14178.39
C07452,6,9450.92
C07453,7,12178.7
C07454,5,7970.87
C07455,7,8189.570000000001
C07456,7,12842.64
C07457,8,9292.85
C07458,3,5680.54
C07459,7,9488.210000000001
C07460,3,4815.15
C07461,4,4201.639999999999
C07462,4,4875.51
C07463,2,3048.0
C07464,7,8756.36
C07465,2,3809.4700000000003
C07466,3,3373.81
C07467,2,3058.58
C07468,8,10793.19
C07469,3,5785.02
C07470,3,7638.11
C07471,3,4919.57
C07472,4,7183.64
C07473,2,3194.76
C07474,6,11887.48
C07475,7,13788.76
C07476,4,8395.7
C07477,7,9246.97
C07478,1,1548.94
C07479,5,7400.18
C07480,6,8973.84
C07481,1,1005.19
C07482,4,5238.13
C07483,4,5795.23
C07484,4,7303.950000000001
C07485,5,7067.86
C07486,2,2110.61
C07487,2,2413.3
C07488,5,8030.049999999999
C07490,5,5004.24
C07491,3,5081.73
C07492,6,8277.25
C07493,2,2867.98
C07494,1,1292.07
C07495,1,1595.74
C07496,3,4382.43
C07497,6,7461.81
C07498,8,11419.84
C07499,4,8037.76
C07500,6,8764.71
C07501,3,4057.25
C07502,7,8817.0
C07503,1,3787.65
C07504,3,4683.11
C07505,6,9190.93
C07506,2,3108.12
C07507,5,7975.469999999999
C07508,5,7682.99
C07509,5,6522.54
C07510,2,2693.73
C07511,3,5164.32
C07512,2,5440.68
C07513,5,9027.310000000001
C07514,5,7132.3
C07515,3,4629.54
C07516,3,4761.17
C07517,1,1667.19
C07518,3,7956.46
C07519,5,6975.68
C07520,1,1360.07
C07521,1,2270.47
C07522,7,11075.32
C07523,5,12457.51
C07524,3,3897.79
C07525,1,1602.73
C07526,7,11367.68
C07527,3,4561.1900000000005
C07528,1,1679.73
C07529,5,6001.05
C07530,4,8555.55
C07531,2,2694.23
C07532,4,5229.969999999999
C07533,4,4413.94
C07534,5,6700.43
C07535,3,5456.56
C07536,3,3643.8
C07537,5,5692.6
C07538,9,13760.65
C07539,6,8278.91
C07540,6,8452.04
C07541,5,6601.82
C07542,6,9328.210000000001
C07543,6,9052.89
C07544,6,13023.8
C07545,4,5921.44
C07546,1,1542.63
C07547,6,9023.18
C07549,1,1574.4
C07550,4,6806.52
C07551,1,1822.28
C07552,4,6127.469999999999
C07553,3,4635.719999999999
C07554,5,5721.92
C07555,6,6236.7699999999995
C07556,6,7117.67
C07557,4,6409.17
C07558,5,7331.18
C07559,6,13454.91
C07560,3,5556.54
C07561,3,6034.26
C07562,3,4745.209999999999
C07563,2,3505.5
C07564,5,7844.3
C07565,3,3671.02
C07566,4,8185.95
C07567,8,13961.220000000001
C07568,6,11412.49
C07569,8,13301.47
C07570,3,6745.01
C07571,5,7957.15
C07572,5,8789.39
C07573,3,6341.2699999999995
C07574,2,2836.95
C07575,2,4129.84
C07576,5,6570.29
C07577,4,5209.28
C07578,6,9079.14
C07579,1,3611.27
C07580,4,7251.96
C07581,3,5350.3
C07582,6,9095.5
C07583,4,7121.129999999999
C07584,2,2322.8599999999997
C07585,3,3909.12
C07586,5,7946.81
C07587,3,6097.73
C07588,2,2668.5699999999997
C07589,3,3151.86
C07590,5,5722.4
C07591,6,8042.08
C07592,3,4222.57
C07593,6,10628.3
C07594,2,2566.94
C07595,5,4742.77
C07596,6,6085.51
C07597,2,2484.26
C07598,6,8497.57
C07599,3,4811.58
C07600,2,2030.2399999999998
C07601,1,944.4
C07602,7,11031.8
C07603,3,6516.39
C07604,2,2532.87
C07605,5,9534.25
C07606,5,8072.68
C07607,3,7145.55
C07608,5,7462.2699999999995
C07609,3,5502.91
C07610,3,5587.639999999999
C07611,2,3975.91
C07612,1,954.18
C07613,2,2037.27
C07614,3,5595.04
C07615,7,9560.43
C07616,6,6402.33
C07617,5,7036.46
C07618,4,5445.38
C07619,3,5403.13
C07620,6,11442.04
C07621,3,6772.3
C07622,6,10249.51
C07623,5,5068.74
C07624,1,1687.08
C07625,8,11939.34
C07626,1,759.19
C07627,5,5661.91
C07628,5,5614.21
C07629,3,5421.54
C07630,4,7070.39
C07631,5,6722.28
C07632,4,7434.4
C07633,5,9006.619999999999
C07634,3,3624.8199999999997
C07635,3,3691.95
C07636,3,2965.6
C07637,4,4769.35
C07638,2,2668.74
C07639,4,8300.33
C07640,6,9670.18
C07641,4,10578.77
C07642,3,3356.2400000000002
C07643,3,5829.58
C07644,2,1827.22
C07645,5,5899.6900000000005
C07646,7,10740.43
C07647,2,3376.21
C07648,4,5127.71
C07649,6,7458.12
C07650,2,4826.09
C07651,3,4490.23
C07652,3,6062.7300000000005
C07653,2,2044.34
C07654,2,4260.33
C07655,5,6479.12
C07656,4,4294.639999999999
C07657,4,7563.120000000001
C07658,2,5422.22
C07659,3,4045.12
C07660,6,11643.810000000001
C07661,4,5052.32
C07662,3,4589.9
C07663,2,4912.9400000000005
C07664,4,5889.77
C07665,3,7263.7699999999995
C07666,3,3735.1800000000003
C07667,4,5196.55
C07668,3,3968.1499999999996
C07669,6,6940.63
C07670,4,8026.4
C07671,5,5295.36
C07672,4,4236.2
C07673,4,6058.1
C07674,4,6023.23
C07675,4,6359.389999999999
C07676,3,5861.34
C07677,6,9019.41
C07678,3,7701.3099999999995
C07679,7,9075.86
C07680,4,5183.13
C07681,5,6300.01
C07682,4,5220.15
C07683,4,6630.349999999999
C07684,8,11584.96
C07685,5,7922.29
C07686,2,3140.51
C07687,5,5618.4
C07688,4,5267.39
C07689,3,7217.83
C07690,7,10191.57
C07691,1,1327.99
C07692,2,2920.1400000000003
C07693,4,7640.75
C07694,2,2966.0299999999997
C07695,1,2803.53
C07696,5,10330.67
C07698,5,8045.04
C07699,4,5655.54
C07700,3,2506.89
C07701,5,6955.67
C07702,3,4125.1
C07703,4,6461.71
C07705,3,6517.56
C07707,6,11670.34
C07708,4,5421.12
C07709,6,8204.28
C07710,5,8985.7
C07711,3,5170.24
C07713,2,5852.25
C07714,3,5196.79
C07715,2,2257.34
C07716,4,7171.49
C07717,3,5323.01
C07718,4,4869.93
C07719,2,3010.7
C07720,7,9303.619999999999
C07721,3,3378.3199999999997
C07723,4,4745.99
C07724,4,6181.79
C07725,5,7565.009999999999
C07726,4,5922.55
C07727,3,7641.950000000001
C07728,2,2577.55
C07729,1,1301.4
C07730,3,5191.1900000000005
C07731,1,1140.44
C07732,4,7793.879999999999
C07733,3,3479.15
C07734,4,4250.92
C07735,5,14190.75
C07736,5,8354.25
C07737,7,10234.02
C07738,6,12995.43
C07739,3,5488.85
C07740,6,10725.380000000001
C07741,2,2707.24
C07742,4,6000.87
C07743,4,10978.98
C07744,4,5451.4
C07745,4,5146.76
C07746,8,8570.93
C07747,2,2568.38
C07748,4,6194.22
C07749,4,4496.21
C07750,1,1201.33
C07751,2,2841.5699999999997
C07752,2,3688.83
C07753,3,4043.82
C07754,3,4412.74
C07755,5,7159.14
C07756,3,4555.68
C07757,2,2144.24
C07758,2,3852.15
C07759,5,9426.98
C07760,2,2148.25
C07761,7,10243.279999999999
C07762,3,5741.32
C07763,4,4951.3099999999995
C07764,1,1284.25
C07765,7,12095.72
C07766,2,4432.91
C07767,4,5828.7
C07768,2,1546.56
C07769,2,4973.96
C07770,1,1415.9
C07771,1,1262.55
C07772,2,2874.12
C07773,3,4955.389999999999
C07775,9,13974.06
C07776,4,4562.43
C07777,4,6089.9800000000005
C07778,2,2164.7799999999997
C07779,3,4636.4800000000005
C07780,5,7653.49
C07781,5,6198.42
C07782,3,5668.0599999999995
C07783,5,8708.69
C07784,4,6466.64
C07785,5,4615.14
C07786,4,5659.43
C07787,3,2212.6400000000003
C07788,5,7344.01
C07789,5,12027.0
C07790,5,4502.93
C07791,5,8574.71
C07792,4,5224.22
C07793,5,7560.77
C07794,3,3816.51
C07795,2,3502.01
C07796,3,3867.9900000000002
C07797,5,5697.42
C07798,1,1475.54
C07799,3,4890.7699999999995
C07800,4,7642.78
C07801,5,9287.53
C07802,5,10126.119999999999
C07803,3,3865.88
C07804,3,3305.02
C07805,3,3363.51
C07806,2,5004.11
C07807,2,4391.28
C07808,5,7416.09
C07809,3,5835.4
C07810,2,2187.37
C07811,5,12348.7
C07812,2,4058.9
C07813,3,4067.04
C07815,3,4795.06
C07816,3,4036.94
C07817,5,6289.61
C07818,6,9320.81
C07819,6,8014.33
C07820,5,5684.3099999999995
C07821,3,5550.5
C07822,3,4206.39
C07823,7,9545.04
C07824,1,3151.68
C07825,7,9595.130000000001
C07826,5,9489.09
C07827,3,4543.87
C07828,5,7352.05
C07829,4,4775.49
C07830,4,5324.8
C07831,4,8039.77
C07832,5,6401.84
C07833,4,5851.78
C07834,1,1623.82
C07835,2,2241.49
C07836,7,11488.98
C07837,3,2749.0699999999997
C07838,4,11197.46
C07839,5,7861.41
C07840,2,2983.98
C07841,1,3194.34
C07842,3,10287.86
C07843,2,2703.14
C07844,2,3198.69
C07845,6,9336.11
C07846,6,7920.73
C07847,4,7195.349999999999
C07848,3,3702.96
C07849,3,3420.1400000000003
C07850,1,1085.84
C07851,6,12101.36
C07852,3,6266.23
C07853,4,4492.97
C07854,1,2691.54
C07855,3,4427.69
C07856,1,1490.45
C07857,2,4250.87
C07858,3,3000.07
C07859,3,4835.21
C07860,7,10923.57
C07861,3,4499.2699999999995
C07862,2,3071.45
C07863,4,4147.59
C07864,2,2532.17
C07865,2,3119.88
C07866,4,4947.33
C07867,5,6191.0599999999995
C07868,4,6120.450000000001
C07869,8,9654.98
C07870,4,4996.08
C07871,5,6339.74
C07872,4,4793.78
C07873,1,2166.84
C07874,5,6627.55
C07875,5,9650.01
C07876,1,1067.08
C07877,1,860.78
C07878,6,10888.49
C07879,1,1083.42
C07881,7,8053.59
C07882,3,5381.59
C07884,1,1064.78
C07885,2,2875.8
C07886,3,3872.4
C07887,9,15106.38
C07888,3,3665.44
C07889,6,10056.75
C07890,3,5913.950000000001
C07891,2,2405.3999999999996
C07892,3,3115.87
C07893,5,5881.34
C07894,3,4382.15
C07895,4,5506.09
C07896,1,1810.13
C07897,5,7655.66
C07898,2,2035.9499999999998
C07899,5,7662.42
C07900,2,4576.92
C07901,3,5219.74
C07902,3,4735.04
C07903,1,1531.5
C07904,6,8787.32
C07905,3,3737.21
C07906,5,7987.78
C07907,5,4976.4400000000005
C07908,2,3023.29
C07909,3,3095.93
C07910,9,13246.52
C07911,4,4223.99
C07912,4,7696.16
C07913,5,6851.389999999999
C07914,3,3424.12
C07915,6,11808.11
C07916,6,7573.9
C07917,2,4135.39
C07918,5,5977.81
C07919,4,6505.12
C07920,8,12045.28
C07921,5,6889.25
C07922,5,6266.48
C07923,6,8774.76
C07924,5,6959.67
C07925,3,3794.68
C07926,5,5556.0599999999995
C07927,2,3412.62
C07928,4,7080.28
C07930,7,10105.21
C07931,2,2581.05
C07932,7,9347.16
C07933,1,1243.79
C07934,4,6602.16
C07935,6,8944.85
C07936,1,969.37
C07937,5,7177.51
C07938,4,5236.4
C07939,2,2044.4
C07940,5,5135.42
C07941,3,4788.22
C07942,7,11736.63
C07943,8,15347.25
C07944,4,5462.400000000001
C07945,3,4479.98
C07946,4,8788.69
C07947,3,4353.19
C07948,5,6580.69
C07949,4,5706.709999999999
C07950,7,12278.199999999999
C07951,2,3794.62
C07952,2,2901.4
C07953,5,8079.37
C07954,4,3896.84
C07955,3,7388.08
C07956,7,11674.87
C07957,5,5965.03
C07958,4,5243.51
C07959,8,16749.53
C07960,3,4420.8099999999995
C07961,3,4845.17
C07962,1,1731.17
C07963,2,2795.81
C07964,6,10131.59
C07965,1,1104.79
C07966,3,8918.83
C07967,6,8823.23
C07968,4,5450.43
C07969,2,6238.61
C07970,1,631.03
C07971,5,8456.09
C07972,4,7507.57
C07973,5,8264.64
C07974,4,8114.16
C07975,4,3410.65
C07976,2,2759.79
C07977,4,7568.3099999999995
C07978,5,7909.91
C07979,3,4815.57
C07980,4,4024.7799999999997
C07981,3,4844.99
C07982,3,3968.41
C07983,2,2885.1899999999996
C07984,7,9841.4
C07985,2,2763.12
C07986,4,5524.24
C07987,2,2600.8
C07988,1,1013.73
C07989,2,2047.2199999999998
C07990,5,6218.22
C07991,5,14336.96
C07992,2,2766.48
C07993,5,5378.11
C07994,4,5184.99
C07996,2,2908.0699999999997
C07997,5,6472.22
C07998,5,10016.78
C07999,1,2123.85
C08000,2,1332.17
C08001,7,12419.18
C08002,2,2334.71
C08003,4,10432.46
C08004,3,5489.49
C08005,5,7377.110000000001
C08006,4,9750.73
C08007,4,7125.360000000001
C08008,2,2190.4300000000003
C08009,4,6562.299999999999
C08011,5,6654.5
C08012,4,5340.26
C08013,1,2398.84
C08015,4,9252.86
C08016,6,10672.65
C08017,2,1904.77
C08018,2,3656.6
C08019,4,4348.469999999999
C08020,2,2595.1800000000003
C08021,5,6386.05
C08022,7,9106.66
C08023,5,7402.139999999999
C08024,8,10642.05
C08025,4,4740.28
C08026,3,3781.41
C08027,2,6198.719999999999
C08028,5,7087.139999999999
C08029,5,9328.06
C08030,8,9783.39
C08031,5,14424.21
C08032,8,17886.14
C08033,9,15672.779999999999
C08034,2,2814.26
C08035,2,2836.17
C08036,4,6064.389999999999
C08037,6,9902.47
C08038,7,8696.66
C08039,8,7753.98
C08040,6,10063.24
C08041,6,8868.49
C08042,2,2403.78
C08043,3,2787.79
C08044,5,6720.57
C08045,4,5644.63
C08046,1,922.96
C08047,3,5199.78
C08048,6,7131.41
C08049,6,6482.58
C08050,8,12269.27
C08051,3,4609.38
C08052,6,6457.3
C08053,2,2646.27
C08054,1,3224.22
C08055,8,13318.59
C08056,6,8183.79
C08057,8,12335.32
C08058,3,4446.8099999999995
C08059,2,1970.7599999999998
C08060,2,5119.27
C08061,2,2909.67
C08062,2,2807.0
C08063,5,7687.200000000001
C08064,4,7445.9
C08065,3,2943.39
C08066,4,7587.4
C08067,2,2717.1
C08068,5,6696.75
C08069,4,5024.46
C08070,3,3847.5699999999997
C08071,3,5690.18
C08072,3,3561.8199999999997
C08073,8,10568.05
C08074,7,11750.970000000001
C08075,2,3428.27
C08076,2,1749.5
C08077,5,7368.08
C08078,2,4192.32
C08079,6,7008.95
C08080,3,3687.8
C08081,1,1731.17
C08082,6,11484.91
C08083,5,7425.77
C08084,3,7573.370000000001
C08085,2,2521.21
C08086,3,3304.88
C08087,5,9559.33
C08088,4,4825.700000000001
C08089,3,4815.110000000001
C08090,2,3767.96
C08091,5,6867.01
C08092,2,2114.99
C08093,1,2285.32
C08094,2,2661.24
C08095,4,7527.55
C08096,6,8507.31
C08097,5,6083.87
C08098,4,5231.96
C08099,4,6695.74
C08100,4,5355.530000000001
C08101,7,8186.780000000001
C08102,2,4446.35
C08103,6,7510.1
C08104,2,3426.62
C08105,1,1595.74
C08106,3,2852.08
C08107,6,8010.44
C08108,5,6496.65
C08109,2,2208.34
C08110,3,4148.57
C08111,3,4942.02
C08112,7,10856.14
C08113,4,7052.18
C08114,5,7553.79
C08116,3,7743.57
C08117,6,10254.880000000001
C08118,2,2284.14
C08119,3,6947.48
C08120,3,2542.72
C08121,5,11755.41
C08122,4,6592.469999999999
C08123,1,2440.07
C08124,4,6135.88
C08125,4,9123.36
C08126,3,2914.64
C08127,5,9388.17
C08128,5,4773.01
C08129,5,6698.93
C08130,4,9322.51
C08131,5,6566.96
C08132,4,7636.26
C08133,3,4932.08
C08134,4,5308.15
C08135,2,4662.12
C08136,6,8497.39
C08137,1,1623.82
C08138,3,3956.52
C08139,5,6429.83
C08140,6,8715.79
C08141,4,5788.09
C08142,6,7192.48
C08143,5,6524.5199999999995
C08144,6,7613.4
C08145,3,3095.54
C08146,1,745.2
C08147,6,11382.779999999999
C08148,5,8628.86
C08149,6,8430.55
C08150,3,3580.4700000000003
C08151,5,7415.34
C08152,6,8306.27
C08153,1,1284.25
C08154,1,1575.84
C08155,4,6486.6900000000005
C08156,8,15164.189999999999
C08157,2,3514.29
C08158,7,9400.06
C08160,7,10992.11
C08161,5,6420.9
C08162,4,8884.74
C08163,2,1615.08
C08164,3,5462.82
C08165,4,5999.11
C08166,5,8085.72
C08167,5,7721.59
C08168,1,954.93
C08169,6,6961.23
C08170,4,9057.36
C08171,3,2677.39
C08172,5,8003.88
C08173,3,7179.3099999999995
C08174,6,9444.9
C08175,2,3141.17
C08176,2,2491.33
C08177,2,2604.98
C08178,4,5681.7
C08179,6,8381.91
C08181,2,3646.39
C08182,2,4145.4400000000005
C08183,2,2754.63
C08184,4,5872.910000000001
C08185,1,670.68
C08186,4,3943.23
C08187,5,13657.94
C08188,3,3853.5699999999997
C08189,4,6778.26
C08191,6,8841.33
C08192,2,2874.92
C08193,3,4621.700000000001
C08194,5,10272.689999999999
C08195,3,5032.99
C08196,6,8713.93
C08197,5,6249.39
C08198,6,12563.43
C08199,3,4750.9400000000005
C08201,5,11433.85
C08202,1,1486.93
C08203,4,6462.09
C08204,4,5980.19
C08205,4,5134.0199999999995
C08206,7,11706.08
C08207,6,7197.5599999999995
C08208,4,7268.16
C08209,5,6024.8099999999995
C08210,4,5921.96
C08211,4,5701.860000000001
C08212,1,666.08
C08213,8,14697.869999999999
C08214,2,2161.43
C08215,6,13495.11
C08216,2,2626.44
C08217,5,11664.57
C08218,5,6857.73
C08219,4,4612.9400000000005
C08220,2,2827.42
C08221,1,1102.82
C08222,4,4663.61
C08223,2,1618.24
C08224,4,4580.97
C08225,3,6582.0
C08226,4,5591.13
C08227,8,10438.81
C08228,3,4222.47
C08229,1,2280.88
C08230,2,2672.24
C08231,3,2734.64
C08232,4,5693.1900000000005
C08233,2,2578.75
C08234,2,2350.95
C08236,3,4902.06
C08237,5,11289.59
C08238,5,7694.25
C08239,6,7452.61
C08240,5,6996.39
C08241,2,2156.29
C08242,2,3107.69
C08243,3,4910.2300000000005
C08244,6,9789.97
C08245,6,10687.33
C08246,5,12529.17
C08247,4,4314.42
C08248,6,6892.8099999999995
C08249,3,3634.43
C08250,5,6637.370000000001
C08251,4,6830.14
C08252,6,9506.89
C08253,9,14626.04
C08254,7,12082.01
C08255,5,5654.28
C08256,2,2554.46
C08257,2,2464.8599999999997
C08258,1,1450.9
C08259,4,4549.389999999999
C08261,3,7297.05
C08262,3,4859.389999999999
C08263,3,4932.05
C08264,4,5804.85
C08265,4,6053.76
C08266,3,4526.9
C08267,3,3419.4700000000003
C08268,5,8210.37
C08269,2,1840.39
C08270,2,2405.05
C08271,3,6402.92
C08272,2,5483.74
C08273,4,5429.48
C08274,2,2944.35
C08275,7,9950.93
C08276,3,3978.47
C08277,3,4994.6900000000005
C08279,7,8591.56
C08280,7,11929.32
C08281,1,1612.11
C08282,3,4301.87
C08283,2,2258.61
C08284,4,4725.719999999999
C08285,2,2109.98
C08286,3,3429.09
C08287,2,2099.57
C08288,5,5930.65
C08289,2,3478.33
C08290,1,1461.44
C08291,4,5735.650000000001
C08292,2,2291.81
C08293,4,4984.86
C08294,3,4044.2
C08295,2,3319.45
C08296,4,4607.35
C08298,2,4266.28
C08299,7,8635.59
C08300,2,2815.39
C08301,1,1207.88
C08302,5,6727.63
C08303,4,5466.41
C08304,3,4099.25
C08305,4,6734.2
C08306,4,5266.7
C08307,2,2156.53
C08308,4,8821.03
C08309,6,13183.220000000001
C08310,2,4488.73
C08311,4,5485.59
C08312,1,1102.82
C08313,3,3448.29
C08314,7,9471.48
C08315,8,13026.03
C08316,3,5472.5599999999995
C08317,3,3209.5299999999997
C08318,7,11053.32
C08319,4,5773.14
C08320,3,4126.86
C08321,1,1224.06
C08322,6,6976.92
C08323,6,7879.49
C08324,3,3860.49
C08325,4,4659.11
C08326,3,6098.5199999999995
C08327,2,2771.55
C08328,8,10943.73
C08329,2,3422.69
C08330,9,10035.5
C08331,3,4213.9
C08332,4,6678.3
C08333,7,8352.26
C08334,3,4229.139999999999
C08335,4,7411.639999999999
C08336,3,3152.05
C08337,8,11148.189999999999
C08338,3,3846.94
C08339,4,5785.39
C08340,3,3048.31
C08341,3,4150.21
C08343,4,6478.9
C08344,3,3048.3500000000004
C08345,2,2622.08
C08346,5,7273.16
C08347,3,3872.24
C08348,5,7896.32
C08349,6,5738.08
C08350,1,2311.65
C08351,6,8482.38
C08352,4,6959.0
C08353,3,3635.46
C08354,4,6431.24
C08355,3,4981.47
C08356,3,4880.2699999999995
C08357,4,4803.38
C08358,5,6652.7
C08359,8,11389.27
C08360,7,15306.22
C08361,8,13418.4
C08362,6,8028.39
C08363,3,5646.04
C08364,6,6992.62
C08365,5,10937.48
C08366,4,9707.9
C08367,3,3303.94
C08368,4,7084.76
C08369,4,3341.1
C08370,4,5919.12
C08371,7,10428.29
C08372,3,4512.52
C08373,4,6625.0199999999995
C08374,3,3603.25
C08375,5,6869.46
C08376,6,8978.22
C08377,6,12848.6
C08378,3,9085.28
C08379,2,2367.34
C08380,1,1004.4
C08381,6,7587.75
C08382,2,2811.5
C08383,6,5821.28
C08384,3,4117.54
C08385,7,9968.0
C08386,5,5723.04
C08387,7,8598.7
C08388,3,4112.48
C08389,5,7746.82
C08390,4,6187.46
C08391,2,1605.12
C08392,3,4216.41
C08393,3,4071.6099999999997
C08394,2,3131.59
C08395,4,5496.280000000001
C08396,7,8234.07
C08397,3,5140.29
C08398,5,6353.7
C08400,11,15192.08
C08401,5,6593.66
C08402,3,5343.34
C08403,4,5567.719999999999
C08404,7,9642.61
C08405,3,3869.5299999999997
C08406,2,2400.75
C08407,3,7152.33
C08408,3,4861.05
C08409,9,8857.61
C08410,3,5718.64
C08411,6,15659.869999999999
C08412,2,2835.8
C08413,4,6456.639999999999
C08414,7,14666.08
C08415,6,8097.3
C08416,4,7231.849999999999
C08417,6,12951.67
C08418,4,5726.13
C08419,4,4014.5299999999997
C08420,3,4320.66
C08421,6,8193.66
C08422,3,3507.92
C08423,4,5898.799999999999
C08424,3,7501.92
C08425,3,5079.49
C08426,5,7529.92
C08427,3,3323.6400000000003
C08428,2,2387.0699999999997
C08429,2,1490.42
C08430,7,8665.539999999999
C08431,4,7351.18
C08432,5,8072.12
C08433,1,1339.46
C08434,4,5166.25
C08435,4,4149.42
C08436,4,3645.73
C08437,4,6357.02
C08438,6,13562.52
C08439,4,6126.57
C08440,4,6503.09
C08441,2,3243.12
C08442,5,7270.88
C08443,3,3959.51
C08444,3,2859.49
C08445,3,3369.38
C08446,3,4339.99
C08447,3,3484.3500000000004
C08448,2,1952.9099999999999
C08449,5,6531.86
C08450,2,3822.85
C08451,3,4821.44
C08452,5,5169.97
C08453,3,4488.95
C08454,3,3775.45
C08455,5,6377.1900000000005
C08456,3,9184.52
C08457,4,5777.02
C08458,3,3585.38
C08459,3,5322.3099999999995
C08460,4,4549.4
C08461,6,10098.82
C08462,3,4212.71
C08463,2,2841.5699999999997
C08464,4,4207.71
C08465,1,994.31
C08466,4,10278.310000000001
C08467,4,4820.84
C08468,7,12668.57
C08469,3,3495.13
C08470,6,6631.68
C08471,1,1112.86
C08472,3,2237.02
C08473,3,5420.76
C08474,1,2903.27
C08475,7,11191.84
C08476,6,8506.85
C08477,4,7959.6
C08478,6,8202.86
C08479,3,5476.57
C08481,7,6867.17
C08482,4,6689.92
C08483,3,6118.55
C08484,4,4564.35
C08485,4,6989.42
C08486,3,4752.66
C08487,2,3675.21
C08488,5,8875.34
C08489,4,4190.82
C08490,2,1817.3700000000001
C08491,6,7868.54
C08492,5,5911.73
C08493,4,4994.33
C08494,3,2626.63
C08495,7,7662.08
C08496,5,10171.54
C08497,3,3033.33
C08498,2,1739.51
C08499,2,4307.5
C08500,9,12097.57
C08501,3,4349.76
C08502,5,7102.65
C08503,1,1261.37
C08504,2,2283.95
C08505,2,3290.56
C08506,1,992.54
C08507,3,3406.4
C08508,2,3893.99
C08509,5,5620.88
C08510,4,5141.97
C08511,3,4454.48
C08512,5,10206.65
C08513,2,6418.37
C08514,4,5621.05
C08515,6,8552.73
C08516,4,5853.54
C08517,1,1679.73
C08518,2,5052.61
C08520,5,7879.91
C08521,2,2683.42
C08522,10,15749.98
C08523,5,6651.63
C08524,6,12326.16
C08525,3,2926.09
C08527,6,8693.57
C08528,4,5230.5599999999995
C08529,3,7142.7300000000005
C08530,3,3335.86
C08531,8,9183.7
C08532,10,10244.27
C08533,2,1891.22
C08534,2,2182.91
C08535,4,5807.639999999999
C08536,2,2812.3599999999997
C08537,7,10525.98
C08538,6,9403.91
C08539,8,17407.53
C08540,4,4318.57
C08541,4,4291.530000000001
C08542,4,5887.18
C08543,2,2186.5
C08544,3,2549.34
C08545,4,8072.719999999999
C08546,2,2534.77
C08547,2,2839.75
C08548,3,3410.73
C08549,8,10246.33
C08550,1,3359.46
C08551,5,6956.72
C08552,6,7724.05
C08553,5,7063.34
C08554,4,5895.889999999999
C08555,3,3962.03
C08556,5,5980.16
C08557,7,7836.0
C08558,4,6643.38
C08559,2,2884.56
C08560,4,6883.47
C08561,1,849.96
C08562,3,5596.7699999999995
C08563,4,6125.78
C08564,1,1220.04
C08565,4,5897.2699999999995
C08566,4,4976.79
C08567,3,6484.96
C08568,2,4008.9700000000003
C08569,3,3998.3900000000003
C08570,1,745.2
C08571,1,1220.49
C08572,5,5078.32
C08573,6,9786.31
C08574,5,5434.16
C08575,4,6525.62
C08576,6,8050.74
C08577,6,12999.0
C08578,4,8180.07
C08579,5,5521.360000000001
C08580,1,1198.3
C08581,4,5998.71
C08582,5,9492.49
C08583,1,1336.82
C08584,2,1967.9099999999999
C08585,7,13350.36
C08586,3,3682.0699999999997
C08587,2,2645.45
C08588,3,4110.92
C08589,1,1207.88
C08590,3,4114.68
C08591,3,4312.8
C08592,3,4750.530000000001
C08593,1,2530.62
C08594,9,13137.82
C08595,4,6146.67
C08596,3,3391.6099999999997
C08597,5,6634.34
C08598,6,8240.119999999999
C08599,9,12738.880000000001
C08600,4,6778.62
C08601,2,2883.05
C08602,1,1309.25
C08603,2,4370.46
C08604,6,6337.13
C08605,6,10779.31
C08606,3,3700.77
C08607,3,4317.74
C08608,6,6908.51
C08609,4,5055.73
C08610,6,8764.95
C08611,4,6566.43
C08612,1,897.18
C08613,7,10883.04
C08614,5,9812.65
C08615,4,5108.46
C08616,2,2558.96
C08617,3,3173.0299999999997
C08618,3,2877.49
C08619,6,13297.199999999999
C08620,2,2348.39
C08621,3,3166.71
C08622,4,5265.18
C08623,6,11721.130000000001
C08624,5,8795.87
C08625,6,6439.9
C08626,8,10925.720000000001
C08627,4,7163.4
C08628,4,5088.07
C08629,3,5873.78
C08630,4,10234.24
C08631,1,1004.4
C08632,5,7629.57
C08633,7,10000.09
C08634,5,6678.87
C08635,4,5663.349999999999
C08636,2,7518.17
C08637,3,5567.53
C08638,4,5305.2
C08639,2,3856.8900000000003
C08640,3,5851.38
C08641,3,4814.34
C08642,6,11762.8
C08643,2,3178.38
C08644,3,3903.99
C08645,4,5118.56
C08646,3,6725.67
C08647,4,6309.04
C08648,6,8986.59
C08649,4,8161.400000000001
C08650,6,8120.13
C08651,3,7102.02
C08652,2,3621.6400000000003
C08653,2,5263.04
C08654,4,7190.57
C08655,4,6717.88
C08656,5,6360.53
C08657,5,7633.75
C08658,2,3126.7
C08659,4,5546.57
C08660,3,3756.87
C08661,3,5578.1900000000005
C08662,5,8224.09
C08663,4,4651.04
C08664,2,5235.09
C08665,4,6344.4
C08666,4,4045.7300000000005
C08667,3,4862.17
C08668,3,4326.29
C08669,7,8394.73
C08670,4,4551.68
C08671,4,5548.360000000001
C08672,4,6985.24
C08673,5,6067.82
C08674,2,2286.26
C08675,4,5315.1
C08676,6,9855.75
C08677,1,1142.66
C08678,4,9209.82
C08679,3,3423.87
C08680,5,7362.86
C08681,5,12519.11
C08682,4,8267.65
C08683,3,3576.23
C08684,3,5172.41
C08685,2,2394.57
C08686,3,6241.33
C08687,2,2617.3
C08688,8,12229.92
C08689,4,6464.19
C08690,7,8955.18
C08692,7,13169.09
C08693,5,6485.9
C08694,1,1104.79
C08695,5,5203.7
C08697,5,12533.81
C08698,3,4342.09
C08699,3,3867.19
C08700,4,5049.549999999999
C08701,1,1532.28
C08702,5,8619.59
C08703,4,5024.44
C08704,1,701.14
C08705,3,3953.33
C08706,6,8236.220000000001
C08707,3,4333.469999999999
C08708,2,5270.370000000001
C08709,5,5008.5599999999995
C08710,4,6134.89
C08711,2,3775.66
C08713,1,1475.54
C08714,6,7903.86
C08715,1,1011.54
C08716,2,3722.78
C08717,3,4888.5599999999995
C08718,4,7289.71
C08719,5,5740.38
C08720,5,9329.630000000001
C08721,7,8481.83
C08722,6,9184.24
C08723,6,12798.03
C08724,6,6285.4
C08725,3,4836.3
C08726,5,6672.280000000001
C08727,5,7542.17
C08728,3,4396.47
C08729,2,3717.03
C08730,4,5960.0
C08731,3,5134.3
C08732,2,2628.02
C08733,3,3665.33
C08734,5,10826.16
C08735,5,5883.66
C08736,8,11296.78
C08737,4,7276.18
C08738,3,3223.95
C08739,3,3631.89
C08740,3,5008.45
C08741,1,1288.3
C08742,3,3658.55
C08743,6,9826.01
C08744,2,5690.86
C08745,2,3455.2200000000003
C08746,1,1232.91
C08747,3,2914.0099999999998
C08748,4,9294.96
C08749,3,3217.51
C08750,2,2739.8
C08751,1,1220.04
C08752,4,6249.679999999999
C08753,4,5074.45
C08754,2,2223.7999999999997
C08755,3,3527.71
C08756,4,7406.57
C08757,3,3664.17
C08758,3,3840.2
C08759,6,8696.98
C08760,4,4559.45
C08761,1,992.54
C08762,5,9280.97
C08763,2,1509.62
C08764,3,4622.94
C08766,2,2187.6400000000003
C08767,6,14975.06
C08768,4,6347.75
C08769,1,2525.1
C08770,1,1679.73
C08771,1,849.96
C08772,2,2860.16
C08773,5,7565.85
C08774,3,3084.12
C08775,3,3706.63
C08776,1,1083.42
C08777,7,6964.679999999999
C08778,2,2693.41
C08779,4,5361.68
C08780,3,3644.73
C08781,6,7015.46
C08782,6,8815.77
C08783,5,8957.4
C08784,2,4073.0600000000004
C08785,3,2863.46
C08786,5,7729.04
C08787,3,5549.91
C08788,5,7061.17
C08789,3,3005.86
C08790,3,4881.389999999999
C08791,3,7933.37
C08792,4,5681.1900000000005
C08793,5,8741.14
C08794,9,11659.49
C08795,3,4356.87
C08796,6,6300.32
C08797,2,1962.14
C08798,5,5933.97
C08799,1,2822.18
C08800,7,9496.09
C08801,3,4462.97
C08802,6,9541.02
C08803,9,14915.76
C08804,8,9496.55
C08805,3,3969.8
C08806,1,3247.64
C08807,6,5983.91
C08808,2,2927.1800000000003
C08809,7,10354.98
C08810,1,1005.19
C08811,1,2803.53
C08812,4,7980.209999999999
C08813,7,9237.539999999999
C08814,2,1542.72
C08815,2,3877.9900000000002
C08816,3,5269.14
C08817,4,5469.85
C08818,5,8291.07
C08819,8,10623.6
C08820,7,10042.42
C08821,6,10173.64
C08822,7,17209.82
C08824,3,4909.93
C08825,3,4120.6
C08827,3,6195.61
C08828,1,670.69
C08829,3,2925.94
C08830,2,3867.8999999999996
C08831,3,4213.599999999999
C08832,8,10922.27
C08833,3,4849.99
C08834,2,2319.08
C08835,4,4701.66
C08836,2,5917.57
C08838,2,1906.24
C08839,5,6259.4
C08840,2,2617.47
C08841,4,5459.15
C08842,1,1341.36
C08843,4,4340.25
C08844,2,2420.02
C08845,3,4004.65
C08846,6,6980.049999999999
C08847,7,12613.289999999999
C08848,3,6686.11
C08849,5,10557.71
C08850,7,9527.57
C08851,6,8146.18
C08852,3,5036.73
C08853,2,3339.67
C08854,4,5599.49
C08855,2,2364.1899999999996
C08856,3,4055.5099999999998
C08857,7,11162.39
C08858,4,4098.84
C08859,4,4662.46
C08860,3,6491.57
C08861,2,2743.94
C08862,3,3845.3
C08863,4,7936.27
C08864,5,10770.1
C08865,3,3650.2299999999996
C08866,4,6295.05
C08867,6,8040.18
C08868,5,6184.3
C08869,4,5430.36
C08870,2,4987.07
C08871,5,7036.639999999999
C08872,2,3183.38
C08873,3,5130.9
C08874,7,14356.23
C08875,3,4916.55
C08876,4,6641.5
C08877,7,9992.72
C08878,5,6448.19
C08879,5,8358.22
C08880,4,8145.43
C08881,3,3896.36
C08882,5,10613.3
C08883,4,5167.47
C08884,2,4458.04
C08885,6,7144.46
C08886,5,6339.9400000000005
C08887,3,3259.58
C08888,2,3786.47
C08889,1,1135.23
C08890,4,7331.299999999999
C08891,4,11260.25
C08892,6,10270.51
C08893,2,1561.68
C08895,6,8530.02
C08896,1,2209.58
C08897,5,7754.79
C08898,3,4350.36
C08899,6,7708.530000000001
C08900,3,5565.12
C08901,3,4249.47
C08902,8,10103.47
C08903,3,3988.99
C08904,4,6374.11
C08905,5,6716.69
C08906,6,8265.3
C08907,5,6843.88
C08908,5,7322.9
C08909,8,13354.4
C08910,3,3540.12
C08911,3,4308.92
C08912,1,944.4
C08913,9,14964.33
C08914,1,1749.33
C08915,3,6340.369999999999
C08916,4,7050.71
C08917,9,15611.8
C08918,3,4699.11
C08919,8,11632.23
C08920,3,5615.16
C08921,3,4225.23
C08922,2,2557.33
C08923,6,9581.0
C08924,8,13445.11
C08925,8,10607.3
C08926,5,5870.36
C08927,3,3530.77
C08928,3,3652.99
C08929,6,8595.78
C08930,5,6580.33
C08931,3,4957.93
C08932,5,6365.35
C08933,2,4131.65
C08934,5,6419.98
C08935,3,6098.37
C08936,3,4531.0599999999995
C08937,2,2559.44
C08938,2,4698.280000000001
C08939,4,4714.54
C08940,4,4305.28
C08941,2,2212.5299999999997
C08942,5,10147.73
C08943,2,1972.5900000000001
C08944,1,3852.75
C08945,1,707.94
C08946,5,6760.65
C08947,1,1411.09
C08948,5,7947.57
C08949,1,745.21
C08950,3,3547.6
C08951,1,1532.28
C08952,6,8194.12
C08953,2,2451.6800000000003
C08954,6,7938.32
C08955,4,6240.25
C08956,4,4278.6900000000005
C08957,3,3406.33
C08958,4,8568.93
C08959,5,8489.14
C08960,1,1262.55
C08961,2,3240.2200000000003
C08962,8,10715.47
C08963,3,4493.04
C08964,6,7766.66
C08965,3,3404.9399999999996
C08966,5,7403.29
C08967,5,5620.59
C08968,4,5701.6
C08969,2,2656.99
C08970,6,9112.26
C08971,4,5347.51
C08972,3,6532.13
C08973,5,6189.33
C08974,4,7150.51
C08975,5,8096.110000000001
C08976,2,2710.49
C08977,4,4107.12
C08978,4,4721.53
C08979,3,5578.099999999999
C08980,4,7914.5
C08981,4,5514.91
C08982,10,20340.420000000002
C08983,4,5242.7
C08984,3,3526.59
C08985,5,6135.88
C08986,7,9930.91
C08987,7,13757.77
C08988,5,6397.04
C08989,2,4315.34
C08990,5,6158.04
C08991,1,1661.86
C08992,1,1261.37
C08993,5,8074.16
C08994,2,2900.46
C08995,7,9190.38
C08996,5,9129.93
C08997,1,1360.07
C08998,1,1852.43
C08999,4,8376.69
C09000,6,8820.09
C09001,2,2270.19
C09002,7,9097.66
C09003,4,4124.97
C09004,3,4868.0599999999995
C09005,6,6858.02
C09006,3,6322.75
C09007,5,6804.39
C09008,3,3930.94
C09009,5,11204.3
C09010,2,2006.58
C09011,4,6664.04
C09012,4,5120.58
C09014,4,5460.97
C09015,2,1518.88
C09016,3,4539.21
C09017,3,5752.52
C09018,5,7824.55
C09019,6,8321.48
C09020,6,9488.55
C09021,6,7671.969999999999
C09022,5,5293.18
C09023,6,9048.73
C09024,3,5590.66
C09025,7,9734.8
C09026,3,3619.62
C09027,3,5065.34
C09028,4,5655.7300000000005
C09030,1,977.26
C09031,2,6418.5599999999995
C09032,4,4452.67
C09033,4,4966.4400000000005
C09034,3,6593.0
C09036,5,8371.72
C09037,3,6231.29
C09038,5,6139.950000000001
C09039,5,9207.369999999999
C09040,3,5193.89
C09041,6,8468.5
C09042,4,5549.1
C09043,2,3001.3199999999997
C09044,5,8523.69
C09045,7,7240.38
C09046,6,8036.23
C09047,4,3748.74
C09048,2,3242.05
C09049,6,9665.63
C09050,5,9838.73
C09051,3,3833.75
C09052,5,6331.19
C09053,3,3447.45
C09054,2,2005.98
C09055,11,26844.91
C09056,5,9046.01
C09057,2,2760.0699999999997
C09058,3,3217.3199999999997
C09059,5,8941.45
C09060,3,5185.88
C09061,1,707.95
C09062,4,4912.07
C09063,3,4623.14
C09064,7,10675.05
C09065,3,2967.3999999999996
C09066,3,3691.1800000000003
C09067,3,5669.32
C09068,2,2106.23
C09070,2,3173.05
C09071,5,6426.42
C09072,4,5405.58
C09073,4,5557.85
C09074,6,13541.66
C09075,3,5983.57
C09076,4,3902.99
C09077,4,4246.35
C09078,3,5487.83
C09079,3,3656.29
C09080,3,3686.6400000000003
C09081,2,3389.38
C09082,3,4102.68
C09083,4,5025.59
C09084,6,8507.89
C09085,6,8486.9
C09086,2,3421.08
C09087,4,4343.05
C09088,7,10909.7
C09089,5,11309.61
C09090,5,6387.799999999999
C09091,4,4743.280000000001
C09092,3,5421.53
C09093,5,4705.04
C09094,2,1728.88
C09095,3,4594.51
C09096,5,7168.25
C09097,3,5700.139999999999
C09098,4,5503.14
C09099,3,9371.44
C09100,5,6932.8099999999995
C09101,4,6516.280000000001
C09102,2,3746.81
C09103,3,5102.110000000001
C09104,3,5612.22
C09105,2,2618.5
C09106,2,3354.99
C09107,3,6218.36
C09108,5,7604.969999999999
C09109,4,5663.0599999999995
C09110,4,6467.98
C09111,3,3126.54
C09112,4,6209.62
C09113,4,5878.4400000000005
C09114,5,8667.17
C09115,4,8320.57
C09116,2,2014.82
C09117,5,7522.26
C09118,3,4425.63
C09119,3,3305.2
C09120,5,6120.719999999999
C09121,1,1595.74
C09122,5,8776.1
C09123,2,2811.23
C09124,9,14082.23
C09125,1,1064.78
C09126,5,8478.0
C09127,2,4470.93
C09128,4,3811.2
C09129,3,3610.98
C09130,2,2468.55
C09131,5,5722.21
C09133,6,8081.53
C09134,4,5279.33
C09135,5,7627.99
C09136,2,2728.52
C09137,3,5914.7
C09138,3,4310.1
C09140,5,12066.329999999998
C09141,1,3644.56
C09142,6,8205.29
C09143,4,5870.969999999999
C09144,3,5574.799999999999
C09145,4,8912.1
C09146,2,1972.5900000000001
C09147,3,5378.76
C09148,6,10664.23
C09149,2,4007.2799999999997
C09150,4,5262.88
C09151,4,4175.8099999999995
C09152,3,4774.21
C09153,3,4140.97
C09154,6,7567.68
C09155,3,4006.96
C09156,4,5052.49
C09157,7,11042.42
C09158,2,3330.69
C09159,5,4799.75
C09160,1,666.08
C09161,3,4189.04
C09162,1,954.93
C09163,3,5221.5
C09164,3,3554.58
C09165,1,707.95
C09166,3,4044.57
C09167,3,4905.6900000000005
C09168,3,7479.3099999999995
C09169,6,7713.4
C09170,1,937.4
C09171,5,6559.6900000000005
C09172,8,10714.93
C09173,2,7564.289999999999
C09174,6,7095.84
C09175,7,13741.67
C09176,5,10694.74
C09177,2,3037.48
C09178,4,9251.01
C09179,8,10737.1
C09180,6,7510.22
C09181,4,8682.36
C09182,5,5042.900000000001
C09184,1,2415.75
C09185,5,6268.37
C09186,6,12217.95
C09187,5,7576.29
C09188,3,2605.3100000000004
C09189,3,7849.19
C09190,4,7110.93
C09191,2,2580.34
C09192,2,1685.2
C09193,3,3599.04
C09194,5,7655.87
C09195,3,6206.24
C09196,3,4743.91
C09197,6,10165.5
C09198,2,2621.4399999999996
C09199,5,10206.41
C09200,4,4039.17
C09201,2,3227.6499999999996
C09202,3,7190.12
C09203,2,2082.0299999999997
C09204,5,6196.7699999999995
C09205,3,3446.38
C09206,3,3897.54
C09207,2,2193.85
C09208,5,7256.219999999999
C09209,8,15139.49
C09210,2,1867.4099999999999
C09211,3,4137.0
C09212,3,4892.11
C09213,5,5413.05
C09214,6,8455.130000000001
C09215,3,4007.08
C09216,6,9432.04
C09217,6,7304.33
C09218,3,4302.66
C09219,2,2350.98
C09220,3,3892.15
C09221,2,4929.719999999999
C09222,1,1271.45
C09223,4,5194.8
C09224,2,2660.86
C09225,5,8066.68
C09226,7,9745.12
C09227,3,3377.94
C09228,3,4788.4
C09229,2,2217.02
C09230,5,6939.25
C09231,3,4908.4
C09232,2,3025.6800000000003
C09233,2,2693.46
C09234,1,954.93
C09235,1,1749.33
C09236,4,7868.15
C09237,3,3651.36
C09238,2,1841.58
C09239,1,817.74
C09240,3,3566.56
C09241,6,7754.2
C09242,4,4689.73
C09243,4,4637.46
C09244,8,12578.66
C09245,10,12482.869999999999
C09246,3,5679.72
C09247,3,3565.9700000000003
C09248,5,7642.29
C09249,3,3715.4700000000003
C09250,3,4509.79
C09251,4,4923.89
C09252,2,2273.6099999999997
C09253,2,2401.85
C09254,7,12271.7
C09255,2,3940.0899999999997
C09256,1,897.18
C09257,4,7908.73
C09258,4,6708.62
C09259,4,5545.38
C09260,4,6332.0
C09261,9,12197.76
C09262,3,5050.86
C09264,3,4750.5
C09265,8,11987.3
C09266,3,6655.46
C09267,5,6594.45
C09268,4,3675.22
C09269,3,3094.01
C09270,2,1849.29
C09271,4,5577.16
C09272,3,4239.1
C09273,3,3959.6099999999997
C09274,4,4850.77
C09275,1,1136.29
C09276,5,8376.45
C09277,3,5987.86
C09278,4,4263.8099999999995
C09279,3,6932.83
C09280,5,6802.78
C09281,3,3700.43
C09283,7,7651.82
C09284,5,9763.36
C09285,5,8831.59
C09286,8,13059.970000000001
C09287,2,2304.47
C09288,5,8925.130000000001
C09289,6,9774.65
C09290,2,1886.47
C09291,4,6684.55
C09292,6,10907.81
C09293,5,9540.130000000001
C09294,1,2235.63
C09295,3,3034.1
C09296,1,1656.05
C09297,3,3559.8199999999997
C09298,4,5987.0
C09299,5,7338.75
C09300,1,1461.44
C09301,5,7757.98
C09302,5,8841.0
C09303,1,3644.56
C09304,2,2077.84
C09305,6,8550.29
C09306,6,7733.15
C09307,3,6960.23
C09308,5,5978.97
C09309,4,7629.14
C09310,4,9732.29
C09311,6,8370.19
C09312,2,3126.1299999999997
C09313,4,3453.8199999999997
C09314,8,12363.95
C09315,1,1083.42
C09316,6,5842.83
C09317,5,10227.88
C09318,2,6409.950000000001
C09319,3,6241.21
C09320,2,1845.44
C09321,4,5827.94
C09322,4,4457.05
C09323,3,3364.9799999999996
C09324,2,3021.64
C09325,8,10138.1
C09326,5,7382.36
C09327,2,2082.29
C09328,6,7604.82
C09329,1,745.2
C09330,3,6301.77
C09331,5,7466.1900000000005
C09332,4,5038.26
C09333,1,2817.21
C09334,2,1490.41
C09335,4,8652.84
C09336,2,3711.82
C09337,6,7889.110000000001
C09338,5,7940.68
C09339,2,2983.45
C09340,4,4666.75
C09341,3,5824.4
C09342,2,4129.35
C09343,1,2525.1
C09344,2,4491.15
C09345,2,3340.2
C09346,5,6586.610000000001
C09347,2,2752.3199999999997
C09348,3,3589.88
C09349,3,4132.98
C09350,2,2195.8999999999996
C09351,2,3818.79
C09352,3,4011.9700000000003
C09353,5,8672.11
C09354,6,11274.24
C09355,3,4828.71
C09356,3,3757.81
C09357,4,5397.67
C09358,1,1640.05
C09359,1,1809.34
C09360,3,3542.19
C09361,1,1140.44
C09362,5,5155.85
C09363,4,5498.79
C09364,8,12769.67
C09365,6,9329.6
C09366,5,5261.03
C09367,5,8490.08
C09368,7,15476.0
C09369,4,5232.97
C09370,5,6330.07
C09371,4,6168.21
C09372,9,17892.76
C09373,3,6519.73
C09374,2,2124.29
C09375,7,8253.23
C09376,2,3344.94
C09377,3,5265.92
C09378,7,9584.46
C09379,3,3383.64
C09380,2,2245.8
C09381,4,6050.79
C09382,7,7529.82
C09383,8,11128.51
C09384,1,1224.06
C09385,2,3238.16
C09386,6,7763.94
C09387,5,5901.51
C09388,6,7742.219999999999
C09389,1,2356.65
C09390,6,11035.43
C09391,1,1805.64
C09392,6,12553.900000000001
C09394,3,4537.75
C09395,5,5541.85
C09396,4,7124.24
C09397,3,6562.15
C09399,4,5099.83
C09400,4,7018.97
C09401,1,1262.55
C09402,8,11206.94
C09403,4,4815.45
C09404,3,3171.7
C09405,5,5713.73
C09406,1,1595.74
C09407,4,6303.070000000001
C09408,4,8870.75
C09409,4,5304.47
C09410,4,5540.12
C09411,1,670.69
C09412,1,3023.51
C09413,3,8156.01
C09414,5,6918.0599999999995
C09415,7,8646.57
C09416,7,12769.74
C09417,3,5402.33
C09418,2,3170.91
C09419,1,1140.44
C09420,4,8196.64
C09422,5,5473.46
C09423,2,4373.42
C09424,7,11152.15
C09425,3,5072.96
C09426,8,11485.84
C09427,2,3383.96
C09428,5,7709.01
C09429,4,7374.37
C09430,3,3926.98
C09431,1,2739.8
C09432,4,8519.93
C09433,5,7865.01
C09434,5,5467.76
C09435,1,853.74
C09436,2,2525.09
C09437,1,843.54
C09438,1,1451.64
C09439,2,2866.4
C09440,4,6519.03
C09441,6,7468.83
C09442,6,10531.19
C09443,3,3590.0699999999997
C09444,2,4325.92
C09445,5,10661.509999999998
C09446,4,6907.26
C09447,4,3698.16
C09448,2,4964.43
C09449,4,4703.700000000001
C09450,1,2739.8
C09451,3,8685.02
C09452,1,1047.68
C09453,6,10826.869999999999
C09454,3,5641.29
C09456,3,7249.17
C09457,1,670.69
C09458,3,4810.0
C09459,2,3413.3399999999997
C09460,6,9092.65
C09461,2,3445.99
C09462,3,6151.44
C09463,5,7574.97
C09464,4,6570.32
C09465,4,6433.03
C09466,6,8707.35
C09467,2,1722.47
C09468,2,2106.86
C09469,6,8976.83
C09470,3,2500.83
C09471,5,5974.6
C09472,4,7272.18
C09473,5,8736.93
C09474,2,2933.26
C09475,4,5101.59
C09476,3,3452.45
C09477,1,1199.42
C09478,2,5313.97
C09479,5,5841.6
C09480,1,1360.07
C09481,9,13158.15
C09482,2,2668.8999999999996
C09483,1,1356.1
C09484,4,5370.94
C09485,3,3338.38
C09486,1,1874.79
C09487,3,5469.469999999999
C09488,4,8225.41
C09489,10,13344.31
C09491,4,3940.85
C09492,8,11609.77
C09493,2,3395.2
C09494,3,4357.389999999999
C09495,5,5344.099999999999
C09496,1,878.72
C09497,6,10746.02
C09498,3,3140.13
C09499,2,5465.67
C09500,3,4760.6900000000005
C09501,2,2530.84
C09502,6,7011.66
C09503,4,8323.74
C09504,1,2311.65
C09505,7,11182.25
C09506,4,7127.849999999999
C09507,2,2689.5
C09508,6,6531.95
C09509,4,7649.75
C09510,4,4647.27
C09511,3,5552.6
C09512,5,8461.130000000001
C09513,4,4843.0
C09514,3,3298.96
C09516,5,9229.95
C09517,3,4667.88
C09518,4,10276.72
C09519,4,5163.61
C09520,2,2064.05
C09521,7,7799.76
C09522,2,4279.1
C09523,5,5604.9400000000005
C09524,4,6829.55
C09525,2,3897.5299999999997
C09526,3,5600.92
C09527,2,7090.66
C09528,5,5588.57
C09529,5,9155.76
C09530,2,1883.47
C09531,3,2817.34
C09532,3,3265.44
C09533,5,7463.96
C09534,6,8544.39
C09535,2,3561.0299999999997
C09536,7,11239.55
C09537,2,2916.88
C09538,6,6851.21
C09539,6,8634.52
C09540,5,8805.43
C09541,5,9108.06
C09542,2,3541.08
C09543,4,3853.96
C09544,4,7023.03
C09545,1,1207.88
C09547,3,7825.96
C09548,4,8660.939999999999
C09549,6,11582.28
C09550,3,5914.82
C09551,4,5538.37
C09552,10,14042.47
C09553,6,12789.77
C09554,5,6721.84
C09555,4,5391.4400000000005
C09556,1,801.36
C09557,3,5973.46
C09558,6,9193.82
C09559,3,3509.4300000000003
C09560,6,11906.14
C09561,2,3191.49
C09562,2,3699.12
C09563,2,2346.16
C09564,6,7925.549999999999
C09565,6,8020.27
C09566,3,4565.379999999999
C09567,3,3568.3199999999997
C09568,5,6229.3
C09569,2,3955.48
C09570,4,8552.08
C09571,1,1199.42
C09572,6,8357.42
C09573,4,9608.44
C09574,1,1220.04
C09575,6,7709.54
C09576,3,3213.85
C09577,5,5637.9
C09578,7,9089.44
C09579,4,6064.469999999999
C09580,4,4869.31
C09581,3,3772.11
C09582,3,5108.0
C09583,6,8827.130000000001
C09584,2,4088.0600000000004
C09585,5,6482.86
C09587,4,4411.23
C09588,4,4787.02
C09589,3,4508.65
C09590,1,849.96
C09591,1,1271.45
C09592,5,8523.41
C09593,5,5204.1
C09594,6,6796.900000000001
C09595,5,5254.42
C09596,5,7114.369999999999
C09597,2,2501.33
C09598,5,9371.22
C09599,5,6902.219999999999
C09600,1,1595.74
C09601,4,4871.76
C09602,6,7309.4
C09603,4,3625.98
C09604,3,10311.779999999999
C09605,3,6580.889999999999
C09606,3,4209.53
C09607,5,10103.68
C09608,1,1346.89
C09609,4,7130.45
C09610,4,6675.5599999999995
C09611,6,10724.630000000001
C09612,8,8641.31
C09613,3,3403.67
C09614,5,5680.6
C09615,3,6434.84
C09616,6,8862.16
C09617,2,2374.3
C09618,3,3686.98
C09619,5,7473.03
C09620,2,3668.8
C09621,2,2864.01
C09622,6,7167.9
C09623,1,1140.44
C09624,5,10075.37
C09625,6,12542.27
C09626,8,9110.35
C09627,8,10482.199999999999
C09628,1,904.67
C09629,8,20183.67
C09630,7,12655.9
C09631,4,9519.77
C09632,6,8864.51
C09633,5,8641.19
C09634,3,4934.6900000000005
C09635,6,8431.42
C09636,1,1155.82
C09637,3,5642.530000000001
C09638,4,4650.35
C09639,4,7037.84
C09640,2,2415.41
C09641,4,5718.87
C09642,5,7781.33
C09643,5,11393.099999999999
C09644,2,2006.57
C09645,1,992.54
C09646,4,8427.88
C09647,4,4329.9
C09648,3,3417.91
C09649,4,10149.08
C09650,10,18878.26
C09651,3,3462.33
C09652,4,8266.460000000001
C09653,5,5308.46
C09654,2,3323.5299999999997
C09655,4,5745.280000000001
C09656,7,8622.69
C09657,2,1857.9299999999998
C09658,7,10395.42
C09659,5,7718.88
C09660,3,4340.92
C09661,4,4804.84
C09662,2,2493.79
C09663,5,10356.84
C09664,1,1532.28
C09665,3,3855.9900000000002
C09666,5,5260.379999999999
C09667,1,944.4
C09668,5,7265.88
C09669,3,3200.7
C09670,2,4265.139999999999
C09671,6,8888.69
C09672,4,4681.91
C09673,3,3852.51
C09674,4,4130.0
C09675,8,12104.49
C09676,2,2752.9700000000003
C09677,5,7956.27
C09678,5,10627.0
C09679,7,9272.25
C09680,3,4438.6
C09681,2,2793.0200000000004
C09682,6,7308.56
C09683,5,8628.16
C09684,3,3980.64
C09685,5,5131.45
C09686,8,10431.130000000001
C09687,1,2404.09
C09688,4,3219.88
C09689,3,4717.83
C09690,5,10154.11
C09691,3,2353.29
C09692,7,9862.33
C09693,4,6015.1900000000005
C09694,6,8000.48
C09695,6,12867.27
C09696,4,5275.23
C09697,6,11867.43
C09698,4,4022.08
C09699,5,5482.61
C09700,2,3837.64
C09701,5,11307.54
C09702,6,7571.2
C09703,5,6798.0599999999995
C09704,1,1612.93
C09705,4,9812.01
C09706,4,4284.7
C09707,3,5420.1900000000005
C09708,10,12984.28
C09709,5,7371.49
C09710,1,2008.8
C09711,3,5196.49
C09712,5,7143.650000000001
C09713,5,6570.55
C09714,9,11207.539999999999
C09715,7,10601.18
C09716,7,9443.43
C09717,3,4325.88
C09718,4,5379.73
C09719,1,1749.33
C09720,2,4694.42
C09721,4,5037.58
C09722,5,6208.73
C09723,3,5723.1
C09724,4,6557.4
C09725,1,2171.68
C09726,6,6847.950000000001
C09727,4,5785.86
C09728,3,4118.31
C09729,3,3908.95
C09730,3,4701.5599999999995
C09731,2,4036.8599999999997
C09732,2,5140.01
C09733,2,2959.0
C09734,2,3210.37
C09735,4,4270.57
C09736,2,4592.2300000000005
C09737,3,4304.41
C09738,5,8369.12
C09739,6,6210.23
C09740,8,13623.15
C09741,2,2348.64
C09742,3,2820.1299999999997
C09743,7,8492.47
C09744,5,7539.07
C09745,3,5316.85
C09746,5,5809.03
C09747,5,6161.0
C09748,1,893.29
C09749,2,4116.15
C09750,3,4625.23
C09751,3,3680.42
C09752,3,4448.29
C09753,4,4848.85
C09754,3,3128.96
C09755,5,9514.73
C09756,2,3459.21
C09757,6,8842.35
C09758,3,4085.17
C09759,7,8228.89
C09760,7,11300.74
C09761,6,6777.79
C09762,4,4379.26
C09763,3,3779.31
C09764,3,4870.6
C09765,4,5415.43
C09766,5,10524.76
C09767,6,9441.91
C09768,3,3687.0199999999995
C09769,6,9423.359999999999
C09770,4,8042.01
C09771,3,4582.67
C09772,3,5975.09
C09773,4,4675.03
C09774,2,3021.59
C09775,3,4584.12
C09776,6,10280.99
C09777,4,8057.35
C09778,5,7460.17
C09779,5,7067.09
C09780,7,8652.49
C09781,4,6361.4
C09782,2,2784.52
C09783,3,6850.98
C09784,4,5715.04
C09785,5,4710.25
C09786,5,6363.6
C09787,4,5659.34
C09788,5,7715.780000000001
C09789,3,3515.9300000000003
C09790,2,3586.81
C09791,3,4763.2
C09792,6,7431.849999999999
C09793,4,4309.39
C09794,3,3203.55
C09795,2,2796.1099999999997
C09796,3,5030.54
C09797,3,3665.3999999999996
C09798,4,7237.35
C09799,1,1049.55
C09800,5,6126.23
C09801,4,4864.8
C09802,3,9602.96
C09803,2,2819.07
C09804,7,8010.05
C09806,3,4800.44
C09807,6,7913.33
C09808,3,4722.21
C09809,4,4562.19
C09810,5,6270.44
C09811,4,6493.55
C09812,4,6141.74
C09813,5,6720.65
C09814,8,11935.18
C09815,6,6972.5
C09816,3,3966.02
C09817,4,5622.58
C09818,5,11538.029999999999
C09819,5,7062.17
C09820,3,2918.1
C09822,5,5260.370000000001
C09823,6,10377.58
C09824,3,4190.74
C09825,6,10612.46
C09826,5,7003.68
C09827,4,6286.030000000001
C09828,2,2435.1800000000003
C09829,2,2233.42
C09830,1,2023.08
C09831,3,4179.85
C09832,7,11204.89
C09833,5,7619.5
C09834,3,2702.0299999999997
C09835,5,5988.63
C09837,5,7125.0599999999995
C09838,5,6575.71
C09839,2,3886.13
C09840,6,9959.51
C09841,1,1135.23
C09842,2,2683.15
C09843,4,6007.219999999999
C09844,1,1049.55
C09845,3,3865.99
C09846,2,4366.49
C09847,3,3692.35
C09848,4,9646.6
C09849,3,4013.86
C09850,2,2335.0299999999997
C09851,10,17906.12
C09852,4,5277.780000000001
C09853,1,1104.79
C09854,3,3739.26
C09855,6,11998.45
C09856,3,8254.369999999999
C09857,4,5087.42
C09858,3,5707.13
C09859,4,9009.83
C09860,5,8701.05
C09861,4,5173.07
C09862,4,4386.8099999999995
C09863,6,7854.219999999999
C09864,6,9191.59
C09865,3,5361.57
C09866,3,3205.83
C09867,2,3403.2400000000002
C09868,1,670.69
C09869,4,7012.04
C09870,5,8834.81
C09871,4,5449.57
C09872,3,4131.43
C09873,5,6709.93
C09874,2,2578.3599999999997
C09875,4,4135.99
C09876,7,11434.14
C09877,6,6911.35
C09878,2,3341.09
C09879,8,10967.1
C09880,3,6461.76
C09881,4,9773.33
C09882,5,8940.91
C09883,4,5621.98
C09884,5,5294.47
C09885,4,8150.23
C09886,3,2581.02
C09887,4,5308.89
C09888,5,8512.94
C09889,3,4124.0599999999995
C09890,2,2574.71
C09891,2,1669.5700000000002
C09892,7,10156.46
C09893,6,8026.59
C09894,4,4703.43
C09895,4,8138.91
C09896,3,3791.43
C09897,2,2904.99
C09898,6,10691.8
C09899,4,6221.38
C09900,2,1619.1
C09901,5,7806.900000000001
C09902,3,5148.49
C09903,1,1661.86
C09904,7,13027.48
C09906,5,11713.619999999999
C09907,3,4649.389999999999
C09908,2,2496.8999999999996
C09909,1,939.07
C09910,5,10275.990000000002
C09911,4,6352.99
C09912,4,5031.02
C09913,7,9645.97
C09914,7,8748.45
C09915,1,2922.88
C09916,2,3410.2200000000003
C09917,6,7818.43
C09918,2,2131.84
C09919,5,6390.77
C09920,5,10192.82
C09921,6,11201.85
C09922,11,19487.31
C09923,3,7188.789999999999
C09924,2,2206.6400000000003
C09925,3,8074.049999999999
C09926,2,2405.91
C09927,5,7517.06
C09928,7,12244.84
C09929,5,8194.3
C09930,5,7604.82
C09931,4,6230.42
C09932,3,4077.2200000000003
C09933,4,6519.0599999999995
C09934,3,4710.52
C09935,7,7707.75
C09936,4,5340.67
C09937,4,6360.78
C09938,2,4633.43
C09939,4,7071.0
C09940,6,11923.81
C09941,2,2587.38
C09942,3,4345.13
C09943,2,1855.63
C09944,3,5154.15
C09945,5,7904.0599999999995
C09946,3,4786.32
C09947,1,3085.26
C09948,5,6918.8
C09949,3,8611.630000000001
C09950,4,7161.93
C09951,3,3766.02
C09952,6,6781.54
C09953,3,5204.599999999999
C09954,4,6222.530000000001
C09955,4,5034.1
C09956,6,14461.970000000001
C09957,1,1369.9
C09958,4,4524.5
C09959,6,7379.61
C09960,1,1822.28
C09961,3,4054.8999999999996
C09962,4,6978.92
C09963,3,3393.99
C09964,7,15043.09
C09965,11,14507.849999999999
C09966,3,8444.880000000001
C09967,5,8435.7
C09968,4,3693.86
C09969,2,4799.860000000001
C09970,4,5689.05
C09971,5,6688.6900000000005
C09972,1,1595.74
C09973,3,2966.1
C09974,1,1309.25
C09975,4,8830.32
C09976,3,3618.12
C09977,4,4890.32
C09978,6,7604.740000000001
C09979,4,8118.99
C09980,2,3819.83
C09981,6,7165.57
C09982,6,7773.96
C09983,2,2191.98
C09984,1,1081.2
C09985,3,5165.31
C09986,3,4228.62
C09987,6,6109.64
C09988,3,4895.96
C09989,1,849.96
C09990,5,6213.16
C09991,2,2634.67
C09992,5,7757.23
C09993,3,4049.55
C09994,7,8522.71
C09995,2,2373.06
C09996,3,3950.5099999999998
C09997,3,2969.8900000000003
C09998,2,4488.4
C09999,3,4258.23
C10000,7,8735.46
C10001,5,7159.5
C10002,6,10319.1
C10003,3,10364.9
C10004,4,5006.43
C10005,1,937.4
C10006,3,5828.870000000001
C10007,6,7155.61
C10008,4,4143.09
C10009,6,9492.439999999999
C10010,6,7596.95
C10011,3,4207.33
C10012,4,7076.650000000001
C10013,2,4988.34
C10014,3,5810.9400000000005
C10015,6,10649.11
C10016,2,2641.48
C10017,4,4688.74
C10018,2,3497.83
C10019,5,9219.07
C10020,6,7861.41
C10021,4,6281.79
C10022,1,790.85
C10023,3,3255.87
C10024,5,7708.610000000001
C10025,5,6829.29
C10027,5,7238.38
C10028,1,1380.25
C10029,4,10235.34
C10030,9,18152.85
C10031,2,2901.49
C10032,8,19470.38
C10033,5,8346.27
C10034,5,8825.130000000001
C10035,2,3270.69
C10036,5,8235.54
C10037,3,4416.11
C10038,5,5595.24
C10039,4,5134.04
C10040,3,4200.34
C10041,4,6576.63
C10042,3,5701.01
C10043,2,2350.44
C10044,4,4502.49
C10045,5,9633.58
C10047,4,5880.33
C10048,2,3256.77
C10049,6,6577.16
C10050,5,9268.22
C10051,7,11101.18
C10052,7,11335.68
C10053,1,1212.2
C10054,5,5816.16
C10055,1,954.18
C10056,2,2381.46
C10057,2,2132.98
C10058,1,1201.33
C10059,5,8201.89
C10060,3,8308.41
C10061,6,7816.1
C10062,2,5140.8
C10063,6,10818.65
C10064,5,6211.89
C10065,2,1949.5900000000001
C10066,3,5998.61
C10067,2,4423.639999999999
C10068,1,903.96
C10069,4,5844.74
C10070,3,5870.3099999999995
C10071,3,4655.26
C10072,7,12343.44
C10073,2,2647.58
C10074,6,8693.789999999999
C10075,4,4780.549999999999
C10076,4,3415.69
C10077,6,6707.83
C10078,3,5856.77
C10079,4,6978.3099999999995
C10080,4,6012.17
C10081,4,5676.52
C10082,6,7837.89
C10083,4,7906.5
C10084,5,8341.47
C10085,5,5704.58
C10087,2,3381.48
C10088,6,9110.89
C10089,2,3355.69
C10090,3,6996.27
C10091,8,9431.07
C10092,2,3354.56
C10093,3,5716.3
C10094,2,2672.7200000000003
C10095,4,7171.42
C10097,4,8547.189999999999
C10098,5,5413.13
C10099,3,3743.87
C10100,2,4113.639999999999
C10101,6,7224.92
C10102,7,10254.28
C10104,5,7633.42
C10105,2,2738.09
C10106,3,6020.5599999999995
C10107,2,2794.44
C10108,2,5979.9
C10109,3,5967.78
C10110,2,3010.7
C10111,1,1004.4
C10112,4,7442.15
C10113,5,9060.460000000001
C10114,3,3381.96
C10115,2,3077.3199999999997
C10116,6,7444.49
C10117,3,4527.28
C10118,1,1485.36
C10119,1,1511.76
C10120,2,2805.73
C10121,1,1612.93
C10122,2,2328.2
C10123,4,9702.88
C10124,3,2333.95
C10125,5,8755.88
C10126,3,3638.12
C10127,5,5941.96
C10128,2,2718.41
C10129,1,2129.56
C10130,2,3146.5
C10131,2,4822.04
C10132,3,4953.93
C10133,4,5670.49
C10134,5,6067.97
C10135,2,2569.32
C10136,2,5325.54
C10137,3,4181.1
C10138,3,4759.16
C10139,6,8748.55
C10140,6,5688.88
C10141,2,1852.25
C10142,7,10044.85
C10143,3,5684.23
C10144,3,4327.08
C10145,5,5605.54
C10146,6,7551.08
C10147,3,5341.32
C10148,2,3021.71
C10150,5,7735.139999999999
C10151,5,7336.81
C10152,5,6214.8
C10153,6,8733.46
C10154,5,8147.18
C10155,4,4566.77
C10156,4,4006.29
C10157,7,12653.11
C10158,2,3095.63
C10159,1,1485.36
C10160,4,5459.95
C10161,5,7953.0
C10162,3,3721.04
C10163,1,666.08
C10164,2,1887.8700000000001
C10165,3,5465.73
C10166,1,992.54
C10167,2,1958.58
C10168,5,8269.25
C10169,6,9622.6
C10170,2,3818.97
C10171,5,13407.769999999999
C10172,3,3976.49
C10173,4,4770.82
C10174,4,7050.2699999999995
C10175,2,2799.65
C10176,3,5173.839999999999
C10177,3,5747.22
C10178,5,5493.01
C10179,8,9613.44
C10180,2,2914.4
C10181,4,5595.47
C10182,5,8808.630000000001
C10184,8,11703.65
C10185,4,4517.14
C10186,2,4652.88
C10187,4,6645.299999999999
C10188,3,3722.8999999999996
C10189,3,4381.5199999999995
C10190,5,8249.74
C10192,3,7035.3
C10193,8,9821.52
C10194,5,6971.6900000000005
C10195,2,2505.13
C10196,4,4804.77
C10197,4,6636.43
C10198,1,1284.25
C10199,4,6014.96
C10200,3,3410.0499999999997
C10201,2,2408.0299999999997
C10202,3,3277.3999999999996
C10203,2,3155.6099999999997
C10204,2,2960.8999999999996
C10205,1,2171.68
C10206,2,1909.02
C10207,2,2820.58
C10208,2,2512.75
C10209,4,4791.18
C10210,8,9818.16
C10211,2,2924.3
C10212,9,16801.05
C10214,5,9540.47
C10215,1,1749.33
C10216,4,7269.73
C10217,1,2063.1
C10218,5,12266.36
C10219,4,7075.22
C10220,6,12589.42
C10221,4,5569.599999999999
C10222,1,4109.7
C10223,4,7199.94
C10224,5,7825.42
C10225,4,4427.29
C10226,3,5752.09
C10227,6,8655.25
C10228,3,2751.08
C10229,3,3296.69
C10230,6,9201.4
C10231,5,5029.88
C10232,4,5601.68
C10233,4,6643.06
C10234,4,7196.0
C10235,3,3125.29
C10236,5,7870.259999999999
C10237,4,6851.68
C10239,1,759.19
C10240,4,6845.17
C10241,4,6606.26
C10242,8,10774.68
C10243,3,3731.15
C10244,5,9530.55
C10245,4,7585.5599999999995
C10246,4,6155.04
C10247,2,2759.79
C10248,5,6349.07
C10249,2,2470.95
C10250,6,9065.58
C10251,4,7154.73
C10252,2,2944.8900000000003
C10253,6,8805.55
C10254,2,2220.74
C10255,6,10191.19
C10256,3,5291.51
C10257,4,5380.030000000001
C10258,2,2556.5099999999998
C10259,4,7043.07
C10260,3,5068.32
C10261,1,1679.73
C10262,5,6906.7699999999995
C10263,3,3350.13
C10264,3,4309.98
C10265,6,8151.76
C10266,3,5520.43
C10267,3,4606.91
C10268,3,4974.66
C10269,3,3565.79
C10270,2,1842.4
C10271,2,4748.95
C10272,4,3524.96
C10273,3,2889.58
C10274,3,3977.09
C10275,4,7118.71
C10276,6,10857.24
C10277,3,3952.24
C10278,4,4433.65
C10279,4,4276.1
C10280,6,13133.43
C10281,2,2080.69
C10282,2,2011.48
C10283,3,4832.42
C10284,3,3218.95
C10285,6,10917.97
C10286,2,2170.5
C10287,6,10746.84
C10288,4,6707.63
C10289,3,5557.13
C10290,3,3543.13
C10291,4,5561.32
C10292,6,10553.810000000001
C10293,3,3386.74
C10294,3,6663.65
C10296,4,5266.47
C10297,6,8274.039999999999
C10298,6,9473.08
C10299,3,6122.43
C10301,5,5487.21
C10302,3,3338.37
C10303,6,6403.74
C10304,3,4126.78
C10305,5,5557.06
C10306,6,8207.56
C10307,3,4478.9
C10308,3,3553.98
C10309,1,2270.47
C10310,4,11323.2
C10311,1,897.18
C10312,6,7894.37
C10313,1,3519.62
C10314,1,2311.65
C10315,5,6219.69
C10316,5,7871.71
C10317,6,7642.81
C10318,4,5143.35
C10319,4,5011.66
C10320,6,11747.64
C10321,6,10674.68
C10322,7,10262.59
C10323,3,3236.27
C10324,2,3565.56
C10325,2,1453.16
C10326,3,5783.049999999999
C10327,4,9276.83
C10328,3,6276.1
C10329,8,12224.01
C10330,3,3668.15
C10331,5,9595.65
C10332,4,4814.18
C10333,6,8639.86
C10334,1,1407.64
C10335,2,2684.08
C10336,3,4541.34
C10337,5,10186.550000000001
C10338,1,1004.4
C10339,4,6177.46
C10340,3,3488.3500000000004
C10341,2,4226.7300000000005
C10342,1,1021.13
C10343,5,7887.14
C10344,3,5264.33
C10345,4,7240.65
C10346,2,3058.58
C10347,2,3441.77
C10348,2,4011.27
C10349,7,7774.1900000000005
C10350,3,3157.5499999999997
C10351,7,10136.89
C10352,3,3997.27
C10353,5,8895.61
C10354,4,5844.09
C10355,3,5412.54
C10356,4,5603.4
C10357,2,4730.889999999999
C10358,4,5423.46
C10359,2,4190.3099999999995
C10360,1,1542.63
C10361,1,1049.55
C10362,5,5973.84
C10363,2,3671.8599999999997
C10364,1,2693.78
C10365,1,2693.78
C10366,3,5614.99
C10368,4,3918.2599999999998
C10369,5,8440.41
C10370,4,5284.99
C10371,4,7379.68
C10372,6,7673.68
C10373,6,9499.49
C10374,5,8608.31
C10375,3,3579.27
C10376,2,2545.91
C10377,5,9912.74
C10378,4,7325.67
C10379,1,1415.9
C10380,3,3871.23
C10381,1,1198.3
C10382,7,9924.55
C10383,3,4013.1
C10384,3,6132.780000000001
C10385,4,5861.26
C10386,6,9614.67
C10387,3,5657.530000000001
C10388,4,8084.16
C10389,6,9408.58
C10390,4,4532.49
C10391,2,1573.23
C10392,3,2867.15
C10393,4,5910.67
C10394,5,9297.36
C10395,3,5287.07
C10396,1,992.54
C10397,5,6676.3
C10398,2,1989.44
C10399,5,14264.0
C10400,1,1220.49
C10401,2,2191.96
C10402,5,6646.19
C10403,3,3707.49
C10404,5,7699.73
C10405,3,3840.8599999999997
C10406,2,3074.87
C10407,2,5038.0599999999995
C10409,2,3167.6
C10410,4,5846.97
C10411,4,4701.6
C10412,6,7899.5199999999995
C10413,9,19638.94
C10414,5,7937.32
C10415,6,7720.21
C10416,6,9535.380000000001
C10417,4,5895.43
C10418,5,7516.81
C10419,1,745.21
C10420,7,11299.16
C10421,3,5380.53
C10422,6,10791.08
C10423,4,4888.67
C10424,3,4789.78
C10425,2,2413.5299999999997
C10427,6,7651.95
C10428,2,2305.7200000000003
C10429,7,10243.11
C10430,5,5047.2300000000005
C10431,6,7311.76
C10432,1,1531.5
C10433,3,4024.66
C10434,3,3786.5699999999997
C10435,6,8088.93
C10436,1,1026.4
C10437,4,3895.57
C10438,4,5311.679999999999
C10439,1,1564.87
C10440,2,6399.339999999999
C10441,4,5779.05
C10442,4,5034.73
C10443,5,11139.46
C10444,2,2159.63
C10445,4,6572.1
C10446,4,5183.35
C10448,1,1141.26
C10449,5,6317.55
C10450,2,2820.8
C10451,3,4991.57
C10452,3,5548.38
C10453,6,8183.9
C10454,4,6030.07
C10455,3,3985.41
C10456,5,8421.85
C10457,5,6729.51
C10458,6,6240.35
C10459,5,10040.43
C10460,2,2209.84
C10461,4,6328.37
C10462,3,5515.469999999999
C10463,3,3667.38
C10464,1,1198.3
C10465,6,8777.17
C10466,5,6608.94
C10467,5,6406.49
C10468,2,2600.42
C10469,3,6864.53
C10470,4,5048.46
C10471,2,3401.37
C10472,4,3966.63
C10473,5,6396.43
C10474,2,1662.87
C10475,2,2418.34
C10476,3,6443.31
C10477,6,6585.67
C10478,5,5240.82
C10479,7,14155.619999999999
C10480,3,6030.21
C10481,4,5836.67
C10482,5,12581.08
C10483,4,4919.0
C10484,4,8689.89
C10485,5,6635.0
C10486,1,3405.7
C10487,2,4296.28
C10488,4,7080.76
C10489,4,5990.04
C10490,1,1262.55
C10491,5,9321.26
C10492,1,1346.89
C10493,2,4308.0199999999995
C10494,6,8427.3
C10495,2,5206.7
C10496,4,7016.419999999999
C10497,6,8191.889999999999
C10498,3,7743.33
C10499,5,6570.5599999999995
C10500,6,7516.54
C10501,6,10584.23
C10502,1,2396.6
C10503,4,6738.45
C10504,6,9669.06
C10505,2,4594.51
C10506,4,5403.08
C10507,2,2266.5
C10508,5,6119.7699999999995
C10509,3,4370.4400000000005
C10510,4,6668.66
C10511,7,11656.119999999999
C10512,1,1026.4
C10513,2,2112.46
C10514,6,8163.780000000001
C10515,3,4737.84
C10516,3,3523.9700000000003
C10517,7,8216.98
C10518,5,7930.99
C10519,12,17343.94
C10520,2,3146.67
C10521,10,11439.33
C10522,3,4966.92
C10523,6,9852.4
C10524,3,3217.24
C10525,3,3583.95
C10526,7,8239.92
C10527,4,4011.81
C10528,3,6475.46
C10529,6,7032.0
C10530,3,3775.94
C10531,3,2877.4700000000003
C10532,3,4374.1900000000005
C10533,3,3789.02
C10534,4,5339.0
C10535,3,4303.58
C10536,4,5212.17
C10537,4,5741.81
C10538,4,7579.0
C10539,2,1858.85
C10540,3,3100.59
C10542,3,6122.610000000001
C10543,5,7139.36
C10544,3,4654.58
C10545,3,8044.49
C10546,3,4915.299999999999
C10547,5,7166.46
C10548,4,6570.469999999999
C10549,2,3043.5
C10550,3,4049.76
C10551,2,1946.67
C10552,3,5735.18
C10553,4,6373.1
C10554,2,6456.43
C10555,6,7126.26
C10556,2,1978.23
C10557,2,2565.8
C10558,5,8406.23
C10559,2,2986.93
C10560,10,17187.87
C10561,3,7141.79
C10562,2,3035.83
C10563,5,7415.91
C10564,3,4063.83
C10565,3,4027.8799999999997
C10566,3,4657.67
C10567,2,2404.0299999999997
C10568,3,3704.16
C10569,7,8412.06
C10570,2,2432.51
C10571,5,6749.5199999999995
C10572,7,12554.22
C10573,2,2135.6099999999997
C10574,3,3994.76
C10575,4,4735.09
C10576,4,5836.530000000001
C10577,4,5237.9
C10578,2,2816.41
C10579,5,7571.45
C10580,4,5805.74
C10581,5,6633.99
C10582,6,9220.73
C10583,3,3736.71
C10584,5,9438.16
C10585,4,8345.04
C10586,2,4336.02
C10587,3,4539.37
C10588,2,2845.8599999999997
C10589,2,4129.84
C10590,5,7823.62
C10591,3,2350.34
C10592,6,7641.5
C10593,2,2705.85
C10594,3,5192.15
C10595,2,3394.8
C10596,4,5551.31
C10597,4,7293.219999999999
C10598,6,8568.26
C10599,6,8039.71
C10600,2,2564.13
C10601,4,6385.32
C10602,4,4931.87
C10603,3,3838.16
C10604,4,7011.29
C10605,3,5092.469999999999
C10606,4,9101.32
C10607,4,4112.68
C10608,8,12784.119999999999
C10609,7,11734.099999999999
C10610,7,8391.83
C10611,4,4346.71
C10612,7,10773.93
C10613,5,13492.79
C10614,8,13417.359999999999
C10615,3,4724.98
C10616,6,10126.78
C10617,4,6519.06
C10618,3,4408.74
C10620,3,4049.0
C10621,4,6696.84
C10622,4,6157.110000000001
C10623,4,7410.43
C10624,4,8032.02
C10625,1,1085.84
C10626,3,4132.09
C10627,3,2854.27
C10629,4,8198.94
C10630,10,12667.39
C10631,5,10020.93
C10632,3,8007.42
C10633,2,1935.6999999999998
C10634,8,12985.92
C10635,5,9990.79
C10636,9,14019.72
C10637,5,6279.29
C10638,1,707.95
C10639,2,2001.9699999999998
C10640,2,2235.62
C10641,3,3635.98
C10642,3,3915.6099999999997
C10643,5,8721.77
C10644,1,1900.67
C10645,1,1679.73
C10646,5,5825.38
C10647,4,4394.6
C10648,2,4348.54
C10649,4,5935.79
C10650,3,3799.0099999999998
C10651,3,5290.56
C10652,7,11300.26
C10653,4,5159.68
C10654,7,10496.86
C10655,5,5904.09
C10656,7,11724.71
C10657,4,5344.52
C10658,6,9180.42
C10659,3,9254.49
C10660,4,4470.66
C10661,6,9642.51
C10662,5,6264.219999999999
C10663,7,8182.16
C10664,6,7441.99
C10665,4,8160.23
C10666,2,3094.85
C10667,2,2445.91
C10668,3,4008.01
C10669,6,10397.06
C10670,1,3611.27
C10671,7,12682.93
C10672,4,6872.73
C10673,2,3895.48
C10674,6,8825.38
C10675,5,9254.83
C10676,4,6024.21
C10677,2,2750.04
C10678,4,9751.800000000001
C10679,5,9316.630000000001
C10680,4,4402.96
C10681,1,1292.07
C10682,6,10719.630000000001
C10683,2,1482.64
C10684,3,6714.79
C10685,3,5814.76
C10686,4,6256.61
C10687,4,5270.84
C10688,4,4238.63
C10689,4,5043.79
C10690,6,13961.57
C10691,2,2998.7
C10692,7,11451.88
C10693,5,7754.96
C10694,2,5862.34
C10695,6,8819.93
C10696,4,5027.33
C10698,2,2306.13
C10699,5,6912.29
C10700,3,3604.3999999999996
C10701,1,707.95
C10702,2,1467.13
C10703,2,2944.04
C10704,4,5656.72
C10705,3,4054.55
C10706,4,6039.71
C10707,2,3612.24
C10708,5,13850.94
C10709,3,4349.35
C10710,1,1102.82
C10711,4,6939.01
C10712,3,3533.24
C10713,2,4013.6
C10714,6,12422.48
C10715,4,5015.87
C10716,3,6482.4
C10717,3,2954.38
C10718,2,3141.1
C10719,5,6807.280000000001
C10720,5,5990.38
C10722,1,2205.64
C10723,3,3800.41
C10724,3,6491.110000000001
C10725,4,7145.889999999999
C10726,3,2985.38
C10727,3,6258.02
C10728,3,3745.24
C10729,4,4175.59
C10730,2,3318.05
C10731,5,8054.1
C10732,2,1872.02
C10733,4,8038.200000000001
C10734,3,4317.57
C10735,6,5886.49
C10736,2,4759.77
C10737,6,7056.88
C10738,2,1874.27
C10739,2,1775.03
C10740,1,1759.81
C10741,3,3735.2
C10742,3,4572.69
C10743,4,4806.58
C10744,8,10480.19
C10745,3,4109.5
C10746,7,8127.17
C10747,3,3961.19
C10748,5,7756.99
C10749,2,2476.37
C10750,6,10043.56
C10751,3,4043.29
C10752,4,5757.46
C10753,4,5616.33
C10754,5,10150.36
C10755,6,11097.98
C10756,5,7077.09
C10757,5,7460.0199999999995
C10758,3,3221.04
C10759,5,6201.79
C10760,1,2282.53
C10761,1,633.42
C10762,5,5168.29
C10763,3,3530.95
C10764,1,1749.33
C10765,5,8335.64
C10766,3,3596.54
C10767,3,4499.77
C10768,4,6944.26
C10769,4,4773.65
C10770,6,9305.9
C10771,4,6627.049999999999
C10772,5,8681.06
C10773,1,944.4
C10774,2,2131.8599999999997
C10775,4,9062.05
C10776,4,5185.21
C10777,2,2538.08
C10778,7,11016.84
C10779,1,707.95
C10780,1,1822.28
C10781,2,2234.73
C10782,4,6454.400000000001
C10783,1,3151.68
C10785,2,3198.6800000000003
C10786,5,6088.76
C10787,4,8876.42
C10788,5,9569.45
C10789,4,6422.42
C10790,4,5135.43
C10791,4,3536.6499999999996
C10792,6,8401.3
C10793,4,6638.3
C10794,2,4479.95
C10795,2,2858.9700000000003
C10796,3,5445.54
C10797,2,2713.21
C10798,5,9700.72
C10799,3,8328.26
C10800,6,9042.09
C10801,3,7117.93
C10802,1,1140.44
C10803,2,1997.73
C10804,3,6176.0599999999995
C10805,1,1155.82
C10807,4,4214.92
C10808,6,6863.0
C10809,2,4074.55
C10810,2,4906.57
C10811,2,3725.0
C10812,6,10921.14
C10813,1,1845.93
C10814,1,1243.79
C10815,6,7769.57
C10816,3,5461.240000000001
C10817,8,15870.83
C10818,1,670.69
C10819,3,3582.9700000000003
C10820,4,5427.75
C10821,2,2436.17
C10822,5,9182.79
C10823,5,11456.3
C10824,1,1822.28
C10825,1,1144.3
C10826,1,1220.49
C10827,2,3359.86
C10828,2,3107.34
C10829,2,2337.87
C10830,1,1852.43
C10831,6,10638.04
C10832,7,10053.97
C10833,3,5933.41
C10834,3,3634.08
C10835,5,7691.76
C10836,2,3522.79
C10837,5,10131.63
C10838,1,1102.82
C10839,8,18712.68
C10840,5,10095.46
C10841,4,4450.12
C10842,3,4718.34
C10843,5,6588.9400000000005
C10845,4,6227.17
C10846,6,8162.5199999999995
C10847,5,6229.77
C10848,5,6605.77
C10849,3,9916.529999999999
C10850,4,5380.51
C10851,5,8317.41
C10852,3,8477.56
C10853,3,3591.91
C10854,5,8360.3
C10855,3,4226.5
C10856,5,8108.139999999999
C10857,3,7025.23
C10858,4,8411.18
C10859,5,6710.6900000000005
C10860,5,7283.01
C10861,5,8064.5599999999995
C10862,4,6973.52
C10863,3,4909.53
C10864,5,6991.15
C10865,5,9216.72
C10866,4,6783.139999999999
C10867,3,3693.1800000000003
C10868,2,4000.03
C10869,3,3689.7
C10870,3,3247.34
C10871,5,5256.46
C10872,3,5492.83
C10873,5,5725.6
C10874,7,9658.42
C10875,1,944.4
C10876,2,3250.51
C10877,4,9222.3
C10878,2,2105.06
C10879,5,7526.6900000000005
C10880,1,801.36
C10881,2,1885.64
C10882,5,6833.889999999999
C10883,1,897.18
C10884,1,1852.43
C10885,2,2841.01
C10886,4,4047.1000000000004
C10887,1,1178.32
C10888,1,2970.72
C10889,3,3750.36
C10890,3,3026.63
C10891,2,3788.54
C10892,3,4222.1900000000005
C10893,5,9763.21
C10894,4,4679.84
C10895,3,3100.5600000000004
C10896,6,8111.65
C10897,7,10157.7
C10898,3,5308.87
C10899,3,5969.1
C10900,3,3736.97
C10901,6,12361.05
C10902,5,8256.82
C10903,2,6523.41
C10904,2,1985.19
C10905,5,7250.29
C10906,5,6334.93
C10907,5,7071.6900000000005
C10908,3,3131.81
C10909,6,8944.26
C10910,6,8246.32
C10911,7,10464.72
C10912,6,8509.01
C10913,3,4152.4
C10914,6,11674.380000000001
C10915,4,8321.869999999999
C10916,1,860.78
C10917,1,1461.44
C10918,5,10616.150000000001
C10919,5,5878.13
C10920,2,3796.6000000000004
C10921,3,8471.77
C10922,3,3581.23
C10923,5,6069.24
C10924,2,2433.84
C10925,4,5684.1900000000005
C10926,5,9264.64
C10927,4,5617.58
C10928,3,3211.42
C10929,4,5954.799999999999
C10931,1,670.69
C10932,5,6016.889999999999
C10933,3,4430.74
C10935,4,8876.25
C10936,7,11990.96
C10937,4,5175.41
C10938,1,1575.84
C10939,6,8787.65
C10940,2,2360.62
C10941,1,707.94
C10942,7,12664.52
C10943,3,6550.71
C10944,4,4531.41
C10945,3,4290.33
C10946,4,5165.02
C10947,4,5989.74
C10948,4,4015.7200000000003
C10949,7,9603.64
C10950,1,1511.76
C10951,2,3756.42
C10952,8,13153.69
C10953,5,6173.85
C10954,4,4504.87
C10955,6,8579.3
C10956,1,1574.57
C10957,2,3717.0600000000004
C10958,3,4875.37
C10959,4,4809.74
C10960,6,7333.09
C10961,3,5836.35
C10962,1,1201.33
C10963,5,7682.95
C10964,4,7287.610000000001
C10965,7,13308.02
C10966,5,8736.76
C10967,4,4401.1900000000005
C10968,3,4455.84
C10969,2,2310.92
C10970,4,5926.17
C10971,3,5033.89
C10972,2,3457.41
C10973,6,10384.06
C10974,7,10446.27
C10975,1,1049.55
C10976,4,5580.76
C10977,4,7674.99
C10978,6,8871.42
C10979,3,3765.5
C10980,2,1750.4
C10981,3,4048.11
C10982,6,7067.87
C10983,5,7518.08
C10984,5,8033.97
C10985,2,2082.67
C10986,3,3680.73
C10987,6,9883.01
C10988,3,3282.41
C10989,3,5879.79
C10990,4,6134.28
C10991,4,7337.84
C10992,5,6514.99
C10993,4,5951.69
C10994,3,4959.45
C10995,3,6573.19
C10996,5,8669.119999999999
C10997,5,5550.32
C10998,4,7309.2
C10999,6,10798.19
C11000,4,6871.73
C11001,1,954.18
C11002,5,6078.17
C11003,10,15004.390000000001
C11004,3,5235.9
C11005,3,7003.57
C11006,3,3236.04
C11007,2,2289.08
C11008,2,3670.5
C11009,9,12519.09
C11010,2,4136.76
C11011,2,2675.57
C11012,7,10352.97
C11013,8,10519.66
C11014,6,9047.88
C11015,3,5410.21
C11016,3,6746.48
C11017,7,8998.64
C11018,1,1679.73
C11019,2,2483.13
C11020,6,9250.21
C11021,6,10340.7
C11022,7,11112.119999999999
C11023,5,5493.8099999999995
C11024,4,5808.52
C11025,6,7786.65
C11026,4,4308.49
C11027,5,9218.79
C11028,1,942.91
C11029,2,3007.72
C11030,4,6736.469999999999
C11031,2,2161.43
C11032,6,11866.34
C11033,6,10629.23
C11034,4,5145.58
C11035,1,1669.57
C11036,5,6555.51
C11037,7,10296.18
C11038,4,5052.72
C11039,1,2134.16
C11040,7,12396.380000000001
C11041,2,3469.74
C11042,6,11041.41
C11043,7,7990.95
C11044,2,2941.1
C11045,2,2365.26
C11046,4,5251.0599999999995
C11047,7,15292.470000000001
C11048,2,2430.81
C11049,6,11711.18
C11050,5,8765.4
C11051,3,4279.38
C11052,2,4181.35
C11053,3,4402.4400000000005
C11054,3,3356.7299999999996
C11055,7,9730.87
C11056,5,6335.8
C11057,3,5765.549999999999
C11058,3,3897.4399999999996
C11059,4,8344.04
C11060,2,1849.99
C11061,3,4909.79
C11062,1,1207.88
C11063,1,633.42
C11064,4,8252.150000000001
C11065,3,3963.45
C11066,1,1612.93
C11067,2,2328.85
C11068,5,13094.0
C11069,4,5500.0
C11070,4,4704.54
C11071,4,4929.82
C11072,4,4750.13
C11073,4,8195.060000000001
C11074,6,8694.72
C11075,3,4738.73
C11076,2,2281.16
C11077,7,9626.41
C11078,5,6830.94
C11079,7,9598.57
C11080,5,7814.69
C11081,3,3843.04
C11082,2,2190.84
C11083,1,2282.53
C11084,5,10306.349999999999
C11085,3,3625.08
C11086,4,8635.98
C11087,3,4772.21
C11088,1,1064.78
C11089,5,6510.65
C11090,5,5007.4400000000005
C11091,1,843.66
C11092,2,3127.24
C11093,4,4769.76
C11094,3,7747.25
C11095,6,10304.77
C11097,2,1734.3400000000001
C11100,5,9027.19
C11101,4,4341.99
C11102,3,4236.65
C11103,4,6068.34
C11104,6,7452.86
C11105,2,3279.3
C11106,3,4283.42
C11107,1,1852.43
C11108,4,10146.21
C11109,6,6924.41
C11110,3,3726.84
C11111,2,2397.66
C11112,4,7313.719999999999
C11113,7,10253.529999999999
C11114,5,7714.43
C11115,3,3889.19
C11116,6,8102.67
C11117,9,14379.64
C11118,3,3973.64
C11119,2,2625.8
C11120,5,6327.61
C11121,7,13238.75
C11122,5,7640.6
C11123,5,6777.13
C11124,3,2897.91
C11125,4,4661.45
C11126,4,3546.35
C11127,3,3832.66
C11128,5,5635.23
C11129,4,7857.53
C11130,1,1612.93
C11131,3,3397.48
C11132,4,3877.57
C11133,1,1888.8
C11134,1,994.31
C11135,5,6211.08
C11136,1,1573.25
C11137,3,4692.25
C11138,4,5390.96
C11139,3,3786.88
C11140,3,3316.92
C11141,7,12351.8
C11142,3,3656.88
C11143,4,3968.95
C11144,11,15304.26
C11145,8,11391.08
C11146,5,6436.469999999999
C11147,1,1738.75
C11148,1,1485.36
C11149,4,5317.96
C11150,3,3957.84
C11151,1,1888.8
C11152,4,7166.53
C11153,4,5580.9400000000005
C11154,3,3121.68
C11155,3,3281.47
C11156,3,5888.37
C11157,2,2276.29
C11158,5,6663.3
C11159,5,8081.42
C11160,2,4719.24
C11161,4,5560.1
C11162,5,10295.89
C11163,8,12266.35
C11164,1,1738.75
C11165,6,7654.24
C11166,5,8354.56
C11167,5,6226.76
C11168,2,2204.16
C11169,2,2164.93
C11170,3,4313.3099999999995
C11171,2,1446.3400000000001
C11172,5,8540.82
C11173,3,5092.97
C11174,6,8516.66
C11175,1,1531.5
C11176,4,6037.110000000001
C11177,4,5031.61
C11178,3,3615.54
C11179,4,6674.94
C11180,2,4303.86
C11181,5,7239.17
C11182,2,4769.8
C11183,4,4849.99
C11184,4,6390.09
C11185,9,11202.01
C11186,2,2744.48
C11187,5,9304.61
C11188,5,8508.34
C11189,4,8096.73
C11190,5,5856.5
C11191,3,3867.8099999999995
C11192,5,7054.15
C11193,1,1532.28
C11194,5,7773.13
C11195,3,3696.35
C11196,6,10660.46
C11197,3,3515.49
C11198,3,3889.72
C11199,2,6409.950000000001
C11200,2,3928.6400000000003
C11201,3,3695.25
C11202,6,8896.44
C11203,6,8382.76
C11204,3,8483.92
C11205,6,8484.3
C11206,3,5471.799999999999
C11207,1,1687.32
C11208,3,4216.12
C11209,5,7925.88
C11210,4,6070.549999999999
C11211,2,2553.03
C11212,1,2803.53
C11213,4,5293.32
C11214,5,8092.82
C11215,6,7823.77
C11216,3,4440.12
C11217,1,1411.09
C11218,3,4222.43
C11219,3,3195.37
C11220,7,10902.05
C11221,4,4372.38
C11222,3,3706.64
C11223,5,6905.9
C11224,1,1612.11
C11225,7,8731.65
C11226,2,3518.2300000000005
C11227,2,5217.47
C11228,6,8571.43
C11229,9,13079.73
C11230,8,15098.699999999999
C11231,5,6993.5
C11232,3,5582.28
C11233,5,9513.57
C11234,3,3106.0699999999997
C11235,3,4229.16
C11236,3,3173.7999999999997
C11237,5,5717.4400000000005
C11238,1,1749.33
C11239,3,3180.96
C11240,3,3351.96
C11241,5,6542.8099999999995
C11242,2,2777.68
C11243,2,2256.88
C11244,2,3113.54
C11245,4,8193.79
C11246,7,10487.210000000001
C11247,2,6001.02
C11248,5,4951.2
C11249,3,3277.46
C11250,3,3725.8199999999997
C11252,6,7251.78
C11253,2,2301.82
C11254,4,3619.76
C11255,8,12589.76
C11256,3,3516.3199999999997
C11257,2,3024.02
C11258,4,5326.36
C11259,2,4170.139999999999
C11260,3,3928.25
C11261,4,7601.57
C11262,3,4468.55
C11263,4,5562.78
C11264,4,5869.88
C11265,3,3201.7
C11266,2,2212.0299999999997
C11267,3,4903.17
C11268,2,1890.7199999999998
C11269,2,2342.5699999999997
C11270,4,6073.34
C11271,2,2570.62
C11272,4,5123.28
C11273,4,6351.58
C11274,2,2624.4700000000003
C11275,3,3142.84
C11276,4,4502.99
C11277,4,4420.24
C11278,1,2822.18
C11279,2,4318.25
C11280,2,2986.24
C11281,5,8387.95
C11282,3,3308.1800000000003
C11284,5,10292.42
C11285,3,6480.11
C11286,1,878.72
C11287,3,3651.8900000000003
C11288,2,4041.83
C11289,3,3952.86
C11290,5,8458.7
C11291,2,2661.66
C11292,4,4060.6800000000003
C11293,4,4674.69
C11294,1,1759.81
C11295,2,2263.99
C11296,2,2782.65
C11297,4,5322.92
C11298,2,2238.63
C11299,4,5082.93
C11300,3,3418.99
C11301,4,4168.41
C11302,2,4254.5
C11303,2,1579.99
C11304,2,3626.5299999999997
C11305,2,2097.5299999999997
C11306,1,701.14
C11307,3,4587.719999999999
C11308,1,1284.25
C11309,2,2911.5
C11310,4,6361.19
C11311,8,14082.43
C11312,2,4746.74
C11313,3,3667.77
C11315,3,4695.219999999999
C11316,3,3653.7
C11317,2,2640.33
C11318,4,4271.28
C11319,4,4927.71
C11320,5,7271.78
C11321,4,4265.24
C11322,3,3778.11
C11323,4,7326.44
C11324,2,1828.6200000000001
C11325,8,12740.619999999999
C11326,8,11708.72
C11327,3,4717.25
C11328,5,9248.31
C11329,2,3831.08
C11330,3,4952.21
C11331,3,3863.91
C11332,5,6967.18
C11333,6,8596.66
C11334,5,5845.58
C11335,5,7315.18
C11336,5,6814.38
C11337,4,6257.21
C11338,6,10585.93
C11339,7,12263.75
C11340,2,1751.92
C11341,4,6429.58
C11342,2,4634.15
C11343,3,5731.02
C11344,4,6619.25
C11345,4,5508.6900000000005
C11346,7,14647.279999999999
C11347,4,5235.14
C11348,3,3129.77
C11349,5,8719.03
C11350,1,860.78
C11352,6,10991.18
C11353,4,6134.09
C11354,6,7604.01
C11355,6,6707.969999999999
C11356,6,12331.48
C11357,2,2212.45
C11358,5,5736.66
C11359,7,11913.72
C11360,4,5954.04
C11361,4,8431.14
C11362,6,8816.47
C11363,3,5474.389999999999
C11364,7,10665.77
C11365,6,7892.78
C11366,4,5125.349999999999
C11367,2,3474.09
C11368,6,10330.0
C11369,7,11047.52
C11371,10,12489.65
C11372,2,2226.2799999999997
C11373,5,6567.969999999999
C11374,3,3485.4700000000003
C11375,2,4576.92
C11376,4,4663.34
C11377,5,6970.27
C11378,2,3895.3399999999997
C11379,3,5918.21
C11380,3,6558.73
C11381,4,5744.06
C11383,3,2918.2200000000003
C11384,3,4444.67
C11385,3,3513.79
C11386,3,3179.66
C11387,4,7813.62
C11388,3,4368.85
C11389,5,8365.720000000001
C11390,5,7740.469999999999
C11391,6,6779.5199999999995
C11392,7,8216.42
C11393,2,2246.6
C11394,5,6775.46
C11395,1,745.21
C11396,1,1201.33
C11397,9,13939.54
C11398,2,2107.22
C11399,9,12536.26
C11400,4,6017.76
C11401,2,4579.91
C11402,4,7004.7
C11403,4,7357.57
C11404,5,6984.639999999999
C11405,1,1369.9
C11407,4,5465.5599999999995
C11408,3,3694.69
C11409,5,6645.51
C11410,5,11930.01
C11411,3,3296.77
C11412,3,6107.33
C11413,6,8635.03
C11414,6,9240.26
C11415,4,4800.66
C11416,4,6322.54
C11417,5,6486.379999999999
C11418,2,3222.33
C11419,6,7614.91
C11420,5,7880.87
C11421,1,1288.3
C11422,2,1921.63
C11423,3,4314.4
C11424,3,5080.73
C11425,9,11073.029999999999
C11427,4,4774.25
C11428,5,5619.6
C11429,3,5781.46
C11430,5,7310.23
C11431,3,4795.98
C11432,7,13907.11
C11433,5,7540.4
C11434,5,5921.67
C11435,10,13600.1
C11436,6,7746.79
C11437,5,5266.64
C11438,6,10207.71
C11439,3,2751.3900000000003
C11440,2,2646.24
C11441,5,9365.269999999999
C11442,4,6336.53
C11443,2,2630.8900000000003
C11444,3,3419.04
C11445,4,6886.650000000001
C11446,1,707.94
C11447,3,3895.58
C11448,7,8045.29
C11449,7,8640.369999999999
C11450,7,9033.25
C11451,2,2623.71
C11452,3,5448.76
C11453,4,4834.5599999999995
C11454,5,7554.37
C11455,6,6902.58
C11456,2,2846.2
C11457,3,3196.97
C11458,7,12194.27
C11459,1,1261.37
C11460,2,2729.2799999999997
C11461,3,4732.950000000001
C11462,2,2131.84
C11463,4,4627.4
C11464,4,4161.63
C11465,3,3737.2
C11466,3,4525.79
C11467,2,2600.98
C11468,5,8691.34
C11469,3,4555.59
C11470,1,1085.84
C11471,2,2831.7
C11472,5,6656.7699999999995
C11473,3,2632.84
C11474,4,4060.79
C11475,3,4074.88
C11476,3,7848.99
C11477,8,9746.57
C11478,5,9370.369999999999
C11479,5,6308.13
C11480,5,5467.46
C11481,5,7120.9
C11482,5,7518.37
C11483,3,4473.889999999999
C11484,3,3791.75
C11485,4,5309.95
C11486,3,5720.74
C11487,7,11679.39
C11488,5,7650.26
C11489,3,2959.42
C11490,3,5061.09
C11491,2,2496.81
C11492,5,7408.73
C11493,3,3790.25
C11494,7,9641.63
C11496,8,12017.81
C11497,4,8267.57
C11498,3,5913.63
C11499,2,2555.61
C11500,4,4903.72
C11501,2,5549.24
C11502,2,5511.9400000000005
C11503,3,5883.87
C11504,7,8077.8099999999995
C11505,3,5862.610000000001
C11506,2,2556.5099999999998
C11507,2,4939.24
C11508,5,7519.89
C11509,6,9069.43
C11510,6,9471.24
C11511,5,10220.3
C11512,3,3726.01
C11513,2,2980.3
C11515,4,5115.52
C11516,2,2276.2799999999997
C11517,1,1731.17
C11518,5,8405.85
C11519,5,6045.02
C11520,2,1745.76
C11521,3,5553.88
C11522,5,6380.58
C11523,2,2726.64
C11524,7,11074.76
C11525,5,7776.73
C11526,2,3019.85
C11527,6,8196.51
C11528,3,4347.99
C11529,6,8695.0
C11530,2,3000.8
C11531,4,8602.73
C11532,5,8002.18
C11533,4,4784.8099999999995
C11534,4,5947.92
C11535,1,3063.01
C11536,2,3965.45
C11537,2,1675.0900000000001
C11538,12,16058.92
C11539,8,12850.619999999999
C11540,3,5170.29
C11541,3,4354.82
C11542,1,3498.66
C11543,5,8833.18
C11544,3,5371.66
C11545,4,3818.05
C11546,1,745.2
C11547,3,4453.57
C11548,5,12500.55
C11549,3,3610.37
C11550,1,1031.55
C11551,2,2692.27
C11552,5,6959.63
C11553,7,10945.65
C11554,5,7855.5599999999995
C11555,2,7686.85
C11556,4,6665.13
C11557,7,11405.57
C11558,2,3548.41
C11559,1,1271.45
C11560,5,5730.219999999999
C11561,2,2506.31
C11562,2,2540.11
C11563,4,7003.04
C11564,1,1612.11
C11565,4,5875.900000000001
C11566,2,3509.1000000000004
C11567,6,9924.89
C11568,3,3885.5
C11569,1,707.94
C11570,1,1269.62
C11571,5,9772.14
C11572,2,2114.76
C11573,4,6765.17
C11574,3,5417.43
C11575,2,2501.77
C11576,4,7834.8
C11577,5,6884.5599999999995
C11578,6,5860.57
C11579,8,14365.84
C11580,4,4366.35
C11581,2,2131.1000000000004
C11582,3,2934.86
C11583,1,1243.79
C11584,3,2858.68
C11585,6,8968.61
C11586,5,7088.9400000000005
C11587,6,7703.35
C11588,5,7648.91
C11589,3,3632.1499999999996
C11590,2,2156.2599999999998
C11591,7,9513.189999999999
C11592,3,3676.84
C11593,2,3048.58
C11594,3,5118.34
C11595,4,5796.85
C11596,5,7106.2699999999995
C11597,1,1136.29
C11598,2,3473.92
C11599,6,9073.83
C11600,2,4711.639999999999
C11601,3,8387.14
C11602,2,2616.29
C11603,3,3250.34
C11604,5,9367.62
C11605,7,15033.63
C11606,5,7289.01
C11607,2,2760.73
C11608,3,3231.36
C11609,2,2166.43
C11610,4,6515.049999999999
C11611,1,1198.3
C11612,2,2183.48
C11613,5,8314.75
C11615,3,8256.15
C11616,5,6684.53
C11617,3,4699.64
C11618,2,2934.4700000000003
C11619,2,4404.46
C11620,2,2310.87
C11621,4,6543.030000000001
C11622,3,4117.04
C11623,2,4076.62
C11624,2,1695.4499999999998
C11625,3,3089.5299999999997
C11626,5,8078.57
C11627,2,3547.51
C11628,2,2933.0699999999997
C11629,5,4683.4400000000005
C11630,5,8799.74
C11631,3,4922.14
C11632,6,11859.94
C11633,7,12305.17
C11634,5,9235.73
C11635,4,7161.04
C11636,6,9773.47
C11637,4,8782.94
C11638,4,4925.12
C11639,2,2897.88
C11640,3,3207.92
C11641,7,10846.449999999999
C11642,5,6722.05
C11643,4,5405.48
C11644,1,745.2
C11645,3,4963.35
C11646,5,5921.75
C11647,6,9729.48
C11648,4,5819.67
C11649,2,2592.87
C11650,4,7108.23
C11651,1,942.91
C11652,5,7475.08
C11653,7,7583.04
C11654,2,1750.39
C11655,3,4110.65
C11656,5,6953.23
C11657,4,5272.38
C11658,3,2954.15
C11659,1,1155.82
C11660,4,5688.39
C11661,5,5017.54
C11662,2,2007.75
C11663,3,6133.21
C11664,4,7220.37
C11665,3,4620.73
C11666,5,7565.59
C11667,2,2881.8999999999996
C11668,7,11945.55
C11669,3,4152.32
C11670,3,4009.21
C11671,2,4965.63
C11672,3,6785.49
C11673,2,2845.84
C11674,4,7345.35
C11675,2,1772.29
C11676,4,5834.71
C11677,3,3673.67
C11678,7,10427.34
C11679,4,4949.13
C11680,3,4665.93
C11681,6,10709.599999999999
C11682,4,4204.84
C11683,1,860.78
C11684,5,6897.46
C11685,3,5638.860000000001
C11686,4,4970.51
C11687,4,7104.32
C11688,1,1271.45
C11689,1,759.19
C11690,6,9394.49
C11691,3,3076.04
C11692,2,1297.1100000000001
C11693,4,5093.849999999999
C11694,1,1271.45
C11695,1,1201.33
C11696,4,8204.55
C11697,6,10237.17
C11698,1,745.21
C11699,3,5342.97
C11700,4,5208.68
C11701,3,4033.48
C11702,2,4450.95
C11703,4,5522.05
C11704,6,10442.119999999999
C11705,4,5132.46
C11706,5,7334.79
C11707,1,1011.54
C11708,4,3649.32
C11709,3,5894.09
C11710,6,8918.380000000001
C11711,2,3646.8999999999996
C11712,6,8006.18
C11713,4,4941.78
C11714,1,1485.36
C11715,7,9968.76
C11716,5,8020.58
C11717,3,3942.29
C11718,2,4716.26
C11719,2,2794.6099999999997
C11720,6,9982.84
C11721,3,4628.65
C11722,4,5530.64
C11723,4,5339.15
C11724,8,12134.6
C11725,5,9606.98
C11726,3,3876.33
C11727,10,13723.03
C11728,4,7674.06
C11729,1,2412.28
C11730,3,3544.0299999999997
C11731,4,4776.31
C11732,3,3075.48
C11733,3,5660.55
C11734,3,9167.05
C11735,5,9462.16
C11736,2,4185.45
C11737,4,4933.1900000000005
C11738,4,5278.28
C11739,9,12601.37
C11740,5,7911.73
C11741,5,10131.03
C11742,7,10480.56
C11743,3,3786.37
C11744,4,5117.78
C11745,5,7040.589999999999
C11746,2,4484.04
C11747,3,4401.5
C11748,4,5535.03
C11749,4,4045.86
C11750,1,1336.82
C11751,2,2040.58
C11753,3,5476.67
C11754,1,1360.07
C11755,4,5396.219999999999
C11756,1,1085.84
C11757,4,6572.01
C11758,6,12136.33
C11759,3,6171.23
C11760,5,7172.08
C11761,3,5799.15
C11762,2,2716.01
C11763,2,2068.44
C11764,10,12018.25
C11765,8,9489.49
C11766,5,7597.95
C11767,6,9263.2
C11768,5,5795.65
C11769,5,7025.2
C11770,5,8841.18
C11771,1,1142.66
C11772,1,2171.68
C11773,3,5291.88
C11774,3,3601.85
C11775,6,10322.24
C11776,6,7129.76
C11777,9,14426.39
C11778,7,11126.46
C11779,2,3589.59
C11780,4,6386.67
C11781,3,6198.59
C11782,3,3168.4700000000003
C11783,5,5696.53
C11784,1,1360.07
C11785,5,7847.4
C11786,5,9486.74
C11787,5,8998.91
C11788,2,2951.08
C11789,3,3982.46
C11790,3,5610.46
C11791,2,2162.9700000000003
C11792,3,2758.09
C11793,2,3245.17
C11794,4,6026.24
C11795,3,5806.61
C11796,7,9022.03
C11797,1,1341.38
C11798,5,5602.3099999999995
C11799,5,9064.39
C11800,6,7878.16
C11801,4,5387.62
C11802,4,4404.5199999999995
C11803,2,3210.77
C11804,2,4329.7
C11805,7,7303.14
C11806,5,8139.84
C11807,4,5679.7
C11808,5,6046.96
C11809,7,10927.24
C11810,3,3622.45
C11811,5,6144.0
C11813,6,7301.23
C11814,5,7017.15
C11815,2,4142.9
C11816,4,4666.49
C11817,3,5708.78
C11818,4,7847.2699999999995
C11819,6,9621.07
C11820,2,4484.79
C11821,3,4808.719999999999
C11822,4,10048.55
C11823,7,8979.06
C11824,4,4406.15
C11825,5,8537.24
C11826,5,7552.24
C11827,4,4260.88
C11828,5,9688.68
C11830,4,5438.4
C11831,4,4662.71
C11832,5,8905.380000000001
C11833,2,2152.85
C11834,2,2627.13
C11835,3,4165.8099999999995
C11836,3,5489.83
C11837,5,8812.78
C11838,3,3591.04
C11839,5,8120.92
C11840,5,5106.5
C11841,4,5393.82
C11842,6,9115.9
C11843,4,4276.4
C11844,3,4140.8
C11845,4,8178.03
C11846,4,6406.99
C11847,3,3405.25
C11848,5,5869.37
C11849,4,5967.93
C11850,4,7891.360000000001
C11851,3,4751.4
C11852,4,5402.200000000001
C11853,7,15741.73
C11854,1,3231.14
C11855,4,5496.54
C11856,3,4289.549999999999
C11857,1,633.42
C11858,6,12492.89
C11859,2,2805.1800000000003
C11860,8,13232.76
C11861,7,10086.710000000001
C11862,2,3732.6800000000003
C11863,5,9233.210000000001
C11864,2,2542.2
C11865,5,5605.31
C11866,3,4211.7
C11867,9,16035.03
C11868,1,2602.81
C11869,6,7600.25
C11870,5,13010.2
C11871,1,1490.45
C11872,2,4388.24
C11873,5,6177.67
C11874,2,2476.38
C11875,6,12886.75
C11876,4,8522.1
C11877,2,6127.38
C11878,4,4983.139999999999
C11879,5,7171.44
C11880,4,7408.070000000001
C11881,4,6518.3
C11882,5,6071.39
C11883,5,5771.639999999999
C11884,2,5293.98
C11885,3,4114.65
C11887,2,2404.0299999999997
C11888,5,8437.35
C11890,4,6756.18
C11891,2,2042.96
C11892,3,4441.0
C11893,4,5270.65
C11894,3,5123.95
C11895,3,4649.07
C11896,5,10119.66
C11897,5,8900.26
C11898,1,801.36
C11899,2,3235.56
C11900,5,5631.3099999999995
C11901,2,1872.2200000000003
C11902,2,3818.92
C11903,3,9378.03
C11904,1,745.2
C11905,4,4868.9
C11906,3,3248.36
C11907,1,1279.55
C11908,3,2557.95
C11909,7,9940.08
C11910,2,2087.06
C11911,4,5516.45
C11912,4,6084.25
C11913,3,3845.8199999999997
C11914,2,2072.27
C11915,1,843.54
C11916,4,6421.07
C11917,5,6194.14
C11918,2,2122.51
C11919,3,4193.889999999999
C11920,3,4549.7
C11921,1,1206.14
C11922,5,9488.82
C11923,3,8009.9
C11924,6,9112.619999999999
C11925,3,7255.31
C11926,4,7060.89
C11927,6,7213.12
C11928,6,6897.65
C11929,4,4720.34
C11930,2,3281.38
C11931,4,4916.01
C11932,3,2797.0699999999997
C11933,2,2881.34
C11934,6,10390.86
C11935,7,13260.23
C11936,4,5361.37
C11937,2,2683.07
C11938,6,12702.94
C11939,4,9959.65
C11940,3,4662.83
C11941,2,2938.6400000000003
C11942,4,4373.62
C11943,3,5681.66
C11944,2,1820.1399999999999
C11945,9,18961.96
C11946,4,5389.04
C11947,1,3498.66
C11948,5,6140.08
C11949,4,5424.280000000001
C11950,3,3259.35
C11951,4,4887.07
C11952,2,3395.0
C11953,5,8267.16
C11954,3,7133.92
C11955,3,5633.83
C11956,5,9443.55
C11957,3,4310.59
C11958,1,745.21
C11959,4,3797.73
C11960,6,9775.369999999999
C11961,6,9608.470000000001
C11962,11,17588.28
C11963,4,6610.08
C11964,1,1656.05
C11965,3,5545.26
C11966,4,6201.400000000001
C11967,3,5149.88
C11968,6,9931.17
C11969,1,746.91
C11970,7,9108.31
C11971,3,4302.77
C11972,1,3085.26
C11973,6,7168.48
C11974,4,4219.99
C11975,7,9020.72
C11976,4,3574.85
C11977,6,8919.220000000001
C11978,5,9134.69
C11979,1,1612.11
C11980,2,2481.12
C11981,1,1201.33
C11982,3,5199.96
C11983,5,8459.19
C11984,5,5697.47
C11985,6,9657.63
C11986,1,1759.81
C11987,6,6416.32
C11988,2,2530.5299999999997
C11989,11,14592.81
C11990,5,7225.0
C11991,2,2623.38
C11992,1,1085.84
C11993,6,8937.24
C11994,5,8288.18
C11995,4,4358.04
C11996,1,2655.97
C11997,4,5534.34
C11998,3,6469.97
C11999,4,6268.65
C12000,5,5079.75
