customer_id,first_order_date,city,state,acquisition_channel
C00001,2025-09-21,Chennai,Delhi,Meta Ads
C00002,2025-02-04,Bangalore,Telangana,Organic
C00003,2025-07-25,Gurgaon,Tamil Nadu,Meta Ads
C00004,2025-03-22,Chennai,Rajasthan,Google Ads
C00005,2025-02-19,Delhi,Gujarat,Organic
C00006,2025-12-26,Mumbai,Maharashtra,Email
C00007,2025-01-02,Hyderabad,Karnataka,Meta Ads
C00008,2025-02-23,Kolkata,Haryana,Google Ads
C00009,2025-04-16,Jaipur,West Bengal,Google Ads
C00010,2025-09-17,Gurgaon,Karnataka,Influencer
C00011,2025-11-06,Delhi,West Bengal,Email
C00012,2025-07-10,Jaipur,Haryana,Email
C00013,2025-08-06,Pune,Tamil Nadu,Google Ads
C00014,2025-02-13,Chennai,Tamil Nadu,Google Ads
C00015,2025-06-11,Gurgaon,Telangana,Google Ads
C00016,2025-07-21,Ahmedabad,Gujarat,Google Ads
C00017,2025-09-27,Kolkata,Rajasthan,Organic
C00018,2025-12-17,Hyderabad,Maharashtra,Meta Ads
C00019,2025-10-31,Pune,Rajasthan,Organic
C00020,2025-09-28,Chennai,Telangana,Email
C00021,2025-08-03,Kolkata,Tamil Nadu,Meta Ads
C00022,2025-09-09,Pune,West Bengal,Organic
C00023,2025-07-09,Ahmedabad,Telangana,Meta Ads
C00024,2025-10-23,Jaipur,Gujarat,Meta Ads
C00025,2025-08-01,Hyderabad,Gujarat,Meta Ads
C00026,2025-07-27,Hyderabad,Delhi,Meta Ads
C00027,2025-08-25,Kolkata,Gujarat,Meta Ads
C00028,2025-12-04,Delhi,Karnataka,Organic
C00029,2025-02-22,Kolkata,Haryana,Influencer
C00030,2025-10-07,Pune,Gujarat,Meta Ads
C00031,2025-08-05,Delhi,Tamil Nadu,Influencer
C00032,2025-09-09,Hyderabad,Telangana,Influencer
C00033,2025-07-07,Mumbai,Telangana,Organic
C00034,2025-02-10,Hyderabad,Telangana,Google Ads
C00035,2025-06-06,Kolkata,Tamil Nadu,Meta Ads
C00036,2025-01-15,Pune,West Bengal,Organic
C00037,2025-10-28,Delhi,Haryana,Influencer
C00038,2025-03-06,Chennai,Gujarat,Google Ads
C00039,2025-12-11,Delhi,West Bengal,Organic
C00040,2025-11-23,Ahmedabad,Gujarat,Meta Ads
C00041,2025-01-09,Bangalore,Telangana,Organic
C00042,2025-12-10,Bangalore,Gujarat,Meta Ads
C00043,2025-05-09,Gurgaon,Tamil Nadu,Organic
C00044,2025-05-16,Jaipur,Karnataka,Organic
C00045,2025-03-04,Gurgaon,Gujarat,Google Ads
C00046,2025-05-19,Gurgaon,West Bengal,Meta Ads
C00047,2025-03-22,Delhi,Haryana,Email
C00048,2025-06-12,Pune,Telangana,Organic
C00049,2025-10-16,Gurgaon,Delhi,Organic
C00050,2025-09-18,Kolkata,Karnataka,Organic
C00051,2025-08-19,Delhi,Maharashtra,Email
C00052,2025-02-10,Pune,Gujarat,Meta Ads
C00053,2025-01-28,Bangalore,Gujarat,Email
C00054,2025-05-15,Mumbai,Haryana,Meta Ads
C00055,2025-07-20,Kolkata,Haryana,Meta Ads
C00056,2025-11-24,Chennai,Telangana,Organic
C00057,2025-09-25,Jaipur,Delhi,Email
C00058,2025-02-02,Chennai,Delhi,Meta Ads
C00059,2025-02-17,Pune,Tamil Nadu,Google Ads
C00060,2025-03-03,Ahmedabad,Telangana,Organic
C00061,2025-08-04,Pune,Telangana,Meta Ads
C00062,2025-10-20,Mumbai,Karnataka,Email
C00063,2025-04-09,Bangalore,Rajasthan,Organic
C00064,2025-06-21,Hyderabad,Karnataka,Influencer
C00065,2025-12-26,Pune,Gujarat,Google Ads
C00066,2025-08-02,Bangalore,Maharashtra,Google Ads
C00067,2025-02-04,Chennai,Telangana,Organic
C00068,2025-08-15,Pune,Delhi,Google Ads
C00069,2025-04-11,Pune,Haryana,Organic
C00070,2025-05-11,Gurgaon,Maharashtra,Meta Ads
C00071,2025-09-14,Chennai,Delhi,Google Ads
C00072,2025-01-05,Jaipur,Delhi,Email
C00073,2025-08-06,Jaipur,Maharashtra,Influencer
C00074,2025-09-12,Kolkata,Haryana,Meta Ads
C00075,2025-12-25,Ahmedabad,Rajasthan,Email
C00076,2025-10-10,Hyderabad,Tamil Nadu,Organic
C00077,2025-07-26,Pune,Telangana,Organic
C00078,2025-01-15,Pune,Karnataka,Meta Ads
C00079,2025-12-12,Kolkata,Gujarat,Google Ads
C00080,2025-02-11,Ahmedabad,Karnataka,Influencer
C00081,2025-06-28,Chennai,Delhi,Google Ads
C00082,2025-03-04,Pune,Telangana,Meta Ads
C00083,2025-12-18,Bangalore,Haryana,Google Ads
C00084,2025-08-19,Delhi,Haryana,Meta Ads
C00085,2025-08-29,Ahmedabad,Haryana,Organic
C00086,2025-02-21,Pune,Gujarat,Meta Ads
C00087,2025-04-06,Ahmedabad,Gujarat,Meta Ads
C00088,2025-08-10,Jaipur,Telangana,Email
C00089,2025-08-19,Hyderabad,Rajasthan,Organic
C00090,2025-08-25,Pune,Delhi,Google Ads
C00091,2025-05-23,Hyderabad,Haryana,Organic
C00092,2025-06-20,Mumbai,Haryana,Meta Ads
C00093,2025-01-29,Delhi,Haryana,Meta Ads
C00094,2025-02-05,Kolkata,Gujarat,Organic
C00095,2025-01-13,Hyderabad,Rajasthan,Organic
C00096,2025-06-09,Pune,Karnataka,Influencer
C00097,2025-11-23,Gurgaon,Rajasthan,Influencer
C00098,2025-07-06,Kolkata,Gujarat,Email
C00099,2025-08-31,Kolkata,Karnataka,Email
C00100,2025-03-27,Chennai,Maharashtra,Influencer
C00101,2025-10-11,Hyderabad,Telangana,Influencer
C00102,2025-03-07,Gurgaon,Maharashtra,Organic
C00103,2025-06-19,Hyderabad,Telangana,Meta Ads
C00104,2025-02-14,Chennai,Haryana,Meta Ads
C00105,2025-03-03,Delhi,Maharashtra,Meta Ads
C00106,2025-05-14,Pune,Gujarat,Email
C00107,2025-10-11,Jaipur,Delhi,Organic
C00108,2025-01-28,Jaipur,Karnataka,Influencer
C00109,2025-04-18,Hyderabad,West Bengal,Google Ads
C00110,2025-02-13,Chennai,Delhi,Google Ads
C00111,2025-12-06,Ahmedabad,Maharashtra,Meta Ads
C00112,2025-10-13,Pune,Karnataka,Email
C00113,2025-11-27,Hyderabad,Maharashtra,Influencer
C00114,2025-05-08,Ahmedabad,Maharashtra,Influencer
C00115,2025-12-14,Pune,Tamil Nadu,Meta Ads
C00116,2025-08-19,Ahmedabad,West Bengal,Meta Ads
C00117,2025-07-09,Kolkata,Tamil Nadu,Google Ads
C00118,2025-08-13,Hyderabad,Tamil Nadu,Meta Ads
C00119,2025-10-10,Chennai,Rajasthan,Influencer
C00120,2025-05-01,Pune,Gujarat,Meta Ads
C00121,2025-04-26,Jaipur,Gujarat,Organic
C00122,2025-08-21,Hyderabad,Tamil Nadu,Organic
C00123,2025-09-16,Pune,Haryana,Google Ads
C00124,2025-12-25,Pune,Rajasthan,Meta Ads
C00125,2025-07-17,Ahmedabad,Maharashtra,Email
C00126,2025-05-17,Ahmedabad,West Bengal,Google Ads
C00127,2025-11-14,Gurgaon,Tamil Nadu,Organic
C00128,2025-06-14,Hyderabad,West Bengal,Meta Ads
C00129,2025-08-13,Mumbai,Telangana,Influencer
C00130,2025-11-03,Bangalore,Rajasthan,Meta Ads
C00131,2025-08-22,Mumbai,West Bengal,Organic
C00132,2025-06-21,Pune,Maharashtra,Google Ads
C00133,2025-06-01,Gurgaon,Telangana,Meta Ads
C00134,2025-11-11,Pune,Haryana,Meta Ads
C00135,2025-06-09,Mumbai,Maharashtra,Email
C00136,2025-04-06,Pune,Gujarat,Meta Ads
C00137,2025-08-21,Ahmedabad,Delhi,Organic
C00138,2025-06-29,Hyderabad,Karnataka,Organic
C00139,2025-04-23,Jaipur,Delhi,Google Ads
C00140,2025-11-14,Mumbai,Haryana,Meta Ads
C00141,2025-02-21,Bangalore,Gujarat,Meta Ads
C00142,2025-09-25,Bangalore,West Bengal,Organic
C00143,2025-10-22,Ahmedabad,Rajasthan,Organic
C00144,2025-04-23,Hyderabad,Maharashtra,Influencer
C00145,2025-04-11,Delhi,Gujarat,Organic
C00146,2025-04-23,Delhi,Gujarat,Influencer
C00147,2025-03-22,Chennai,Tamil Nadu,Meta Ads
C00148,2025-07-06,Chennai,Karnataka,Organic
C00149,2025-04-23,Mumbai,Maharashtra,Meta Ads
C00150,2025-01-02,Ahmedabad,Gujarat,Meta Ads
C00151,2025-05-10,Ahmedabad,Tamil Nadu,Organic
C00152,2025-08-08,Pune,Telangana,Influencer
C00153,2025-02-23,Bangalore,Haryana,Google Ads
C00154,2025-12-09,Bangalore,Haryana,Influencer
C00155,2025-08-12,Bangalore,Rajasthan,Google Ads
C00156,2025-08-13,Gurgaon,Rajasthan,Influencer
C00157,2025-05-06,Hyderabad,Gujarat,Meta Ads
C00158,2025-05-10,Kolkata,Gujarat,Meta Ads
C00159,2025-02-22,Pune,Maharashtra,Influencer
C00160,2025-06-21,Delhi,Karnataka,Organic
C00161,2025-08-06,Ahmedabad,Gujarat,Organic
C00162,2025-06-09,Delhi,Haryana,Organic
C00163,2025-07-17,Gurgaon,West Bengal,Email
C00164,2025-09-04,Delhi,Gujarat,Organic
C00165,2025-11-20,Bangalore,Tamil Nadu,Organic
C00166,2025-07-22,Jaipur,Haryana,Influencer
C00167,2025-07-03,Pune,Gujarat,Influencer
C00168,2025-05-03,Jaipur,Delhi,Meta Ads
C00169,2025-09-12,Chennai,Delhi,Organic
C00170,2025-10-21,Jaipur,Delhi,Organic
C00171,2025-10-07,Kolkata,Karnataka,Meta Ads
C00172,2025-11-21,Ahmedabad,Tamil Nadu,Organic
C00173,2025-04-08,Gurgaon,Tamil Nadu,Meta Ads
C00174,2025-07-17,Ahmedabad,Haryana,Meta Ads
C00175,2025-08-28,Kolkata,West Bengal,Email
C00176,2025-05-24,Ahmedabad,Haryana,Meta Ads
C00177,2025-04-07,Jaipur,Maharashtra,Organic
C00178,2025-07-20,Hyderabad,Telangana,Google Ads
C00179,2025-05-04,Ahmedabad,Delhi,Organic
C00180,2025-07-06,Chennai,West Bengal,Meta Ads
C00181,2025-11-22,Pune,Telangana,Google Ads
C00182,2025-12-15,Pune,Telangana,Influencer
C00183,2025-09-16,Delhi,Telangana,Google Ads
C00184,2025-05-28,Mumbai,Karnataka,Google Ads
C00185,2025-09-09,Jaipur,Gujarat,Google Ads
C00186,2025-12-12,Bangalore,Telangana,Meta Ads
C00187,2025-05-27,Kolkata,Gujarat,Google Ads
C00188,2025-05-28,Gurgaon,Rajasthan,Meta Ads
C00189,2025-12-18,Jaipur,Delhi,Google Ads
C00190,2025-07-18,Pune,Telangana,Influencer
C00191,2025-11-04,Delhi,Tamil Nadu,Organic
C00192,2025-05-08,Ahmedabad,Gujarat,Organic
C00193,2025-02-08,Bangalore,Tamil Nadu,Meta Ads
C00194,2025-12-04,Bangalore,Tamil Nadu,Influencer
C00195,2025-12-26,Mumbai,Telangana,Google Ads
C00196,2025-05-09,Hyderabad,Rajasthan,Email
C00197,2025-09-24,Mumbai,West Bengal,Meta Ads
C00198,2025-05-31,Ahmedabad,Tamil Nadu,Email
C00199,2025-10-25,Jaipur,Delhi,Organic
C00200,2025-04-09,Chennai,Maharashtra,Meta Ads
C00201,2025-09-20,Kolkata,Tamil Nadu,Email
C00202,2025-09-09,Bangalore,Delhi,Meta Ads
C00203,2025-05-24,Gurgaon,Haryana,Organic
C00204,2025-12-12,Jaipur,Delhi,Email
C00205,2025-04-22,Gurgaon,Karnataka,Meta Ads
C00206,2025-03-01,Delhi,West Bengal,Google Ads
C00207,2025-01-02,Gurgaon,Haryana,Organic
C00208,2025-10-31,Bangalore,Delhi,Organic
C00209,2025-09-11,Bangalore,Delhi,Influencer
C00210,2025-05-20,Bangalore,Gujarat,Influencer
C00211,2025-02-06,Jaipur,Rajasthan,Google Ads
C00212,2025-06-09,Jaipur,West Bengal,Influencer
C00213,2025-01-09,Kolkata,Karnataka,Email
C00214,2025-08-21,Pune,Tamil Nadu,Meta Ads
C00215,2025-04-09,Hyderabad,Karnataka,Meta Ads
C00216,2025-05-27,Ahmedabad,Telangana,Google Ads
C00217,2025-10-31,Ahmedabad,Telangana,Email
C00218,2025-07-27,Delhi,Karnataka,Meta Ads
C00219,2025-05-11,Mumbai,Tamil Nadu,Email
C00220,2025-06-01,Kolkata,Haryana,Email
C00221,2025-02-23,Pune,Rajasthan,Meta Ads
C00222,2025-04-30,Chennai,Rajasthan,Google Ads
C00223,2025-06-10,Delhi,Karnataka,Google Ads
C00224,2025-04-26,Jaipur,Rajasthan,Google Ads
C00225,2025-03-16,Pune,Karnataka,Google Ads
C00226,2025-04-23,Bangalore,Telangana,Organic
C00227,2025-04-14,Jaipur,Delhi,Organic
C00228,2025-12-06,Mumbai,Haryana,Email
C00229,2025-09-11,Mumbai,Rajasthan,Google Ads
C00230,2025-08-15,Ahmedabad,Maharashtra,Organic
C00231,2025-04-22,Hyderabad,Telangana,Influencer
C00232,2025-04-09,Hyderabad,Maharashtra,Google Ads
C00233,2025-06-02,Chennai,Gujarat,Google Ads
C00234,2025-12-15,Jaipur,Rajasthan,Organic
C00235,2025-12-04,Jaipur,Karnataka,Influencer
C00236,2025-07-13,Mumbai,Rajasthan,Google Ads
C00237,2025-11-06,Bangalore,Tamil Nadu,Organic
C00238,2025-06-12,Bangalore,Tamil Nadu,Email
C00239,2025-07-27,Gurgaon,West Bengal,Meta Ads
C00240,2025-06-18,Bangalore,Haryana,Google Ads
C00241,2025-06-10,Pune,Tamil Nadu,Organic
C00242,2025-03-09,Hyderabad,Delhi,Meta Ads
C00243,2025-10-16,Bangalore,Karnataka,Organic
C00244,2025-10-04,Kolkata,Rajasthan,Meta Ads
C00245,2025-10-31,Jaipur,Haryana,Influencer
C00246,2025-05-15,Bangalore,Haryana,Influencer
C00247,2025-07-14,Gurgaon,Gujarat,Meta Ads
C00248,2025-05-08,Chennai,Maharashtra,Meta Ads
C00249,2025-02-02,Chennai,West Bengal,Influencer
C00250,2025-06-25,Mumbai,Rajasthan,Google Ads
C00251,2025-01-22,Bangalore,West Bengal,Organic
C00252,2025-08-26,Jaipur,Haryana,Meta Ads
C00253,2025-06-07,Jaipur,Tamil Nadu,Meta Ads
C00254,2025-02-07,Hyderabad,Telangana,Meta Ads
C00255,2025-08-18,Chennai,West Bengal,Meta Ads
C00256,2025-12-31,Mumbai,Delhi,Google Ads
C00257,2025-02-20,Bangalore,Telangana,Influencer
C00258,2025-09-21,Chennai,Karnataka,Organic
C00259,2025-10-10,Chennai,Telangana,Organic
C00260,2025-01-27,Jaipur,Delhi,Google Ads
C00261,2025-08-14,Bangalore,Maharashtra,Google Ads
C00262,2025-10-04,Delhi,Rajasthan,Meta Ads
C00263,2025-10-13,Bangalore,West Bengal,Google Ads
C00264,2025-04-07,Pune,Tamil Nadu,Organic
C00265,2025-10-11,Chennai,Maharashtra,Organic
C00266,2025-11-13,Hyderabad,Delhi,Google Ads
C00267,2025-10-31,Delhi,Maharashtra,Organic
C00268,2025-05-27,Gurgaon,West Bengal,Meta Ads
C00269,2025-01-04,Mumbai,Maharashtra,Influencer
C00270,2025-02-04,Bangalore,Karnataka,Influencer
C00271,2025-07-11,Hyderabad,Gujarat,Google Ads
C00272,2025-02-18,Gurgaon,West Bengal,Organic
C00273,2025-01-17,Gurgaon,Rajasthan,Organic
C00274,2025-06-21,Chennai,Telangana,Google Ads
C00275,2025-08-08,Pune,West Bengal,Email
C00276,2025-06-07,Chennai,Delhi,Organic
C00277,2025-02-15,Mumbai,Maharashtra,Organic
C00278,2025-01-06,Delhi,West Bengal,Organic
C00279,2025-04-09,Jaipur,Maharashtra,Meta Ads
C00280,2025-08-21,Kolkata,Tamil Nadu,Meta Ads
C00281,2025-02-06,Delhi,Rajasthan,Meta Ads
C00282,2025-10-07,Mumbai,Haryana,Meta Ads
C00283,2025-12-15,Jaipur,West Bengal,Email
C00284,2025-10-29,Gurgaon,Delhi,Google Ads
C00285,2025-06-30,Delhi,Gujarat,Influencer
C00286,2025-04-05,Jaipur,Rajasthan,Influencer
C00287,2025-04-09,Bangalore,Haryana,Influencer
C00288,2025-07-07,Chennai,Tamil Nadu,Meta Ads
C00289,2025-04-26,Kolkata,Gujarat,Google Ads
C00290,2025-07-10,Hyderabad,Telangana,Google Ads
C00291,2025-09-10,Bangalore,Maharashtra,Email
C00292,2025-06-10,Delhi,Gujarat,Influencer
C00293,2025-09-13,Ahmedabad,Maharashtra,Meta Ads
C00294,2025-11-19,Jaipur,Haryana,Google Ads
C00295,2025-05-08,Gurgaon,Tamil Nadu,Organic
C00296,2025-01-18,Gurgaon,Haryana,Meta Ads
C00297,2025-10-08,Ahmedabad,Tamil Nadu,Influencer
C00298,2025-08-11,Delhi,Tamil Nadu,Influencer
C00299,2025-02-23,Gurgaon,Karnataka,Organic
C00300,2025-02-27,Pune,Karnataka,Organic
C00301,2025-11-19,Gurgaon,Rajasthan,Organic
C00302,2025-12-26,Kolkata,Karnataka,Google Ads
C00303,2025-06-23,Pune,Karnataka,Influencer
C00304,2025-10-07,Mumbai,Maharashtra,Influencer
C00305,2025-04-24,Mumbai,West Bengal,Meta Ads
C00306,2025-10-15,Jaipur,Telangana,Google Ads
C00307,2025-12-08,Pune,Delhi,Meta Ads
C00308,2025-05-31,Bangalore,Tamil Nadu,Influencer
C00309,2025-05-07,Jaipur,Haryana,Meta Ads
C00310,2025-06-04,Bangalore,Maharashtra,Organic
C00311,2025-09-30,Kolkata,Tamil Nadu,Google Ads
C00312,2025-04-14,Chennai,Delhi,Influencer
C00313,2025-10-26,Delhi,Karnataka,Google Ads
C00314,2025-09-03,Pune,Telangana,Google Ads
C00315,2025-06-25,Ahmedabad,Karnataka,Google Ads
C00316,2025-02-08,Hyderabad,Tamil Nadu,Google Ads
C00317,2025-06-19,Delhi,Telangana,Influencer
C00318,2025-09-04,Kolkata,Delhi,Organic
C00319,2025-01-26,Pune,Haryana,Google Ads
C00320,2025-12-21,Mumbai,Haryana,Google Ads
C00321,2025-11-02,Delhi,Rajasthan,Meta Ads
C00322,2025-01-13,Bangalore,Gujarat,Influencer
C00323,2025-11-12,Ahmedabad,Gujarat,Meta Ads
C00324,2025-11-09,Delhi,Haryana,Email
C00325,2025-02-05,Hyderabad,Gujarat,Organic
C00326,2025-06-22,Kolkata,West Bengal,Organic
C00327,2025-01-20,Kolkata,Delhi,Meta Ads
C00328,2025-11-17,Jaipur,West Bengal,Meta Ads
C00329,2025-09-21,Kolkata,Gujarat,Organic
C00330,2025-05-22,Jaipur,Karnataka,Google Ads
C00331,2025-05-23,Kolkata,Rajasthan,Meta Ads
C00332,2025-04-02,Hyderabad,Gujarat,Influencer
C00333,2025-12-20,Kolkata,Maharashtra,Google Ads
C00334,2025-11-18,Ahmedabad,Tamil Nadu,Meta Ads
C00335,2025-10-15,Chennai,Telangana,Influencer
C00336,2025-08-03,Mumbai,Karnataka,Email
C00337,2025-12-08,Ahmedabad,Tamil Nadu,Google Ads
C00338,2025-02-20,Kolkata,Rajasthan,Influencer
C00339,2025-06-02,Pune,Maharashtra,Organic
C00340,2025-07-05,Bangalore,Haryana,Email
C00341,2025-03-04,Chennai,Tamil Nadu,Meta Ads
C00342,2025-07-09,Mumbai,Telangana,Email
C00343,2025-05-05,Bangalore,West Bengal,Google Ads
C00344,2025-05-30,Ahmedabad,Maharashtra,Google Ads
C00345,2025-11-10,Hyderabad,West Bengal,Google Ads
C00346,2025-02-27,Hyderabad,Maharashtra,Meta Ads
C00347,2025-12-08,Bangalore,Delhi,Organic
C00348,2025-11-01,Pune,Haryana,Organic
C00349,2025-06-29,Bangalore,Maharashtra,Google Ads
C00350,2025-06-19,Ahmedabad,Gujarat,Meta Ads
C00351,2025-11-22,Bangalore,Gujarat,Google Ads
C00352,2025-09-28,Mumbai,Delhi,Google Ads
C00353,2025-02-23,Pune,Telangana,Google Ads
C00354,2025-04-11,Gurgaon,Rajasthan,Google Ads
C00355,2025-09-21,Delhi,Haryana,Meta Ads
C00356,2025-02-22,Gurgaon,Tamil Nadu,Google Ads
C00357,2025-03-01,Jaipur,Karnataka,Influencer
C00358,2025-04-18,Bangalore,Haryana,Meta Ads
C00359,2025-01-05,Hyderabad,Delhi,Meta Ads
C00360,2025-04-13,Gurgaon,Gujarat,Google Ads
C00361,2025-07-15,Kolkata,Tamil Nadu,Google Ads
C00362,2025-09-19,Ahmedabad,Maharashtra,Organic
C00363,2025-12-31,Gurgaon,Telangana,Email
C00364,2025-12-16,Chennai,Telangana,Influencer
C00365,2025-02-16,Pune,Rajasthan,Organic
C00366,2025-12-21,Ahmedabad,Rajasthan,Google Ads
C00367,2025-11-07,Hyderabad,Haryana,Meta Ads
C00368,2025-11-04,Jaipur,Karnataka,Organic
C00369,2025-05-24,Gurgaon,Delhi,Email
C00370,2025-09-26,Pune,Tamil Nadu,Influencer
C00371,2025-05-04,Delhi,Gujarat,Google Ads
C00372,2025-04-16,Pune,Delhi,Meta Ads
C00373,2025-06-07,Pune,Delhi,Meta Ads
C00374,2025-05-27,Ahmedabad,West Bengal,Meta Ads
C00375,2025-05-25,Delhi,West Bengal,Influencer
C00376,2025-04-30,Pune,Maharashtra,Meta Ads
C00377,2025-11-15,Chennai,Karnataka,Google Ads
C00378,2025-10-02,Gurgaon,Maharashtra,Influencer
C00379,2025-04-02,Gurgaon,Tamil Nadu,Meta Ads
C00380,2025-02-27,Chennai,Gujarat,Google Ads
C00381,2025-12-12,Gurgaon,Gujarat,Meta Ads
C00382,2025-08-17,Pune,Delhi,Google Ads
C00383,2025-04-27,Jaipur,Rajasthan,Meta Ads
C00384,2025-11-14,Pune,Gujarat,Google Ads
C00385,2025-10-06,Ahmedabad,Rajasthan,Influencer
C00386,2025-05-07,Kolkata,Rajasthan,Organic
C00387,2025-05-09,Jaipur,Tamil Nadu,Google Ads
C00388,2025-02-27,Hyderabad,Karnataka,Influencer
C00389,2025-05-02,Hyderabad,Delhi,Meta Ads
C00390,2025-01-01,Jaipur,Gujarat,Influencer
C00391,2025-08-27,Pune,Karnataka,Meta Ads
C00392,2025-10-17,Bangalore,West Bengal,Google Ads
C00393,2025-04-06,Kolkata,Tamil Nadu,Meta Ads
C00394,2025-05-06,Chennai,Karnataka,Meta Ads
C00395,2025-04-28,Pune,Tamil Nadu,Email
C00396,2025-02-17,Jaipur,Karnataka,Meta Ads
C00397,2025-03-30,Bangalore,Rajasthan,Google Ads
C00398,2025-08-25,Pune,Delhi,Organic
C00399,2025-09-29,Bangalore,Gujarat,Google Ads
C00400,2025-07-08,Jaipur,Haryana,Influencer
C00401,2025-07-11,Pune,Telangana,Email
C00402,2025-03-10,Delhi,Delhi,Google Ads
C00403,2025-10-05,Gurgaon,Rajasthan,Meta Ads
C00404,2025-12-15,Jaipur,Rajasthan,Meta Ads
C00405,2025-09-04,Hyderabad,Haryana,Google Ads
C00406,2025-03-17,Hyderabad,Rajasthan,Meta Ads
C00407,2025-06-03,Kolkata,Rajasthan,Google Ads
C00408,2025-05-24,Mumbai,West Bengal,Influencer
C00409,2025-03-27,Hyderabad,Gujarat,Google Ads
C00410,2025-07-04,Mumbai,Delhi,Meta Ads
C00411,2025-10-12,Delhi,Telangana,Google Ads
C00412,2025-08-08,Jaipur,Telangana,Influencer
C00413,2025-03-10,Bangalore,Rajasthan,Google Ads
C00414,2025-02-16,Kolkata,Karnataka,Meta Ads
C00415,2025-04-04,Gurgaon,Delhi,Google Ads
C00416,2025-08-26,Chennai,Haryana,Google Ads
C00417,2025-07-23,Mumbai,West Bengal,Meta Ads
C00418,2025-08-06,Gurgaon,Telangana,Email
C00419,2025-12-07,Kolkata,Rajasthan,Influencer
C00420,2025-02-08,Kolkata,Tamil Nadu,Organic
C00421,2025-04-10,Hyderabad,Tamil Nadu,Influencer
C00422,2025-10-16,Gurgaon,Karnataka,Organic
C00423,2025-09-11,Pune,Haryana,Influencer
C00424,2025-08-10,Ahmedabad,Tamil Nadu,Google Ads
C00425,2025-12-23,Kolkata,Telangana,Google Ads
C00426,2025-01-23,Mumbai,Karnataka,Meta Ads
C00427,2025-09-07,Chennai,Haryana,Meta Ads
C00428,2025-01-10,Chennai,West Bengal,Google Ads
C00429,2025-09-03,Delhi,Tamil Nadu,Organic
C00430,2025-11-21,Delhi,Maharashtra,Google Ads
C00431,2025-04-10,Hyderabad,Delhi,Organic
C00432,2025-10-17,Pune,Haryana,Organic
C00433,2025-06-29,Hyderabad,Haryana,Meta Ads
C00434,2025-08-11,Chennai,Tamil Nadu,Meta Ads
C00435,2025-09-07,Bangalore,Karnataka,Meta Ads
C00436,2025-05-27,Chennai,Delhi,Meta Ads
C00437,2025-04-06,Kolkata,Telangana,Google Ads
C00438,2025-09-14,Gurgaon,Telangana,Organic
C00439,2025-11-21,Gurgaon,Maharashtra,Meta Ads
C00440,2025-01-04,Kolkata,Gujarat,Influencer
C00441,2025-01-16,Kolkata,Tamil Nadu,Email
C00442,2025-10-07,Chennai,Karnataka,Google Ads
C00443,2025-12-02,Gurgaon,Delhi,Organic
C00444,2025-09-04,Gurgaon,Karnataka,Meta Ads
C00445,2025-09-15,Jaipur,Gujarat,Influencer
C00446,2025-06-09,Gurgaon,Telangana,Meta Ads
C00447,2025-12-06,Kolkata,Karnataka,Organic
C00448,2025-06-01,Delhi,Telangana,Google Ads
C00449,2025-06-27,Pune,Telangana,Email
C00450,2025-06-12,Bangalore,Maharashtra,Google Ads
C00451,2025-02-02,Kolkata,Telangana,Meta Ads
C00452,2025-06-28,Gurgaon,Rajasthan,Google Ads
C00453,2025-04-11,Mumbai,Telangana,Influencer
C00454,2025-09-25,Chennai,Delhi,Organic
C00455,2025-11-19,Chennai,Delhi,Email
C00456,2025-03-06,Pune,Delhi,Influencer
C00457,2025-06-17,Kolkata,Haryana,Organic
C00458,2025-11-26,Pune,Tamil Nadu,Meta Ads
C00459,2025-02-12,Delhi,Tamil Nadu,Meta Ads
C00460,2025-02-13,Ahmedabad,Tamil Nadu,Email
C00461,2025-10-12,Hyderabad,Rajasthan,Email
C00462,2025-01-12,Mumbai,Delhi,Meta Ads
C00463,2025-04-05,Hyderabad,Tamil Nadu,Organic
C00464,2025-10-29,Ahmedabad,Gujarat,Organic
C00465,2025-09-10,Mumbai,Gujarat,Organic
C00466,2025-08-30,Hyderabad,Karnataka,Influencer
C00467,2025-02-04,Mumbai,Haryana,Meta Ads
C00468,2025-08-03,Pune,Telangana,Email
C00469,2025-12-03,Bangalore,Delhi,Google Ads
C00470,2025-03-31,Jaipur,Rajasthan,Google Ads
C00471,2025-09-21,Mumbai,Haryana,Google Ads
C00472,2025-04-03,Ahmedabad,Maharashtra,Organic
C00473,2025-03-31,Pune,Maharashtra,Organic
C00474,2025-04-25,Jaipur,West Bengal,Organic
C00475,2025-04-15,Pune,Telangana,Organic
C00476,2025-07-15,Delhi,Delhi,Organic
C00477,2025-11-10,Gurgaon,Haryana,Google Ads
C00478,2025-04-24,Chennai,Maharashtra,Email
C00479,2025-03-16,Delhi,West Bengal,Meta Ads
C00480,2025-08-05,Ahmedabad,Rajasthan,Organic
C00481,2025-10-04,Kolkata,Delhi,Meta Ads
C00482,2025-09-06,Kolkata,Maharashtra,Google Ads
C00483,2025-06-13,Chennai,Tamil Nadu,Meta Ads
C00484,2025-12-23,Pune,Gujarat,Email
C00485,2025-07-11,Bangalore,West Bengal,Meta Ads
C00486,2025-08-15,Ahmedabad,Rajasthan,Google Ads
C00487,2025-06-26,Chennai,Maharashtra,Influencer
C00488,2025-04-09,Jaipur,Rajasthan,Meta Ads
C00489,2025-02-05,Jaipur,Telangana,Influencer
C00490,2025-04-06,Kolkata,Karnataka,Influencer
C00491,2025-06-01,Gurgaon,West Bengal,Organic
C00492,2025-05-31,Pune,Haryana,Meta Ads
C00493,2025-07-09,Kolkata,Haryana,Meta Ads
C00494,2025-08-12,Bangalore,Maharashtra,Meta Ads
C00495,2025-02-06,Chennai,Tamil Nadu,Meta Ads
C00496,2025-09-25,Mumbai,Tamil Nadu,Meta Ads
C00497,2025-07-02,Bangalore,Telangana,Influencer
C00498,2025-01-13,Mumbai,Haryana,Organic
C00499,2025-10-06,Pune,West Bengal,Google Ads
C00500,2025-08-05,Chennai,Gujarat,Meta Ads
C00501,2025-12-21,Jaipur,Tamil Nadu,Organic
C00502,2025-12-27,Jaipur,Haryana,Google Ads
C00503,2025-10-13,Delhi,Karnataka,Influencer
C00504,2025-09-30,Jaipur,West Bengal,Meta Ads
C00505,2025-03-03,Ahmedabad,Gujarat,Email
C00506,2025-03-25,Delhi,Karnataka,Organic
C00507,2025-08-05,Delhi,Haryana,Email
C00508,2025-12-08,Jaipur,Maharashtra,Meta Ads
C00509,2025-07-06,Kolkata,Telangana,Meta Ads
C00510,2025-01-19,Gurgaon,Telangana,Google Ads
C00511,2025-06-26,Gurgaon,Gujarat,Email
C00512,2025-04-10,Ahmedabad,Karnataka,Organic
C00513,2025-08-21,Hyderabad,Haryana,Organic
C00514,2025-03-17,Kolkata,Haryana,Meta Ads
C00515,2025-09-22,Hyderabad,Maharashtra,Google Ads
C00516,2025-10-11,Mumbai,Rajasthan,Google Ads
C00517,2025-07-25,Kolkata,Telangana,Organic
C00518,2025-08-11,Chennai,Rajasthan,Meta Ads
C00519,2025-02-21,Hyderabad,Rajasthan,Meta Ads
C00520,2025-12-05,Ahmedabad,Maharashtra,Organic
C00521,2025-05-24,Ahmedabad,Rajasthan,Email
C00522,2025-03-10,Kolkata,Rajasthan,Organic
C00523,2025-04-09,Delhi,Maharashtra,Organic
C00524,2025-01-25,Chennai,Tamil Nadu,Email
C00525,2025-02-22,Pune,Rajasthan,Meta Ads
C00526,2025-05-31,Chennai,Telangana,Meta Ads
C00527,2025-05-24,Ahmedabad,Maharashtra,Influencer
C00528,2025-02-26,Mumbai,West Bengal,Google Ads
C00529,2025-02-08,Hyderabad,Rajasthan,Google Ads
C00530,2025-04-19,Hyderabad,Tamil Nadu,Meta Ads
C00531,2025-06-30,Mumbai,Telangana,Google Ads
C00532,2025-02-11,Bangalore,Delhi,Google Ads
C00533,2025-07-05,Kolkata,Telangana,Google Ads
C00534,2025-08-11,Ahmedabad,Karnataka,Google Ads
C00535,2025-05-02,Gurgaon,West Bengal,Google Ads
C00536,2025-05-13,Jaipur,Haryana,Email
C00537,2025-06-12,Mumbai,Karnataka,Email
C00538,2025-08-03,Mumbai,Maharashtra,Influencer
C00539,2025-08-09,Chennai,Maharashtra,Email
C00540,2025-08-23,Kolkata,Haryana,Meta Ads
C00541,2025-11-27,Kolkata,Gujarat,Influencer
C00542,2025-05-26,Gurgaon,Gujarat,Google Ads
C00543,2025-08-27,Jaipur,Haryana,Influencer
C00544,2025-03-17,Kolkata,Maharashtra,Meta Ads
C00545,2025-01-09,Delhi,Telangana,Influencer
C00546,2025-03-15,Ahmedabad,West Bengal,Meta Ads
C00547,2025-09-10,Delhi,Tamil Nadu,Meta Ads
C00548,2025-08-18,Bangalore,West Bengal,Influencer
C00549,2025-01-07,Ahmedabad,Haryana,Influencer
C00550,2025-06-23,Pune,Maharashtra,Google Ads
C00551,2025-05-21,Ahmedabad,Gujarat,Organic
C00552,2025-06-17,Ahmedabad,Maharashtra,Meta Ads
C00553,2025-06-19,Gurgaon,Gujarat,Organic
C00554,2025-10-10,Delhi,West Bengal,Meta Ads
C00555,2025-05-02,Jaipur,Karnataka,Influencer
C00556,2025-07-13,Chennai,Telangana,Google Ads
C00557,2025-01-05,Gurgaon,West Bengal,Email
C00558,2025-01-29,Ahmedabad,Telangana,Google Ads
C00559,2025-06-14,Chennai,Rajasthan,Google Ads
C00560,2025-12-05,Hyderabad,West Bengal,Google Ads
C00561,2025-05-16,Chennai,Delhi,Google Ads
C00562,2025-12-31,Mumbai,Delhi,Meta Ads
C00563,2025-11-17,Gurgaon,Telangana,Influencer
C00564,2025-12-08,Gurgaon,Rajasthan,Google Ads
C00565,2025-05-25,Mumbai,Telangana,Organic
C00566,2025-11-23,Hyderabad,Haryana,Meta Ads
C00567,2025-08-05,Kolkata,Delhi,Meta Ads
C00568,2025-10-28,Kolkata,Maharashtra,Organic
C00569,2025-05-12,Kolkata,Telangana,Influencer
C00570,2025-10-19,Kolkata,Telangana,Google Ads
C00571,2025-03-11,Delhi,Tamil Nadu,Meta Ads
C00572,2025-09-09,Mumbai,Tamil Nadu,Meta Ads
C00573,2025-10-02,Hyderabad,Gujarat,Email
C00574,2025-12-30,Ahmedabad,Rajasthan,Organic
C00575,2025-07-01,Bangalore,Delhi,Email
C00576,2025-06-16,Gurgaon,Delhi,Meta Ads
C00577,2025-04-01,Chennai,Tamil Nadu,Email
C00578,2025-07-21,Kolkata,Telangana,Influencer
C00579,2025-12-12,Chennai,Telangana,Email
C00580,2025-01-19,Bangalore,Delhi,Meta Ads
C00581,2025-02-08,Gurgaon,Rajasthan,Influencer
C00582,2025-05-06,Pune,Karnataka,Organic
C00583,2025-06-22,Jaipur,Haryana,Organic
C00584,2025-05-21,Hyderabad,Delhi,Google Ads
C00585,2025-08-30,Delhi,Gujarat,Influencer
C00586,2025-08-08,Chennai,Karnataka,Email
C00587,2025-05-06,Kolkata,Delhi,Organic
C00588,2025-02-27,Mumbai,Tamil Nadu,Organic
C00589,2025-05-28,Chennai,Delhi,Organic
C00590,2025-11-13,Gurgaon,Karnataka,Organic
C00591,2025-12-27,Pune,Haryana,Google Ads
C00592,2025-01-01,Hyderabad,Telangana,Google Ads
C00593,2025-12-14,Mumbai,West Bengal,Influencer
C00594,2025-07-09,Jaipur,Tamil Nadu,Meta Ads
C00595,2025-07-10,Gurgaon,Karnataka,Influencer
C00596,2025-11-08,Pune,Gujarat,Influencer
C00597,2025-04-27,Mumbai,Gujarat,Organic
C00598,2025-05-14,Jaipur,Maharashtra,Email
C00599,2025-02-27,Chennai,West Bengal,Google Ads
C00600,2025-02-13,Gurgaon,Delhi,Meta Ads
C00601,2025-06-22,Ahmedabad,Maharashtra,Google Ads
C00602,2025-06-09,Jaipur,Gujarat,Email
C00603,2025-06-22,Pune,Delhi,Email
C00604,2025-11-13,Ahmedabad,Maharashtra,Google Ads
C00605,2025-10-30,Ahmedabad,Delhi,Meta Ads
C00606,2025-05-29,Delhi,Haryana,Meta Ads
C00607,2025-03-21,Pune,West Bengal,Organic
C00608,2025-08-01,Ahmedabad,Tamil Nadu,Organic
C00609,2025-07-22,Chennai,Tamil Nadu,Organic
C00610,2025-09-09,Gurgaon,Tamil Nadu,Influencer
C00611,2025-08-17,Gurgaon,Gujarat,Organic
C00612,2025-06-13,Chennai,Haryana,Meta Ads
C00613,2025-08-15,Delhi,West Bengal,Google Ads
C00614,2025-05-27,Hyderabad,Karnataka,Influencer
C00615,2025-01-20,Delhi,Rajasthan,Organic
C00616,2025-02-16,Gurgaon,Karnataka,Meta Ads
C00617,2025-08-21,Hyderabad,Tamil Nadu,Google Ads
C00618,2025-11-01,Delhi,Karnataka,Influencer
C00619,2025-01-14,Ahmedabad,Delhi,Meta Ads
C00620,2025-05-23,Hyderabad,Delhi,Organic
C00621,2025-01-01,Gurgaon,Karnataka,Organic
C00622,2025-02-23,Chennai,Telangana,Meta Ads
C00623,2025-09-16,Kolkata,Maharashtra,Organic
C00624,2025-05-24,Ahmedabad,Rajasthan,Meta Ads
C00625,2025-01-12,Ahmedabad,Gujarat,Google Ads
C00626,2025-11-26,Kolkata,Karnataka,Google Ads
C00627,2025-08-12,Jaipur,West Bengal,Organic
C00628,2025-09-29,Bangalore,Telangana,Influencer
C00629,2025-12-24,Mumbai,Haryana,Meta Ads
C00630,2025-06-05,Pune,Telangana,Influencer
C00631,2025-01-08,Delhi,Rajasthan,Meta Ads
C00632,2025-05-02,Bangalore,West Bengal,Organic
C00633,2025-12-14,Delhi,Telangana,Google Ads
C00634,2025-06-13,Bangalore,Gujarat,Organic
C00635,2025-03-31,Hyderabad,Maharashtra,Meta Ads
C00636,2025-05-16,Chennai,West Bengal,Meta Ads
C00637,2025-07-05,Pune,Delhi,Google Ads
C00638,2025-11-12,Pune,Gujarat,Meta Ads
C00639,2025-06-27,Delhi,Tamil Nadu,Email
C00640,2025-01-28,Kolkata,Haryana,Meta Ads
C00641,2025-08-08,Hyderabad,Rajasthan,Google Ads
C00642,2025-12-23,Jaipur,Rajasthan,Google Ads
C00643,2025-02-10,Pune,Karnataka,Organic
C00644,2025-08-16,Mumbai,Rajasthan,Influencer
C00645,2025-07-11,Delhi,Rajasthan,Google Ads
C00646,2025-05-25,Ahmedabad,Maharashtra,Meta Ads
C00647,2025-07-20,Mumbai,Haryana,Influencer
C00648,2025-07-31,Gurgaon,Maharashtra,Meta Ads
C00649,2025-08-08,Delhi,Delhi,Organic
C00650,2025-08-28,Delhi,West Bengal,Influencer
C00651,2025-02-15,Ahmedabad,Telangana,Meta Ads
C00652,2025-02-04,Hyderabad,Haryana,Google Ads
C00653,2025-09-10,Ahmedabad,Telangana,Meta Ads
C00654,2025-03-23,Pune,Tamil Nadu,Influencer
C00655,2025-09-13,Chennai,Maharashtra,Organic
C00656,2025-07-16,Delhi,Gujarat,Meta Ads
C00657,2025-10-30,Gurgaon,Telangana,Google Ads
C00658,2025-01-10,Kolkata,Gujarat,Organic
C00659,2025-11-08,Delhi,Karnataka,Google Ads
C00660,2025-10-13,Ahmedabad,Haryana,Meta Ads
C00661,2025-08-30,Bangalore,Karnataka,Google Ads
C00662,2025-09-08,Delhi,West Bengal,Organic
C00663,2025-12-31,Delhi,Karnataka,Google Ads
C00664,2025-01-05,Gurgaon,Gujarat,Meta Ads
C00665,2025-04-29,Gurgaon,Rajasthan,Influencer
C00666,2025-10-16,Delhi,Maharashtra,Meta Ads
C00667,2025-03-06,Bangalore,Karnataka,Google Ads
C00668,2025-05-26,Chennai,West Bengal,Organic
C00669,2025-08-12,Jaipur,Haryana,Google Ads
C00670,2025-08-27,Bangalore,West Bengal,Organic
C00671,2025-06-26,Bangalore,Maharashtra,Google Ads
C00672,2025-09-24,Bangalore,Telangana,Organic
C00673,2025-12-07,Chennai,Delhi,Organic
C00674,2025-10-09,Hyderabad,Haryana,Influencer
C00675,2025-03-04,Hyderabad,Gujarat,Organic
C00676,2025-08-05,Bangalore,Delhi,Meta Ads
C00677,2025-12-08,Jaipur,West Bengal,Meta Ads
C00678,2025-11-11,Ahmedabad,West Bengal,Meta Ads
C00679,2025-10-10,Mumbai,West Bengal,Email
C00680,2025-06-26,Hyderabad,Delhi,Email
C00681,2025-04-08,Kolkata,Karnataka,Meta Ads
C00682,2025-04-15,Gurgaon,Maharashtra,Google Ads
C00683,2025-04-09,Chennai,Haryana,Meta Ads
C00684,2025-11-07,Chennai,Maharashtra,Email
C00685,2025-01-06,Mumbai,Haryana,Meta Ads
C00686,2025-07-16,Hyderabad,Haryana,Google Ads
C00687,2025-12-17,Jaipur,Telangana,Meta Ads
C00688,2025-05-13,Jaipur,West Bengal,Google Ads
C00689,2025-12-24,Gurgaon,Tamil Nadu,Meta Ads
C00690,2025-09-16,Bangalore,Maharashtra,Google Ads
C00691,2025-01-23,Ahmedabad,Telangana,Google Ads
C00692,2025-02-22,Hyderabad,West Bengal,Google Ads
C00693,2025-06-14,Jaipur,Rajasthan,Meta Ads
C00694,2025-07-21,Mumbai,Rajasthan,Google Ads
C00695,2025-03-24,Gurgaon,Karnataka,Influencer
C00696,2025-05-25,Delhi,Delhi,Organic
C00697,2025-03-26,Gurgaon,Rajasthan,Organic
C00698,2025-03-19,Jaipur,Gujarat,Google Ads
C00699,2025-01-01,Delhi,West Bengal,Organic
C00700,2025-02-20,Kolkata,Tamil Nadu,Google Ads
C00701,2025-06-22,Pune,West Bengal,Meta Ads
C00702,2025-07-24,Gurgaon,Rajasthan,Google Ads
C00703,2025-09-17,Mumbai,Tamil Nadu,Meta Ads
C00704,2025-10-15,Mumbai,Karnataka,Meta Ads
C00705,2025-02-03,Ahmedabad,Karnataka,Meta Ads
C00706,2025-12-14,Bangalore,Telangana,Meta Ads
C00707,2025-04-05,Gurgaon,Gujarat,Google Ads
C00708,2025-03-13,Jaipur,Rajasthan,Organic
C00709,2025-02-08,Pune,Gujarat,Organic
C00710,2025-06-03,Hyderabad,Maharashtra,Influencer
C00711,2025-09-07,Jaipur,Telangana,Meta Ads
C00712,2025-06-11,Mumbai,Telangana,Meta Ads
C00713,2025-04-28,Kolkata,Maharashtra,Email
C00714,2025-09-16,Jaipur,Gujarat,Google Ads
C00715,2025-11-02,Chennai,Karnataka,Influencer
C00716,2025-09-25,Mumbai,Maharashtra,Google Ads
C00717,2025-02-23,Gurgaon,West Bengal,Google Ads
C00718,2025-08-24,Kolkata,Delhi,Meta Ads
C00719,2025-08-10,Chennai,Tamil Nadu,Influencer
C00720,2025-09-08,Delhi,Karnataka,Meta Ads
C00721,2025-11-09,Pune,Karnataka,Google Ads
C00722,2025-04-22,Mumbai,Haryana,Organic
C00723,2025-09-12,Gurgaon,Karnataka,Google Ads
C00724,2025-10-30,Chennai,Telangana,Email
C00725,2025-07-26,Chennai,Karnataka,Meta Ads
C00726,2025-08-17,Bangalore,West Bengal,Organic
C00727,2025-12-07,Chennai,Karnataka,Google Ads
C00728,2025-03-07,Pune,Telangana,Meta Ads
C00729,2025-03-16,Kolkata,Maharashtra,Influencer
C00730,2025-04-13,Kolkata,Maharashtra,Google Ads
C00731,2025-07-11,Chennai,Rajasthan,Organic
C00732,2025-09-09,Gurgaon,Delhi,Email
C00733,2025-08-14,Mumbai,Delhi,Google Ads
C00734,2025-10-21,Gurgaon,Delhi,Influencer
C00735,2025-11-02,Ahmedabad,Karnataka,Influencer
C00736,2025-04-08,Mumbai,Maharashtra,Organic
C00737,2025-12-04,Delhi,Karnataka,Email
C00738,2025-10-13,Pune,Haryana,Meta Ads
C00739,2025-12-01,Gurgaon,Rajasthan,Influencer
C00740,2025-12-13,Bangalore,Maharashtra,Google Ads
C00741,2025-11-04,Kolkata,Delhi,Influencer
C00742,2025-09-06,Chennai,Tamil Nadu,Google Ads
C00743,2025-06-15,Mumbai,Karnataka,Influencer
C00744,2025-12-01,Chennai,West Bengal,Email
C00745,2025-01-30,Delhi,Tamil Nadu,Organic
C00746,2025-09-04,Ahmedabad,West Bengal,Google Ads
C00747,2025-04-16,Chennai,Haryana,Influencer
C00748,2025-02-20,Gurgaon,Delhi,Meta Ads
C00749,2025-03-22,Mumbai,Karnataka,Meta Ads
C00750,2025-05-13,Bangalore,Karnataka,Google Ads
C00751,2025-10-12,Delhi,West Bengal,Google Ads
C00752,2025-05-18,Jaipur,Karnataka,Meta Ads
C00753,2025-07-03,Pune,Haryana,Google Ads
C00754,2025-11-26,Ahmedabad,Telangana,Meta Ads
C00755,2025-09-30,Gurgaon,Telangana,Meta Ads
C00756,2025-12-06,Pune,West Bengal,Meta Ads
C00757,2025-03-10,Bangalore,Delhi,Google Ads
C00758,2025-02-03,Pune,West Bengal,Meta Ads
C00759,2025-09-19,Kolkata,Gujarat,Organic
C00760,2025-02-22,Mumbai,Karnataka,Meta Ads
C00761,2025-07-24,Pune,Karnataka,Email
C00762,2025-05-06,Gurgaon,Telangana,Google Ads
C00763,2025-08-23,Jaipur,Tamil Nadu,Meta Ads
C00764,2025-02-12,Kolkata,West Bengal,Meta Ads
C00765,2025-08-28,Kolkata,Delhi,Organic
C00766,2025-04-21,Pune,Telangana,Meta Ads
C00767,2025-09-06,Ahmedabad,West Bengal,Email
C00768,2025-05-31,Hyderabad,Maharashtra,Google Ads
C00769,2025-07-02,Ahmedabad,Delhi,Organic
C00770,2025-12-02,Chennai,Delhi,Email
C00771,2025-04-05,Gurgaon,Tamil Nadu,Google Ads
C00772,2025-01-08,Hyderabad,Haryana,Email
C00773,2025-12-26,Mumbai,Delhi,Email
C00774,2025-07-03,Kolkata,Karnataka,Email
C00775,2025-10-08,Gurgaon,West Bengal,Influencer
C00776,2025-07-14,Bangalore,Rajasthan,Meta Ads
C00777,2025-12-18,Chennai,Rajasthan,Google Ads
C00778,2025-07-14,Jaipur,Tamil Nadu,Google Ads
C00779,2025-06-04,Chennai,Karnataka,Email
C00780,2025-04-03,Gurgaon,Delhi,Google Ads
C00781,2025-06-09,Mumbai,Karnataka,Meta Ads
C00782,2025-03-02,Kolkata,Maharashtra,Influencer
C00783,2025-05-02,Delhi,Haryana,Google Ads
C00784,2025-02-20,Delhi,Gujarat,Organic
C00785,2025-10-04,Gurgaon,Haryana,Email
C00786,2025-01-05,Pune,Delhi,Organic
C00787,2025-04-02,Ahmedabad,Karnataka,Organic
C00788,2025-06-19,Chennai,Haryana,Organic
C00789,2025-11-13,Mumbai,West Bengal,Organic
C00790,2025-01-22,Chennai,Haryana,Meta Ads
C00791,2025-11-22,Bangalore,Haryana,Google Ads
C00792,2025-01-01,Delhi,West Bengal,Meta Ads
C00793,2025-05-13,Kolkata,Gujarat,Organic
C00794,2025-08-21,Bangalore,Gujarat,Organic
C00795,2025-01-12,Kolkata,West Bengal,Google Ads
C00796,2025-12-12,Chennai,Karnataka,Organic
C00797,2025-02-15,Mumbai,Maharashtra,Google Ads
C00798,2025-02-03,Delhi,Delhi,Meta Ads
C00799,2025-03-19,Chennai,Tamil Nadu,Meta Ads
C00800,2025-08-06,Delhi,Rajasthan,Influencer
C00801,2025-10-28,Gurgaon,Karnataka,Influencer
C00802,2025-03-14,Jaipur,Haryana,Google Ads
C00803,2025-10-09,Jaipur,Rajasthan,Organic
C00804,2025-09-06,Kolkata,Rajasthan,Google Ads
C00805,2025-02-16,Chennai,West Bengal,Influencer
C00806,2025-05-01,Hyderabad,Telangana,Google Ads
C00807,2025-08-02,Delhi,Maharashtra,Email
C00808,2025-08-27,Delhi,Maharashtra,Organic
C00809,2025-02-25,Hyderabad,Telangana,Organic
C00810,2025-12-16,Pune,Delhi,Organic
C00811,2025-04-17,Chennai,Telangana,Google Ads
C00812,2025-11-15,Hyderabad,Tamil Nadu,Organic
C00813,2025-02-17,Jaipur,Tamil Nadu,Google Ads
C00814,2025-03-02,Delhi,West Bengal,Google Ads
C00815,2025-12-03,Jaipur,Haryana,Organic
C00816,2025-01-26,Chennai,Rajasthan,Google Ads
C00817,2025-10-19,Mumbai,Maharashtra,Meta Ads
C00818,2025-09-14,Mumbai,Maharashtra,Influencer
C00819,2025-01-08,Kolkata,Telangana,Email
C00820,2025-04-23,Jaipur,Telangana,Organic
C00821,2025-12-21,Jaipur,Telangana,Influencer
C00822,2025-09-10,Jaipur,Delhi,Email
C00823,2025-06-29,Pune,Telangana,Organic
C00824,2025-07-26,Jaipur,Haryana,Email
C00825,2025-10-30,Mumbai,Rajasthan,Google Ads
C00826,2025-05-07,Pune,Karnataka,Organic
C00827,2025-02-25,Kolkata,Karnataka,Meta Ads
C00828,2025-08-02,Gurgaon,Haryana,Influencer
C00829,2025-01-14,Bangalore,Tamil Nadu,Influencer
C00830,2025-01-28,Kolkata,Karnataka,Google Ads
C00831,2025-03-19,Ahmedabad,Delhi,Organic
C00832,2025-08-04,Pune,Gujarat,Influencer
C00833,2025-12-31,Mumbai,Delhi,Email
C00834,2025-06-03,Mumbai,Maharashtra,Meta Ads
C00835,2025-01-14,Chennai,Karnataka,Influencer
C00836,2025-07-06,Delhi,Tamil Nadu,Meta Ads
C00837,2025-11-08,Jaipur,Telangana,Organic
C00838,2025-01-07,Mumbai,Telangana,Google Ads
C00839,2025-01-03,Jaipur,Rajasthan,Meta Ads
C00840,2025-04-21,Hyderabad,Tamil Nadu,Meta Ads
C00841,2025-08-26,Delhi,Maharashtra,Google Ads
C00842,2025-12-29,Hyderabad,West Bengal,Influencer
C00843,2025-08-27,Jaipur,Karnataka,Meta Ads
C00844,2025-10-01,Pune,Rajasthan,Influencer
C00845,2025-10-21,Ahmedabad,Tamil Nadu,Email
C00846,2025-08-15,Delhi,Gujarat,Influencer
C00847,2025-01-15,Pune,Delhi,Google Ads
C00848,2025-07-11,Mumbai,Maharashtra,Organic
C00849,2025-04-29,Ahmedabad,Tamil Nadu,Meta Ads
C00850,2025-01-28,Gurgaon,Karnataka,Meta Ads
C00851,2025-07-21,Mumbai,Delhi,Email
C00852,2025-02-08,Bangalore,Tamil Nadu,Meta Ads
C00853,2025-09-30,Kolkata,Haryana,Email
C00854,2025-08-19,Delhi,Rajasthan,Meta Ads
C00855,2025-03-27,Bangalore,Tamil Nadu,Meta Ads
C00856,2025-05-06,Jaipur,Haryana,Meta Ads
C00857,2025-10-27,Delhi,Delhi,Influencer
C00858,2025-01-25,Kolkata,Delhi,Google Ads
C00859,2025-05-25,Delhi,Delhi,Meta Ads
C00860,2025-01-13,Pune,West Bengal,Organic
C00861,2025-07-31,Hyderabad,Tamil Nadu,Email
C00862,2025-01-25,Chennai,Haryana,Organic
C00863,2025-03-09,Pune,Telangana,Meta Ads
C00864,2025-03-08,Kolkata,Gujarat,Meta Ads
C00865,2025-08-21,Delhi,Gujarat,Influencer
C00866,2025-04-19,Pune,Haryana,Organic
C00867,2025-05-26,Hyderabad,Telangana,Email
C00868,2025-04-21,Bangalore,Maharashtra,Organic
C00869,2025-08-16,Pune,West Bengal,Meta Ads
C00870,2025-04-21,Jaipur,Haryana,Google Ads
C00871,2025-02-03,Bangalore,Karnataka,Organic
C00872,2025-04-21,Kolkata,Rajasthan,Google Ads
C00873,2025-09-21,Bangalore,Rajasthan,Email
C00874,2025-08-24,Delhi,Gujarat,Google Ads
C00875,2025-03-24,Ahmedabad,Delhi,Organic
C00876,2025-02-11,Ahmedabad,Karnataka,Meta Ads
C00877,2025-04-11,Gurgaon,Maharashtra,Meta Ads
C00878,2025-01-06,Jaipur,Telangana,Organic
C00879,2025-06-29,Delhi,Maharashtra,Organic
C00880,2025-10-09,Kolkata,Gujarat,Meta Ads
C00881,2025-11-16,Mumbai,Delhi,Meta Ads
C00882,2025-08-14,Ahmedabad,Telangana,Organic
C00883,2025-11-11,Kolkata,Haryana,Influencer
C00884,2025-12-31,Bangalore,Telangana,Google Ads
C00885,2025-08-17,Pune,Gujarat,Organic
C00886,2025-10-16,Ahmedabad,Maharashtra,Meta Ads
C00887,2025-05-30,Delhi,Rajasthan,Organic
C00888,2025-10-04,Ahmedabad,Maharashtra,Organic
C00889,2025-07-17,Hyderabad,Maharashtra,Meta Ads
C00890,2025-03-11,Hyderabad,Maharashtra,Organic
C00891,2025-04-22,Hyderabad,Gujarat,Google Ads
C00892,2025-01-04,Jaipur,Karnataka,Meta Ads
C00893,2025-12-16,Ahmedabad,Gujarat,Google Ads
C00894,2025-11-27,Gurgaon,West Bengal,Google Ads
C00895,2025-11-14,Kolkata,Telangana,Influencer
C00896,2025-12-16,Hyderabad,West Bengal,Meta Ads
C00897,2025-04-05,Bangalore,Gujarat,Influencer
C00898,2025-06-01,Delhi,Tamil Nadu,Meta Ads
C00899,2025-11-07,Jaipur,Tamil Nadu,Meta Ads
C00900,2025-05-17,Chennai,Karnataka,Google Ads
C00901,2025-09-04,Hyderabad,Haryana,Google Ads
C00902,2025-08-31,Kolkata,Maharashtra,Email
C00903,2025-01-31,Bangalore,Haryana,Organic
C00904,2025-02-09,Delhi,Haryana,Google Ads
C00905,2025-08-17,Pune,West Bengal,Email
C00906,2025-02-05,Mumbai,Telangana,Google Ads
C00907,2025-08-11,Bangalore,Tamil Nadu,Meta Ads
C00908,2025-01-06,Gurgaon,Rajasthan,Google Ads
C00909,2025-11-18,Bangalore,Telangana,Email
C00910,2025-08-08,Bangalore,Tamil Nadu,Organic
C00911,2025-03-16,Gurgaon,Rajasthan,Organic
C00912,2025-01-04,Pune,Delhi,Organic
C00913,2025-12-01,Jaipur,Gujarat,Organic
C00914,2025-05-14,Ahmedabad,Delhi,Influencer
C00915,2025-04-28,Delhi,Telangana,Meta Ads
C00916,2025-04-04,Bangalore,Karnataka,Meta Ads
C00917,2025-03-03,Bangalore,Telangana,Google Ads
C00918,2025-07-13,Gurgaon,West Bengal,Influencer
C00919,2025-12-01,Kolkata,Rajasthan,Organic
C00920,2025-07-22,Bangalore,Rajasthan,Organic
C00921,2025-01-26,Bangalore,Delhi,Meta Ads
C00922,2025-06-22,Gurgaon,Delhi,Meta Ads
C00923,2025-10-27,Kolkata,Rajasthan,Influencer
C00924,2025-05-13,Gurgaon,Telangana,Meta Ads
C00925,2025-11-22,Jaipur,Karnataka,Organic
C00926,2025-04-28,Bangalore,Rajasthan,Meta Ads
C00927,2025-11-20,Hyderabad,Haryana,Organic
C00928,2025-10-02,Delhi,Tamil Nadu,Organic
C00929,2025-07-31,Kolkata,Delhi,Influencer
C00930,2025-08-13,Hyderabad,Delhi,Google Ads
C00931,2025-01-20,Gurgaon,West Bengal,Organic
C00932,2025-04-23,Bangalore,Gujarat,Google Ads
C00933,2025-05-20,Gurgaon,Gujarat,Email
C00934,2025-02-16,Ahmedabad,West Bengal,Organic
C00935,2025-01-01,Ahmedabad,Rajasthan,Meta Ads
C00936,2025-03-31,Jaipur,Delhi,Organic
C00937,2025-05-22,Bangalore,Maharashtra,Organic
C00938,2025-11-16,Bangalore,Karnataka,Influencer
C00939,2025-02-07,Hyderabad,Haryana,Meta Ads
C00940,2025-10-20,Chennai,Telangana,Meta Ads
C00941,2025-05-19,Bangalore,Telangana,Email
C00942,2025-12-22,Jaipur,Gujarat,Email
C00943,2025-11-29,Kolkata,Gujarat,Google Ads
C00944,2025-09-16,Kolkata,West Bengal,Meta Ads
C00945,2025-06-10,Gurgaon,Delhi,Google Ads
C00946,2025-06-27,Hyderabad,Telangana,Meta Ads
C00947,2025-01-10,Pune,Delhi,Google Ads
C00948,2025-09-18,Mumbai,Haryana,Google Ads
C00949,2025-05-18,Gurgaon,Karnataka,Influencer
C00950,2025-06-21,Bangalore,Karnataka,Meta Ads
C00951,2025-01-13,Gurgaon,Telangana,Organic
C00952,2025-06-17,Pune,Maharashtra,Organic
C00953,2025-05-10,Mumbai,West Bengal,Organic
C00954,2025-03-25,Pune,Telangana,Organic
C00955,2025-11-17,Pune,Haryana,Organic
C00956,2025-11-15,Ahmedabad,Maharashtra,Influencer
C00957,2025-04-11,Kolkata,Tamil Nadu,Influencer
C00958,2025-11-25,Chennai,Rajasthan,Meta Ads
C00959,2025-09-30,Bangalore,Gujarat,Meta Ads
C00960,2025-09-22,Jaipur,Gujarat,Influencer
C00961,2025-02-07,Hyderabad,Maharashtra,Organic
C00962,2025-04-04,Gurgaon,Telangana,Email
C00963,2025-04-05,Bangalore,Gujarat,Google Ads
C00964,2025-11-01,Ahmedabad,Delhi,Meta Ads
C00965,2025-03-10,Kolkata,Gujarat,Google Ads
C00966,2025-11-14,Gurgaon,Karnataka,Google Ads
C00967,2025-08-24,Hyderabad,Gujarat,Google Ads
C00968,2025-11-30,Chennai,Tamil Nadu,Influencer
C00969,2025-05-17,Bangalore,West Bengal,Organic
C00970,2025-03-17,Jaipur,Maharashtra,Meta Ads
C00971,2025-02-04,Kolkata,Delhi,Organic
C00972,2025-01-01,Delhi,Tamil Nadu,Organic
C00973,2025-10-23,Bangalore,Karnataka,Organic
C00974,2025-11-16,Pune,Telangana,Organic
C00975,2025-03-01,Pune,Rajasthan,Organic
C00976,2025-11-16,Jaipur,Karnataka,Google Ads
C00977,2025-12-15,Mumbai,Maharashtra,Organic
C00978,2025-11-24,Jaipur,Maharashtra,Organic
C00979,2025-09-24,Kolkata,Maharashtra,Meta Ads
C00980,2025-12-27,Pune,Tamil Nadu,Google Ads
C00981,2025-08-17,Chennai,Maharashtra,Google Ads
C00982,2025-09-27,Chennai,West Bengal,Meta Ads
C00983,2025-11-12,Pune,West Bengal,Influencer
C00984,2025-10-13,Kolkata,West Bengal,Google Ads
C00985,2025-10-18,Ahmedabad,Maharashtra,Meta Ads
C00986,2025-08-01,Hyderabad,West Bengal,Google Ads
C00987,2025-06-14,Hyderabad,Gujarat,Meta Ads
C00988,2025-01-05,Kolkata,Gujarat,Organic
C00989,2025-12-05,Delhi,Maharashtra,Organic
C00990,2025-03-19,Hyderabad,Haryana,Meta Ads
C00991,2025-03-03,Gurgaon,Tamil Nadu,Email
C00992,2025-05-12,Hyderabad,Rajasthan,Meta Ads
C00993,2025-03-30,Gurgaon,Tamil Nadu,Organic
C00994,2025-08-25,Pune,Tamil Nadu,Influencer
C00995,2025-02-11,Ahmedabad,Tamil Nadu,Google Ads
C00996,2025-03-30,Jaipur,Rajasthan,Email
C00997,2025-10-23,Ahmedabad,West Bengal,Influencer
C00998,2025-11-24,Hyderabad,Delhi,Email
C00999,2025-10-22,Hyderabad,Delhi,Google Ads
C01000,2025-04-14,Kolkata,Telangana,Organic
C01001,2025-01-14,Jaipur,Maharashtra,Influencer
C01002,2025-10-15,Hyderabad,Karnataka,Email
C01003,2025-06-28,Mumbai,West Bengal,Email
C01004,2025-05-05,Mumbai,West Bengal,Influencer
C01005,2025-12-19,Delhi,Karnataka,Organic
C01006,2025-01-23,Pune,Maharashtra,Meta Ads
C01007,2025-03-04,Gurgaon,Delhi,Google Ads
C01008,2025-05-23,Ahmedabad,Rajasthan,Meta Ads
C01009,2025-06-02,Pune,Karnataka,Meta Ads
C01010,2025-05-25,Gurgaon,Rajasthan,Meta Ads
C01011,2025-08-13,Gurgaon,Telangana,Meta Ads
C01012,2025-11-05,Bangalore,Tamil Nadu,Meta Ads
C01013,2025-04-14,Hyderabad,West Bengal,Email
C01014,2025-04-14,Delhi,Tamil Nadu,Google Ads
C01015,2025-02-08,Hyderabad,Delhi,Meta Ads
C01016,2025-07-17,Delhi,Tamil Nadu,Organic
C01017,2025-05-14,Pune,Tamil Nadu,Influencer
C01018,2025-03-08,Kolkata,Haryana,Google Ads
C01019,2025-06-28,Kolkata,Karnataka,Meta Ads
C01020,2025-02-11,Pune,Karnataka,Meta Ads
C01021,2025-01-15,Jaipur,West Bengal,Google Ads
C01022,2025-04-21,Mumbai,Gujarat,Meta Ads
C01023,2025-06-06,Gurgaon,Karnataka,Organic
C01024,2025-10-16,Delhi,Karnataka,Influencer
C01025,2025-08-19,Chennai,West Bengal,Organic
C01026,2025-06-06,Hyderabad,West Bengal,Google Ads
C01027,2025-02-07,Pune,Rajasthan,Meta Ads
C01028,2025-04-07,Gurgaon,Tamil Nadu,Google Ads
C01029,2025-10-16,Delhi,West Bengal,Google Ads
C01030,2025-09-11,Ahmedabad,Delhi,Organic
C01031,2025-07-15,Jaipur,West Bengal,Email
C01032,2025-03-27,Hyderabad,Maharashtra,Meta Ads
C01033,2025-11-18,Kolkata,West Bengal,Email
C01034,2025-01-10,Pune,Karnataka,Email
C01035,2025-01-05,Kolkata,Rajasthan,Meta Ads
C01036,2025-05-03,Delhi,Haryana,Meta Ads
C01037,2025-11-26,Kolkata,West Bengal,Google Ads
C01038,2025-12-19,Hyderabad,Gujarat,Organic
C01039,2025-04-28,Mumbai,Maharashtra,Meta Ads
C01040,2025-10-21,Gurgaon,Delhi,Meta Ads
C01041,2025-06-08,Mumbai,West Bengal,Email
C01042,2025-10-30,Pune,Tamil Nadu,Meta Ads
C01043,2025-08-16,Mumbai,Tamil Nadu,Google Ads
C01044,2025-12-31,Bangalore,Maharashtra,Influencer
C01045,2025-08-04,Gurgaon,Karnataka,Email
C01046,2025-07-03,Delhi,Telangana,Google Ads
C01047,2025-01-15,Gurgaon,Karnataka,Meta Ads
C01048,2025-06-06,Bangalore,Maharashtra,Organic
C01049,2025-05-16,Chennai,Karnataka,Influencer
C01050,2025-09-18,Mumbai,Tamil Nadu,Email
C01051,2025-06-06,Gurgaon,Rajasthan,Meta Ads
C01052,2025-02-16,Kolkata,Telangana,Organic
C01053,2025-11-20,Delhi,Tamil Nadu,Google Ads
C01054,2025-11-28,Ahmedabad,Delhi,Email
C01055,2025-06-22,Pune,Tamil Nadu,Google Ads
C01056,2025-05-10,Pune,Karnataka,Google Ads
C01057,2025-04-05,Pune,Rajasthan,Meta Ads
C01058,2025-04-25,Gurgaon,Telangana,Google Ads
C01059,2025-08-31,Mumbai,West Bengal,Google Ads
C01060,2025-10-19,Gurgaon,Telangana,Meta Ads
C01061,2025-10-09,Hyderabad,Tamil Nadu,Google Ads
C01062,2025-10-26,Kolkata,West Bengal,Google Ads
C01063,2025-10-10,Ahmedabad,Maharashtra,Influencer
C01064,2025-03-10,Ahmedabad,Tamil Nadu,Meta Ads
C01065,2025-05-28,Kolkata,Gujarat,Influencer
C01066,2025-01-11,Bangalore,Tamil Nadu,Organic
C01067,2025-09-11,Jaipur,Maharashtra,Meta Ads
C01068,2025-11-26,Hyderabad,Telangana,Meta Ads
C01069,2025-12-26,Delhi,Delhi,Influencer
C01070,2025-02-07,Ahmedabad,West Bengal,Meta Ads
C01071,2025-05-14,Pune,Gujarat,Meta Ads
C01072,2025-07-19,Gurgaon,Maharashtra,Google Ads
C01073,2025-01-23,Bangalore,Haryana,Google Ads
C01074,2025-10-30,Jaipur,Gujarat,Google Ads
C01075,2025-12-12,Kolkata,Gujarat,Email
C01076,2025-10-29,Chennai,Haryana,Email
C01077,2025-12-29,Delhi,Gujarat,Influencer
C01078,2025-08-06,Jaipur,Tamil Nadu,Google Ads
C01079,2025-05-21,Pune,Haryana,Email
C01080,2025-04-14,Jaipur,Telangana,Organic
C01081,2025-07-29,Ahmedabad,Haryana,Influencer
C01082,2025-04-21,Gurgaon,Telangana,Google Ads
C01083,2025-04-14,Kolkata,Delhi,Meta Ads
C01084,2025-11-12,Jaipur,Karnataka,Email
C01085,2025-06-20,Delhi,Gujarat,Google Ads
C01086,2025-12-22,Jaipur,West Bengal,Email
C01087,2025-11-20,Chennai,West Bengal,Meta Ads
C01088,2025-05-13,Bangalore,Karnataka,Email
C01089,2025-10-20,Ahmedabad,Rajasthan,Meta Ads
C01090,2025-11-24,Gurgaon,Tamil Nadu,Google Ads
C01091,2025-05-07,Pune,Gujarat,Organic
C01092,2025-04-16,Kolkata,Gujarat,Organic
C01093,2025-04-02,Kolkata,Karnataka,Organic
C01094,2025-10-14,Bangalore,Telangana,Google Ads
C01095,2025-02-20,Mumbai,Tamil Nadu,Meta Ads
C01096,2025-01-29,Mumbai,Maharashtra,Google Ads
C01097,2025-10-23,Pune,West Bengal,Google Ads
C01098,2025-10-24,Jaipur,Maharashtra,Organic
C01099,2025-08-02,Chennai,Haryana,Meta Ads
C01100,2025-09-24,Kolkata,Telangana,Google Ads
C01101,2025-09-14,Jaipur,Rajasthan,Email
C01102,2025-10-29,Kolkata,Maharashtra,Meta Ads
C01103,2025-04-11,Kolkata,West Bengal,Organic
C01104,2025-12-12,Jaipur,West Bengal,Meta Ads
C01105,2025-04-20,Bangalore,West Bengal,Meta Ads
C01106,2025-07-01,Mumbai,Delhi,Organic
C01107,2025-11-09,Hyderabad,Gujarat,Google Ads
C01108,2025-01-01,Delhi,Maharashtra,Organic
C01109,2025-11-15,Bangalore,Haryana,Influencer
C01110,2025-02-24,Ahmedabad,Maharashtra,Influencer
C01111,2025-05-29,Chennai,Haryana,Email
C01112,2025-11-05,Chennai,West Bengal,Organic
C01113,2025-05-17,Delhi,Tamil Nadu,Google Ads
C01114,2025-07-21,Chennai,Haryana,Google Ads
C01115,2025-11-09,Jaipur,Telangana,Organic
C01116,2025-04-27,Chennai,Gujarat,Organic
C01117,2025-06-03,Hyderabad,Gujarat,Meta Ads
C01118,2025-10-18,Chennai,Delhi,Meta Ads
C01119,2025-03-04,Kolkata,Maharashtra,Google Ads
C01120,2025-09-01,Bangalore,Karnataka,Meta Ads
C01121,2025-01-25,Jaipur,Delhi,Meta Ads
C01122,2025-03-31,Mumbai,Karnataka,Organic
C01123,2025-03-16,Chennai,Gujarat,Meta Ads
C01124,2025-10-21,Pune,Telangana,Organic
C01125,2025-07-29,Pune,West Bengal,Influencer
C01126,2025-12-13,Pune,West Bengal,Meta Ads
C01127,2025-01-17,Chennai,Haryana,Meta Ads
C01128,2025-05-08,Ahmedabad,Delhi,Meta Ads
C01129,2025-12-30,Kolkata,Telangana,Google Ads
C01130,2025-09-08,Gurgaon,West Bengal,Organic
C01131,2025-06-28,Chennai,Haryana,Google Ads
C01132,2025-07-01,Ahmedabad,Maharashtra,Google Ads
C01133,2025-06-01,Gurgaon,Gujarat,Google Ads
C01134,2025-01-25,Delhi,Maharashtra,Influencer
C01135,2025-06-29,Hyderabad,Gujarat,Meta Ads
C01136,2025-07-17,Kolkata,Maharashtra,Influencer
C01137,2025-12-10,Chennai,Haryana,Organic
C01138,2025-06-10,Bangalore,Telangana,Meta Ads
C01139,2025-06-26,Jaipur,Delhi,Organic
C01140,2025-10-12,Bangalore,Gujarat,Meta Ads
C01141,2025-03-04,Bangalore,Karnataka,Google Ads
C01142,2025-05-30,Delhi,Telangana,Meta Ads
C01143,2025-06-03,Jaipur,Telangana,Meta Ads
C01144,2025-06-05,Delhi,Haryana,Google Ads
C01145,2025-02-18,Gurgaon,Karnataka,Organic
C01146,2025-12-03,Delhi,Rajasthan,Email
C01147,2025-03-25,Pune,Telangana,Organic
C01148,2025-12-27,Hyderabad,Telangana,Google Ads
C01149,2025-06-26,Pune,Tamil Nadu,Email
C01150,2025-05-28,Chennai,Gujarat,Meta Ads
C01151,2025-04-28,Gurgaon,West Bengal,Meta Ads
C01152,2025-12-08,Ahmedabad,Telangana,Google Ads
C01153,2025-03-04,Gurgaon,Telangana,Google Ads
C01154,2025-07-08,Ahmedabad,Haryana,Google Ads
C01155,2025-12-26,Hyderabad,Haryana,Organic
C01156,2025-02-18,Delhi,Delhi,Meta Ads
C01157,2025-11-23,Delhi,Gujarat,Google Ads
C01158,2025-09-14,Jaipur,Haryana,Google Ads
C01159,2025-08-12,Chennai,Karnataka,Influencer
C01160,2025-05-21,Bangalore,Karnataka,Email
C01161,2025-08-03,Mumbai,Telangana,Organic
C01162,2025-07-30,Gurgaon,West Bengal,Google Ads
C01163,2025-11-14,Gurgaon,Haryana,Organic
C01164,2025-02-01,Chennai,Delhi,Meta Ads
C01165,2025-06-07,Pune,Haryana,Email
C01166,2025-10-12,Kolkata,Haryana,Influencer
C01167,2025-11-01,Chennai,Tamil Nadu,Google Ads
C01168,2025-10-13,Mumbai,West Bengal,Influencer
C01169,2025-05-24,Delhi,Haryana,Google Ads
C01170,2025-01-19,Ahmedabad,Maharashtra,Meta Ads
C01171,2025-01-18,Pune,Maharashtra,Organic
C01172,2025-09-14,Pune,Telangana,Google Ads
C01173,2025-03-19,Jaipur,Delhi,Email
C01174,2025-06-24,Hyderabad,West Bengal,Google Ads
C01175,2025-07-13,Mumbai,Delhi,Influencer
C01176,2025-04-23,Pune,Karnataka,Organic
C01177,2025-04-24,Mumbai,West Bengal,Influencer
C01178,2025-08-10,Chennai,Tamil Nadu,Meta Ads
C01179,2025-06-15,Ahmedabad,West Bengal,Google Ads
C01180,2025-11-15,Ahmedabad,Haryana,Influencer
C01181,2025-05-12,Gurgaon,Gujarat,Organic
C01182,2025-09-21,Delhi,Tamil Nadu,Google Ads
C01183,2025-02-24,Gurgaon,Telangana,Google Ads
C01184,2025-12-25,Pune,Delhi,Email
C01185,2025-05-11,Hyderabad,Maharashtra,Influencer
C01186,2025-10-15,Gurgaon,Tamil Nadu,Organic
C01187,2025-09-23,Gurgaon,Telangana,Influencer
C01188,2025-06-11,Gurgaon,Karnataka,Google Ads
C01189,2025-03-28,Mumbai,West Bengal,Email
C01190,2025-02-24,Chennai,West Bengal,Organic
C01191,2025-10-15,Hyderabad,Maharashtra,Google Ads
C01192,2025-06-27,Ahmedabad,Gujarat,Meta Ads
C01193,2025-12-15,Jaipur,Delhi,Google Ads
C01194,2025-01-08,Mumbai,West Bengal,Organic
C01195,2025-11-17,Pune,Delhi,Organic
C01196,2025-11-09,Hyderabad,Karnataka,Influencer
C01197,2025-09-04,Ahmedabad,Karnataka,Email
C01198,2025-11-19,Hyderabad,Maharashtra,Meta Ads
C01199,2025-09-12,Kolkata,Haryana,Organic
C01200,2025-11-24,Kolkata,Telangana,Organic
C01201,2025-02-23,Gurgaon,Tamil Nadu,Meta Ads
C01202,2025-09-06,Gurgaon,Maharashtra,Organic
C01203,2025-08-27,Kolkata,Telangana,Google Ads
C01204,2025-08-17,Jaipur,West Bengal,Meta Ads
C01205,2025-03-08,Ahmedabad,Delhi,Meta Ads
C01206,2025-02-20,Pune,Karnataka,Influencer
C01207,2025-04-07,Delhi,Delhi,Organic
C01208,2025-04-02,Delhi,Maharashtra,Organic
C01209,2025-09-21,Mumbai,Rajasthan,Organic
C01210,2025-10-18,Jaipur,Haryana,Meta Ads
C01211,2025-04-06,Jaipur,Telangana,Meta Ads
C01212,2025-03-29,Pune,Telangana,Meta Ads
C01213,2025-03-19,Hyderabad,Gujarat,Google Ads
C01214,2025-10-15,Delhi,Karnataka,Email
C01215,2025-04-30,Hyderabad,Telangana,Organic
C01216,2025-10-29,Hyderabad,Maharashtra,Meta Ads
C01217,2025-06-14,Jaipur,Tamil Nadu,Meta Ads
C01218,2025-07-01,Hyderabad,Rajasthan,Organic
C01219,2025-08-11,Delhi,Telangana,Organic
C01220,2025-11-07,Ahmedabad,Tamil Nadu,Organic
C01221,2025-01-07,Bangalore,Telangana,Meta Ads
C01222,2025-11-26,Hyderabad,Maharashtra,Google Ads
C01223,2025-09-20,Pune,Tamil Nadu,Google Ads
C01224,2025-06-10,Chennai,West Bengal,Influencer
C01225,2025-05-31,Gurgaon,Telangana,Meta Ads
C01226,2025-03-26,Pune,West Bengal,Meta Ads
C01227,2025-05-27,Kolkata,Gujarat,Organic
C01228,2025-04-22,Delhi,Karnataka,Meta Ads
C01229,2025-02-05,Chennai,Maharashtra,Organic
C01230,2025-10-12,Gurgaon,Haryana,Meta Ads
C01231,2025-07-07,Pune,Maharashtra,Meta Ads
C01232,2025-03-23,Chennai,Haryana,Influencer
C01233,2025-01-02,Bangalore,Tamil Nadu,Google Ads
C01234,2025-10-30,Delhi,Gujarat,Meta Ads
C01235,2025-07-16,Ahmedabad,Tamil Nadu,Meta Ads
C01236,2025-01-11,Mumbai,Telangana,Email
C01237,2025-08-22,Jaipur,Karnataka,Organic
C01238,2025-07-14,Bangalore,Maharashtra,Email
C01239,2025-04-29,Kolkata,Delhi,Influencer
C01240,2025-01-20,Jaipur,Maharashtra,Influencer
C01241,2025-09-18,Ahmedabad,Maharashtra,Google Ads
C01242,2025-10-20,Bangalore,Haryana,Influencer
C01243,2025-09-13,Gurgaon,Rajasthan,Google Ads
C01244,2025-08-10,Chennai,Delhi,Influencer
C01245,2025-08-14,Delhi,Telangana,Influencer
C01246,2025-02-22,Chennai,West Bengal,Organic
C01247,2025-12-21,Hyderabad,Karnataka,Google Ads
C01248,2025-12-08,Pune,Gujarat,Organic
C01249,2025-12-30,Kolkata,Karnataka,Google Ads
C01250,2025-10-07,Hyderabad,Gujarat,Google Ads
C01251,2025-03-22,Hyderabad,Maharashtra,Email
C01252,2025-07-21,Kolkata,Haryana,Google Ads
C01253,2025-06-07,Pune,Telangana,Meta Ads
C01254,2025-04-30,Gurgaon,Rajasthan,Organic
C01255,2025-02-28,Pune,Karnataka,Organic
C01256,2025-08-03,Delhi,Haryana,Email
C01257,2025-05-08,Chennai,Rajasthan,Organic
C01258,2025-08-12,Gurgaon,Tamil Nadu,Meta Ads
C01259,2025-07-28,Mumbai,Maharashtra,Meta Ads
C01260,2025-04-25,Chennai,Delhi,Meta Ads
C01261,2025-07-28,Gurgaon,Delhi,Meta Ads
C01262,2025-01-14,Pune,West Bengal,Influencer
C01263,2025-01-09,Kolkata,Maharashtra,Google Ads
C01264,2025-02-09,Pune,West Bengal,Google Ads
C01265,2025-08-25,Mumbai,Delhi,Influencer
C01266,2025-10-08,Gurgaon,Telangana,Google Ads
C01267,2025-12-25,Delhi,Telangana,Meta Ads
C01268,2025-07-20,Pune,Haryana,Organic
C01269,2025-09-03,Gurgaon,Delhi,Meta Ads
C01270,2025-10-05,Chennai,West Bengal,Organic
C01271,2025-08-23,Mumbai,Maharashtra,Influencer
C01272,2025-01-04,Delhi,Maharashtra,Email
C01273,2025-06-03,Gurgaon,Gujarat,Meta Ads
C01274,2025-01-29,Bangalore,Rajasthan,Google Ads
C01275,2025-04-19,Pune,Tamil Nadu,Organic
C01276,2025-04-08,Mumbai,Delhi,Google Ads
C01277,2025-08-03,Delhi,Delhi,Google Ads
C01278,2025-10-20,Delhi,West Bengal,Meta Ads
C01279,2025-03-16,Hyderabad,Gujarat,Organic
C01280,2025-11-22,Jaipur,Karnataka,Email
C01281,2025-05-26,Mumbai,Rajasthan,Email
C01282,2025-05-08,Delhi,Telangana,Influencer
C01283,2025-12-07,Gurgaon,Telangana,Meta Ads
C01284,2025-02-11,Hyderabad,Karnataka,Organic
C01285,2025-12-22,Jaipur,Gujarat,Google Ads
C01286,2025-02-10,Chennai,Rajasthan,Email
C01287,2025-02-03,Gurgaon,Delhi,Email
C01288,2025-01-17,Pune,Maharashtra,Email
C01289,2025-06-14,Jaipur,Delhi,Influencer
C01290,2025-06-02,Mumbai,Telangana,Organic
C01291,2025-03-17,Pune,West Bengal,Organic
C01292,2025-03-28,Ahmedabad,West Bengal,Email
C01293,2025-04-27,Ahmedabad,Tamil Nadu,Organic
C01294,2025-12-28,Mumbai,Haryana,Influencer
C01295,2025-12-08,Chennai,Telangana,Email
C01296,2025-01-27,Jaipur,Gujarat,Organic
C01297,2025-11-09,Hyderabad,West Bengal,Meta Ads
C01298,2025-10-14,Bangalore,Delhi,Meta Ads
C01299,2025-05-14,Delhi,Tamil Nadu,Meta Ads
C01300,2025-08-07,Bangalore,Maharashtra,Google Ads
C01301,2025-06-17,Ahmedabad,Telangana,Google Ads
C01302,2025-04-08,Ahmedabad,Haryana,Organic
C01303,2025-09-25,Chennai,Gujarat,Google Ads
C01304,2025-08-25,Bangalore,Tamil Nadu,Email
C01305,2025-11-05,Bangalore,Maharashtra,Meta Ads
C01306,2025-06-22,Hyderabad,Haryana,Influencer
C01307,2025-07-09,Chennai,Haryana,Meta Ads
C01308,2025-05-02,Chennai,Tamil Nadu,Organic
C01309,2025-02-15,Mumbai,Delhi,Organic
C01310,2025-03-05,Pune,Gujarat,Influencer
C01311,2025-05-10,Chennai,Karnataka,Google Ads
C01312,2025-11-06,Chennai,Haryana,Meta Ads
C01313,2025-12-29,Gurgaon,West Bengal,Google Ads
C01314,2025-07-12,Jaipur,Karnataka,Meta Ads
C01315,2025-11-03,Jaipur,Tamil Nadu,Google Ads
C01316,2025-06-30,Kolkata,Haryana,Organic
C01317,2025-10-19,Bangalore,West Bengal,Organic
C01318,2025-10-09,Delhi,Karnataka,Influencer
C01319,2025-01-29,Bangalore,Maharashtra,Email
C01320,2025-05-29,Mumbai,Telangana,Google Ads
C01321,2025-09-24,Mumbai,Karnataka,Meta Ads
C01322,2025-10-23,Mumbai,Telangana,Influencer
C01323,2025-01-11,Pune,West Bengal,Google Ads
C01324,2025-06-13,Delhi,Haryana,Organic
C01325,2025-04-23,Jaipur,Telangana,Organic
C01326,2025-07-06,Hyderabad,Tamil Nadu,Organic
C01327,2025-10-22,Jaipur,West Bengal,Email
C01328,2025-08-20,Pune,Haryana,Email
C01329,2025-08-15,Mumbai,West Bengal,Email
C01330,2025-11-06,Pune,Karnataka,Influencer
C01331,2025-04-08,Jaipur,West Bengal,Email
C01332,2025-02-24,Hyderabad,Karnataka,Meta Ads
C01333,2025-04-21,Kolkata,Tamil Nadu,Influencer
C01334,2025-06-01,Delhi,Gujarat,Meta Ads
C01335,2025-09-03,Pune,Tamil Nadu,Influencer
C01336,2025-03-10,Jaipur,Karnataka,Meta Ads
C01337,2025-11-08,Delhi,Haryana,Google Ads
C01338,2025-10-16,Jaipur,Rajasthan,Meta Ads
C01339,2025-09-07,Jaipur,Gujarat,Google Ads
C01340,2025-02-05,Hyderabad,Tamil Nadu,Google Ads
C01341,2025-08-27,Kolkata,Rajasthan,Meta Ads
C01342,2025-05-28,Delhi,Maharashtra,Influencer
C01343,2025-08-15,Mumbai,Rajasthan,Influencer
C01344,2025-09-01,Delhi,Tamil Nadu,Influencer
C01345,2025-12-03,Chennai,Rajasthan,Influencer
C01346,2025-12-31,Mumbai,Telangana,Influencer
C01347,2025-07-20,Delhi,Haryana,Email
C01348,2025-06-03,Gurgaon,Maharashtra,Organic
C01349,2025-03-14,Gurgaon,Karnataka,Organic
C01350,2025-07-20,Jaipur,Delhi,Influencer
C01351,2025-10-23,Mumbai,Telangana,Google Ads
C01352,2025-01-17,Delhi,Maharashtra,Meta Ads
C01353,2025-05-09,Jaipur,Maharashtra,Influencer
C01354,2025-08-05,Bangalore,Delhi,Meta Ads
C01355,2025-03-02,Jaipur,Maharashtra,Google Ads
C01356,2025-04-14,Pune,Telangana,Meta Ads
C01357,2025-02-11,Gurgaon,Tamil Nadu,Influencer
C01358,2025-01-25,Bangalore,West Bengal,Email
C01359,2025-02-08,Ahmedabad,West Bengal,Meta Ads
C01360,2025-10-18,Pune,West Bengal,Meta Ads
C01361,2025-05-11,Mumbai,Telangana,Meta Ads
C01362,2025-08-17,Jaipur,Haryana,Organic
C01363,2025-04-18,Gurgaon,Karnataka,Google Ads
C01364,2025-06-21,Kolkata,Delhi,Google Ads
C01365,2025-04-12,Gurgaon,Gujarat,Meta Ads
C01366,2025-12-20,Hyderabad,West Bengal,Google Ads
C01367,2025-01-12,Gurgaon,Rajasthan,Google Ads
C01368,2025-10-02,Kolkata,Telangana,Organic
C01369,2025-04-11,Kolkata,Haryana,Meta Ads
C01370,2025-02-13,Jaipur,Haryana,Organic
C01371,2025-11-01,Mumbai,West Bengal,Google Ads
C01372,2025-01-17,Kolkata,Rajasthan,Google Ads
C01373,2025-11-26,Gurgaon,Gujarat,Google Ads
C01374,2025-02-26,Mumbai,West Bengal,Organic
C01375,2025-11-07,Delhi,Delhi,Organic
C01376,2025-10-30,Gurgaon,Tamil Nadu,Influencer
C01377,2025-01-12,Chennai,Rajasthan,Meta Ads
C01378,2025-11-14,Jaipur,West Bengal,Meta Ads
C01379,2025-03-21,Pune,Delhi,Meta Ads
C01380,2025-08-04,Jaipur,Rajasthan,Google Ads
C01381,2025-12-05,Kolkata,Karnataka,Meta Ads
C01382,2025-09-21,Ahmedabad,Rajasthan,Meta Ads
C01383,2025-05-29,Hyderabad,Telangana,Google Ads
C01384,2025-03-22,Chennai,Rajasthan,Organic
C01385,2025-08-03,Kolkata,Gujarat,Influencer
C01386,2025-07-17,Gurgaon,West Bengal,Google Ads
C01387,2025-07-19,Mumbai,Telangana,Google Ads
C01388,2025-01-25,Chennai,Rajasthan,Influencer
C01389,2025-03-30,Ahmedabad,Telangana,Google Ads
C01390,2025-09-25,Pune,Delhi,Influencer
C01391,2025-05-23,Mumbai,Tamil Nadu,Email
C01392,2025-02-28,Hyderabad,Telangana,Email
C01393,2025-12-31,Bangalore,Karnataka,Google Ads
C01394,2025-01-26,Hyderabad,Haryana,Organic
C01395,2025-02-16,Jaipur,Karnataka,Organic
C01396,2025-10-15,Chennai,Rajasthan,Google Ads
C01397,2025-09-23,Jaipur,Tamil Nadu,Influencer
C01398,2025-01-16,Kolkata,Karnataka,Google Ads
C01399,2025-07-18,Delhi,Haryana,Influencer
C01400,2025-10-09,Kolkata,Gujarat,Meta Ads
C01401,2025-03-27,Pune,Gujarat,Meta Ads
C01402,2025-09-07,Chennai,Tamil Nadu,Organic
C01403,2025-09-27,Delhi,Haryana,Google Ads
C01404,2025-12-01,Mumbai,Haryana,Meta Ads
C01405,2025-04-27,Delhi,Delhi,Google Ads
C01406,2025-01-07,Pune,Maharashtra,Meta Ads
C01407,2025-05-17,Gurgaon,Telangana,Organic
C01408,2025-06-25,Jaipur,Tamil Nadu,Google Ads
C01409,2025-11-24,Ahmedabad,West Bengal,Meta Ads
C01410,2025-11-11,Kolkata,Delhi,Google Ads
C01411,2025-08-03,Chennai,Gujarat,Meta Ads
C01412,2025-03-23,Pune,Delhi,Organic
C01413,2025-08-11,Bangalore,Rajasthan,Meta Ads
C01414,2025-04-13,Ahmedabad,Telangana,Influencer
C01415,2025-09-30,Pune,West Bengal,Meta Ads
C01416,2025-01-14,Bangalore,Tamil Nadu,Google Ads
C01417,2025-06-08,Bangalore,Rajasthan,Organic
C01418,2025-06-01,Bangalore,Maharashtra,Meta Ads
C01419,2025-04-18,Gurgaon,West Bengal,Meta Ads
C01420,2025-07-07,Delhi,Haryana,Google Ads
C01421,2025-10-28,Hyderabad,West Bengal,Meta Ads
C01422,2025-04-08,Kolkata,Delhi,Organic
C01423,2025-05-11,Bangalore,Rajasthan,Organic
C01424,2025-10-20,Pune,Delhi,Meta Ads
C01425,2025-06-20,Mumbai,Haryana,Organic
C01426,2025-07-02,Mumbai,Gujarat,Email
C01427,2025-12-30,Chennai,Delhi,Email
C01428,2025-02-08,Jaipur,West Bengal,Meta Ads
C01429,2025-01-15,Bangalore,Maharashtra,Meta Ads
C01430,2025-01-04,Pune,West Bengal,Google Ads
C01431,2025-12-15,Bangalore,West Bengal,Meta Ads
C01432,2025-07-29,Gurgaon,Rajasthan,Meta Ads
C01433,2025-06-10,Jaipur,Tamil Nadu,Meta Ads
C01434,2025-01-16,Bangalore,Telangana,Meta Ads
C01435,2025-04-18,Kolkata,West Bengal,Organic
C01436,2025-11-07,Mumbai,West Bengal,Google Ads
C01437,2025-08-15,Bangalore,Telangana,Meta Ads
C01438,2025-06-19,Kolkata,Maharashtra,Google Ads
C01439,2025-02-03,Kolkata,Rajasthan,Google Ads
C01440,2025-09-08,Delhi,Gujarat,Organic
C01441,2025-09-04,Kolkata,Haryana,Email
C01442,2025-09-26,Jaipur,Haryana,Email
C01443,2025-05-21,Mumbai,Delhi,Organic
C01444,2025-10-01,Chennai,Rajasthan,Influencer
C01445,2025-04-06,Gurgaon,Gujarat,Meta Ads
C01446,2025-08-15,Mumbai,Haryana,Organic
C01447,2025-02-08,Pune,Tamil Nadu,Organic
C01448,2025-10-29,Chennai,Gujarat,Organic
C01449,2025-01-29,Kolkata,Tamil Nadu,Meta Ads
C01450,2025-11-14,Bangalore,Telangana,Meta Ads
C01451,2025-09-02,Delhi,Karnataka,Google Ads
C01452,2025-08-24,Chennai,West Bengal,Organic
C01453,2025-07-04,Pune,Maharashtra,Email
C01454,2025-09-29,Pune,West Bengal,Meta Ads
C01455,2025-08-24,Chennai,Delhi,Email
C01456,2025-08-27,Delhi,Haryana,Meta Ads
C01457,2025-09-23,Kolkata,Rajasthan,Email
C01458,2025-12-25,Jaipur,Delhi,Influencer
C01459,2025-12-06,Pune,Gujarat,Meta Ads
C01460,2025-03-06,Kolkata,Rajasthan,Meta Ads
C01461,2025-06-26,Jaipur,Rajasthan,Meta Ads
C01462,2025-01-03,Jaipur,Gujarat,Email
C01463,2025-05-22,Pune,Telangana,Google Ads
C01464,2025-06-07,Chennai,West Bengal,Organic
C01465,2025-11-20,Jaipur,Delhi,Meta Ads
C01466,2025-05-26,Bangalore,West Bengal,Email
C01467,2025-10-20,Mumbai,Tamil Nadu,Meta Ads
C01468,2025-06-02,Gurgaon,Haryana,Meta Ads
C01469,2025-07-12,Pune,Delhi,Google Ads
C01470,2025-03-14,Ahmedabad,Gujarat,Google Ads
C01471,2025-11-01,Jaipur,Delhi,Meta Ads
C01472,2025-12-10,Hyderabad,Delhi,Organic
C01473,2025-05-20,Bangalore,Karnataka,Meta Ads
C01474,2025-07-06,Ahmedabad,Gujarat,Organic
C01475,2025-10-20,Kolkata,Gujarat,Google Ads
C01476,2025-03-02,Gurgaon,West Bengal,Meta Ads
C01477,2025-07-17,Delhi,Haryana,Google Ads
C01478,2025-10-22,Jaipur,Gujarat,Organic
C01479,2025-11-15,Delhi,Maharashtra,Meta Ads
C01480,2025-10-29,Gurgaon,Gujarat,Google Ads
C01481,2025-12-10,Bangalore,Maharashtra,Organic
C01482,2025-01-11,Bangalore,Haryana,Meta Ads
C01483,2025-03-03,Gurgaon,Telangana,Organic
C01484,2025-11-29,Bangalore,Delhi,Meta Ads
C01485,2025-08-14,Jaipur,Haryana,Meta Ads
C01486,2025-06-02,Gurgaon,West Bengal,Influencer
C01487,2025-07-18,Pune,Delhi,Meta Ads
C01488,2025-02-21,Hyderabad,Maharashtra,Google Ads
C01489,2025-09-17,Kolkata,Rajasthan,Organic
C01490,2025-02-28,Mumbai,Haryana,Meta Ads
C01491,2025-03-13,Chennai,West Bengal,Organic
C01492,2025-05-28,Hyderabad,Maharashtra,Email
C01493,2025-12-15,Mumbai,West Bengal,Organic
C01494,2025-03-04,Chennai,West Bengal,Meta Ads
C01495,2025-11-06,Delhi,West Bengal,Organic
C01496,2025-08-31,Hyderabad,Haryana,Meta Ads
C01497,2025-11-26,Ahmedabad,Rajasthan,Meta Ads
C01498,2025-04-17,Hyderabad,Maharashtra,Influencer
C01499,2025-08-14,Bangalore,Telangana,Meta Ads
C01500,2025-11-09,Jaipur,Maharashtra,Meta Ads
C01501,2025-08-06,Jaipur,Gujarat,Google Ads
C01502,2025-08-29,Mumbai,Delhi,Email
C01503,2025-09-16,Bangalore,Rajasthan,Meta Ads
C01504,2025-09-19,Delhi,Haryana,Meta Ads
C01505,2025-01-05,Jaipur,Karnataka,Organic
C01506,2025-09-18,Kolkata,Telangana,Google Ads
C01507,2025-02-23,Delhi,Delhi,Google Ads
C01508,2025-02-16,Bangalore,Karnataka,Email
C01509,2025-08-03,Bangalore,Gujarat,Meta Ads
C01510,2025-06-26,Mumbai,Maharashtra,Meta Ads
C01511,2025-01-09,Pune,Maharashtra,Meta Ads
C01512,2025-04-09,Jaipur,Rajasthan,Organic
C01513,2025-01-20,Bangalore,Haryana,Google Ads
C01514,2025-08-29,Bangalore,Haryana,Influencer
C01515,2025-03-02,Kolkata,Delhi,Email
C01516,2025-06-27,Hyderabad,Tamil Nadu,Meta Ads
C01517,2025-12-04,Hyderabad,Gujarat,Email
C01518,2025-03-03,Bangalore,Tamil Nadu,Meta Ads
C01519,2025-05-25,Delhi,West Bengal,Google Ads
C01520,2025-08-04,Kolkata,Telangana,Influencer
C01521,2025-01-03,Delhi,Maharashtra,Organic
C01522,2025-06-09,Chennai,Delhi,Influencer
C01523,2025-08-15,Pune,Tamil Nadu,Google Ads
C01524,2025-09-26,Hyderabad,Rajasthan,Email
C01525,2025-04-30,Hyderabad,Haryana,Influencer
C01526,2025-03-30,Kolkata,Maharashtra,Google Ads
C01527,2025-11-25,Gurgaon,Delhi,Email
C01528,2025-03-09,Delhi,Karnataka,Email
C01529,2025-12-23,Jaipur,Telangana,Google Ads
C01530,2025-04-08,Kolkata,West Bengal,Organic
C01531,2025-09-24,Mumbai,Rajasthan,Influencer
C01532,2025-04-15,Gurgaon,Gujarat,Influencer
C01533,2025-11-19,Ahmedabad,Rajasthan,Meta Ads
C01534,2025-05-03,Delhi,West Bengal,Organic
C01535,2025-01-29,Gurgaon,Gujarat,Email
C01536,2025-05-17,Kolkata,Gujarat,Meta Ads
C01537,2025-07-14,Jaipur,Delhi,Influencer
C01538,2025-08-14,Mumbai,Rajasthan,Organic
C01539,2025-11-28,Pune,Maharashtra,Meta Ads
C01540,2025-06-19,Gurgaon,West Bengal,Meta Ads
C01541,2025-01-09,Pune,Haryana,Influencer
C01542,2025-02-09,Bangalore,Telangana,Google Ads
C01543,2025-01-25,Hyderabad,Delhi,Google Ads
C01544,2025-09-18,Chennai,Delhi,Google Ads
C01545,2025-08-14,Hyderabad,Karnataka,Google Ads
C01546,2025-05-04,Ahmedabad,Delhi,Meta Ads
C01547,2025-02-07,Jaipur,Gujarat,Organic
C01548,2025-11-24,Mumbai,Karnataka,Organic
C01549,2025-09-08,Pune,Maharashtra,Meta Ads
C01550,2025-06-25,Kolkata,Tamil Nadu,Organic
C01551,2025-03-31,Pune,Telangana,Organic
C01552,2025-02-06,Jaipur,Telangana,Meta Ads
C01553,2025-11-12,Kolkata,Maharashtra,Email
C01554,2025-06-25,Kolkata,Maharashtra,Google Ads
C01555,2025-10-11,Ahmedabad,Tamil Nadu,Meta Ads
C01556,2025-03-22,Jaipur,Haryana,Google Ads
C01557,2025-04-24,Gurgaon,Rajasthan,Google Ads
C01558,2025-02-09,Hyderabad,Telangana,Meta Ads
C01559,2025-10-28,Bangalore,Haryana,Meta Ads
C01560,2025-08-12,Pune,Delhi,Meta Ads
C01561,2025-11-14,Gurgaon,Maharashtra,Organic
C01562,2025-12-15,Bangalore,Karnataka,Google Ads
C01563,2025-04-25,Mumbai,Haryana,Email
C01564,2025-07-05,Chennai,Haryana,Organic
C01565,2025-11-19,Pune,Telangana,Influencer
C01566,2025-02-25,Ahmedabad,Karnataka,Organic
C01567,2025-02-09,Bangalore,Rajasthan,Organic
C01568,2025-12-20,Kolkata,Delhi,Influencer
C01569,2025-02-09,Gurgaon,Tamil Nadu,Organic
C01570,2025-12-13,Hyderabad,West Bengal,Google Ads
C01571,2025-08-25,Ahmedabad,Telangana,Google Ads
C01572,2025-10-16,Pune,Karnataka,Influencer
C01573,2025-09-19,Jaipur,Gujarat,Organic
C01574,2025-08-04,Gurgaon,Rajasthan,Google Ads
C01575,2025-05-27,Ahmedabad,Delhi,Meta Ads
C01576,2025-12-02,Chennai,Rajasthan,Google Ads
C01577,2025-06-17,Pune,West Bengal,Meta Ads
C01578,2025-04-02,Mumbai,Delhi,Email
C01579,2025-12-19,Hyderabad,West Bengal,Google Ads
C01580,2025-02-28,Mumbai,Haryana,Meta Ads
C01581,2025-02-28,Bangalore,West Bengal,Meta Ads
C01582,2025-10-31,Jaipur,Rajasthan,Meta Ads
C01583,2025-06-18,Bangalore,Gujarat,Meta Ads
C01584,2025-09-26,Hyderabad,Tamil Nadu,Email
C01585,2025-12-29,Gurgaon,Maharashtra,Influencer
C01586,2025-02-14,Bangalore,Gujarat,Email
C01587,2025-12-11,Jaipur,Telangana,Organic
C01588,2025-06-30,Delhi,Gujarat,Organic
C01589,2025-06-19,Delhi,West Bengal,Email
C01590,2025-12-22,Ahmedabad,Telangana,Email
C01591,2025-07-10,Ahmedabad,Gujarat,Influencer
C01592,2025-06-04,Pune,Maharashtra,Influencer
C01593,2025-07-07,Ahmedabad,Rajasthan,Organic
C01594,2025-01-07,Chennai,Tamil Nadu,Meta Ads
C01595,2025-05-13,Ahmedabad,West Bengal,Google Ads
C01596,2025-08-23,Chennai,Delhi,Organic
C01597,2025-02-14,Ahmedabad,Karnataka,Organic
C01598,2025-11-10,Mumbai,Haryana,Influencer
C01599,2025-09-06,Kolkata,West Bengal,Influencer
C01600,2025-01-31,Chennai,Delhi,Organic
C01601,2025-01-23,Gurgaon,Rajasthan,Meta Ads
C01602,2025-06-09,Pune,Haryana,Google Ads
C01603,2025-12-29,Hyderabad,Karnataka,Meta Ads
C01604,2025-06-07,Chennai,West Bengal,Google Ads
C01605,2025-02-08,Bangalore,Gujarat,Organic
C01606,2025-03-23,Kolkata,Karnataka,Meta Ads
C01607,2025-12-22,Mumbai,West Bengal,Meta Ads
C01608,2025-09-15,Delhi,West Bengal,Google Ads
C01609,2025-07-25,Mumbai,Telangana,Influencer
C01610,2025-03-18,Ahmedabad,Rajasthan,Meta Ads
C01611,2025-01-12,Pune,Delhi,Influencer
C01612,2025-10-22,Kolkata,Delhi,Google Ads
C01613,2025-08-12,Bangalore,Haryana,Meta Ads
C01614,2025-01-13,Chennai,Karnataka,Organic
C01615,2025-02-15,Mumbai,Rajasthan,Email
C01616,2025-06-04,Kolkata,Haryana,Organic
C01617,2025-04-23,Chennai,West Bengal,Organic
C01618,2025-08-21,Pune,Delhi,Influencer
C01619,2025-01-17,Hyderabad,Maharashtra,Influencer
C01620,2025-12-26,Delhi,Telangana,Meta Ads
C01621,2025-08-11,Pune,Rajasthan,Influencer
C01622,2025-12-20,Ahmedabad,Haryana,Email
C01623,2025-07-07,Jaipur,Haryana,Organic
C01624,2025-12-10,Hyderabad,Rajasthan,Influencer
C01625,2025-12-31,Ahmedabad,Gujarat,Google Ads
C01626,2025-06-12,Mumbai,Maharashtra,Google Ads
C01627,2025-11-22,Hyderabad,West Bengal,Organic
C01628,2025-03-15,Ahmedabad,Delhi,Google Ads
C01629,2025-08-21,Hyderabad,Rajasthan,Email
C01630,2025-08-12,Pune,Karnataka,Email
C01631,2025-11-15,Kolkata,Maharashtra,Influencer
C01632,2025-03-01,Delhi,Telangana,Email
C01633,2025-12-01,Delhi,Telangana,Google Ads
C01634,2025-08-10,Ahmedabad,Karnataka,Email
C01635,2025-02-06,Ahmedabad,Maharashtra,Google Ads
C01636,2025-10-05,Hyderabad,Haryana,Meta Ads
C01637,2025-07-15,Mumbai,Telangana,Organic
C01638,2025-12-18,Ahmedabad,Haryana,Google Ads
C01639,2025-08-30,Hyderabad,Gujarat,Email
C01640,2025-11-20,Gurgaon,Maharashtra,Google Ads
C01641,2025-08-07,Delhi,Rajasthan,Email
C01642,2025-07-11,Ahmedabad,Delhi,Meta Ads
C01643,2025-01-17,Pune,Gujarat,Influencer
C01644,2025-01-12,Bangalore,Haryana,Influencer
C01645,2025-07-12,Hyderabad,Maharashtra,Organic
C01646,2025-01-22,Delhi,Gujarat,Google Ads
C01647,2025-04-30,Ahmedabad,Haryana,Influencer
C01648,2025-07-29,Kolkata,Karnataka,Google Ads
C01649,2025-11-02,Hyderabad,West Bengal,Organic
C01650,2025-09-27,Mumbai,Telangana,Organic
C01651,2025-07-11,Ahmedabad,Tamil Nadu,Meta Ads
C01652,2025-06-24,Hyderabad,Gujarat,Meta Ads
C01653,2025-10-12,Ahmedabad,Delhi,Google Ads
C01654,2025-07-23,Jaipur,Maharashtra,Email
C01655,2025-06-13,Bangalore,Gujarat,Organic
C01656,2025-09-08,Chennai,West Bengal,Influencer
C01657,2025-08-15,Chennai,Rajasthan,Organic
C01658,2025-01-07,Jaipur,Maharashtra,Email
C01659,2025-01-29,Hyderabad,Gujarat,Google Ads
C01660,2025-02-02,Mumbai,Tamil Nadu,Meta Ads
C01661,2025-05-14,Ahmedabad,Delhi,Influencer
C01662,2025-03-20,Hyderabad,Telangana,Organic
C01663,2025-02-27,Kolkata,Maharashtra,Organic
C01664,2025-01-26,Mumbai,West Bengal,Google Ads
C01665,2025-08-14,Kolkata,Rajasthan,Meta Ads
C01666,2025-10-12,Jaipur,Tamil Nadu,Google Ads
C01667,2025-01-04,Pune,Telangana,Organic
C01668,2025-04-09,Chennai,Haryana,Organic
C01669,2025-02-08,Chennai,Delhi,Google Ads
C01670,2025-09-28,Ahmedabad,Telangana,Organic
C01671,2025-10-12,Bangalore,Karnataka,Meta Ads
C01672,2025-06-06,Jaipur,Rajasthan,Organic
C01673,2025-03-16,Hyderabad,Tamil Nadu,Organic
C01674,2025-10-15,Jaipur,Telangana,Meta Ads
C01675,2025-05-10,Hyderabad,Karnataka,Meta Ads
C01676,2025-06-24,Jaipur,Telangana,Meta Ads
C01677,2025-03-25,Pune,Gujarat,Email
C01678,2025-01-22,Gurgaon,Haryana,Organic
C01679,2025-01-27,Bangalore,Delhi,Google Ads
C01680,2025-07-14,Hyderabad,Haryana,Google Ads
C01681,2025-12-03,Bangalore,Gujarat,Email
C01682,2025-08-24,Mumbai,Telangana,Organic
C01683,2025-04-02,Jaipur,Maharashtra,Meta Ads
C01684,2025-01-21,Ahmedabad,Karnataka,Google Ads
C01685,2025-10-30,Delhi,Rajasthan,Influencer
C01686,2025-12-23,Mumbai,West Bengal,Google Ads
C01687,2025-03-25,Kolkata,Karnataka,Google Ads
C01688,2025-09-19,Chennai,Haryana,Email
C01689,2025-05-27,Delhi,Karnataka,Email
C01690,2025-09-14,Pune,Telangana,Email
C01691,2025-02-27,Jaipur,Gujarat,Meta Ads
C01692,2025-01-15,Gurgaon,Karnataka,Meta Ads
C01693,2025-06-11,Pune,Karnataka,Google Ads
C01694,2025-06-12,Hyderabad,Gujarat,Influencer
C01695,2025-11-16,Delhi,West Bengal,Organic
C01696,2025-10-08,Chennai,West Bengal,Influencer
C01697,2025-10-07,Ahmedabad,Maharashtra,Email
C01698,2025-01-12,Gurgaon,West Bengal,Influencer
C01699,2025-10-01,Bangalore,Karnataka,Meta Ads
C01700,2025-09-28,Jaipur,West Bengal,Meta Ads
C01701,2025-07-27,Hyderabad,Telangana,Google Ads
C01702,2025-01-27,Jaipur,Gujarat,Google Ads
C01703,2025-03-13,Pune,Gujarat,Meta Ads
C01704,2025-03-01,Delhi,Tamil Nadu,Influencer
C01705,2025-05-25,Pune,Karnataka,Meta Ads
C01706,2025-04-03,Delhi,Tamil Nadu,Organic
C01707,2025-11-05,Ahmedabad,Tamil Nadu,Influencer
C01708,2025-01-08,Chennai,Karnataka,Meta Ads
C01709,2025-03-20,Bangalore,Telangana,Meta Ads
C01710,2025-01-27,Ahmedabad,Maharashtra,Meta Ads
C01711,2025-06-23,Mumbai,Delhi,Meta Ads
C01712,2025-02-19,Chennai,Maharashtra,Organic
C01713,2025-07-18,Ahmedabad,West Bengal,Organic
C01714,2025-12-15,Gurgaon,Haryana,Organic
C01715,2025-06-30,Jaipur,Rajasthan,Google Ads
C01716,2025-01-24,Pune,Karnataka,Google Ads
C01717,2025-11-12,Chennai,Maharashtra,Organic
C01718,2025-02-15,Gurgaon,Telangana,Meta Ads
C01719,2025-01-15,Pune,Maharashtra,Meta Ads
C01720,2025-06-02,Mumbai,West Bengal,Email
C01721,2025-08-10,Kolkata,Tamil Nadu,Google Ads
C01722,2025-07-25,Chennai,Gujarat,Influencer
C01723,2025-09-30,Gurgaon,Haryana,Meta Ads
C01724,2025-08-24,Pune,Maharashtra,Meta Ads
C01725,2025-12-06,Pune,Telangana,Google Ads
C01726,2025-08-16,Ahmedabad,Delhi,Email
C01727,2025-01-09,Delhi,Maharashtra,Influencer
C01728,2025-06-15,Ahmedabad,Telangana,Meta Ads
C01729,2025-11-15,Gurgaon,Tamil Nadu,Email
C01730,2025-08-02,Hyderabad,Telangana,Google Ads
C01731,2025-04-27,Jaipur,Telangana,Meta Ads
C01732,2025-12-10,Chennai,Maharashtra,Meta Ads
C01733,2025-03-13,Ahmedabad,Rajasthan,Google Ads
C01734,2025-03-05,Pune,Gujarat,Organic
C01735,2025-07-24,Pune,Gujarat,Meta Ads
C01736,2025-07-28,Kolkata,Haryana,Email
C01737,2025-03-13,Chennai,Karnataka,Organic
C01738,2025-10-04,Kolkata,Tamil Nadu,Influencer
C01739,2025-10-01,Jaipur,Rajasthan,Organic
C01740,2025-11-16,Mumbai,Gujarat,Organic
C01741,2025-12-04,Ahmedabad,West Bengal,Google Ads
C01742,2025-04-05,Bangalore,Gujarat,Organic
C01743,2025-06-15,Gurgaon,Telangana,Email
C01744,2025-02-01,Gurgaon,Tamil Nadu,Organic
C01745,2025-01-11,Mumbai,Haryana,Google Ads
C01746,2025-10-28,Chennai,Maharashtra,Meta Ads
C01747,2025-08-05,Ahmedabad,Gujarat,Email
C01748,2025-10-16,Jaipur,Karnataka,Meta Ads
C01749,2025-04-12,Delhi,Haryana,Influencer
C01750,2025-09-24,Kolkata,Gujarat,Google Ads
C01751,2025-08-02,Mumbai,Rajasthan,Google Ads
C01752,2025-06-28,Delhi,Rajasthan,Influencer
C01753,2025-03-29,Kolkata,Haryana,Meta Ads
C01754,2025-02-10,Mumbai,Maharashtra,Google Ads
C01755,2025-03-17,Gurgaon,West Bengal,Meta Ads
C01756,2025-02-15,Gurgaon,West Bengal,Organic
C01757,2025-06-09,Pune,Gujarat,Meta Ads
C01758,2025-03-21,Kolkata,Gujarat,Meta Ads
C01759,2025-11-06,Bangalore,Haryana,Influencer
C01760,2025-03-27,Jaipur,Delhi,Google Ads
C01761,2025-04-02,Hyderabad,Telangana,Meta Ads
C01762,2025-05-28,Chennai,Telangana,Organic
C01763,2025-06-10,Chennai,Karnataka,Google Ads
C01764,2025-07-21,Kolkata,Gujarat,Google Ads
C01765,2025-08-30,Mumbai,Karnataka,Email
C01766,2025-12-19,Mumbai,Haryana,Influencer
C01767,2025-01-02,Hyderabad,Maharashtra,Meta Ads
C01768,2025-08-13,Jaipur,Tamil Nadu,Organic
C01769,2025-10-16,Ahmedabad,Tamil Nadu,Meta Ads
C01770,2025-08-21,Jaipur,Gujarat,Meta Ads
C01771,2025-03-18,Ahmedabad,Gujarat,Email
C01772,2025-04-26,Hyderabad,Delhi,Google Ads
C01773,2025-06-03,Ahmedabad,Haryana,Email
C01774,2025-04-13,Bangalore,Maharashtra,Meta Ads
C01775,2025-07-13,Pune,Haryana,Meta Ads
C01776,2025-06-15,Jaipur,Rajasthan,Google Ads
C01777,2025-12-25,Ahmedabad,Telangana,Google Ads
C01778,2025-03-31,Gurgaon,Gujarat,Influencer
C01779,2025-06-23,Bangalore,Delhi,Organic
C01780,2025-05-02,Jaipur,Gujarat,Organic
C01781,2025-05-23,Ahmedabad,Tamil Nadu,Organic
C01782,2025-04-16,Gurgaon,Gujarat,Organic
C01783,2025-11-01,Hyderabad,Tamil Nadu,Email
C01784,2025-12-26,Hyderabad,Karnataka,Google Ads
C01785,2025-11-13,Kolkata,Gujarat,Influencer
C01786,2025-05-03,Chennai,Haryana,Google Ads
C01787,2025-01-09,Delhi,Haryana,Organic
C01788,2025-09-19,Gurgaon,West Bengal,Influencer
C01789,2025-03-14,Kolkata,Tamil Nadu,Meta Ads
C01790,2025-12-25,Bangalore,Rajasthan,Organic
C01791,2025-08-11,Ahmedabad,West Bengal,Email
C01792,2025-02-10,Jaipur,Karnataka,Google Ads
C01793,2025-07-23,Mumbai,Haryana,Influencer
C01794,2025-09-21,Gurgaon,Rajasthan,Meta Ads
C01795,2025-11-24,Delhi,Maharashtra,Organic
C01796,2025-06-27,Mumbai,Delhi,Influencer
C01797,2025-12-14,Pune,Gujarat,Google Ads
C01798,2025-11-14,Delhi,Gujarat,Google Ads
C01799,2025-03-25,Kolkata,Maharashtra,Meta Ads
C01800,2025-11-14,Delhi,Gujarat,Meta Ads
C01801,2025-04-21,Ahmedabad,Haryana,Google Ads
C01802,2025-09-08,Jaipur,Maharashtra,Influencer
C01803,2025-01-07,Bangalore,West Bengal,Email
C01804,2025-03-25,Mumbai,West Bengal,Organic
C01805,2025-07-27,Delhi,Karnataka,Influencer
C01806,2025-11-10,Ahmedabad,Delhi,Organic
C01807,2025-01-22,Hyderabad,Telangana,Organic
C01808,2025-01-03,Delhi,Maharashtra,Influencer
C01809,2025-05-07,Delhi,Telangana,Google Ads
C01810,2025-10-24,Chennai,Gujarat,Google Ads
C01811,2025-07-07,Mumbai,Maharashtra,Meta Ads
C01812,2025-12-28,Chennai,Delhi,Influencer
C01813,2025-01-14,Chennai,Karnataka,Meta Ads
C01814,2025-01-12,Jaipur,West Bengal,Meta Ads
C01815,2025-03-28,Ahmedabad,Tamil Nadu,Google Ads
C01816,2025-01-12,Chennai,Tamil Nadu,Email
C01817,2025-01-25,Delhi,West Bengal,Influencer
C01818,2025-10-28,Kolkata,Gujarat,Google Ads
C01819,2025-08-31,Kolkata,Karnataka,Organic
C01820,2025-05-02,Hyderabad,Karnataka,Email
C01821,2025-05-27,Kolkata,Gujarat,Organic
C01822,2025-02-24,Hyderabad,West Bengal,Google Ads
C01823,2025-08-26,Kolkata,Haryana,Organic
C01824,2025-12-22,Pune,Telangana,Google Ads
C01825,2025-06-22,Hyderabad,Tamil Nadu,Email
C01826,2025-08-09,Gurgaon,Rajasthan,Influencer
C01827,2025-04-29,Mumbai,Tamil Nadu,Organic
C01828,2025-11-05,Mumbai,Gujarat,Organic
C01829,2025-07-02,Mumbai,Delhi,Email
C01830,2025-10-15,Ahmedabad,Tamil Nadu,Meta Ads
C01831,2025-11-03,Jaipur,Maharashtra,Meta Ads
C01832,2025-10-27,Bangalore,Karnataka,Meta Ads
C01833,2025-03-23,Jaipur,Tamil Nadu,Influencer
C01834,2025-07-30,Hyderabad,Maharashtra,Influencer
C01835,2025-05-30,Jaipur,Telangana,Organic
C01836,2025-02-06,Kolkata,Tamil Nadu,Organic
C01837,2025-12-18,Hyderabad,Haryana,Google Ads
C01838,2025-11-08,Jaipur,Tamil Nadu,Meta Ads
C01839,2025-12-27,Jaipur,Tamil Nadu,Meta Ads
C01840,2025-02-28,Chennai,Gujarat,Organic
C01841,2025-05-11,Pune,Rajasthan,Influencer
C01842,2025-07-21,Ahmedabad,Haryana,Influencer
C01843,2025-08-31,Hyderabad,Tamil Nadu,Meta Ads
C01844,2025-02-04,Bangalore,Tamil Nadu,Meta Ads
C01845,2025-04-03,Mumbai,Tamil Nadu,Influencer
C01846,2025-07-26,Delhi,Maharashtra,Meta Ads
C01847,2025-12-19,Gurgaon,Telangana,Google Ads
C01848,2025-11-28,Jaipur,Delhi,Meta Ads
C01849,2025-11-01,Mumbai,Delhi,Organic
C01850,2025-12-16,Kolkata,Delhi,Google Ads
C01851,2025-08-01,Gurgaon,West Bengal,Meta Ads
C01852,2025-06-08,Pune,Delhi,Organic
C01853,2025-01-24,Mumbai,Tamil Nadu,Google Ads
C01854,2025-10-20,Chennai,Maharashtra,Meta Ads
C01855,2025-01-04,Mumbai,Tamil Nadu,Organic
C01856,2025-08-08,Pune,Tamil Nadu,Influencer
C01857,2025-12-30,Mumbai,Karnataka,Meta Ads
C01858,2025-01-20,Jaipur,Gujarat,Meta Ads
C01859,2025-06-01,Mumbai,Telangana,Meta Ads
C01860,2025-02-19,Chennai,West Bengal,Organic
C01861,2025-06-26,Ahmedabad,Telangana,Influencer
C01862,2025-04-06,Pune,Delhi,Meta Ads
C01863,2025-04-15,Chennai,Tamil Nadu,Google Ads
C01864,2025-09-07,Hyderabad,Haryana,Meta Ads
C01865,2025-04-27,Mumbai,Rajasthan,Google Ads
C01866,2025-12-20,Bangalore,Rajasthan,Meta Ads
C01867,2025-08-16,Mumbai,Gujarat,Email
C01868,2025-03-07,Pune,West Bengal,Organic
C01869,2025-12-01,Gurgaon,Maharashtra,Google Ads
C01870,2025-09-19,Chennai,Gujarat,Email
C01871,2025-10-22,Bangalore,Karnataka,Meta Ads
C01872,2025-08-31,Hyderabad,Tamil Nadu,Meta Ads
C01873,2025-07-05,Kolkata,West Bengal,Email
C01874,2025-09-03,Hyderabad,Tamil Nadu,Google Ads
C01875,2025-05-05,Chennai,Haryana,Email
C01876,2025-09-25,Gurgaon,Telangana,Organic
C01877,2025-05-11,Chennai,Maharashtra,Email
C01878,2025-08-25,Delhi,Rajasthan,Influencer
C01879,2025-01-18,Bangalore,West Bengal,Meta Ads
C01880,2025-02-09,Gurgaon,West Bengal,Influencer
C01881,2025-01-21,Bangalore,Telangana,Meta Ads
C01882,2025-08-13,Chennai,Haryana,Organic
C01883,2025-12-21,Ahmedabad,Tamil Nadu,Google Ads
C01884,2025-10-09,Bangalore,Maharashtra,Organic
C01885,2025-01-08,Delhi,Telangana,Influencer
C01886,2025-04-10,Jaipur,Telangana,Influencer
C01887,2025-08-28,Gurgaon,Telangana,Influencer
C01888,2025-03-28,Delhi,West Bengal,Influencer
C01889,2025-10-25,Delhi,West Bengal,Google Ads
C01890,2025-01-14,Kolkata,West Bengal,Email
C01891,2025-11-30,Ahmedabad,West Bengal,Organic
C01892,2025-01-02,Mumbai,Maharashtra,Influencer
C01893,2025-10-20,Ahmedabad,Haryana,Email
C01894,2025-11-21,Pune,Maharashtra,Meta Ads
C01895,2025-02-10,Kolkata,Haryana,Google Ads
C01896,2025-11-14,Chennai,Tamil Nadu,Influencer
C01897,2025-11-12,Chennai,Karnataka,Meta Ads
C01898,2025-04-21,Hyderabad,Tamil Nadu,Organic
C01899,2025-01-14,Mumbai,Haryana,Influencer
C01900,2025-08-19,Pune,Telangana,Meta Ads
C01901,2025-03-25,Bangalore,Rajasthan,Email
C01902,2025-05-10,Ahmedabad,Gujarat,Email
C01903,2025-08-19,Gurgaon,West Bengal,Google Ads
C01904,2025-11-22,Delhi,Delhi,Influencer
C01905,2025-05-25,Bangalore,Rajasthan,Meta Ads
C01906,2025-12-11,Hyderabad,Rajasthan,Influencer
C01907,2025-01-28,Ahmedabad,Tamil Nadu,Google Ads
C01908,2025-03-07,Gurgaon,West Bengal,Influencer
C01909,2025-06-12,Hyderabad,Karnataka,Meta Ads
C01910,2025-08-17,Delhi,Haryana,Organic
C01911,2025-09-18,Kolkata,West Bengal,Influencer
C01912,2025-06-13,Mumbai,Delhi,Meta Ads
C01913,2025-10-28,Kolkata,Delhi,Influencer
C01914,2025-10-30,Gurgaon,Haryana,Email
C01915,2025-10-14,Kolkata,Rajasthan,Organic
C01916,2025-01-10,Gurgaon,West Bengal,Influencer
C01917,2025-07-14,Pune,Delhi,Organic
C01918,2025-04-28,Pune,Haryana,Organic
C01919,2025-09-27,Jaipur,Gujarat,Meta Ads
C01920,2025-03-21,Jaipur,Gujarat,Organic
C01921,2025-04-03,Kolkata,Maharashtra,Organic
C01922,2025-09-23,Chennai,West Bengal,Organic
C01923,2025-11-28,Kolkata,Haryana,Meta Ads
C01924,2025-12-16,Kolkata,Rajasthan,Meta Ads
C01925,2025-12-27,Chennai,Karnataka,Influencer
C01926,2025-09-14,Mumbai,Delhi,Meta Ads
C01927,2025-05-13,Ahmedabad,Telangana,Google Ads
C01928,2025-10-03,Chennai,West Bengal,Meta Ads
C01929,2025-09-21,Gurgaon,Delhi,Organic
C01930,2025-06-20,Ahmedabad,Maharashtra,Email
C01931,2025-01-01,Delhi,Haryana,Influencer
C01932,2025-11-09,Mumbai,Rajasthan,Meta Ads
C01933,2025-03-05,Delhi,Delhi,Google Ads
C01934,2025-10-11,Jaipur,Telangana,Email
C01935,2025-05-01,Bangalore,Karnataka,Email
C01936,2025-04-17,Pune,Haryana,Meta Ads
C01937,2025-06-24,Delhi,Haryana,Influencer
C01938,2025-07-23,Hyderabad,Maharashtra,Meta Ads
C01939,2025-06-14,Kolkata,Haryana,Organic
C01940,2025-11-01,Gurgaon,Rajasthan,Meta Ads
C01941,2025-04-30,Delhi,Haryana,Email
C01942,2025-02-13,Delhi,Maharashtra,Influencer
C01943,2025-11-08,Bangalore,West Bengal,Meta Ads
C01944,2025-06-05,Jaipur,Tamil Nadu,Organic
C01945,2025-07-26,Kolkata,West Bengal,Meta Ads
C01946,2025-04-18,Kolkata,Gujarat,Meta Ads
C01947,2025-09-08,Bangalore,Haryana,Google Ads
C01948,2025-11-30,Chennai,Maharashtra,Organic
C01949,2025-05-10,Bangalore,West Bengal,Meta Ads
C01950,2025-10-20,Hyderabad,West Bengal,Google Ads
C01951,2025-01-20,Ahmedabad,Gujarat,Google Ads
C01952,2025-10-09,Hyderabad,West Bengal,Organic
C01953,2025-10-12,Bangalore,West Bengal,Meta Ads
C01954,2025-01-01,Pune,Rajasthan,Meta Ads
C01955,2025-04-29,Chennai,Gujarat,Google Ads
C01956,2025-02-04,Pune,Maharashtra,Google Ads
C01957,2025-07-17,Hyderabad,Maharashtra,Organic
C01958,2025-09-02,Kolkata,West Bengal,Email
C01959,2025-02-28,Hyderabad,Karnataka,Meta Ads
C01960,2025-11-21,Mumbai,Delhi,Organic
C01961,2025-06-10,Jaipur,Rajasthan,Meta Ads
C01962,2025-06-28,Gurgaon,Karnataka,Meta Ads
C01963,2025-07-25,Mumbai,Delhi,Google Ads
C01964,2025-01-12,Bangalore,Tamil Nadu,Organic
C01965,2025-10-03,Delhi,Telangana,Influencer
C01966,2025-06-30,Pune,Delhi,Influencer
C01967,2025-08-30,Ahmedabad,Telangana,Meta Ads
C01968,2025-08-04,Mumbai,Gujarat,Organic
C01969,2025-09-08,Chennai,West Bengal,Influencer
C01970,2025-10-26,Pune,Delhi,Organic
C01971,2025-05-06,Mumbai,Rajasthan,Email
C01972,2025-08-05,Kolkata,Tamil Nadu,Meta Ads
C01973,2025-11-02,Gurgaon,Maharashtra,Influencer
C01974,2025-10-12,Hyderabad,Karnataka,Google Ads
C01975,2025-07-04,Hyderabad,West Bengal,Organic
C01976,2025-02-08,Mumbai,Karnataka,Organic
C01977,2025-08-11,Bangalore,Karnataka,Google Ads
C01978,2025-07-03,Chennai,Haryana,Email
C01979,2025-06-27,Bangalore,Karnataka,Meta Ads
C01980,2025-10-21,Pune,Karnataka,Meta Ads
C01981,2025-12-06,Jaipur,Haryana,Email
C01982,2025-05-31,Gurgaon,Haryana,Meta Ads
C01983,2025-05-06,Gurgaon,Rajasthan,Google Ads
C01984,2025-10-28,Hyderabad,Delhi,Organic
C01985,2025-11-04,Gurgaon,Delhi,Influencer
C01986,2025-12-02,Bangalore,Rajasthan,Email
C01987,2025-08-22,Chennai,Haryana,Influencer
C01988,2025-01-08,Chennai,Telangana,Influencer
C01989,2025-12-07,Hyderabad,Maharashtra,Email
C01990,2025-05-09,Mumbai,Rajasthan,Organic
C01991,2025-09-21,Chennai,Tamil Nadu,Google Ads
C01992,2025-06-06,Bangalore,Rajasthan,Influencer
C01993,2025-12-18,Delhi,Haryana,Meta Ads
C01994,2025-12-24,Mumbai,Telangana,Meta Ads
C01995,2025-01-05,Jaipur,West Bengal,Influencer
C01996,2025-03-27,Ahmedabad,Haryana,Email
C01997,2025-06-24,Kolkata,Gujarat,Google Ads
C01998,2025-10-17,Gurgaon,Gujarat,Meta Ads
C01999,2025-07-12,Gurgaon,Maharashtra,Google Ads
C02000,2025-11-07,Delhi,Haryana,Google Ads
C02001,2025-04-29,Mumbai,Gujarat,Google Ads
C02002,2025-08-06,Hyderabad,Karnataka,Organic
C02003,2025-04-24,Bangalore,West Bengal,Meta Ads
C02004,2025-05-25,Delhi,Karnataka,Google Ads
C02005,2025-01-26,Kolkata,Tamil Nadu,Influencer
C02006,2025-05-16,Chennai,Maharashtra,Organic
C02007,2025-10-30,Hyderabad,Tamil Nadu,Meta Ads
C02008,2025-08-20,Ahmedabad,Tamil Nadu,Google Ads
C02009,2025-03-17,Hyderabad,Gujarat,Meta Ads
C02010,2025-11-24,Delhi,Haryana,Email
C02011,2025-12-11,Jaipur,Delhi,Meta Ads
C02012,2025-10-29,Delhi,Gujarat,Email
C02013,2025-10-16,Delhi,Rajasthan,Influencer
C02014,2025-01-01,Delhi,Delhi,Organic
C02015,2025-05-27,Hyderabad,Haryana,Google Ads
C02016,2025-10-14,Delhi,Tamil Nadu,Influencer
C02017,2025-05-22,Mumbai,Telangana,Meta Ads
C02018,2025-02-22,Hyderabad,Maharashtra,Meta Ads
C02019,2025-10-31,Chennai,Haryana,Meta Ads
C02020,2025-03-10,Mumbai,Telangana,Organic
C02021,2025-12-27,Kolkata,West Bengal,Google Ads
C02022,2025-03-31,Chennai,Tamil Nadu,Email
C02023,2025-08-08,Ahmedabad,Karnataka,Meta Ads
C02024,2025-07-11,Gurgaon,Rajasthan,Influencer
C02025,2025-03-04,Hyderabad,Telangana,Meta Ads
C02026,2025-03-14,Gurgaon,Haryana,Google Ads
C02027,2025-06-10,Hyderabad,Karnataka,Meta Ads
C02028,2025-06-18,Chennai,Gujarat,Email
C02029,2025-03-30,Ahmedabad,West Bengal,Meta Ads
C02030,2025-06-25,Bangalore,West Bengal,Organic
C02031,2025-09-26,Bangalore,Gujarat,Meta Ads
C02032,2025-03-14,Mumbai,West Bengal,Influencer
C02033,2025-09-02,Delhi,Karnataka,Google Ads
C02034,2025-03-18,Delhi,Karnataka,Meta Ads
C02035,2025-06-08,Bangalore,Maharashtra,Organic
C02036,2025-11-20,Chennai,Delhi,Meta Ads
C02037,2025-04-08,Ahmedabad,Haryana,Google Ads
C02038,2025-04-12,Mumbai,Telangana,Meta Ads
C02039,2025-05-12,Chennai,Maharashtra,Organic
C02040,2025-04-12,Delhi,Delhi,Google Ads
C02041,2025-01-19,Mumbai,Karnataka,Meta Ads
C02042,2025-03-23,Gurgaon,Tamil Nadu,Influencer
C02043,2025-10-06,Pune,Maharashtra,Meta Ads
C02044,2025-12-05,Kolkata,West Bengal,Organic
C02045,2025-12-31,Mumbai,West Bengal,Organic
C02046,2025-11-27,Delhi,Karnataka,Email
C02047,2025-05-09,Chennai,Delhi,Meta Ads
C02048,2025-12-10,Gurgaon,Rajasthan,Organic
C02049,2025-11-06,Kolkata,Haryana,Google Ads
C02050,2025-03-30,Kolkata,Maharashtra,Google Ads
C02051,2025-08-01,Mumbai,Gujarat,Google Ads
C02052,2025-05-23,Kolkata,Telangana,Meta Ads
C02053,2025-03-06,Gurgaon,West Bengal,Google Ads
C02054,2025-03-17,Ahmedabad,Haryana,Organic
C02055,2025-07-18,Chennai,Karnataka,Google Ads
C02056,2025-05-23,Mumbai,Gujarat,Meta Ads
C02057,2025-11-12,Kolkata,Maharashtra,Meta Ads
C02058,2025-04-03,Ahmedabad,Delhi,Google Ads
C02059,2025-11-01,Chennai,Haryana,Google Ads
C02060,2025-08-12,Hyderabad,Telangana,Meta Ads
C02061,2025-10-18,Ahmedabad,West Bengal,Google Ads
C02062,2025-04-12,Hyderabad,Rajasthan,Organic
C02063,2025-09-24,Hyderabad,Tamil Nadu,Meta Ads
C02064,2025-12-21,Ahmedabad,Delhi,Influencer
C02065,2025-04-20,Kolkata,Gujarat,Email
C02066,2025-11-26,Hyderabad,Maharashtra,Meta Ads
C02067,2025-09-22,Kolkata,Telangana,Meta Ads
C02068,2025-01-03,Kolkata,Karnataka,Organic
C02069,2025-03-26,Chennai,Tamil Nadu,Meta Ads
C02070,2025-10-09,Jaipur,Maharashtra,Influencer
C02071,2025-11-24,Gurgaon,Haryana,Google Ads
C02072,2025-10-31,Kolkata,Rajasthan,Meta Ads
C02073,2025-04-27,Chennai,Karnataka,Meta Ads
C02074,2025-08-09,Pune,Maharashtra,Meta Ads
C02075,2025-06-03,Hyderabad,Maharashtra,Meta Ads
C02076,2025-06-02,Mumbai,Rajasthan,Google Ads
C02077,2025-01-12,Kolkata,Tamil Nadu,Meta Ads
C02078,2025-05-13,Ahmedabad,Maharashtra,Organic
C02079,2025-10-31,Hyderabad,Karnataka,Meta Ads
C02080,2025-10-20,Hyderabad,Delhi,Influencer
C02081,2025-10-27,Pune,Maharashtra,Meta Ads
C02082,2025-08-16,Mumbai,Maharashtra,Meta Ads
C02083,2025-09-28,Chennai,Maharashtra,Meta Ads
C02084,2025-02-12,Pune,West Bengal,Organic
C02085,2025-12-09,Gurgaon,Karnataka,Google Ads
C02086,2025-11-22,Hyderabad,Telangana,Meta Ads
C02087,2025-10-29,Kolkata,Maharashtra,Meta Ads
C02088,2025-12-30,Kolkata,Haryana,Email
C02089,2025-01-21,Pune,Rajasthan,Influencer
C02090,2025-04-17,Gurgaon,Rajasthan,Google Ads
C02091,2025-12-02,Bangalore,West Bengal,Organic
C02092,2025-10-30,Delhi,Gujarat,Google Ads
C02093,2025-04-27,Ahmedabad,Haryana,Meta Ads
C02094,2025-05-04,Ahmedabad,Haryana,Influencer
C02095,2025-10-08,Bangalore,Karnataka,Organic
C02096,2025-10-19,Hyderabad,Tamil Nadu,Google Ads
C02097,2025-07-22,Chennai,Delhi,Influencer
C02098,2025-02-20,Mumbai,Karnataka,Organic
C02099,2025-09-28,Bangalore,Maharashtra,Meta Ads
C02100,2025-11-20,Gurgaon,West Bengal,Meta Ads
C02101,2025-10-04,Kolkata,Rajasthan,Google Ads
C02102,2025-05-21,Delhi,Telangana,Meta Ads
C02103,2025-10-02,Hyderabad,West Bengal,Organic
C02104,2025-10-17,Delhi,Gujarat,Meta Ads
C02105,2025-11-30,Mumbai,Maharashtra,Meta Ads
C02106,2025-02-21,Kolkata,West Bengal,Email
C02107,2025-01-27,Gurgaon,Karnataka,Email
C02108,2025-06-06,Ahmedabad,Gujarat,Organic
C02109,2025-08-27,Mumbai,Tamil Nadu,Organic
C02110,2025-06-05,Bangalore,Karnataka,Influencer
C02111,2025-10-18,Ahmedabad,Gujarat,Organic
C02112,2025-05-16,Ahmedabad,Karnataka,Meta Ads
C02113,2025-05-24,Gurgaon,Rajasthan,Google Ads
C02114,2025-04-16,Bangalore,Karnataka,Organic
C02115,2025-06-07,Pune,Delhi,Google Ads
C02116,2025-05-26,Mumbai,Maharashtra,Meta Ads
C02117,2025-01-02,Chennai,Telangana,Organic
C02118,2025-03-18,Jaipur,Maharashtra,Meta Ads
C02119,2025-05-12,Kolkata,Telangana,Meta Ads
C02120,2025-03-31,Gurgaon,Telangana,Meta Ads
C02121,2025-12-11,Kolkata,Telangana,Meta Ads
C02122,2025-12-16,Mumbai,Delhi,Influencer
C02123,2025-09-20,Bangalore,Rajasthan,Organic
C02124,2025-12-17,Chennai,West Bengal,Influencer
C02125,2025-04-18,Jaipur,Maharashtra,Google Ads
C02126,2025-03-15,Delhi,Karnataka,Google Ads
C02127,2025-02-08,Chennai,Gujarat,Organic
C02128,2025-06-08,Gurgaon,West Bengal,Google Ads
C02129,2025-03-12,Kolkata,Telangana,Google Ads
C02130,2025-11-08,Chennai,Telangana,Organic
C02131,2025-08-29,Hyderabad,Rajasthan,Email
C02132,2025-10-25,Bangalore,Haryana,Email
C02133,2025-02-05,Bangalore,Haryana,Meta Ads
C02134,2025-03-25,Hyderabad,West Bengal,Meta Ads
C02135,2025-09-20,Ahmedabad,Delhi,Organic
C02136,2025-11-06,Ahmedabad,Karnataka,Meta Ads
C02137,2025-06-21,Mumbai,Maharashtra,Meta Ads
C02138,2025-06-22,Pune,Tamil Nadu,Meta Ads
C02139,2025-12-28,Delhi,Tamil Nadu,Google Ads
C02140,2025-02-16,Hyderabad,Delhi,Google Ads
C02141,2025-05-21,Mumbai,Tamil Nadu,Google Ads
C02142,2025-04-28,Kolkata,Maharashtra,Email
C02143,2025-10-04,Hyderabad,Telangana,Google Ads
C02144,2025-08-02,Pune,Tamil Nadu,Meta Ads
C02145,2025-08-08,Hyderabad,Karnataka,Organic
C02146,2025-01-26,Pune,Karnataka,Meta Ads
C02147,2025-01-09,Pune,Karnataka,Email
C02148,2025-09-28,Pune,Telangana,Meta Ads
C02149,2025-01-10,Bangalore,Rajasthan,Email
C02150,2025-05-01,Chennai,Telangana,Google Ads
C02151,2025-05-05,Bangalore,Telangana,Influencer
C02152,2025-06-19,Mumbai,Telangana,Organic
C02153,2025-03-13,Bangalore,West Bengal,Email
C02154,2025-06-01,Bangalore,Haryana,Organic
C02155,2025-07-27,Kolkata,Maharashtra,Organic
C02156,2025-02-18,Hyderabad,West Bengal,Organic
C02157,2025-06-03,Bangalore,Karnataka,Influencer
C02158,2025-12-13,Jaipur,Delhi,Email
C02159,2025-10-20,Pune,Rajasthan,Meta Ads
C02160,2025-03-09,Hyderabad,Haryana,Meta Ads
C02161,2025-02-19,Ahmedabad,Delhi,Meta Ads
C02162,2025-06-01,Kolkata,Delhi,Google Ads
C02163,2025-01-19,Chennai,Delhi,Influencer
C02164,2025-04-10,Kolkata,Rajasthan,Meta Ads
C02165,2025-03-01,Pune,Gujarat,Organic
C02166,2025-06-16,Hyderabad,Tamil Nadu,Organic
C02167,2025-07-21,Chennai,Tamil Nadu,Influencer
C02168,2025-12-11,Delhi,Tamil Nadu,Organic
C02169,2025-05-26,Gurgaon,Telangana,Meta Ads
C02170,2025-06-13,Kolkata,Haryana,Email
C02171,2025-08-30,Chennai,Karnataka,Meta Ads
C02172,2025-03-10,Mumbai,Karnataka,Influencer
C02173,2025-06-24,Chennai,West Bengal,Meta Ads
C02174,2025-02-18,Gurgaon,Haryana,Meta Ads
C02175,2025-04-18,Pune,Gujarat,Email
C02176,2025-08-14,Hyderabad,Haryana,Influencer
C02177,2025-06-10,Delhi,Telangana,Google Ads
C02178,2025-04-29,Mumbai,Karnataka,Organic
C02179,2025-05-29,Chennai,Maharashtra,Google Ads
C02180,2025-05-30,Jaipur,Karnataka,Meta Ads
C02181,2025-10-20,Bangalore,West Bengal,Organic
C02182,2025-05-23,Pune,Gujarat,Influencer
C02183,2025-06-09,Kolkata,Haryana,Email
C02184,2025-01-11,Kolkata,Delhi,Organic
C02185,2025-05-18,Gurgaon,Karnataka,Organic
C02186,2025-03-19,Pune,Telangana,Google Ads
C02187,2025-03-18,Mumbai,Telangana,Google Ads
C02188,2025-09-11,Ahmedabad,Delhi,Google Ads
C02189,2025-09-15,Delhi,Rajasthan,Email
C02190,2025-11-16,Mumbai,Telangana,Meta Ads
C02191,2025-10-18,Delhi,Maharashtra,Meta Ads
C02192,2025-09-20,Hyderabad,Rajasthan,Organic
C02193,2025-03-26,Hyderabad,Telangana,Meta Ads
C02194,2025-05-26,Pune,Telangana,Email
C02195,2025-11-19,Pune,Tamil Nadu,Meta Ads
C02196,2025-02-11,Kolkata,Gujarat,Influencer
C02197,2025-05-05,Bangalore,Haryana,Google Ads
C02198,2025-06-16,Gurgaon,Gujarat,Meta Ads
C02199,2025-08-29,Bangalore,Delhi,Influencer
C02200,2025-10-07,Mumbai,Telangana,Organic
C02201,2025-07-07,Kolkata,Delhi,Meta Ads
C02202,2025-10-29,Delhi,Karnataka,Meta Ads
C02203,2025-01-19,Ahmedabad,West Bengal,Google Ads
C02204,2025-03-09,Chennai,Delhi,Google Ads
C02205,2025-08-06,Jaipur,Haryana,Google Ads
C02206,2025-04-12,Hyderabad,Delhi,Organic
C02207,2025-02-11,Bangalore,Tamil Nadu,Google Ads
C02208,2025-10-15,Gurgaon,Rajasthan,Google Ads
C02209,2025-06-16,Ahmedabad,Karnataka,Google Ads
C02210,2025-04-19,Ahmedabad,Tamil Nadu,Meta Ads
C02211,2025-02-05,Hyderabad,Telangana,Organic
C02212,2025-08-20,Jaipur,Tamil Nadu,Organic
C02213,2025-08-17,Pune,Maharashtra,Meta Ads
C02214,2025-12-19,Ahmedabad,Telangana,Meta Ads
C02215,2025-06-13,Mumbai,West Bengal,Meta Ads
C02216,2025-03-14,Mumbai,Tamil Nadu,Organic
C02217,2025-05-16,Pune,Rajasthan,Organic
C02218,2025-12-19,Delhi,West Bengal,Organic
C02219,2025-03-11,Kolkata,Delhi,Email
C02220,2025-07-15,Pune,Tamil Nadu,Organic
C02221,2025-09-26,Jaipur,Karnataka,Organic
C02222,2025-02-18,Mumbai,Gujarat,Meta Ads
C02223,2025-11-12,Ahmedabad,Delhi,Meta Ads
C02224,2025-05-10,Mumbai,Maharashtra,Meta Ads
C02225,2025-01-05,Chennai,Karnataka,Organic
C02226,2025-01-27,Kolkata,Karnataka,Google Ads
C02227,2025-06-09,Gurgaon,West Bengal,Organic
C02228,2025-05-29,Chennai,Gujarat,Organic
C02229,2025-09-21,Delhi,Rajasthan,Meta Ads
C02230,2025-08-18,Hyderabad,West Bengal,Organic
C02231,2025-07-19,Chennai,Gujarat,Meta Ads
C02232,2025-02-19,Delhi,Tamil Nadu,Google Ads
C02233,2025-03-08,Delhi,Maharashtra,Organic
C02234,2025-10-27,Gurgaon,Delhi,Organic
C02235,2025-02-27,Hyderabad,Karnataka,Meta Ads
C02236,2025-09-16,Bangalore,Rajasthan,Meta Ads
C02237,2025-12-08,Pune,West Bengal,Google Ads
C02238,2025-11-22,Ahmedabad,Maharashtra,Meta Ads
C02239,2025-05-10,Jaipur,Delhi,Email
C02240,2025-08-03,Jaipur,Maharashtra,Google Ads
C02241,2025-06-21,Jaipur,Karnataka,Email
C02242,2025-09-15,Bangalore,Tamil Nadu,Email
C02243,2025-04-12,Pune,Rajasthan,Google Ads
C02244,2025-07-28,Jaipur,Gujarat,Meta Ads
C02245,2025-10-18,Pune,Rajasthan,Influencer
C02246,2025-12-20,Ahmedabad,Gujarat,Meta Ads
C02247,2025-10-13,Jaipur,West Bengal,Organic
C02248,2025-04-26,Hyderabad,Tamil Nadu,Meta Ads
C02249,2025-09-21,Delhi,Gujarat,Google Ads
C02250,2025-05-30,Jaipur,Tamil Nadu,Meta Ads
C02251,2025-10-27,Pune,Maharashtra,Meta Ads
C02252,2025-02-05,Delhi,Rajasthan,Organic
C02253,2025-11-29,Gurgaon,Rajasthan,Email
C02254,2025-10-14,Jaipur,Karnataka,Meta Ads
C02255,2025-10-30,Jaipur,Rajasthan,Google Ads
C02256,2025-11-07,Chennai,Maharashtra,Google Ads
C02257,2025-07-27,Delhi,Karnataka,Meta Ads
C02258,2025-04-16,Jaipur,Tamil Nadu,Organic
C02259,2025-06-07,Hyderabad,Telangana,Organic
C02260,2025-05-01,Ahmedabad,Gujarat,Meta Ads
C02261,2025-02-24,Delhi,Delhi,Influencer
C02262,2025-01-12,Ahmedabad,Tamil Nadu,Organic
C02263,2025-05-25,Kolkata,Maharashtra,Meta Ads
C02264,2025-05-16,Pune,Tamil Nadu,Organic
C02265,2025-01-03,Gurgaon,Delhi,Google Ads
C02266,2025-05-24,Chennai,Maharashtra,Organic
C02267,2025-01-30,Hyderabad,Rajasthan,Google Ads
C02268,2025-08-25,Gurgaon,Tamil Nadu,Meta Ads
C02269,2025-10-06,Chennai,Gujarat,Influencer
C02270,2025-12-14,Gurgaon,West Bengal,Organic
C02271,2025-04-25,Gurgaon,Rajasthan,Organic
C02272,2025-04-14,Mumbai,Rajasthan,Meta Ads
C02273,2025-04-28,Pune,Telangana,Organic
C02274,2025-01-05,Bangalore,West Bengal,Google Ads
C02275,2025-12-26,Chennai,Haryana,Influencer
C02276,2025-09-05,Hyderabad,West Bengal,Organic
C02277,2025-12-30,Delhi,Telangana,Google Ads
C02278,2025-11-17,Gurgaon,Delhi,Meta Ads
C02279,2025-05-01,Gurgaon,Telangana,Influencer
C02280,2025-10-13,Chennai,Karnataka,Organic
C02281,2025-05-29,Kolkata,Rajasthan,Email
C02282,2025-03-25,Bangalore,Haryana,Google Ads
C02283,2025-08-19,Gurgaon,Telangana,Organic
C02284,2025-10-15,Jaipur,Gujarat,Organic
C02285,2025-06-10,Mumbai,Haryana,Organic
C02286,2025-09-29,Ahmedabad,Karnataka,Organic
C02287,2025-02-07,Mumbai,Maharashtra,Meta Ads
C02288,2025-08-14,Bangalore,Gujarat,Organic
C02289,2025-05-22,Jaipur,Maharashtra,Google Ads
C02290,2025-10-19,Mumbai,Gujarat,Google Ads
C02291,2025-05-31,Ahmedabad,Haryana,Google Ads
C02292,2025-04-24,Delhi,Gujarat,Google Ads
C02293,2025-08-25,Pune,Haryana,Google Ads
C02294,2025-03-07,Delhi,Delhi,Meta Ads
C02295,2025-12-27,Pune,Maharashtra,Organic
C02296,2025-12-07,Kolkata,Tamil Nadu,Meta Ads
C02297,2025-09-15,Kolkata,Karnataka,Google Ads
C02298,2025-09-06,Kolkata,Gujarat,Organic
C02299,2025-11-27,Mumbai,Haryana,Meta Ads
C02300,2025-11-19,Kolkata,Karnataka,Organic
C02301,2025-06-29,Pune,West Bengal,Google Ads
C02302,2025-07-09,Delhi,Gujarat,Influencer
C02303,2025-06-03,Chennai,Telangana,Google Ads
C02304,2025-07-15,Gurgaon,Rajasthan,Meta Ads
C02305,2025-11-07,Pune,Tamil Nadu,Organic
C02306,2025-09-19,Delhi,Delhi,Meta Ads
C02307,2025-05-23,Delhi,Haryana,Influencer
C02308,2025-12-08,Gurgaon,Haryana,Organic
C02309,2025-11-12,Jaipur,West Bengal,Influencer
C02310,2025-04-11,Chennai,West Bengal,Google Ads
C02311,2025-09-01,Jaipur,Tamil Nadu,Influencer
C02312,2025-01-12,Jaipur,Gujarat,Google Ads
C02313,2025-08-27,Delhi,Maharashtra,Meta Ads
C02314,2025-02-18,Ahmedabad,West Bengal,Meta Ads
C02315,2025-02-11,Hyderabad,West Bengal,Organic
C02316,2025-06-15,Pune,Telangana,Email
C02317,2025-03-23,Mumbai,Maharashtra,Meta Ads
C02318,2025-10-18,Jaipur,Telangana,Influencer
C02319,2025-06-07,Kolkata,Telangana,Influencer
C02320,2025-08-04,Mumbai,Tamil Nadu,Google Ads
C02321,2025-06-07,Bangalore,West Bengal,Organic
C02322,2025-05-14,Ahmedabad,Karnataka,Meta Ads
C02323,2025-03-08,Mumbai,Delhi,Influencer
C02324,2025-12-02,Gurgaon,Karnataka,Organic
C02325,2025-01-07,Hyderabad,Rajasthan,Google Ads
C02326,2025-01-14,Chennai,Delhi,Influencer
C02327,2025-03-14,Gurgaon,Gujarat,Meta Ads
C02328,2025-06-12,Jaipur,Maharashtra,Influencer
C02329,2025-03-07,Ahmedabad,Tamil Nadu,Meta Ads
C02330,2025-12-13,Ahmedabad,Karnataka,Influencer
C02331,2025-05-10,Jaipur,West Bengal,Organic
C02332,2025-07-25,Hyderabad,Maharashtra,Organic
C02333,2025-10-03,Delhi,Telangana,Google Ads
C02334,2025-09-13,Mumbai,Rajasthan,Influencer
C02335,2025-09-23,Kolkata,Tamil Nadu,Google Ads
C02336,2025-01-25,Jaipur,Telangana,Meta Ads
C02337,2025-10-08,Kolkata,Maharashtra,Google Ads
C02338,2025-09-10,Mumbai,Rajasthan,Influencer
C02339,2025-11-06,Hyderabad,Telangana,Google Ads
C02340,2025-10-16,Delhi,Rajasthan,Organic
C02341,2025-06-13,Chennai,Maharashtra,Influencer
C02342,2025-04-05,Hyderabad,West Bengal,Influencer
C02343,2025-09-27,Kolkata,Haryana,Meta Ads
C02344,2025-11-17,Ahmedabad,Gujarat,Organic
C02345,2025-04-20,Ahmedabad,Gujarat,Meta Ads
C02346,2025-12-02,Bangalore,Telangana,Influencer
C02347,2025-11-06,Pune,Telangana,Influencer
C02348,2025-08-26,Gurgaon,Gujarat,Influencer
C02349,2025-01-25,Gurgaon,Karnataka,Organic
C02350,2025-05-21,Jaipur,West Bengal,Google Ads
C02351,2025-04-27,Kolkata,Gujarat,Google Ads
C02352,2025-01-25,Gurgaon,Gujarat,Google Ads
C02353,2025-03-20,Gurgaon,Telangana,Meta Ads
C02354,2025-03-09,Hyderabad,Rajasthan,Email
C02355,2025-06-22,Chennai,Telangana,Google Ads
C02356,2025-01-12,Kolkata,Gujarat,Email
C02357,2025-10-15,Bangalore,Tamil Nadu,Influencer
C02358,2025-05-08,Chennai,Haryana,Influencer
C02359,2025-04-06,Bangalore,Telangana,Organic
C02360,2025-04-02,Kolkata,Haryana,Meta Ads
C02361,2025-05-21,Delhi,Delhi,Google Ads
C02362,2025-01-31,Delhi,West Bengal,Organic
C02363,2025-11-30,Gurgaon,Gujarat,Meta Ads
C02364,2025-01-20,Jaipur,Rajasthan,Meta Ads
C02365,2025-05-26,Ahmedabad,Karnataka,Organic
C02366,2025-11-12,Hyderabad,Rajasthan,Email
C02367,2025-06-09,Gurgaon,Haryana,Influencer
C02368,2025-12-15,Pune,Tamil Nadu,Meta Ads
C02369,2025-02-12,Delhi,Delhi,Email
C02370,2025-09-11,Gurgaon,Rajasthan,Organic
C02371,2025-05-10,Ahmedabad,Rajasthan,Organic
C02372,2025-03-01,Bangalore,Tamil Nadu,Google Ads
C02373,2025-05-31,Bangalore,Gujarat,Organic
C02374,2025-10-14,Mumbai,Telangana,Organic
C02375,2025-01-05,Hyderabad,Haryana,Organic
C02376,2025-09-23,Jaipur,Haryana,Google Ads
C02377,2025-12-11,Bangalore,West Bengal,Influencer
C02378,2025-05-10,Mumbai,West Bengal,Email
C02379,2025-09-24,Delhi,West Bengal,Influencer
C02380,2025-06-27,Bangalore,Haryana,Meta Ads
C02381,2025-09-10,Jaipur,Telangana,Google Ads
C02382,2025-02-25,Gurgaon,Gujarat,Google Ads
C02383,2025-03-24,Ahmedabad,Delhi,Organic
C02384,2025-04-09,Pune,Delhi,Influencer
C02385,2025-05-29,Bangalore,Tamil Nadu,Meta Ads
C02386,2025-11-25,Pune,Maharashtra,Email
C02387,2025-06-05,Pune,Karnataka,Organic
C02388,2025-07-09,Pune,Telangana,Meta Ads
C02389,2025-09-20,Chennai,Maharashtra,Google Ads
C02390,2025-03-21,Pune,West Bengal,Meta Ads
C02391,2025-09-09,Chennai,Delhi,Organic
C02392,2025-04-07,Ahmedabad,Karnataka,Meta Ads
C02393,2025-09-17,Pune,Maharashtra,Organic
C02394,2025-09-17,Mumbai,Rajasthan,Organic
C02395,2025-04-13,Pune,Gujarat,Google Ads
C02396,2025-02-09,Kolkata,Karnataka,Meta Ads
C02397,2025-09-30,Hyderabad,Haryana,Organic
C02398,2025-04-11,Mumbai,Karnataka,Google Ads
C02399,2025-12-25,Jaipur,Tamil Nadu,Email
C02400,2025-11-04,Bangalore,Haryana,Google Ads
C02401,2025-08-09,Ahmedabad,Maharashtra,Meta Ads
C02402,2025-11-04,Ahmedabad,Gujarat,Organic
C02403,2025-05-04,Kolkata,Tamil Nadu,Influencer
C02404,2025-08-19,Kolkata,Karnataka,Meta Ads
C02405,2025-06-27,Kolkata,Delhi,Google Ads
C02406,2025-03-04,Kolkata,Haryana,Influencer
C02407,2025-04-26,Kolkata,Maharashtra,Meta Ads
C02408,2025-07-10,Delhi,Maharashtra,Meta Ads
C02409,2025-03-03,Gurgaon,Rajasthan,Organic
C02410,2025-09-13,Ahmedabad,West Bengal,Organic
C02411,2025-01-07,Kolkata,Tamil Nadu,Influencer
C02412,2025-06-04,Bangalore,Delhi,Google Ads
C02413,2025-04-02,Delhi,Maharashtra,Google Ads
C02414,2025-01-14,Mumbai,West Bengal,Organic
C02415,2025-08-17,Mumbai,Karnataka,Influencer
C02416,2025-03-27,Chennai,Maharashtra,Organic
C02417,2025-05-13,Gurgaon,Tamil Nadu,Google Ads
C02418,2025-07-02,Mumbai,Gujarat,Google Ads
C02419,2025-03-03,Kolkata,Gujarat,Influencer
C02420,2025-08-07,Ahmedabad,Maharashtra,Organic
C02421,2025-09-03,Chennai,Tamil Nadu,Meta Ads
C02422,2025-08-18,Hyderabad,Haryana,Meta Ads
C02423,2025-03-20,Delhi,West Bengal,Influencer
C02424,2025-05-29,Hyderabad,Telangana,Email
C02425,2025-05-18,Hyderabad,Maharashtra,Google Ads
C02426,2025-11-10,Kolkata,Karnataka,Google Ads
C02427,2025-03-06,Hyderabad,Rajasthan,Meta Ads
C02428,2025-01-13,Hyderabad,Gujarat,Meta Ads
C02429,2025-08-01,Mumbai,Rajasthan,Google Ads
C02430,2025-08-30,Jaipur,Haryana,Meta Ads
C02431,2025-08-01,Chennai,Haryana,Organic
C02432,2025-06-30,Hyderabad,West Bengal,Organic
C02433,2025-12-04,Gurgaon,West Bengal,Influencer
C02434,2025-06-22,Bangalore,Delhi,Organic
C02435,2025-06-09,Chennai,Haryana,Meta Ads
C02436,2025-06-13,Gurgaon,Gujarat,Meta Ads
C02437,2025-07-07,Bangalore,West Bengal,Email
C02438,2025-07-10,Hyderabad,Maharashtra,Influencer
C02439,2025-11-04,Jaipur,Gujarat,Google Ads
C02440,2025-09-13,Pune,Maharashtra,Meta Ads
C02441,2025-07-02,Ahmedabad,Delhi,Email
C02442,2025-04-27,Gurgaon,Karnataka,Meta Ads
C02443,2025-10-09,Hyderabad,Karnataka,Meta Ads
C02444,2025-07-15,Chennai,Tamil Nadu,Email
C02445,2025-02-03,Mumbai,Karnataka,Influencer
C02446,2025-02-21,Hyderabad,West Bengal,Organic
C02447,2025-04-22,Pune,Gujarat,Meta Ads
C02448,2025-09-09,Hyderabad,Karnataka,Organic
C02449,2025-03-23,Hyderabad,Rajasthan,Organic
C02450,2025-08-20,Ahmedabad,Delhi,Influencer
C02451,2025-08-15,Mumbai,Karnataka,Google Ads
C02452,2025-08-21,Gurgaon,Karnataka,Email
C02453,2025-08-09,Kolkata,West Bengal,Meta Ads
C02454,2025-02-11,Kolkata,Haryana,Meta Ads
C02455,2025-01-21,Chennai,Telangana,Google Ads
C02456,2025-02-11,Jaipur,Maharashtra,Organic
C02457,2025-04-23,Hyderabad,West Bengal,Organic
C02458,2025-04-15,Chennai,Karnataka,Organic
C02459,2025-07-11,Jaipur,West Bengal,Meta Ads
C02460,2025-01-17,Gurgaon,West Bengal,Email
C02461,2025-04-30,Gurgaon,Maharashtra,Meta Ads
C02462,2025-05-09,Mumbai,West Bengal,Meta Ads
C02463,2025-05-10,Kolkata,Tamil Nadu,Organic
C02464,2025-03-01,Kolkata,Telangana,Meta Ads
C02465,2025-02-17,Chennai,Haryana,Google Ads
C02466,2025-01-29,Ahmedabad,Gujarat,Google Ads
C02467,2025-04-07,Kolkata,Haryana,Meta Ads
C02468,2025-01-10,Ahmedabad,Karnataka,Meta Ads
C02469,2025-08-30,Ahmedabad,Maharashtra,Google Ads
C02470,2025-11-10,Gurgaon,Tamil Nadu,Google Ads
C02471,2025-08-20,Mumbai,Tamil Nadu,Google Ads
C02472,2025-10-04,Chennai,West Bengal,Organic
C02473,2025-10-11,Bangalore,Gujarat,Meta Ads
C02474,2025-07-22,Chennai,Telangana,Organic
C02475,2025-09-04,Ahmedabad,Gujarat,Organic
C02476,2025-10-17,Jaipur,Delhi,Influencer
C02477,2025-09-21,Jaipur,Tamil Nadu,Influencer
C02478,2025-08-02,Mumbai,Tamil Nadu,Meta Ads
C02479,2025-07-19,Gurgaon,Karnataka,Meta Ads
C02480,2025-03-20,Gurgaon,Rajasthan,Organic
C02481,2025-12-09,Ahmedabad,Haryana,Influencer
C02482,2025-12-10,Ahmedabad,Delhi,Meta Ads
C02483,2025-06-22,Pune,West Bengal,Organic
C02484,2025-03-10,Pune,Karnataka,Influencer
C02485,2025-03-28,Ahmedabad,Telangana,Influencer
C02486,2025-04-11,Kolkata,Tamil Nadu,Organic
C02487,2025-01-08,Chennai,Gujarat,Meta Ads
C02488,2025-11-29,Kolkata,Telangana,Meta Ads
C02489,2025-07-19,Gurgaon,Rajasthan,Google Ads
C02490,2025-03-28,Bangalore,Gujarat,Meta Ads
C02491,2025-02-12,Chennai,Tamil Nadu,Email
C02492,2025-04-19,Kolkata,West Bengal,Meta Ads
C02493,2025-06-01,Kolkata,Gujarat,Meta Ads
C02494,2025-01-17,Delhi,Maharashtra,Meta Ads
C02495,2025-05-13,Chennai,Haryana,Organic
C02496,2025-05-28,Bangalore,West Bengal,Organic
C02497,2025-10-04,Mumbai,Gujarat,Organic
C02498,2025-08-20,Mumbai,Haryana,Email
C02499,2025-11-10,Kolkata,Karnataka,Google Ads
C02500,2025-08-16,Ahmedabad,Tamil Nadu,Meta Ads
C02501,2025-05-19,Bangalore,Haryana,Influencer
C02502,2025-07-30,Bangalore,Gujarat,Influencer
C02503,2025-01-28,Gurgaon,Rajasthan,Meta Ads
C02504,2025-02-20,Jaipur,Rajasthan,Meta Ads
C02505,2025-09-18,Delhi,Tamil Nadu,Influencer
C02506,2025-09-18,Gurgaon,Telangana,Google Ads
C02507,2025-12-16,Bangalore,Telangana,Google Ads
C02508,2025-12-18,Hyderabad,Rajasthan,Influencer
C02509,2025-01-08,Ahmedabad,Telangana,Meta Ads
C02510,2025-11-16,Bangalore,Gujarat,Organic
C02511,2025-05-18,Delhi,Rajasthan,Meta Ads
C02512,2025-02-07,Bangalore,Haryana,Meta Ads
C02513,2025-04-21,Chennai,Tamil Nadu,Organic
C02514,2025-08-08,Chennai,Karnataka,Meta Ads
C02515,2025-12-03,Pune,Haryana,Influencer
C02516,2025-08-11,Delhi,Haryana,Meta Ads
C02517,2025-05-16,Kolkata,Maharashtra,Meta Ads
C02518,2025-09-13,Jaipur,Tamil Nadu,Meta Ads
C02519,2025-12-26,Kolkata,Rajasthan,Influencer
C02520,2025-11-25,Jaipur,West Bengal,Google Ads
C02521,2025-02-18,Jaipur,Gujarat,Google Ads
C02522,2025-10-19,Jaipur,Maharashtra,Google Ads
C02523,2025-11-20,Mumbai,Rajasthan,Organic
C02524,2025-03-19,Jaipur,Karnataka,Meta Ads
C02525,2025-04-15,Bangalore,Haryana,Email
C02526,2025-06-18,Hyderabad,West Bengal,Email
C02527,2025-08-05,Delhi,Telangana,Google Ads
C02528,2025-04-29,Hyderabad,West Bengal,Google Ads
C02529,2025-07-09,Pune,Gujarat,Influencer
C02530,2025-09-12,Bangalore,Telangana,Google Ads
C02531,2025-09-23,Jaipur,Haryana,Influencer
C02532,2025-05-29,Mumbai,Karnataka,Meta Ads
C02533,2025-06-13,Gurgaon,Haryana,Google Ads
C02534,2025-05-20,Kolkata,Gujarat,Email
C02535,2025-12-13,Chennai,Karnataka,Meta Ads
C02536,2025-09-15,Delhi,Haryana,Meta Ads
C02537,2025-09-26,Hyderabad,Delhi,Organic
C02538,2025-06-30,Bangalore,Maharashtra,Email
C02539,2025-06-09,Gurgaon,Karnataka,Meta Ads
C02540,2025-12-17,Ahmedabad,Delhi,Email
C02541,2025-10-15,Ahmedabad,Rajasthan,Organic
C02542,2025-10-15,Chennai,Rajasthan,Email
C02543,2025-08-14,Ahmedabad,Haryana,Organic
C02544,2025-01-11,Kolkata,Telangana,Organic
C02545,2025-01-10,Pune,Haryana,Influencer
C02546,2025-09-28,Ahmedabad,Telangana,Meta Ads
C02547,2025-09-30,Chennai,Haryana,Email
C02548,2025-07-02,Pune,West Bengal,Meta Ads
C02549,2025-06-02,Kolkata,Gujarat,Meta Ads
C02550,2025-11-11,Chennai,Maharashtra,Organic
C02551,2025-11-30,Ahmedabad,Telangana,Meta Ads
C02552,2025-05-04,Jaipur,Gujarat,Influencer
C02553,2025-04-24,Delhi,West Bengal,Influencer
C02554,2025-10-05,Ahmedabad,Rajasthan,Meta Ads
C02555,2025-08-01,Chennai,Haryana,Meta Ads
C02556,2025-06-21,Delhi,Tamil Nadu,Google Ads
C02557,2025-10-15,Delhi,Gujarat,Email
C02558,2025-06-23,Pune,Haryana,Influencer
C02559,2025-04-23,Kolkata,Rajasthan,Meta Ads
C02560,2025-05-02,Ahmedabad,Telangana,Email
C02561,2025-02-01,Gurgaon,Gujarat,Meta Ads
C02562,2025-08-10,Jaipur,Karnataka,Google Ads
C02563,2025-04-29,Kolkata,Haryana,Meta Ads
C02564,2025-02-08,Gurgaon,Gujarat,Google Ads
C02565,2025-09-25,Gurgaon,West Bengal,Organic
C02566,2025-08-21,Hyderabad,Delhi,Google Ads
C02567,2025-01-18,Pune,Telangana,Influencer
C02568,2025-05-29,Mumbai,Maharashtra,Organic
C02569,2025-05-29,Bangalore,Maharashtra,Meta Ads
C02570,2025-05-06,Bangalore,West Bengal,Organic
C02571,2025-10-29,Pune,Karnataka,Meta Ads
C02572,2025-12-26,Pune,Karnataka,Organic
C02573,2025-08-26,Gurgaon,Tamil Nadu,Google Ads
C02574,2025-05-15,Pune,Tamil Nadu,Meta Ads
C02575,2025-05-31,Gurgaon,Delhi,Google Ads
C02576,2025-08-24,Kolkata,Delhi,Email
C02577,2025-08-12,Mumbai,Tamil Nadu,Organic
C02578,2025-07-22,Hyderabad,West Bengal,Email
C02579,2025-09-13,Gurgaon,Rajasthan,Google Ads
C02580,2025-03-27,Pune,Telangana,Email
C02581,2025-05-30,Delhi,Tamil Nadu,Google Ads
C02582,2025-08-23,Ahmedabad,Karnataka,Influencer
C02583,2025-12-11,Bangalore,Telangana,Google Ads
C02584,2025-01-22,Mumbai,Rajasthan,Meta Ads
C02585,2025-12-14,Ahmedabad,Delhi,Influencer
C02586,2025-10-12,Chennai,Haryana,Influencer
C02587,2025-09-26,Pune,West Bengal,Influencer
C02588,2025-09-15,Gurgaon,Karnataka,Meta Ads
C02589,2025-01-29,Hyderabad,Maharashtra,Organic
C02590,2025-08-01,Delhi,Maharashtra,Meta Ads
C02591,2025-10-10,Hyderabad,Delhi,Meta Ads
C02592,2025-02-19,Ahmedabad,Haryana,Influencer
C02593,2025-04-05,Delhi,Karnataka,Organic
C02594,2025-03-29,Jaipur,West Bengal,Email
C02595,2025-02-13,Bangalore,Delhi,Google Ads
C02596,2025-10-05,Pune,Rajasthan,Email
C02597,2025-06-20,Chennai,Maharashtra,Organic
C02598,2025-07-08,Ahmedabad,Gujarat,Google Ads
C02599,2025-12-19,Gurgaon,Telangana,Google Ads
C02600,2025-07-03,Bangalore,Tamil Nadu,Influencer
C02601,2025-01-03,Chennai,Rajasthan,Influencer
C02602,2025-07-10,Hyderabad,West Bengal,Google Ads
C02603,2025-04-28,Bangalore,Gujarat,Organic
C02604,2025-01-19,Chennai,West Bengal,Google Ads
C02605,2025-01-23,Chennai,Maharashtra,Organic
C02606,2025-01-30,Hyderabad,Rajasthan,Email
C02607,2025-10-22,Chennai,Delhi,Meta Ads
C02608,2025-04-18,Mumbai,Maharashtra,Organic
C02609,2025-10-08,Delhi,Karnataka,Google Ads
C02610,2025-05-08,Mumbai,Karnataka,Organic
C02611,2025-08-17,Hyderabad,Telangana,Influencer
C02612,2025-04-21,Kolkata,Haryana,Google Ads
C02613,2025-05-16,Bangalore,Tamil Nadu,Meta Ads
C02614,2025-12-28,Jaipur,Delhi,Influencer
C02615,2025-07-05,Gurgaon,Gujarat,Organic
C02616,2025-05-24,Gurgaon,Tamil Nadu,Google Ads
C02617,2025-03-13,Ahmedabad,Rajasthan,Meta Ads
C02618,2025-05-09,Ahmedabad,Haryana,Meta Ads
C02619,2025-12-30,Hyderabad,West Bengal,Meta Ads
C02620,2025-09-18,Ahmedabad,Telangana,Organic
C02621,2025-01-03,Gurgaon,Tamil Nadu,Google Ads
C02622,2025-04-14,Mumbai,Tamil Nadu,Organic
C02623,2025-08-12,Jaipur,Telangana,Meta Ads
C02624,2025-11-16,Gurgaon,Tamil Nadu,Meta Ads
C02625,2025-12-28,Mumbai,Gujarat,Meta Ads
C02626,2025-12-20,Kolkata,Haryana,Organic
C02627,2025-01-10,Hyderabad,Maharashtra,Meta Ads
C02628,2025-10-29,Pune,Rajasthan,Email
C02629,2025-08-19,Kolkata,Telangana,Google Ads
C02630,2025-08-07,Kolkata,Telangana,Google Ads
C02631,2025-03-07,Gurgaon,West Bengal,Google Ads
C02632,2025-04-22,Hyderabad,Tamil Nadu,Google Ads
C02633,2025-01-13,Delhi,Telangana,Influencer
C02634,2025-03-27,Chennai,Tamil Nadu,Influencer
C02635,2025-08-22,Kolkata,Karnataka,Meta Ads
C02636,2025-03-31,Ahmedabad,West Bengal,Organic
C02637,2025-11-10,Mumbai,Tamil Nadu,Organic
C02638,2025-02-23,Delhi,Karnataka,Email
C02639,2025-01-12,Hyderabad,Delhi,Google Ads
C02640,2025-07-28,Pune,Haryana,Meta Ads
C02641,2025-01-14,Jaipur,Maharashtra,Organic
C02642,2025-05-01,Delhi,West Bengal,Google Ads
C02643,2025-01-20,Pune,West Bengal,Influencer
C02644,2025-03-16,Gurgaon,Telangana,Email
C02645,2025-08-31,Bangalore,Tamil Nadu,Meta Ads
C02646,2025-08-11,Chennai,Delhi,Influencer
C02647,2025-03-11,Gurgaon,Maharashtra,Email
C02648,2025-11-08,Hyderabad,Tamil Nadu,Email
C02649,2025-07-30,Bangalore,Maharashtra,Influencer
C02650,2025-04-11,Pune,Telangana,Influencer
C02651,2025-07-05,Bangalore,Telangana,Meta Ads
C02652,2025-05-12,Jaipur,Rajasthan,Email
C02653,2025-04-21,Ahmedabad,West Bengal,Google Ads
C02654,2025-05-12,Ahmedabad,West Bengal,Meta Ads
C02655,2025-01-20,Gurgaon,Delhi,Google Ads
C02656,2025-01-24,Gurgaon,Haryana,Organic
C02657,2025-08-15,Hyderabad,Karnataka,Google Ads
C02658,2025-06-03,Hyderabad,Karnataka,Influencer
C02659,2025-10-20,Mumbai,Tamil Nadu,Google Ads
C02660,2025-08-18,Jaipur,Telangana,Meta Ads
C02661,2025-11-06,Hyderabad,Gujarat,Meta Ads
C02662,2025-12-25,Kolkata,Telangana,Google Ads
C02663,2025-07-21,Jaipur,Gujarat,Meta Ads
C02664,2025-02-07,Mumbai,Telangana,Google Ads
C02665,2025-09-17,Ahmedabad,Karnataka,Meta Ads
C02666,2025-07-07,Delhi,Haryana,Influencer
C02667,2025-02-26,Mumbai,Haryana,Organic
C02668,2025-01-20,Mumbai,Delhi,Organic
C02669,2025-09-30,Gurgaon,Gujarat,Meta Ads
C02670,2025-04-29,Chennai,Gujarat,Meta Ads
C02671,2025-03-12,Bangalore,Gujarat,Organic
C02672,2025-01-04,Ahmedabad,Telangana,Organic
C02673,2025-08-09,Pune,Rajasthan,Meta Ads
C02674,2025-01-14,Pune,Karnataka,Meta Ads
C02675,2025-01-03,Hyderabad,West Bengal,Email
C02676,2025-08-04,Ahmedabad,Tamil Nadu,Google Ads
C02677,2025-08-17,Kolkata,Rajasthan,Meta Ads
C02678,2025-12-02,Hyderabad,Telangana,Meta Ads
C02679,2025-07-05,Hyderabad,Telangana,Influencer
C02680,2025-02-24,Mumbai,Tamil Nadu,Influencer
C02681,2025-09-11,Ahmedabad,Gujarat,Google Ads
C02682,2025-01-24,Bangalore,Karnataka,Meta Ads
C02683,2025-06-11,Hyderabad,Gujarat,Google Ads
C02684,2025-06-07,Chennai,Gujarat,Google Ads
C02685,2025-03-23,Jaipur,West Bengal,Google Ads
C02686,2025-06-08,Kolkata,West Bengal,Meta Ads
C02687,2025-07-07,Kolkata,Haryana,Meta Ads
C02688,2025-03-01,Hyderabad,Maharashtra,Influencer
C02689,2025-11-01,Chennai,Maharashtra,Organic
C02690,2025-11-15,Jaipur,Gujarat,Influencer
C02691,2025-07-30,Delhi,Tamil Nadu,Google Ads
C02692,2025-06-01,Gurgaon,Gujarat,Email
C02693,2025-04-19,Gurgaon,Karnataka,Email
C02694,2025-03-17,Gurgaon,Delhi,Meta Ads
C02695,2025-01-30,Mumbai,Tamil Nadu,Google Ads
C02696,2025-11-10,Kolkata,Maharashtra,Influencer
C02697,2025-04-27,Pune,Rajasthan,Influencer
C02698,2025-12-22,Pune,Haryana,Email
C02699,2025-07-11,Mumbai,Haryana,Organic
C02700,2025-01-19,Hyderabad,Gujarat,Google Ads
C02701,2025-06-22,Ahmedabad,Tamil Nadu,Google Ads
C02702,2025-08-16,Ahmedabad,Karnataka,Google Ads
C02703,2025-12-16,Gurgaon,Rajasthan,Influencer
C02704,2025-07-02,Ahmedabad,Telangana,Email
C02705,2025-04-23,Hyderabad,Telangana,Meta Ads
C02706,2025-07-02,Delhi,Maharashtra,Organic
C02707,2025-05-26,Mumbai,Karnataka,Organic
C02708,2025-11-15,Delhi,Telangana,Google Ads
C02709,2025-04-26,Kolkata,West Bengal,Influencer
C02710,2025-04-23,Ahmedabad,Karnataka,Organic
C02711,2025-09-08,Jaipur,Gujarat,Google Ads
C02712,2025-09-08,Gurgaon,Gujarat,Google Ads
C02713,2025-10-30,Mumbai,Maharashtra,Google Ads
C02714,2025-11-09,Gurgaon,Telangana,Google Ads
C02715,2025-04-28,Ahmedabad,Gujarat,Meta Ads
C02716,2025-10-28,Bangalore,Delhi,Meta Ads
C02717,2025-06-10,Ahmedabad,Delhi,Organic
C02718,2025-07-17,Mumbai,Telangana,Organic
C02719,2025-09-17,Pune,Maharashtra,Organic
C02720,2025-05-28,Mumbai,Delhi,Influencer
C02721,2025-08-28,Chennai,Gujarat,Email
C02722,2025-02-16,Jaipur,Maharashtra,Influencer
C02723,2025-07-17,Ahmedabad,Telangana,Google Ads
C02724,2025-02-16,Chennai,Karnataka,Meta Ads
C02725,2025-03-19,Pune,Maharashtra,Google Ads
C02726,2025-05-04,Hyderabad,Gujarat,Organic
C02727,2025-03-16,Hyderabad,Karnataka,Influencer
C02728,2025-12-25,Jaipur,Rajasthan,Organic
C02729,2025-05-17,Kolkata,Haryana,Organic
C02730,2025-03-31,Jaipur,Rajasthan,Organic
C02731,2025-11-21,Jaipur,Karnataka,Organic
C02732,2025-03-02,Jaipur,Haryana,Email
C02733,2025-05-18,Jaipur,Tamil Nadu,Influencer
C02734,2025-02-19,Jaipur,Rajasthan,Influencer
C02735,2025-09-16,Delhi,Gujarat,Google Ads
C02736,2025-04-17,Pune,Maharashtra,Google Ads
C02737,2025-04-23,Mumbai,Maharashtra,Meta Ads
C02738,2025-12-16,Ahmedabad,Haryana,Meta Ads
C02739,2025-09-11,Chennai,Haryana,Meta Ads
C02740,2025-04-28,Jaipur,Haryana,Email
C02741,2025-07-17,Kolkata,Telangana,Meta Ads
C02742,2025-12-03,Gurgaon,Gujarat,Meta Ads
C02743,2025-12-31,Ahmedabad,Haryana,Google Ads
C02744,2025-02-20,Gurgaon,Delhi,Google Ads
C02745,2025-09-02,Chennai,Haryana,Email
C02746,2025-02-04,Chennai,Delhi,Meta Ads
C02747,2025-10-29,Ahmedabad,Telangana,Email
C02748,2025-03-10,Kolkata,Delhi,Meta Ads
C02749,2025-12-15,Delhi,Tamil Nadu,Email
C02750,2025-11-16,Hyderabad,Tamil Nadu,Organic
C02751,2025-02-18,Chennai,Delhi,Organic
C02752,2025-03-15,Kolkata,Gujarat,Google Ads
C02753,2025-07-11,Chennai,Telangana,Organic
C02754,2025-09-18,Bangalore,Maharashtra,Organic
C02755,2025-12-22,Hyderabad,Delhi,Meta Ads
C02756,2025-03-11,Chennai,Karnataka,Meta Ads
C02757,2025-03-31,Kolkata,West Bengal,Email
C02758,2025-09-17,Chennai,Gujarat,Google Ads
C02759,2025-05-06,Gurgaon,Haryana,Email
C02760,2025-08-19,Ahmedabad,West Bengal,Organic
C02761,2025-10-22,Ahmedabad,Maharashtra,Google Ads
C02762,2025-05-09,Chennai,Telangana,Meta Ads
C02763,2025-10-07,Kolkata,Tamil Nadu,Email
C02764,2025-11-09,Gurgaon,Haryana,Organic
C02765,2025-04-10,Delhi,Tamil Nadu,Meta Ads
C02766,2025-11-22,Delhi,Maharashtra,Organic
C02767,2025-10-24,Gurgaon,West Bengal,Meta Ads
C02768,2025-07-01,Mumbai,Gujarat,Influencer
C02769,2025-06-23,Kolkata,Rajasthan,Meta Ads
C02770,2025-11-12,Delhi,Tamil Nadu,Meta Ads
C02771,2025-12-30,Mumbai,West Bengal,Meta Ads
C02772,2025-07-07,Kolkata,Delhi,Meta Ads
C02773,2025-02-26,Gurgaon,Rajasthan,Organic
C02774,2025-01-31,Jaipur,Tamil Nadu,Organic
C02775,2025-03-25,Mumbai,Telangana,Influencer
C02776,2025-06-01,Mumbai,Rajasthan,Organic
C02777,2025-02-05,Chennai,Delhi,Google Ads
C02778,2025-08-01,Pune,Maharashtra,Organic
C02779,2025-12-30,Pune,Karnataka,Email
C02780,2025-04-16,Kolkata,Delhi,Google Ads
C02781,2025-12-08,Chennai,Maharashtra,Meta Ads
C02782,2025-08-08,Ahmedabad,Maharashtra,Google Ads
C02783,2025-06-12,Hyderabad,West Bengal,Meta Ads
C02784,2025-08-08,Jaipur,Tamil Nadu,Meta Ads
C02785,2025-09-27,Hyderabad,Rajasthan,Influencer
C02786,2025-04-30,Mumbai,Haryana,Email
C02787,2025-12-02,Bangalore,Rajasthan,Google Ads
C02788,2025-07-01,Delhi,Rajasthan,Influencer
C02789,2025-04-16,Delhi,Maharashtra,Meta Ads
C02790,2025-08-05,Chennai,Rajasthan,Organic
C02791,2025-07-24,Pune,Karnataka,Organic
C02792,2025-03-11,Bangalore,Karnataka,Google Ads
C02793,2025-02-13,Chennai,Rajasthan,Meta Ads
C02794,2025-11-25,Mumbai,West Bengal,Organic
C02795,2025-10-28,Bangalore,Gujarat,Influencer
C02796,2025-08-16,Delhi,West Bengal,Organic
C02797,2025-07-03,Kolkata,Rajasthan,Meta Ads
C02798,2025-04-17,Mumbai,Gujarat,Meta Ads
C02799,2025-03-25,Chennai,Telangana,Google Ads
C02800,2025-12-04,Ahmedabad,Maharashtra,Meta Ads
C02801,2025-09-07,Gurgaon,Haryana,Influencer
C02802,2025-12-29,Mumbai,Maharashtra,Organic
C02803,2025-01-21,Mumbai,Telangana,Organic
C02804,2025-07-15,Ahmedabad,Maharashtra,Email
C02805,2025-06-27,Jaipur,Haryana,Meta Ads
C02806,2025-01-07,Kolkata,Tamil Nadu,Organic
C02807,2025-03-11,Ahmedabad,Delhi,Meta Ads
C02808,2025-05-07,Hyderabad,Gujarat,Meta Ads
C02809,2025-06-09,Hyderabad,Maharashtra,Meta Ads
C02810,2025-09-05,Mumbai,Haryana,Email
C02811,2025-07-22,Jaipur,Gujarat,Google Ads
C02812,2025-05-28,Delhi,Haryana,Meta Ads
C02813,2025-05-23,Jaipur,Karnataka,Organic
C02814,2025-07-18,Hyderabad,Tamil Nadu,Meta Ads
C02815,2025-06-03,Jaipur,Delhi,Meta Ads
C02816,2025-05-22,Jaipur,Delhi,Influencer
C02817,2025-11-09,Kolkata,Gujarat,Meta Ads
C02818,2025-06-14,Mumbai,West Bengal,Email
C02819,2025-11-10,Kolkata,Karnataka,Organic
C02820,2025-01-21,Delhi,Gujarat,Meta Ads
C02821,2025-03-23,Delhi,Gujarat,Meta Ads
C02822,2025-03-10,Hyderabad,Delhi,Organic
C02823,2025-05-11,Chennai,West Bengal,Google Ads
C02824,2025-03-28,Ahmedabad,Maharashtra,Organic
C02825,2025-08-06,Pune,Maharashtra,Influencer
C02826,2025-11-01,Mumbai,Maharashtra,Influencer
C02827,2025-12-11,Chennai,Haryana,Organic
C02828,2025-12-07,Mumbai,West Bengal,Email
C02829,2025-06-10,Ahmedabad,Telangana,Meta Ads
C02830,2025-06-27,Ahmedabad,Telangana,Meta Ads
C02831,2025-04-27,Bangalore,Rajasthan,Influencer
C02832,2025-07-15,Kolkata,Rajasthan,Google Ads
C02833,2025-11-23,Hyderabad,West Bengal,Google Ads
C02834,2025-03-27,Bangalore,Telangana,Influencer
C02835,2025-10-16,Delhi,Gujarat,Google Ads
C02836,2025-03-22,Pune,Karnataka,Meta Ads
C02837,2025-06-01,Hyderabad,Karnataka,Organic
C02838,2025-03-02,Delhi,West Bengal,Influencer
C02839,2025-03-02,Jaipur,Rajasthan,Meta Ads
C02840,2025-12-20,Kolkata,Telangana,Organic
C02841,2025-01-28,Kolkata,Telangana,Google Ads
C02842,2025-02-12,Kolkata,Delhi,Meta Ads
C02843,2025-06-18,Bangalore,Delhi,Meta Ads
C02844,2025-03-27,Gurgaon,Karnataka,Meta Ads
C02845,2025-06-26,Chennai,West Bengal,Organic
C02846,2025-01-17,Ahmedabad,Rajasthan,Organic
C02847,2025-04-08,Pune,Telangana,Email
C02848,2025-07-17,Ahmedabad,Maharashtra,Meta Ads
C02849,2025-04-08,Gurgaon,Tamil Nadu,Email
C02850,2025-03-06,Jaipur,Tamil Nadu,Google Ads
C02851,2025-11-26,Jaipur,Rajasthan,Meta Ads
C02852,2025-12-07,Jaipur,Telangana,Meta Ads
C02853,2025-01-05,Hyderabad,Gujarat,Organic
C02854,2025-01-02,Delhi,Karnataka,Influencer
C02855,2025-01-22,Delhi,Maharashtra,Influencer
C02856,2025-04-22,Jaipur,Rajasthan,Organic
C02857,2025-02-26,Pune,Tamil Nadu,Meta Ads
C02858,2025-03-07,Bangalore,Gujarat,Meta Ads
C02859,2025-11-26,Pune,Rajasthan,Meta Ads
C02860,2025-04-08,Pune,Delhi,Meta Ads
C02861,2025-05-24,Delhi,Delhi,Influencer
C02862,2025-05-05,Kolkata,Haryana,Email
C02863,2025-06-16,Pune,Rajasthan,Meta Ads
C02864,2025-03-27,Pune,West Bengal,Influencer
C02865,2025-03-17,Ahmedabad,West Bengal,Meta Ads
C02866,2025-12-10,Kolkata,Maharashtra,Meta Ads
C02867,2025-10-21,Delhi,Karnataka,Meta Ads
C02868,2025-02-28,Bangalore,Telangana,Meta Ads
C02869,2025-05-18,Chennai,Maharashtra,Meta Ads
C02870,2025-04-09,Delhi,Rajasthan,Google Ads
C02871,2025-07-11,Delhi,Haryana,Google Ads
C02872,2025-08-31,Pune,West Bengal,Google Ads
C02873,2025-11-15,Ahmedabad,Rajasthan,Google Ads
C02874,2025-02-18,Gurgaon,Haryana,Google Ads
C02875,2025-02-01,Jaipur,Tamil Nadu,Email
C02876,2025-10-04,Mumbai,Telangana,Influencer
C02877,2025-01-20,Ahmedabad,Gujarat,Email
C02878,2025-06-03,Gurgaon,Delhi,Organic
C02879,2025-03-09,Pune,Delhi,Organic
C02880,2025-08-02,Pune,Haryana,Meta Ads
C02881,2025-05-23,Bangalore,Rajasthan,Influencer
C02882,2025-08-20,Gurgaon,Maharashtra,Meta Ads
C02883,2025-08-01,Hyderabad,Karnataka,Meta Ads
C02884,2025-03-20,Jaipur,Gujarat,Meta Ads
C02885,2025-08-02,Mumbai,Haryana,Google Ads
C02886,2025-04-26,Bangalore,Karnataka,Meta Ads
C02887,2025-04-02,Ahmedabad,Tamil Nadu,Email
C02888,2025-09-27,Ahmedabad,Tamil Nadu,Meta Ads
C02889,2025-06-17,Gurgaon,Haryana,Influencer
C02890,2025-02-27,Jaipur,Haryana,Google Ads
C02891,2025-10-11,Jaipur,Tamil Nadu,Influencer
C02892,2025-01-26,Ahmedabad,Maharashtra,Organic
C02893,2025-03-07,Hyderabad,Tamil Nadu,Organic
C02894,2025-09-05,Pune,Maharashtra,Google Ads
C02895,2025-09-11,Jaipur,Karnataka,Organic
C02896,2025-02-13,Gurgaon,Maharashtra,Google Ads
C02897,2025-04-07,Ahmedabad,Delhi,Organic
C02898,2025-02-11,Pune,Delhi,Organic
C02899,2025-08-15,Kolkata,Rajasthan,Meta Ads
C02900,2025-09-19,Delhi,Telangana,Google Ads
C02901,2025-06-16,Pune,Haryana,Meta Ads
C02902,2025-10-06,Jaipur,West Bengal,Influencer
C02903,2025-03-30,Delhi,Maharashtra,Influencer
C02904,2025-06-27,Jaipur,Rajasthan,Meta Ads
C02905,2025-07-16,Gurgaon,Telangana,Google Ads
C02906,2025-11-03,Chennai,Delhi,Google Ads
C02907,2025-09-24,Pune,Gujarat,Google Ads
C02908,2025-09-25,Delhi,Telangana,Influencer
C02909,2025-03-15,Gurgaon,West Bengal,Organic
C02910,2025-01-08,Jaipur,Karnataka,Influencer
C02911,2025-10-24,Pune,Rajasthan,Email
C02912,2025-06-13,Gurgaon,Haryana,Organic
C02913,2025-03-26,Jaipur,Haryana,Organic
C02914,2025-03-13,Chennai,Karnataka,Organic
C02915,2025-02-24,Chennai,Rajasthan,Organic
C02916,2025-02-16,Mumbai,Karnataka,Influencer
C02917,2025-08-26,Bangalore,Maharashtra,Influencer
C02918,2025-04-14,Gurgaon,Rajasthan,Meta Ads
C02919,2025-07-29,Bangalore,Rajasthan,Email
C02920,2025-02-11,Mumbai,Telangana,Organic
C02921,2025-11-12,Hyderabad,Telangana,Meta Ads
C02922,2025-09-25,Pune,Tamil Nadu,Influencer
C02923,2025-09-20,Jaipur,Rajasthan,Google Ads
C02924,2025-12-02,Ahmedabad,Gujarat,Influencer
C02925,2025-12-31,Bangalore,Karnataka,Email
C02926,2025-09-16,Bangalore,Tamil Nadu,Meta Ads
C02927,2025-10-10,Gurgaon,West Bengal,Influencer
C02928,2025-04-24,Pune,Tamil Nadu,Influencer
C02929,2025-12-29,Gurgaon,Karnataka,Organic
C02930,2025-02-09,Chennai,Rajasthan,Google Ads
C02931,2025-08-08,Bangalore,Telangana,Meta Ads
C02932,2025-05-09,Pune,Maharashtra,Google Ads
C02933,2025-01-08,Kolkata,Rajasthan,Meta Ads
C02934,2025-04-11,Hyderabad,Karnataka,Google Ads
C02935,2025-06-25,Jaipur,Tamil Nadu,Influencer
C02936,2025-04-17,Mumbai,Haryana,Email
C02937,2025-04-11,Hyderabad,Maharashtra,Meta Ads
C02938,2025-09-17,Mumbai,Delhi,Meta Ads
C02939,2025-09-03,Bangalore,Rajasthan,Influencer
C02940,2025-10-02,Hyderabad,Karnataka,Google Ads
C02941,2025-02-01,Hyderabad,West Bengal,Email
C02942,2025-05-17,Jaipur,Rajasthan,Influencer
C02943,2025-01-12,Ahmedabad,Rajasthan,Organic
C02944,2025-10-29,Jaipur,Tamil Nadu,Meta Ads
C02945,2025-01-16,Gurgaon,Gujarat,Meta Ads
C02946,2025-05-09,Ahmedabad,Rajasthan,Google Ads
C02947,2025-03-04,Hyderabad,Karnataka,Meta Ads
C02948,2025-04-19,Ahmedabad,Tamil Nadu,Organic
C02949,2025-01-21,Ahmedabad,Haryana,Google Ads
C02950,2025-06-07,Gurgaon,West Bengal,Organic
C02951,2025-09-26,Pune,West Bengal,Influencer
C02952,2025-06-11,Bangalore,Rajasthan,Google Ads
C02953,2025-09-17,Pune,Delhi,Organic
C02954,2025-04-12,Bangalore,Tamil Nadu,Influencer
C02955,2025-08-11,Pune,Haryana,Google Ads
C02956,2025-02-28,Pune,Telangana,Meta Ads
C02957,2025-09-04,Mumbai,Delhi,Organic
C02958,2025-05-08,Ahmedabad,Telangana,Organic
C02959,2025-10-10,Chennai,West Bengal,Google Ads
C02960,2025-11-21,Gurgaon,Telangana,Meta Ads
C02961,2025-01-25,Pune,Delhi,Meta Ads
C02962,2025-05-11,Hyderabad,Delhi,Google Ads
C02963,2025-12-19,Kolkata,Delhi,Meta Ads
C02964,2025-07-15,Mumbai,Haryana,Organic
C02965,2025-10-08,Kolkata,West Bengal,Organic
C02966,2025-06-03,Delhi,Rajasthan,Organic
C02967,2025-05-13,Jaipur,Gujarat,Meta Ads
C02968,2025-08-15,Delhi,Maharashtra,Meta Ads
C02969,2025-07-08,Bangalore,Rajasthan,Influencer
C02970,2025-09-22,Pune,Telangana,Organic
C02971,2025-05-14,Gurgaon,Haryana,Influencer
C02972,2025-07-30,Hyderabad,Haryana,Google Ads
C02973,2025-03-01,Chennai,Telangana,Organic
C02974,2025-12-30,Chennai,Tamil Nadu,Organic
C02975,2025-12-30,Mumbai,Delhi,Email
C02976,2025-08-01,Mumbai,Maharashtra,Email
C02977,2025-08-04,Mumbai,Telangana,Email
C02978,2025-08-14,Mumbai,Telangana,Email
C02979,2025-05-11,Ahmedabad,Gujarat,Organic
C02980,2025-03-17,Pune,Rajasthan,Meta Ads
C02981,2025-10-13,Kolkata,Telangana,Organic
C02982,2025-10-04,Pune,Tamil Nadu,Meta Ads
C02983,2025-06-05,Pune,Telangana,Meta Ads
C02984,2025-09-05,Delhi,Telangana,Organic
C02985,2025-08-06,Gurgaon,Rajasthan,Influencer
C02986,2025-07-09,Hyderabad,Telangana,Organic
C02987,2025-06-12,Bangalore,Tamil Nadu,Google Ads
C02988,2025-06-29,Gurgaon,Rajasthan,Google Ads
C02989,2025-02-03,Mumbai,Karnataka,Email
C02990,2025-02-10,Kolkata,West Bengal,Organic
C02991,2025-11-03,Delhi,West Bengal,Google Ads
C02992,2025-12-04,Ahmedabad,Delhi,Organic
C02993,2025-11-10,Kolkata,Maharashtra,Email
C02994,2025-03-16,Delhi,Haryana,Google Ads
C02995,2025-10-06,Jaipur,Gujarat,Meta Ads
C02996,2025-06-25,Ahmedabad,Tamil Nadu,Google Ads
C02997,2025-05-30,Mumbai,West Bengal,Google Ads
C02998,2025-09-30,Bangalore,Karnataka,Meta Ads
C02999,2025-11-21,Mumbai,Tamil Nadu,Organic
C03000,2025-04-18,Kolkata,Rajasthan,Google Ads
C03001,2025-05-19,Mumbai,Karnataka,Meta Ads
C03002,2025-12-16,Jaipur,Tamil Nadu,Meta Ads
C03003,2025-09-28,Mumbai,West Bengal,Email
C03004,2025-12-13,Delhi,Haryana,Organic
C03005,2025-10-16,Chennai,Gujarat,Google Ads
C03006,2025-07-31,Mumbai,Gujarat,Google Ads
C03007,2025-09-29,Jaipur,Tamil Nadu,Google Ads
C03008,2025-03-07,Pune,West Bengal,Organic
C03009,2025-09-05,Pune,Karnataka,Organic
C03010,2025-06-05,Bangalore,West Bengal,Email
C03011,2025-02-16,Bangalore,West Bengal,Organic
C03012,2025-07-20,Bangalore,Telangana,Email
C03013,2025-05-28,Gurgaon,Telangana,Meta Ads
C03014,2025-05-04,Hyderabad,Karnataka,Email
C03015,2025-01-01,Bangalore,West Bengal,Organic
C03016,2025-09-04,Mumbai,Haryana,Meta Ads
C03017,2025-12-09,Bangalore,Karnataka,Meta Ads
C03018,2025-05-08,Hyderabad,Tamil Nadu,Organic
C03019,2025-07-10,Gurgaon,Tamil Nadu,Meta Ads
C03020,2025-03-08,Hyderabad,Tamil Nadu,Influencer
C03021,2025-01-04,Kolkata,Maharashtra,Influencer
C03022,2025-10-30,Bangalore,West Bengal,Google Ads
C03023,2025-10-21,Bangalore,West Bengal,Meta Ads
C03024,2025-05-23,Bangalore,Telangana,Email
C03025,2025-07-10,Kolkata,Tamil Nadu,Meta Ads
C03026,2025-01-21,Hyderabad,Telangana,Meta Ads
C03027,2025-08-15,Delhi,Telangana,Google Ads
C03028,2025-11-09,Mumbai,Tamil Nadu,Email
C03029,2025-04-27,Jaipur,Rajasthan,Influencer
C03030,2025-10-29,Mumbai,West Bengal,Google Ads
C03031,2025-05-22,Bangalore,Maharashtra,Google Ads
C03032,2025-02-08,Gurgaon,Tamil Nadu,Google Ads
C03033,2025-12-21,Kolkata,Haryana,Meta Ads
C03034,2025-09-09,Delhi,Tamil Nadu,Organic
C03035,2025-11-29,Ahmedabad,Gujarat,Meta Ads
C03036,2025-07-26,Delhi,Gujarat,Google Ads
C03037,2025-07-29,Jaipur,Karnataka,Organic
C03038,2025-04-25,Mumbai,Rajasthan,Meta Ads
C03039,2025-08-13,Bangalore,Tamil Nadu,Email
C03040,2025-05-14,Chennai,West Bengal,Google Ads
C03041,2025-09-08,Ahmedabad,Rajasthan,Meta Ads
C03042,2025-08-07,Bangalore,West Bengal,Influencer
C03043,2025-04-01,Kolkata,Rajasthan,Meta Ads
C03044,2025-12-20,Ahmedabad,Delhi,Meta Ads
C03045,2025-02-15,Jaipur,Delhi,Google Ads
C03046,2025-02-07,Chennai,Karnataka,Meta Ads
C03047,2025-05-22,Hyderabad,Rajasthan,Email
C03048,2025-04-10,Hyderabad,Delhi,Meta Ads
C03049,2025-11-24,Hyderabad,Delhi,Meta Ads
C03050,2025-07-09,Gurgaon,Haryana,Influencer
C03051,2025-02-04,Hyderabad,Gujarat,Meta Ads
C03052,2025-05-27,Pune,Maharashtra,Email
C03053,2025-01-30,Ahmedabad,Telangana,Google Ads
C03054,2025-11-30,Chennai,Tamil Nadu,Meta Ads
C03055,2025-03-25,Kolkata,Delhi,Meta Ads
C03056,2025-10-08,Pune,Telangana,Meta Ads
C03057,2025-12-10,Pune,Telangana,Google Ads
C03058,2025-09-27,Chennai,Rajasthan,Meta Ads
C03059,2025-06-03,Kolkata,Rajasthan,Organic
C03060,2025-04-12,Ahmedabad,Tamil Nadu,Google Ads
C03061,2025-08-03,Mumbai,Gujarat,Google Ads
C03062,2025-05-30,Bangalore,Telangana,Meta Ads
C03063,2025-03-24,Mumbai,Gujarat,Organic
C03064,2025-04-20,Jaipur,Karnataka,Meta Ads
C03065,2025-10-02,Chennai,Maharashtra,Meta Ads
C03066,2025-07-20,Mumbai,Tamil Nadu,Email
C03067,2025-10-11,Mumbai,Haryana,Google Ads
C03068,2025-06-22,Mumbai,Gujarat,Meta Ads
C03069,2025-11-23,Hyderabad,Delhi,Meta Ads
C03070,2025-07-25,Delhi,Karnataka,Google Ads
C03071,2025-03-04,Mumbai,West Bengal,Influencer
C03072,2025-03-14,Bangalore,Telangana,Meta Ads
C03073,2025-09-08,Chennai,Haryana,Google Ads
C03074,2025-05-04,Jaipur,Gujarat,Google Ads
C03075,2025-05-01,Delhi,Delhi,Email
C03076,2025-10-02,Gurgaon,Delhi,Meta Ads
C03077,2025-04-30,Bangalore,West Bengal,Organic
C03078,2025-11-13,Bangalore,Rajasthan,Meta Ads
C03079,2025-06-13,Hyderabad,Telangana,Organic
C03080,2025-10-13,Hyderabad,Gujarat,Organic
C03081,2025-09-22,Chennai,West Bengal,Meta Ads
C03082,2025-11-16,Bangalore,Maharashtra,Google Ads
C03083,2025-06-10,Kolkata,Haryana,Google Ads
C03084,2025-11-04,Kolkata,Rajasthan,Google Ads
C03085,2025-03-30,Chennai,Rajasthan,Meta Ads
C03086,2025-05-22,Mumbai,Karnataka,Meta Ads
C03087,2025-07-22,Pune,Karnataka,Meta Ads
C03088,2025-11-05,Gurgaon,Maharashtra,Meta Ads
C03089,2025-08-15,Jaipur,West Bengal,Organic
C03090,2025-11-30,Hyderabad,Tamil Nadu,Meta Ads
C03091,2025-08-10,Jaipur,Haryana,Meta Ads
C03092,2025-02-10,Pune,West Bengal,Organic
C03093,2025-07-15,Ahmedabad,Telangana,Organic
C03094,2025-03-09,Chennai,Haryana,Email
C03095,2025-09-21,Mumbai,Rajasthan,Influencer
C03096,2025-01-02,Delhi,Rajasthan,Organic
C03097,2025-12-27,Mumbai,Telangana,Meta Ads
C03098,2025-05-05,Bangalore,Tamil Nadu,Organic
C03099,2025-04-20,Mumbai,Maharashtra,Organic
C03100,2025-03-27,Bangalore,Karnataka,Influencer
C03101,2025-04-30,Jaipur,Rajasthan,Meta Ads
C03102,2025-05-07,Ahmedabad,Tamil Nadu,Organic
C03103,2025-09-12,Hyderabad,Gujarat,Organic
C03104,2025-07-02,Ahmedabad,Haryana,Google Ads
C03105,2025-01-16,Bangalore,Maharashtra,Organic
C03106,2025-03-03,Delhi,West Bengal,Meta Ads
C03107,2025-06-07,Pune,Tamil Nadu,Organic
C03108,2025-09-25,Jaipur,Maharashtra,Organic
C03109,2025-02-04,Jaipur,Tamil Nadu,Meta Ads
C03110,2025-09-24,Mumbai,Gujarat,Influencer
C03111,2025-03-05,Hyderabad,Delhi,Influencer
C03112,2025-02-19,Mumbai,Telangana,Meta Ads
C03113,2025-09-12,Mumbai,Delhi,Meta Ads
C03114,2025-05-29,Bangalore,Maharashtra,Organic
C03115,2025-11-21,Pune,Delhi,Google Ads
C03116,2025-10-31,Hyderabad,Tamil Nadu,Google Ads
C03117,2025-10-03,Mumbai,Tamil Nadu,Influencer
C03118,2025-12-23,Jaipur,Delhi,Email
C03119,2025-06-21,Mumbai,Telangana,Google Ads
C03120,2025-07-20,Gurgaon,Telangana,Meta Ads
C03121,2025-11-20,Chennai,Gujarat,Organic
C03122,2025-02-04,Jaipur,Tamil Nadu,Organic
C03123,2025-08-04,Gurgaon,Maharashtra,Influencer
C03124,2025-03-06,Chennai,Haryana,Meta Ads
C03125,2025-01-08,Delhi,Telangana,Organic
C03126,2025-10-28,Gurgaon,Telangana,Google Ads
C03127,2025-12-09,Bangalore,Gujarat,Organic
C03128,2025-11-28,Delhi,Haryana,Meta Ads
C03129,2025-03-17,Kolkata,Karnataka,Email
C03130,2025-06-23,Hyderabad,Telangana,Google Ads
C03131,2025-02-16,Jaipur,Delhi,Influencer
C03132,2025-01-15,Kolkata,Tamil Nadu,Google Ads
C03133,2025-12-27,Jaipur,Telangana,Organic
C03134,2025-05-27,Hyderabad,Tamil Nadu,Email
C03135,2025-01-26,Hyderabad,Maharashtra,Email
C03136,2025-11-04,Jaipur,Haryana,Email
C03137,2025-04-03,Hyderabad,Rajasthan,Meta Ads
C03138,2025-08-20,Gurgaon,Gujarat,Google Ads
C03139,2025-01-21,Ahmedabad,Karnataka,Meta Ads
C03140,2025-11-03,Pune,Delhi,Google Ads
C03141,2025-02-07,Jaipur,Karnataka,Meta Ads
C03142,2025-10-03,Kolkata,Gujarat,Organic
C03143,2025-06-06,Kolkata,Karnataka,Influencer
C03144,2025-06-28,Hyderabad,Haryana,Google Ads
C03145,2025-05-12,Jaipur,Maharashtra,Influencer
C03146,2025-11-07,Ahmedabad,Delhi,Meta Ads
C03147,2025-12-14,Ahmedabad,Haryana,Influencer
C03148,2025-01-28,Pune,Haryana,Meta Ads
C03149,2025-09-17,Gurgaon,Tamil Nadu,Google Ads
C03150,2025-03-17,Pune,Maharashtra,Google Ads
C03151,2025-03-08,Bangalore,Rajasthan,Influencer
C03152,2025-12-08,Kolkata,Maharashtra,Email
C03153,2025-07-13,Ahmedabad,Maharashtra,Meta Ads
C03154,2025-06-11,Hyderabad,Haryana,Meta Ads
C03155,2025-12-13,Ahmedabad,Rajasthan,Organic
C03156,2025-12-27,Ahmedabad,Telangana,Google Ads
C03157,2025-09-14,Chennai,Tamil Nadu,Organic
C03158,2025-03-13,Kolkata,Maharashtra,Meta Ads
C03159,2025-03-28,Bangalore,Telangana,Influencer
C03160,2025-09-19,Pune,Rajasthan,Meta Ads
C03161,2025-08-02,Bangalore,Maharashtra,Google Ads
C03162,2025-06-02,Chennai,Delhi,Meta Ads
C03163,2025-07-29,Gurgaon,Telangana,Email
C03164,2025-03-02,Bangalore,Telangana,Meta Ads
C03165,2025-09-25,Ahmedabad,Delhi,Organic
C03166,2025-09-19,Delhi,Telangana,Meta Ads
C03167,2025-08-06,Jaipur,Karnataka,Google Ads
C03168,2025-10-10,Bangalore,Maharashtra,Email
C03169,2025-05-16,Jaipur,Telangana,Meta Ads
C03170,2025-12-28,Chennai,Gujarat,Email
C03171,2025-04-03,Bangalore,West Bengal,Email
C03172,2025-04-19,Bangalore,Rajasthan,Organic
C03173,2025-08-29,Mumbai,Gujarat,Meta Ads
C03174,2025-12-21,Ahmedabad,Delhi,Influencer
C03175,2025-05-22,Hyderabad,Maharashtra,Email
C03176,2025-10-18,Jaipur,Maharashtra,Email
C03177,2025-08-25,Gurgaon,Gujarat,Influencer
C03178,2025-12-06,Mumbai,Telangana,Google Ads
C03179,2025-11-08,Ahmedabad,Rajasthan,Organic
C03180,2025-06-26,Chennai,Maharashtra,Google Ads
C03181,2025-05-21,Jaipur,Telangana,Google Ads
C03182,2025-07-08,Pune,Delhi,Organic
C03183,2025-02-18,Chennai,Karnataka,Influencer
C03184,2025-10-29,Hyderabad,Tamil Nadu,Organic
C03185,2025-07-09,Jaipur,Rajasthan,Influencer
C03186,2025-05-16,Chennai,Delhi,Meta Ads
C03187,2025-02-12,Mumbai,Haryana,Google Ads
C03188,2025-12-19,Chennai,Maharashtra,Google Ads
C03189,2025-03-31,Hyderabad,West Bengal,Meta Ads
C03190,2025-10-22,Hyderabad,Telangana,Google Ads
C03191,2025-12-07,Delhi,Haryana,Email
C03192,2025-09-02,Bangalore,Gujarat,Organic
C03193,2025-07-11,Pune,Maharashtra,Meta Ads
C03194,2025-11-14,Pune,Karnataka,Google Ads
C03195,2025-04-16,Mumbai,Haryana,Organic
C03196,2025-12-29,Hyderabad,Telangana,Google Ads
C03197,2025-11-06,Delhi,Haryana,Organic
C03198,2025-08-21,Ahmedabad,Karnataka,Meta Ads
C03199,2025-09-22,Delhi,Rajasthan,Google Ads
C03200,2025-12-10,Gurgaon,Gujarat,Organic
C03201,2025-02-06,Chennai,Tamil Nadu,Organic
C03202,2025-11-01,Bangalore,Delhi,Meta Ads
C03203,2025-02-10,Delhi,Telangana,Email
C03204,2025-01-17,Chennai,West Bengal,Meta Ads
C03205,2025-12-10,Bangalore,Haryana,Meta Ads
C03206,2025-10-04,Jaipur,Telangana,Organic
C03207,2025-11-03,Gurgaon,Rajasthan,Organic
C03208,2025-02-28,Gurgaon,Gujarat,Meta Ads
C03209,2025-07-02,Hyderabad,Karnataka,Organic
C03210,2025-02-10,Gurgaon,Tamil Nadu,Meta Ads
C03211,2025-02-08,Jaipur,Telangana,Email
C03212,2025-07-11,Hyderabad,West Bengal,Organic
C03213,2025-09-24,Kolkata,Delhi,Meta Ads
C03214,2025-05-27,Ahmedabad,Delhi,Meta Ads
C03215,2025-11-29,Mumbai,Tamil Nadu,Organic
C03216,2025-05-07,Chennai,West Bengal,Organic
C03217,2025-02-15,Ahmedabad,Rajasthan,Influencer
C03218,2025-02-14,Ahmedabad,West Bengal,Email
C03219,2025-01-01,Pune,Rajasthan,Google Ads
C03220,2025-06-17,Delhi,Rajasthan,Influencer
C03221,2025-04-18,Gurgaon,Gujarat,Organic
C03222,2025-01-19,Kolkata,West Bengal,Google Ads
C03223,2025-11-28,Delhi,Karnataka,Organic
C03224,2025-03-13,Mumbai,Karnataka,Meta Ads
C03225,2025-04-19,Delhi,Haryana,Meta Ads
C03226,2025-09-25,Pune,West Bengal,Influencer
C03227,2025-08-28,Mumbai,West Bengal,Google Ads
C03228,2025-10-28,Jaipur,Delhi,Email
C03229,2025-03-31,Jaipur,Gujarat,Meta Ads
C03230,2025-04-13,Hyderabad,Delhi,Google Ads
C03231,2025-09-07,Delhi,Telangana,Google Ads
C03232,2025-01-08,Chennai,Maharashtra,Google Ads
C03233,2025-06-02,Kolkata,Haryana,Email
C03234,2025-12-13,Pune,Tamil Nadu,Google Ads
C03235,2025-06-23,Mumbai,Telangana,Google Ads
C03236,2025-12-09,Kolkata,Telangana,Organic
C03237,2025-06-07,Delhi,West Bengal,Influencer
C03238,2025-08-03,Chennai,Telangana,Google Ads
C03239,2025-06-26,Delhi,Maharashtra,Organic
C03240,2025-06-24,Gurgaon,Telangana,Influencer
C03241,2025-12-06,Gurgaon,West Bengal,Meta Ads
C03242,2025-12-04,Pune,Delhi,Email
C03243,2025-05-26,Mumbai,Telangana,Influencer
C03244,2025-11-20,Mumbai,Tamil Nadu,Google Ads
C03245,2025-06-10,Ahmedabad,Gujarat,Organic
C03246,2025-05-07,Pune,Gujarat,Influencer
C03247,2025-03-23,Pune,Rajasthan,Influencer
C03248,2025-05-27,Chennai,Haryana,Meta Ads
C03249,2025-08-27,Gurgaon,Maharashtra,Organic
C03250,2025-03-25,Mumbai,Karnataka,Meta Ads
C03251,2025-04-23,Delhi,Maharashtra,Meta Ads
C03252,2025-08-13,Pune,Rajasthan,Influencer
C03253,2025-11-28,Hyderabad,Tamil Nadu,Influencer
C03254,2025-08-31,Bangalore,Delhi,Organic
C03255,2025-05-23,Mumbai,Karnataka,Organic
C03256,2025-02-10,Jaipur,West Bengal,Influencer
C03257,2025-09-15,Mumbai,West Bengal,Email
C03258,2025-10-12,Hyderabad,Haryana,Google Ads
C03259,2025-04-15,Mumbai,Karnataka,Meta Ads
C03260,2025-07-21,Hyderabad,West Bengal,Influencer
C03261,2025-11-03,Bangalore,Haryana,Google Ads
C03262,2025-11-27,Ahmedabad,Tamil Nadu,Meta Ads
C03263,2025-09-23,Chennai,Karnataka,Organic
C03264,2025-07-29,Bangalore,Tamil Nadu,Organic
C03265,2025-02-20,Kolkata,West Bengal,Google Ads
C03266,2025-04-28,Ahmedabad,Gujarat,Influencer
C03267,2025-07-20,Chennai,Maharashtra,Meta Ads
C03268,2025-02-08,Gurgaon,Maharashtra,Meta Ads
C03269,2025-01-28,Hyderabad,Tamil Nadu,Google Ads
C03270,2025-09-16,Pune,Gujarat,Meta Ads
C03271,2025-03-25,Kolkata,Haryana,Organic
C03272,2025-06-04,Bangalore,Delhi,Google Ads
C03273,2025-04-27,Mumbai,Delhi,Influencer
C03274,2025-01-02,Bangalore,Rajasthan,Influencer
C03275,2025-04-03,Chennai,Telangana,Google Ads
C03276,2025-06-15,Kolkata,Delhi,Meta Ads
C03277,2025-12-16,Delhi,Gujarat,Google Ads
C03278,2025-10-23,Chennai,Maharashtra,Organic
C03279,2025-09-15,Ahmedabad,Maharashtra,Meta Ads
C03280,2025-03-22,Bangalore,Delhi,Influencer
C03281,2025-09-25,Bangalore,Delhi,Google Ads
C03282,2025-08-23,Kolkata,Rajasthan,Email
C03283,2025-11-17,Hyderabad,Delhi,Google Ads
C03284,2025-11-07,Kolkata,Tamil Nadu,Influencer
C03285,2025-10-28,Pune,West Bengal,Organic
C03286,2025-12-23,Bangalore,Telangana,Organic
C03287,2025-08-01,Hyderabad,Haryana,Organic
C03288,2025-03-03,Hyderabad,Telangana,Influencer
C03289,2025-02-18,Kolkata,Telangana,Organic
C03290,2025-05-07,Gurgaon,Delhi,Influencer
C03291,2025-08-11,Chennai,Tamil Nadu,Meta Ads
C03292,2025-10-06,Ahmedabad,West Bengal,Meta Ads
C03293,2025-10-21,Gurgaon,West Bengal,Meta Ads
C03294,2025-10-11,Bangalore,Gujarat,Influencer
C03295,2025-10-04,Bangalore,West Bengal,Meta Ads
C03296,2025-04-17,Bangalore,Tamil Nadu,Influencer
C03297,2025-05-26,Jaipur,Gujarat,Google Ads
C03298,2025-04-09,Mumbai,Karnataka,Meta Ads
C03299,2025-03-14,Delhi,Rajasthan,Google Ads
C03300,2025-05-02,Jaipur,Karnataka,Google Ads
C03301,2025-01-30,Delhi,Telangana,Organic
C03302,2025-07-07,Hyderabad,Tamil Nadu,Google Ads
C03303,2025-12-30,Bangalore,Gujarat,Meta Ads
C03304,2025-12-20,Pune,Karnataka,Influencer
C03305,2025-10-15,Ahmedabad,Tamil Nadu,Google Ads
C03306,2025-07-14,Kolkata,Haryana,Google Ads
C03307,2025-06-05,Ahmedabad,Haryana,Influencer
C03308,2025-06-21,Pune,Haryana,Meta Ads
C03309,2025-12-01,Kolkata,Rajasthan,Google Ads
C03310,2025-02-10,Hyderabad,West Bengal,Google Ads
C03311,2025-03-04,Pune,Rajasthan,Google Ads
C03312,2025-01-23,Bangalore,Rajasthan,Meta Ads
C03313,2025-12-26,Pune,Tamil Nadu,Meta Ads
C03314,2025-03-16,Bangalore,Tamil Nadu,Google Ads
C03315,2025-02-17,Pune,Telangana,Meta Ads
C03316,2025-06-09,Pune,Gujarat,Meta Ads
C03317,2025-11-09,Gurgaon,Maharashtra,Meta Ads
C03318,2025-04-28,Ahmedabad,Haryana,Google Ads
C03319,2025-04-10,Delhi,Delhi,Meta Ads
C03320,2025-06-16,Jaipur,Maharashtra,Organic
C03321,2025-10-17,Gurgaon,Delhi,Influencer
C03322,2025-06-05,Delhi,Tamil Nadu,Organic
C03323,2025-01-07,Gurgaon,Maharashtra,Influencer
C03324,2025-07-15,Mumbai,Telangana,Organic
C03325,2025-02-25,Kolkata,Haryana,Google Ads
C03326,2025-11-17,Bangalore,West Bengal,Meta Ads
C03327,2025-07-12,Jaipur,Delhi,Meta Ads
C03328,2025-02-16,Gurgaon,Haryana,Google Ads
C03329,2025-05-28,Gurgaon,Telangana,Meta Ads
C03330,2025-10-02,Hyderabad,West Bengal,Email
C03331,2025-06-06,Pune,West Bengal,Email
C03332,2025-07-21,Mumbai,Gujarat,Meta Ads
C03333,2025-05-06,Jaipur,Telangana,Organic
C03334,2025-11-01,Jaipur,Telangana,Google Ads
C03335,2025-10-21,Kolkata,Haryana,Organic
C03336,2025-03-05,Jaipur,Haryana,Organic
C03337,2025-11-21,Chennai,Karnataka,Meta Ads
C03338,2025-06-25,Jaipur,Haryana,Organic
C03339,2025-04-26,Gurgaon,Haryana,Organic
C03340,2025-07-23,Chennai,Gujarat,Organic
C03341,2025-11-17,Delhi,West Bengal,Google Ads
C03342,2025-01-31,Pune,Gujarat,Email
C03343,2025-04-23,Chennai,Haryana,Influencer
C03344,2025-12-31,Delhi,Maharashtra,Organic
C03345,2025-11-21,Mumbai,Gujarat,Meta Ads
C03346,2025-12-10,Ahmedabad,Rajasthan,Google Ads
C03347,2025-03-08,Bangalore,Maharashtra,Organic
C03348,2025-03-16,Gurgaon,Delhi,Meta Ads
C03349,2025-02-14,Chennai,Tamil Nadu,Google Ads
C03350,2025-09-17,Ahmedabad,Karnataka,Meta Ads
C03351,2025-06-03,Pune,Delhi,Google Ads
C03352,2025-06-04,Hyderabad,Tamil Nadu,Meta Ads
C03353,2025-12-29,Mumbai,Gujarat,Meta Ads
C03354,2025-08-22,Bangalore,Rajasthan,Google Ads
C03355,2025-02-20,Pune,Tamil Nadu,Email
C03356,2025-11-02,Mumbai,Tamil Nadu,Google Ads
C03357,2025-09-19,Hyderabad,Delhi,Google Ads
C03358,2025-11-11,Delhi,Haryana,Influencer
C03359,2025-05-05,Hyderabad,Karnataka,Meta Ads
C03360,2025-09-02,Chennai,West Bengal,Meta Ads
C03361,2025-01-30,Bangalore,Rajasthan,Meta Ads
C03362,2025-05-02,Jaipur,Tamil Nadu,Influencer
C03363,2025-05-05,Kolkata,Haryana,Organic
C03364,2025-02-06,Gurgaon,West Bengal,Meta Ads
C03365,2025-06-19,Gurgaon,Rajasthan,Organic
C03366,2025-05-04,Delhi,Haryana,Email
C03367,2025-12-23,Pune,Haryana,Meta Ads
C03368,2025-02-04,Bangalore,Telangana,Organic
C03369,2025-03-28,Jaipur,Haryana,Google Ads
C03370,2025-05-14,Delhi,West Bengal,Google Ads
C03371,2025-07-15,Kolkata,Karnataka,Organic
C03372,2025-10-01,Chennai,Telangana,Influencer
C03373,2025-07-20,Chennai,Rajasthan,Organic
C03374,2025-10-12,Jaipur,Maharashtra,Organic
C03375,2025-03-18,Jaipur,Gujarat,Google Ads
C03376,2025-02-28,Jaipur,Rajasthan,Meta Ads
C03377,2025-05-06,Hyderabad,Haryana,Organic
C03378,2025-04-19,Gurgaon,West Bengal,Meta Ads
C03379,2025-08-12,Ahmedabad,Tamil Nadu,Google Ads
C03380,2025-10-05,Bangalore,Delhi,Meta Ads
C03381,2025-03-09,Ahmedabad,Gujarat,Google Ads
C03382,2025-03-10,Hyderabad,Rajasthan,Google Ads
C03383,2025-06-14,Pune,Delhi,Organic
C03384,2025-11-01,Chennai,Gujarat,Meta Ads
C03385,2025-06-11,Gurgaon,Karnataka,Organic
C03386,2025-12-31,Jaipur,Tamil Nadu,Google Ads
C03387,2025-12-08,Kolkata,Gujarat,Influencer
C03388,2025-11-05,Kolkata,Haryana,Google Ads
C03389,2025-12-09,Kolkata,Gujarat,Influencer
C03390,2025-02-11,Bangalore,West Bengal,Meta Ads
C03391,2025-12-20,Jaipur,West Bengal,Organic
C03392,2025-04-19,Gurgaon,West Bengal,Meta Ads
C03393,2025-02-20,Chennai,Rajasthan,Organic
C03394,2025-09-07,Ahmedabad,Tamil Nadu,Meta Ads
C03395,2025-12-07,Jaipur,Tamil Nadu,Google Ads
C03396,2025-01-21,Jaipur,Rajasthan,Google Ads
C03397,2025-10-27,Hyderabad,Tamil Nadu,Influencer
C03398,2025-05-19,Pune,West Bengal,Meta Ads
C03399,2025-12-25,Kolkata,West Bengal,Organic
C03400,2025-11-20,Delhi,Maharashtra,Email
C03401,2025-04-02,Gurgaon,Gujarat,Meta Ads
C03402,2025-10-07,Hyderabad,Tamil Nadu,Email
C03403,2025-05-05,Pune,Telangana,Meta Ads
C03404,2025-04-21,Pune,West Bengal,Influencer
C03405,2025-12-20,Mumbai,Gujarat,Email
C03406,2025-05-19,Kolkata,Delhi,Email
C03407,2025-09-30,Mumbai,Telangana,Google Ads
C03408,2025-04-09,Hyderabad,Telangana,Influencer
C03409,2025-09-09,Pune,Rajasthan,Meta Ads
C03410,2025-12-04,Delhi,Tamil Nadu,Google Ads
C03411,2025-04-14,Gurgaon,Telangana,Google Ads
C03412,2025-08-02,Mumbai,Delhi,Google Ads
C03413,2025-09-06,Pune,Gujarat,Organic
C03414,2025-06-01,Gurgaon,Rajasthan,Meta Ads
C03415,2025-09-07,Kolkata,Haryana,Email
C03416,2025-10-02,Ahmedabad,Haryana,Organic
C03417,2025-06-14,Gurgaon,Gujarat,Influencer
C03418,2025-12-07,Pune,Gujarat,Influencer
C03419,2025-01-08,Hyderabad,Haryana,Influencer
C03420,2025-10-11,Mumbai,Telangana,Meta Ads
C03421,2025-01-05,Mumbai,Tamil Nadu,Google Ads
C03422,2025-05-25,Chennai,Haryana,Google Ads
C03423,2025-04-11,Pune,Gujarat,Meta Ads
C03424,2025-06-13,Chennai,Rajasthan,Google Ads
C03425,2025-05-27,Delhi,Delhi,Organic
C03426,2025-03-05,Delhi,Rajasthan,Meta Ads
C03427,2025-04-01,Pune,Rajasthan,Google Ads
C03428,2025-04-27,Mumbai,Tamil Nadu,Google Ads
C03429,2025-12-20,Kolkata,Haryana,Meta Ads
C03430,2025-09-24,Bangalore,West Bengal,Organic
C03431,2025-11-06,Delhi,Gujarat,Organic
C03432,2025-06-22,Mumbai,Rajasthan,Email
C03433,2025-02-16,Jaipur,Rajasthan,Meta Ads
C03434,2025-05-20,Jaipur,Karnataka,Google Ads
C03435,2025-09-03,Chennai,Gujarat,Google Ads
C03436,2025-05-29,Gurgaon,Delhi,Email
C03437,2025-09-03,Kolkata,West Bengal,Google Ads
C03438,2025-01-05,Chennai,Haryana,Google Ads
C03439,2025-07-03,Jaipur,Maharashtra,Meta Ads
C03440,2025-01-20,Kolkata,Maharashtra,Meta Ads
C03441,2025-02-15,Bangalore,Gujarat,Meta Ads
C03442,2025-01-12,Gurgaon,Haryana,Organic
C03443,2025-03-11,Chennai,Karnataka,Organic
C03444,2025-01-17,Jaipur,Delhi,Google Ads
C03445,2025-05-27,Delhi,West Bengal,Google Ads
C03446,2025-06-03,Delhi,Karnataka,Meta Ads
C03447,2025-10-31,Chennai,West Bengal,Organic
C03448,2025-04-18,Bangalore,Maharashtra,Influencer
C03449,2025-08-24,Bangalore,Telangana,Email
C03450,2025-11-04,Pune,Maharashtra,Meta Ads
C03451,2025-12-18,Gurgaon,Telangana,Organic
C03452,2025-03-11,Mumbai,Haryana,Email
C03453,2025-07-02,Bangalore,Gujarat,Organic
C03454,2025-09-07,Gurgaon,Maharashtra,Google Ads
C03455,2025-08-16,Bangalore,Karnataka,Organic
C03456,2025-04-12,Pune,Haryana,Organic
C03457,2025-03-16,Ahmedabad,Rajasthan,Google Ads
C03458,2025-08-04,Bangalore,Haryana,Meta Ads
C03459,2025-07-22,Gurgaon,Rajasthan,Organic
C03460,2025-07-11,Pune,Telangana,Influencer
C03461,2025-09-06,Pune,Haryana,Email
C03462,2025-08-30,Gurgaon,Rajasthan,Meta Ads
C03463,2025-06-28,Gurgaon,Telangana,Organic
C03464,2025-08-07,Delhi,Haryana,Meta Ads
C03465,2025-03-23,Ahmedabad,Haryana,Email
C03466,2025-04-02,Pune,Telangana,Meta Ads
C03467,2025-06-24,Delhi,Telangana,Google Ads
C03468,2025-08-27,Kolkata,Haryana,Meta Ads
C03469,2025-09-17,Chennai,Tamil Nadu,Organic
C03470,2025-12-31,Chennai,West Bengal,Google Ads
C03471,2025-06-12,Pune,Tamil Nadu,Organic
C03472,2025-02-17,Delhi,Delhi,Google Ads
C03473,2025-11-25,Ahmedabad,Maharashtra,Google Ads
C03474,2025-11-24,Ahmedabad,West Bengal,Google Ads
C03475,2025-04-26,Kolkata,Karnataka,Meta Ads
C03476,2025-12-03,Pune,Maharashtra,Meta Ads
C03477,2025-12-03,Bangalore,Tamil Nadu,Organic
C03478,2025-08-13,Kolkata,Telangana,Google Ads
C03479,2025-12-18,Delhi,Haryana,Meta Ads
C03480,2025-11-24,Bangalore,Tamil Nadu,Organic
C03481,2025-05-27,Chennai,Karnataka,Meta Ads
C03482,2025-03-04,Hyderabad,Delhi,Google Ads
C03483,2025-10-21,Chennai,Karnataka,Email
C03484,2025-11-19,Pune,Karnataka,Google Ads
C03485,2025-11-21,Gurgaon,Tamil Nadu,Organic
C03486,2025-01-13,Chennai,Telangana,Influencer
C03487,2025-07-08,Jaipur,West Bengal,Google Ads
C03488,2025-10-14,Chennai,Maharashtra,Organic
C03489,2025-07-27,Chennai,Telangana,Google Ads
C03490,2025-04-24,Chennai,Gujarat,Meta Ads
C03491,2025-01-22,Chennai,Tamil Nadu,Influencer
C03492,2025-12-15,Bangalore,Karnataka,Organic
C03493,2025-08-02,Bangalore,Maharashtra,Email
C03494,2025-06-20,Chennai,Karnataka,Organic
C03495,2025-11-19,Mumbai,Delhi,Google Ads
C03496,2025-02-23,Mumbai,Delhi,Organic
C03497,2025-10-25,Bangalore,Maharashtra,Organic
C03498,2025-11-16,Hyderabad,Karnataka,Organic
C03499,2025-05-06,Gurgaon,Rajasthan,Influencer
C03500,2025-10-04,Kolkata,Gujarat,Email
C03501,2025-07-23,Jaipur,Rajasthan,Meta Ads
C03502,2025-07-13,Jaipur,West Bengal,Google Ads
C03503,2025-06-18,Chennai,West Bengal,Organic
C03504,2025-06-01,Hyderabad,Haryana,Organic
C03505,2025-02-04,Mumbai,West Bengal,Organic
C03506,2025-07-03,Mumbai,Telangana,Google Ads
C03507,2025-10-13,Hyderabad,Haryana,Google Ads
C03508,2025-02-26,Gurgaon,Delhi,Meta Ads
C03509,2025-08-10,Bangalore,Telangana,Organic
C03510,2025-10-30,Gurgaon,Karnataka,Meta Ads
C03511,2025-06-12,Pune,Maharashtra,Organic
C03512,2025-01-19,Pune,Maharashtra,Email
C03513,2025-09-21,Mumbai,Gujarat,Meta Ads
C03514,2025-10-09,Kolkata,Delhi,Meta Ads
C03515,2025-04-23,Pune,Gujarat,Meta Ads
C03516,2025-11-23,Mumbai,Rajasthan,Google Ads
C03517,2025-01-30,Chennai,Tamil Nadu,Meta Ads
C03518,2025-05-15,Ahmedabad,Delhi,Google Ads
C03519,2025-03-08,Ahmedabad,West Bengal,Organic
C03520,2025-03-06,Delhi,Haryana,Google Ads
C03521,2025-10-19,Chennai,Rajasthan,Influencer
C03522,2025-01-25,Ahmedabad,West Bengal,Email
C03523,2025-02-06,Gurgaon,Haryana,Meta Ads
C03524,2025-01-01,Delhi,Maharashtra,Influencer
C03525,2025-02-06,Mumbai,Telangana,Meta Ads
C03526,2025-05-21,Hyderabad,Maharashtra,Meta Ads
C03527,2025-08-20,Hyderabad,Rajasthan,Organic
C03528,2025-05-16,Mumbai,Maharashtra,Google Ads
C03529,2025-07-07,Kolkata,Maharashtra,Meta Ads
C03530,2025-05-08,Mumbai,Maharashtra,Meta Ads
C03531,2025-07-20,Bangalore,Delhi,Email
C03532,2025-05-07,Hyderabad,Rajasthan,Meta Ads
C03533,2025-09-14,Ahmedabad,Gujarat,Influencer
C03534,2025-06-13,Jaipur,Maharashtra,Organic
C03535,2025-02-04,Delhi,Maharashtra,Meta Ads
C03536,2025-07-13,Kolkata,Haryana,Google Ads
C03537,2025-07-10,Pune,Telangana,Meta Ads
C03538,2025-04-14,Chennai,Maharashtra,Meta Ads
C03539,2025-01-23,Kolkata,Gujarat,Meta Ads
C03540,2025-09-22,Pune,Gujarat,Meta Ads
C03541,2025-10-17,Kolkata,Telangana,Meta Ads
C03542,2025-09-17,Jaipur,Telangana,Meta Ads
C03543,2025-12-24,Kolkata,Rajasthan,Organic
C03544,2025-03-16,Ahmedabad,Telangana,Google Ads
C03545,2025-12-21,Mumbai,Rajasthan,Email
C03546,2025-03-13,Bangalore,Karnataka,Meta Ads
C03547,2025-09-16,Delhi,Maharashtra,Organic
C03548,2025-07-07,Hyderabad,Gujarat,Email
C03549,2025-06-22,Pune,Karnataka,Meta Ads
C03550,2025-10-17,Delhi,Maharashtra,Google Ads
C03551,2025-02-14,Kolkata,Gujarat,Google Ads
C03552,2025-03-02,Mumbai,Gujarat,Email
C03553,2025-03-24,Delhi,Haryana,Organic
C03554,2025-05-03,Mumbai,Rajasthan,Google Ads
C03555,2025-12-24,Pune,Tamil Nadu,Organic
C03556,2025-01-16,Ahmedabad,Haryana,Organic
C03557,2025-03-07,Ahmedabad,Karnataka,Google Ads
C03558,2025-05-25,Mumbai,West Bengal,Influencer
C03559,2025-06-11,Mumbai,Rajasthan,Organic
C03560,2025-08-22,Bangalore,Telangana,Meta Ads
C03561,2025-05-24,Chennai,West Bengal,Influencer
C03562,2025-12-24,Bangalore,Karnataka,Google Ads
C03563,2025-07-07,Delhi,Maharashtra,Organic
C03564,2025-11-18,Gurgaon,Delhi,Google Ads
C03565,2025-01-13,Bangalore,Tamil Nadu,Email
C03566,2025-07-03,Delhi,Haryana,Organic
C03567,2025-04-21,Hyderabad,Maharashtra,Organic
C03568,2025-10-17,Delhi,Karnataka,Email
C03569,2025-10-22,Delhi,Rajasthan,Meta Ads
C03570,2025-08-03,Mumbai,Karnataka,Meta Ads
C03571,2025-04-30,Jaipur,West Bengal,Google Ads
C03572,2025-02-24,Kolkata,Delhi,Google Ads
C03573,2025-01-27,Mumbai,West Bengal,Google Ads
C03574,2025-04-28,Mumbai,Rajasthan,Organic
C03575,2025-08-09,Jaipur,Gujarat,Organic
C03576,2025-08-19,Jaipur,West Bengal,Google Ads
C03577,2025-02-22,Kolkata,Gujarat,Influencer
C03578,2025-10-22,Gurgaon,Telangana,Organic
C03579,2025-11-17,Hyderabad,Maharashtra,Email
C03580,2025-08-21,Bangalore,Rajasthan,Email
C03581,2025-06-07,Delhi,Karnataka,Meta Ads
C03582,2025-09-26,Bangalore,Telangana,Organic
C03583,2025-01-21,Ahmedabad,West Bengal,Google Ads
C03584,2025-02-22,Pune,Maharashtra,Influencer
C03585,2025-10-02,Gurgaon,Gujarat,Organic
C03586,2025-11-09,Pune,Gujarat,Meta Ads
C03587,2025-10-08,Delhi,Haryana,Email
C03588,2025-08-02,Jaipur,Rajasthan,Organic
C03589,2025-01-31,Delhi,Gujarat,Email
C03590,2025-12-03,Hyderabad,Delhi,Meta Ads
C03591,2025-07-02,Bangalore,Rajasthan,Influencer
C03592,2025-01-23,Kolkata,Haryana,Organic
C03593,2025-02-01,Chennai,Rajasthan,Organic
C03594,2025-03-15,Chennai,Rajasthan,Influencer
C03595,2025-01-10,Kolkata,Karnataka,Organic
C03596,2025-02-23,Jaipur,Gujarat,Organic
C03597,2025-02-21,Chennai,West Bengal,Meta Ads
C03598,2025-05-28,Jaipur,West Bengal,Influencer
C03599,2025-06-09,Mumbai,Maharashtra,Organic
C03600,2025-01-14,Hyderabad,Maharashtra,Influencer
C03601,2025-06-27,Gurgaon,Maharashtra,Google Ads
C03602,2025-02-22,Bangalore,Maharashtra,Google Ads
C03603,2025-12-01,Bangalore,Telangana,Meta Ads
C03604,2025-01-22,Gurgaon,West Bengal,Influencer
C03605,2025-01-30,Delhi,Maharashtra,Google Ads
C03606,2025-07-10,Delhi,Haryana,Google Ads
C03607,2025-09-17,Pune,West Bengal,Organic
C03608,2025-07-24,Delhi,Rajasthan,Meta Ads
C03609,2025-02-28,Jaipur,Gujarat,Email
C03610,2025-09-21,Kolkata,Rajasthan,Organic
C03611,2025-01-12,Mumbai,West Bengal,Email
C03612,2025-04-29,Gurgaon,Karnataka,Meta Ads
C03613,2025-10-17,Jaipur,Delhi,Google Ads
C03614,2025-12-04,Jaipur,West Bengal,Google Ads
C03615,2025-09-05,Pune,Tamil Nadu,Organic
C03616,2025-12-20,Jaipur,Maharashtra,Meta Ads
C03617,2025-05-07,Hyderabad,Delhi,Google Ads
C03618,2025-03-16,Delhi,Telangana,Email
C03619,2025-12-27,Bangalore,Telangana,Meta Ads
C03620,2025-07-23,Hyderabad,Tamil Nadu,Influencer
C03621,2025-02-18,Mumbai,Haryana,Organic
C03622,2025-03-20,Mumbai,Rajasthan,Meta Ads
C03623,2025-08-29,Mumbai,Gujarat,Organic
C03624,2025-12-15,Delhi,Rajasthan,Organic
C03625,2025-06-03,Jaipur,West Bengal,Meta Ads
C03626,2025-10-01,Mumbai,Rajasthan,Google Ads
C03627,2025-04-06,Gurgaon,Karnataka,Influencer
C03628,2025-08-02,Bangalore,Rajasthan,Meta Ads
C03629,2025-10-21,Jaipur,Maharashtra,Google Ads
C03630,2025-07-28,Pune,Rajasthan,Organic
C03631,2025-12-09,Delhi,Tamil Nadu,Meta Ads
C03632,2025-03-29,Kolkata,Telangana,Email
C03633,2025-11-02,Hyderabad,Maharashtra,Meta Ads
C03634,2025-09-21,Ahmedabad,Karnataka,Google Ads
C03635,2025-11-21,Hyderabad,Haryana,Organic
C03636,2025-11-16,Mumbai,Rajasthan,Meta Ads
C03637,2025-06-06,Bangalore,West Bengal,Organic
C03638,2025-06-05,Pune,Karnataka,Email
C03639,2025-05-19,Jaipur,Telangana,Meta Ads
C03640,2025-05-01,Gurgaon,Maharashtra,Google Ads
C03641,2025-03-06,Chennai,Gujarat,Meta Ads
C03642,2025-04-17,Hyderabad,Tamil Nadu,Influencer
C03643,2025-05-27,Chennai,Karnataka,Meta Ads
C03644,2025-05-17,Jaipur,Haryana,Google Ads
C03645,2025-06-11,Bangalore,Haryana,Organic
C03646,2025-04-10,Chennai,Delhi,Google Ads
C03647,2025-12-04,Hyderabad,Haryana,Meta Ads
C03648,2025-11-03,Kolkata,Tamil Nadu,Email
C03649,2025-05-21,Ahmedabad,Maharashtra,Google Ads
C03650,2025-03-24,Chennai,Karnataka,Google Ads
C03651,2025-06-26,Kolkata,Haryana,Meta Ads
C03652,2025-07-17,Kolkata,Karnataka,Influencer
C03653,2025-04-22,Mumbai,Haryana,Meta Ads
C03654,2025-02-25,Ahmedabad,Haryana,Meta Ads
C03655,2025-06-28,Gurgaon,Gujarat,Google Ads
C03656,2025-07-05,Hyderabad,Rajasthan,Email
C03657,2025-08-06,Pune,Gujarat,Meta Ads
C03658,2025-11-12,Jaipur,Karnataka,Meta Ads
C03659,2025-08-05,Pune,Delhi,Organic
C03660,2025-04-30,Chennai,Karnataka,Google Ads
C03661,2025-06-24,Ahmedabad,Delhi,Influencer
C03662,2025-01-23,Chennai,Rajasthan,Organic
C03663,2025-08-01,Ahmedabad,Karnataka,Meta Ads
C03664,2025-08-23,Hyderabad,Gujarat,Organic
C03665,2025-01-13,Jaipur,Tamil Nadu,Meta Ads
C03666,2025-04-11,Jaipur,Karnataka,Google Ads
C03667,2025-01-24,Hyderabad,Rajasthan,Organic
C03668,2025-12-30,Gurgaon,Gujarat,Google Ads
C03669,2025-01-11,Kolkata,Karnataka,Meta Ads
C03670,2025-09-30,Ahmedabad,West Bengal,Meta Ads
C03671,2025-10-08,Delhi,Haryana,Influencer
C03672,2025-04-04,Delhi,Maharashtra,Email
C03673,2025-07-20,Kolkata,Gujarat,Google Ads
C03674,2025-01-21,Chennai,Delhi,Meta Ads
C03675,2025-12-06,Ahmedabad,Telangana,Email
C03676,2025-07-30,Bangalore,Telangana,Organic
C03677,2025-05-20,Jaipur,Haryana,Google Ads
C03678,2025-10-20,Pune,Telangana,Influencer
C03679,2025-10-25,Bangalore,Delhi,Meta Ads
C03680,2025-04-11,Pune,West Bengal,Organic
C03681,2025-10-31,Jaipur,Maharashtra,Email
C03682,2025-12-25,Delhi,Karnataka,Meta Ads
C03683,2025-01-28,Hyderabad,Haryana,Organic
C03684,2025-02-10,Gurgaon,Gujarat,Organic
C03685,2025-12-21,Mumbai,Gujarat,Email
C03686,2025-10-30,Chennai,Maharashtra,Meta Ads
C03687,2025-05-26,Kolkata,Rajasthan,Influencer
C03688,2025-09-13,Delhi,Tamil Nadu,Google Ads
C03689,2025-08-15,Hyderabad,Rajasthan,Google Ads
C03690,2025-08-24,Hyderabad,Telangana,Meta Ads
C03691,2025-12-27,Pune,Karnataka,Influencer
C03692,2025-01-13,Hyderabad,Haryana,Meta Ads
C03693,2025-07-29,Ahmedabad,Haryana,Influencer
C03694,2025-08-17,Chennai,Telangana,Google Ads
C03695,2025-04-10,Mumbai,West Bengal,Influencer
C03696,2025-01-31,Delhi,Gujarat,Meta Ads
C03697,2025-01-16,Ahmedabad,Haryana,Meta Ads
C03698,2025-05-17,Delhi,Rajasthan,Organic
C03699,2025-11-25,Gurgaon,West Bengal,Google Ads
C03700,2025-06-15,Mumbai,West Bengal,Google Ads
C03701,2025-11-06,Hyderabad,Gujarat,Organic
C03702,2025-04-10,Gurgaon,Telangana,Meta Ads
C03703,2025-04-19,Pune,Tamil Nadu,Organic
C03704,2025-12-09,Gurgaon,Haryana,Meta Ads
C03705,2025-06-22,Bangalore,Delhi,Meta Ads
C03706,2025-08-25,Pune,Rajasthan,Email
C03707,2025-06-11,Mumbai,Maharashtra,Google Ads
C03708,2025-08-04,Chennai,Tamil Nadu,Influencer
C03709,2025-09-21,Bangalore,Gujarat,Meta Ads
C03710,2025-09-20,Delhi,Karnataka,Meta Ads
C03711,2025-10-19,Kolkata,Haryana,Google Ads
C03712,2025-10-01,Kolkata,West Bengal,Google Ads
C03713,2025-01-03,Bangalore,Telangana,Meta Ads
C03714,2025-01-28,Chennai,Haryana,Meta Ads
C03715,2025-11-22,Ahmedabad,Delhi,Meta Ads
C03716,2025-05-29,Kolkata,Telangana,Meta Ads
C03717,2025-01-28,Bangalore,West Bengal,Influencer
C03718,2025-11-06,Mumbai,West Bengal,Google Ads
C03719,2025-03-06,Jaipur,Telangana,Organic
C03720,2025-12-22,Chennai,Tamil Nadu,Meta Ads
C03721,2025-01-21,Chennai,Haryana,Influencer
C03722,2025-09-09,Ahmedabad,Delhi,Meta Ads
C03723,2025-08-23,Pune,Gujarat,Google Ads
C03724,2025-08-15,Hyderabad,West Bengal,Meta Ads
C03725,2025-01-13,Kolkata,Haryana,Google Ads
C03726,2025-11-09,Hyderabad,West Bengal,Influencer
C03727,2025-02-18,Hyderabad,Karnataka,Google Ads
C03728,2025-04-28,Mumbai,Gujarat,Email
C03729,2025-02-23,Delhi,Haryana,Influencer
C03730,2025-05-18,Hyderabad,Maharashtra,Meta Ads
C03731,2025-02-22,Chennai,Maharashtra,Google Ads
C03732,2025-02-13,Ahmedabad,Telangana,Email
C03733,2025-10-30,Ahmedabad,West Bengal,Meta Ads
C03734,2025-02-22,Jaipur,Telangana,Influencer
C03735,2025-03-15,Delhi,Rajasthan,Email
C03736,2025-02-15,Pune,Maharashtra,Influencer
C03737,2025-01-13,Chennai,Tamil Nadu,Influencer
C03738,2025-06-14,Chennai,Telangana,Influencer
C03739,2025-04-12,Jaipur,Tamil Nadu,Organic
C03740,2025-10-07,Gurgaon,Rajasthan,Google Ads
C03741,2025-09-15,Jaipur,Rajasthan,Meta Ads
C03742,2025-12-03,Hyderabad,Rajasthan,Influencer
C03743,2025-12-22,Bangalore,Rajasthan,Email
C03744,2025-05-18,Ahmedabad,Karnataka,Google Ads
C03745,2025-06-12,Jaipur,Rajasthan,Organic
C03746,2025-04-21,Hyderabad,Karnataka,Google Ads
C03747,2025-04-12,Kolkata,Karnataka,Influencer
C03748,2025-01-17,Delhi,Haryana,Meta Ads
C03749,2025-09-25,Chennai,Tamil Nadu,Organic
C03750,2025-07-01,Gurgaon,Rajasthan,Email
C03751,2025-01-24,Delhi,Delhi,Meta Ads
C03752,2025-01-29,Hyderabad,Gujarat,Email
C03753,2025-06-20,Pune,Telangana,Email
C03754,2025-08-16,Kolkata,West Bengal,Email
C03755,2025-07-07,Hyderabad,Tamil Nadu,Google Ads
C03756,2025-12-12,Bangalore,Tamil Nadu,Google Ads
C03757,2025-08-18,Mumbai,West Bengal,Organic
C03758,2025-11-17,Hyderabad,Telangana,Google Ads
C03759,2025-12-06,Jaipur,Tamil Nadu,Meta Ads
C03760,2025-04-29,Hyderabad,Karnataka,Email
C03761,2025-06-05,Jaipur,Haryana,Organic
C03762,2025-09-29,Pune,Maharashtra,Meta Ads
C03763,2025-06-24,Chennai,Karnataka,Meta Ads
C03764,2025-04-14,Ahmedabad,Rajasthan,Organic
C03765,2025-04-02,Mumbai,Tamil Nadu,Influencer
C03766,2025-07-05,Pune,Karnataka,Google Ads
C03767,2025-10-10,Jaipur,Maharashtra,Meta Ads
C03768,2025-06-30,Ahmedabad,Haryana,Organic
C03769,2025-06-19,Bangalore,Haryana,Meta Ads
C03770,2025-07-06,Delhi,Delhi,Meta Ads
C03771,2025-06-24,Mumbai,Karnataka,Google Ads
C03772,2025-08-10,Gurgaon,West Bengal,Google Ads
C03773,2025-08-21,Pune,Rajasthan,Google Ads
C03774,2025-06-11,Delhi,Haryana,Influencer
C03775,2025-05-14,Delhi,Telangana,Google Ads
C03776,2025-08-12,Hyderabad,Karnataka,Email
C03777,2025-06-02,Hyderabad,Rajasthan,Influencer
C03778,2025-02-02,Gurgaon,West Bengal,Organic
C03779,2025-02-24,Gurgaon,West Bengal,Meta Ads
C03780,2025-01-07,Jaipur,Gujarat,Influencer
C03781,2025-09-01,Gurgaon,Delhi,Email
C03782,2025-11-09,Delhi,Telangana,Google Ads
C03783,2025-05-06,Jaipur,Haryana,Organic
C03784,2025-01-12,Ahmedabad,Haryana,Meta Ads
C03785,2025-01-16,Chennai,Delhi,Meta Ads
C03786,2025-07-27,Chennai,Karnataka,Google Ads
C03787,2025-02-12,Chennai,Maharashtra,Meta Ads
C03788,2025-05-15,Mumbai,West Bengal,Meta Ads
C03789,2025-08-16,Mumbai,Haryana,Google Ads
C03790,2025-04-21,Gurgaon,Karnataka,Influencer
C03791,2025-11-03,Chennai,Gujarat,Influencer
C03792,2025-06-09,Bangalore,Delhi,Email
C03793,2025-11-27,Hyderabad,Delhi,Google Ads
C03794,2025-09-21,Bangalore,Tamil Nadu,Organic
C03795,2025-08-13,Chennai,Delhi,Influencer
C03796,2025-08-05,Chennai,Telangana,Organic
C03797,2025-02-14,Hyderabad,Tamil Nadu,Meta Ads
C03798,2025-08-02,Chennai,Delhi,Google Ads
C03799,2025-02-28,Pune,Rajasthan,Email
C03800,2025-05-12,Delhi,Telangana,Meta Ads
C03801,2025-04-14,Jaipur,Rajasthan,Meta Ads
C03802,2025-07-14,Hyderabad,Rajasthan,Google Ads
C03803,2025-06-06,Chennai,Tamil Nadu,Email
C03804,2025-04-08,Mumbai,West Bengal,Meta Ads
C03805,2025-08-14,Mumbai,Delhi,Organic
C03806,2025-07-24,Delhi,Haryana,Meta Ads
C03807,2025-03-20,Mumbai,Karnataka,Organic
C03808,2025-05-04,Jaipur,Tamil Nadu,Organic
C03809,2025-08-06,Kolkata,Telangana,Meta Ads
C03810,2025-01-04,Kolkata,Rajasthan,Email
C03811,2025-03-31,Kolkata,West Bengal,Influencer
C03812,2025-04-14,Delhi,Telangana,Google Ads
C03813,2025-04-29,Delhi,Tamil Nadu,Meta Ads
C03814,2025-05-13,Jaipur,Maharashtra,Google Ads
C03815,2025-11-08,Hyderabad,Karnataka,Email
C03816,2025-04-06,Gurgaon,West Bengal,Meta Ads
C03817,2025-11-27,Kolkata,Telangana,Google Ads
C03818,2025-05-23,Mumbai,West Bengal,Google Ads
C03819,2025-10-15,Bangalore,Rajasthan,Meta Ads
C03820,2025-01-28,Gurgaon,Haryana,Meta Ads
C03821,2025-10-05,Jaipur,Delhi,Organic
C03822,2025-08-21,Hyderabad,Haryana,Google Ads
C03823,2025-01-17,Mumbai,Tamil Nadu,Influencer
C03824,2025-02-28,Chennai,Maharashtra,Email
C03825,2025-03-31,Hyderabad,Gujarat,Google Ads
C03826,2025-07-18,Kolkata,Maharashtra,Organic
C03827,2025-12-28,Kolkata,Rajasthan,Organic
C03828,2025-01-26,Chennai,Maharashtra,Organic
C03829,2025-01-25,Jaipur,Karnataka,Meta Ads
C03830,2025-10-28,Ahmedabad,Gujarat,Meta Ads
C03831,2025-12-05,Hyderabad,Tamil Nadu,Influencer
C03832,2025-09-24,Chennai,Delhi,Meta Ads
C03833,2025-06-30,Jaipur,Telangana,Organic
C03834,2025-12-26,Jaipur,Haryana,Organic
C03835,2025-03-09,Delhi,Karnataka,Meta Ads
C03836,2025-12-17,Hyderabad,Delhi,Influencer
C03837,2025-11-17,Mumbai,Karnataka,Influencer
C03838,2025-02-18,Ahmedabad,Rajasthan,Meta Ads
C03839,2025-06-24,Pune,Maharashtra,Influencer
C03840,2025-02-21,Bangalore,Delhi,Meta Ads
C03841,2025-04-12,Hyderabad,West Bengal,Influencer
C03842,2025-08-04,Gurgaon,West Bengal,Organic
C03843,2025-07-07,Jaipur,Haryana,Organic
C03844,2025-02-26,Delhi,Maharashtra,Meta Ads
C03845,2025-02-16,Chennai,Delhi,Google Ads
C03846,2025-06-08,Kolkata,Haryana,Email
C03847,2025-06-23,Chennai,Telangana,Google Ads
C03848,2025-08-30,Chennai,Rajasthan,Organic
C03849,2025-10-09,Ahmedabad,Haryana,Email
C03850,2025-08-29,Hyderabad,Maharashtra,Google Ads
C03851,2025-01-05,Chennai,Telangana,Google Ads
C03852,2025-03-25,Ahmedabad,Rajasthan,Email
C03853,2025-11-04,Pune,Gujarat,Email
C03854,2025-12-27,Mumbai,Karnataka,Google Ads
C03855,2025-09-05,Pune,Gujarat,Organic
C03856,2025-02-23,Hyderabad,Maharashtra,Email
C03857,2025-06-10,Kolkata,Karnataka,Meta Ads
C03858,2025-08-14,Pune,Haryana,Meta Ads
C03859,2025-01-15,Ahmedabad,Gujarat,Google Ads
C03860,2025-08-12,Ahmedabad,Delhi,Meta Ads
C03861,2025-03-02,Bangalore,Telangana,Organic
C03862,2025-05-02,Jaipur,Delhi,Organic
C03863,2025-10-04,Gurgaon,Delhi,Meta Ads
C03864,2025-02-15,Gurgaon,Haryana,Email
C03865,2025-10-21,Hyderabad,Tamil Nadu,Meta Ads
C03866,2025-03-03,Jaipur,Delhi,Google Ads
C03867,2025-03-27,Bangalore,Tamil Nadu,Google Ads
C03868,2025-07-29,Delhi,Haryana,Influencer
C03869,2025-03-19,Chennai,Telangana,Meta Ads
C03870,2025-07-21,Pune,Haryana,Meta Ads
C03871,2025-10-29,Jaipur,Gujarat,Email
C03872,2025-08-11,Chennai,Rajasthan,Email
C03873,2025-08-10,Delhi,Maharashtra,Meta Ads
C03874,2025-01-03,Kolkata,Tamil Nadu,Meta Ads
C03875,2025-01-06,Bangalore,Karnataka,Organic
C03876,2025-04-03,Chennai,Maharashtra,Organic
C03877,2025-01-08,Bangalore,Delhi,Email
C03878,2025-08-23,Bangalore,Telangana,Meta Ads
C03879,2025-04-18,Jaipur,Gujarat,Meta Ads
C03880,2025-06-10,Ahmedabad,Karnataka,Organic
C03881,2025-07-28,Mumbai,Haryana,Organic
C03882,2025-08-28,Hyderabad,Haryana,Organic
C03883,2025-11-27,Gurgaon,Haryana,Email
C03884,2025-11-29,Bangalore,Rajasthan,Organic
C03885,2025-02-19,Jaipur,Gujarat,Meta Ads
C03886,2025-01-11,Jaipur,Gujarat,Organic
C03887,2025-12-17,Chennai,Delhi,Google Ads
C03888,2025-06-05,Chennai,Delhi,Google Ads
C03889,2025-03-11,Pune,Maharashtra,Email
C03890,2025-06-18,Bangalore,Gujarat,Organic
C03891,2025-09-29,Mumbai,Delhi,Meta Ads
C03892,2025-03-09,Hyderabad,Telangana,Google Ads
C03893,2025-12-21,Hyderabad,Rajasthan,Meta Ads
C03894,2025-09-09,Kolkata,Maharashtra,Meta Ads
C03895,2025-02-17,Kolkata,Karnataka,Organic
C03896,2025-07-03,Pune,Tamil Nadu,Organic
C03897,2025-11-16,Gurgaon,Karnataka,Google Ads
C03898,2025-07-06,Kolkata,Telangana,Google Ads
C03899,2025-03-31,Delhi,Rajasthan,Google Ads
C03900,2025-11-28,Pune,Rajasthan,Meta Ads
C03901,2025-05-19,Hyderabad,Haryana,Meta Ads
C03902,2025-12-23,Hyderabad,West Bengal,Influencer
C03903,2025-03-30,Mumbai,Rajasthan,Influencer
C03904,2025-10-01,Jaipur,Gujarat,Email
C03905,2025-01-19,Delhi,West Bengal,Organic
C03906,2025-11-07,Gurgaon,Gujarat,Organic
C03907,2025-12-24,Chennai,Haryana,Meta Ads
C03908,2025-06-03,Pune,Haryana,Meta Ads
C03909,2025-09-17,Kolkata,Haryana,Organic
C03910,2025-04-18,Ahmedabad,Delhi,Google Ads
C03911,2025-10-12,Mumbai,Tamil Nadu,Influencer
C03912,2025-02-28,Hyderabad,Haryana,Google Ads
C03913,2025-05-05,Ahmedabad,Gujarat,Email
C03914,2025-12-20,Pune,Gujarat,Google Ads
C03915,2025-09-30,Bangalore,Maharashtra,Google Ads
C03916,2025-04-17,Gurgaon,Tamil Nadu,Influencer
C03917,2025-10-26,Bangalore,Tamil Nadu,Google Ads
C03918,2025-09-02,Pune,Karnataka,Influencer
C03919,2025-12-02,Bangalore,Delhi,Meta Ads
C03920,2025-09-04,Gurgaon,West Bengal,Organic
C03921,2025-01-08,Jaipur,Haryana,Meta Ads
C03922,2025-05-21,Pune,Haryana,Meta Ads
C03923,2025-12-28,Ahmedabad,Gujarat,Organic
C03924,2025-01-08,Bangalore,Haryana,Meta Ads
C03925,2025-12-18,Gurgaon,Haryana,Meta Ads
C03926,2025-04-04,Kolkata,Delhi,Influencer
C03927,2025-11-17,Chennai,Maharashtra,Email
C03928,2025-02-08,Gurgaon,Haryana,Meta Ads
C03929,2025-03-22,Mumbai,West Bengal,Google Ads
C03930,2025-07-06,Chennai,Karnataka,Organic
C03931,2025-03-25,Kolkata,Delhi,Influencer
C03932,2025-03-29,Delhi,Maharashtra,Email
C03933,2025-08-30,Ahmedabad,Karnataka,Meta Ads
C03934,2025-12-08,Hyderabad,Rajasthan,Organic
C03935,2025-04-03,Kolkata,Gujarat,Meta Ads
C03936,2025-03-27,Jaipur,Telangana,Google Ads
C03937,2025-02-13,Chennai,Gujarat,Meta Ads
C03938,2025-05-17,Jaipur,Rajasthan,Meta Ads
C03939,2025-03-15,Chennai,Karnataka,Google Ads
C03940,2025-02-05,Mumbai,Tamil Nadu,Meta Ads
C03941,2025-04-11,Delhi,Gujarat,Email
C03942,2025-06-05,Hyderabad,West Bengal,Organic
C03943,2025-09-12,Mumbai,Rajasthan,Meta Ads
C03944,2025-06-20,Kolkata,West Bengal,Influencer
C03945,2025-08-04,Jaipur,Delhi,Email
C03946,2025-06-19,Chennai,Rajasthan,Google Ads
C03947,2025-09-09,Kolkata,Haryana,Google Ads
C03948,2025-12-26,Gurgaon,Tamil Nadu,Meta Ads
C03949,2025-11-18,Delhi,Maharashtra,Meta Ads
C03950,2025-02-24,Ahmedabad,Maharashtra,Google Ads
C03951,2025-04-01,Gurgaon,Telangana,Meta Ads
C03952,2025-10-05,Jaipur,Telangana,Google Ads
C03953,2025-04-11,Delhi,Haryana,Meta Ads
C03954,2025-06-04,Delhi,West Bengal,Google Ads
C03955,2025-12-15,Kolkata,Delhi,Google Ads
C03956,2025-12-30,Gurgaon,Telangana,Google Ads
C03957,2025-05-21,Kolkata,Rajasthan,Google Ads
C03958,2025-06-22,Kolkata,Gujarat,Google Ads
C03959,2025-01-10,Kolkata,Karnataka,Influencer
C03960,2025-08-16,Jaipur,Tamil Nadu,Organic
C03961,2025-09-22,Chennai,Rajasthan,Google Ads
C03962,2025-09-05,Chennai,Gujarat,Email
C03963,2025-09-04,Jaipur,West Bengal,Influencer
C03964,2025-06-04,Hyderabad,West Bengal,Meta Ads
C03965,2025-02-03,Ahmedabad,Delhi,Meta Ads
C03966,2025-05-09,Mumbai,Haryana,Meta Ads
C03967,2025-06-09,Ahmedabad,West Bengal,Google Ads
C03968,2025-03-30,Jaipur,Maharashtra,Google Ads
C03969,2025-04-03,Bangalore,Tamil Nadu,Google Ads
C03970,2025-11-23,Mumbai,Maharashtra,Influencer
C03971,2025-08-29,Hyderabad,Karnataka,Meta Ads
C03972,2025-11-19,Pune,Delhi,Google Ads
C03973,2025-04-27,Mumbai,Karnataka,Google Ads
C03974,2025-04-04,Delhi,West Bengal,Email
C03975,2025-06-12,Jaipur,Haryana,Meta Ads
C03976,2025-04-09,Pune,Telangana,Meta Ads
C03977,2025-04-23,Ahmedabad,Gujarat,Meta Ads
C03978,2025-12-25,Pune,Gujarat,Organic
C03979,2025-04-01,Jaipur,Delhi,Google Ads
C03980,2025-12-12,Ahmedabad,Rajasthan,Influencer
C03981,2025-07-25,Jaipur,Rajasthan,Google Ads
C03982,2025-01-17,Gurgaon,Maharashtra,Meta Ads
C03983,2025-10-01,Bangalore,Maharashtra,Google Ads
C03984,2025-06-22,Hyderabad,Gujarat,Email
C03985,2025-04-26,Hyderabad,Tamil Nadu,Google Ads
C03986,2025-12-15,Delhi,Karnataka,Influencer
C03987,2025-06-30,Bangalore,Maharashtra,Google Ads
C03988,2025-04-01,Bangalore,Haryana,Meta Ads
C03989,2025-03-23,Delhi,Gujarat,Influencer
C03990,2025-11-20,Ahmedabad,Tamil Nadu,Meta Ads
C03991,2025-04-24,Delhi,Karnataka,Meta Ads
C03992,2025-09-14,Ahmedabad,Rajasthan,Meta Ads
C03993,2025-02-27,Delhi,Gujarat,Meta Ads
C03994,2025-06-03,Mumbai,Tamil Nadu,Google Ads
C03995,2025-12-31,Mumbai,Delhi,Google Ads
C03996,2025-04-26,Gurgaon,Maharashtra,Google Ads
C03997,2025-12-09,Chennai,Telangana,Google Ads
C03998,2025-09-23,Delhi,Maharashtra,Organic
C03999,2025-11-11,Bangalore,Karnataka,Meta Ads
C04000,2025-07-22,Mumbai,Gujarat,Organic
C04001,2025-02-10,Kolkata,Rajasthan,Google Ads
C04002,2025-04-15,Ahmedabad,Tamil Nadu,Organic
C04003,2025-07-12,Mumbai,Telangana,Organic
C04004,2025-10-05,Mumbai,Maharashtra,Organic
C04005,2025-12-20,Jaipur,West Bengal,Organic
C04006,2025-08-25,Ahmedabad,West Bengal,Google Ads
C04007,2025-08-09,Hyderabad,Rajasthan,Google Ads
C04008,2025-03-09,Pune,Haryana,Organic
C04009,2025-07-16,Ahmedabad,Telangana,Google Ads
C04010,2025-09-13,Gurgaon,Tamil Nadu,Google Ads
C04011,2025-05-19,Jaipur,Maharashtra,Meta Ads
C04012,2025-11-08,Ahmedabad,Maharashtra,Meta Ads
C04013,2025-05-29,Ahmedabad,Rajasthan,Organic
C04014,2025-04-09,Chennai,West Bengal,Meta Ads
C04015,2025-03-17,Jaipur,West Bengal,Meta Ads
C04016,2025-10-09,Ahmedabad,Haryana,Email
C04017,2025-04-19,Pune,West Bengal,Meta Ads
C04018,2025-07-07,Pune,Rajasthan,Google Ads
C04019,2025-07-18,Kolkata,Haryana,Influencer
C04020,2025-10-30,Jaipur,Rajasthan,Meta Ads
C04021,2025-11-23,Hyderabad,Delhi,Email
C04022,2025-06-03,Ahmedabad,Karnataka,Meta Ads
C04023,2025-02-09,Chennai,West Bengal,Meta Ads
C04024,2025-05-13,Chennai,Telangana,Meta Ads
C04025,2025-05-12,Bangalore,Maharashtra,Google Ads
C04026,2025-10-06,Hyderabad,Karnataka,Email
C04027,2025-12-28,Chennai,West Bengal,Influencer
C04028,2025-03-25,Pune,Gujarat,Organic
C04029,2025-08-30,Bangalore,Rajasthan,Meta Ads
C04030,2025-04-26,Delhi,Tamil Nadu,Influencer
C04031,2025-04-19,Chennai,Rajasthan,Influencer
C04032,2025-08-09,Gurgaon,Telangana,Meta Ads
C04033,2025-02-10,Jaipur,Haryana,Influencer
C04034,2025-05-27,Chennai,Delhi,Influencer
C04035,2025-04-22,Mumbai,Rajasthan,Organic
C04036,2025-04-13,Hyderabad,Rajasthan,Meta Ads
C04037,2025-02-15,Mumbai,Rajasthan,Email
C04038,2025-11-20,Kolkata,Karnataka,Meta Ads
C04039,2025-09-28,Chennai,Gujarat,Organic
C04040,2025-07-14,Delhi,Karnataka,Meta Ads
C04041,2025-10-07,Mumbai,Tamil Nadu,Email
C04042,2025-10-10,Mumbai,Haryana,Google Ads
C04043,2025-02-09,Hyderabad,Gujarat,Google Ads
C04044,2025-07-08,Bangalore,Karnataka,Meta Ads
C04045,2025-06-13,Delhi,Delhi,Organic
C04046,2025-01-24,Mumbai,Rajasthan,Email
C04047,2025-01-24,Ahmedabad,Rajasthan,Email
C04048,2025-01-04,Delhi,Karnataka,Meta Ads
C04049,2025-11-19,Ahmedabad,Maharashtra,Google Ads
C04050,2025-10-17,Chennai,Telangana,Meta Ads
C04051,2025-06-30,Mumbai,Gujarat,Google Ads
C04052,2025-09-05,Mumbai,Tamil Nadu,Influencer
C04053,2025-04-26,Pune,Delhi,Organic
C04054,2025-10-06,Pune,Gujarat,Google Ads
C04055,2025-12-31,Hyderabad,Haryana,Google Ads
C04056,2025-03-10,Jaipur,Tamil Nadu,Organic
C04057,2025-12-17,Jaipur,Haryana,Meta Ads
C04058,2025-09-11,Bangalore,Haryana,Meta Ads
C04059,2025-06-30,Hyderabad,Karnataka,Meta Ads
C04060,2025-11-14,Jaipur,Telangana,Meta Ads
C04061,2025-06-18,Hyderabad,Haryana,Google Ads
C04062,2025-11-09,Mumbai,Maharashtra,Email
C04063,2025-09-06,Pune,Tamil Nadu,Meta Ads
C04064,2025-07-07,Pune,Maharashtra,Influencer
C04065,2025-02-23,Pune,Telangana,Organic
C04066,2025-11-22,Jaipur,Delhi,Organic
C04067,2025-12-23,Delhi,Telangana,Meta Ads
C04068,2025-11-09,Gurgaon,West Bengal,Meta Ads
C04069,2025-05-18,Mumbai,Gujarat,Meta Ads
C04070,2025-06-17,Chennai,Maharashtra,Organic
C04071,2025-04-13,Hyderabad,Karnataka,Influencer
C04072,2025-03-26,Pune,Delhi,Email
C04073,2025-11-13,Pune,West Bengal,Google Ads
C04074,2025-07-31,Pune,Telangana,Google Ads
C04075,2025-01-03,Mumbai,Gujarat,Google Ads
C04076,2025-06-28,Pune,Haryana,Meta Ads
C04077,2025-12-08,Bangalore,Rajasthan,Google Ads
C04078,2025-10-30,Hyderabad,Tamil Nadu,Influencer
C04079,2025-11-28,Mumbai,Maharashtra,Google Ads
C04080,2025-02-07,Hyderabad,Delhi,Influencer
C04081,2025-08-27,Ahmedabad,Delhi,Google Ads
C04082,2025-06-18,Kolkata,Rajasthan,Google Ads
C04083,2025-12-09,Bangalore,Delhi,Organic
C04084,2025-11-10,Delhi,Karnataka,Meta Ads
C04085,2025-11-02,Delhi,Maharashtra,Email
C04086,2025-01-30,Gurgaon,Telangana,Influencer
C04087,2025-07-09,Bangalore,Delhi,Organic
C04088,2025-12-23,Hyderabad,Delhi,Email
C04089,2025-01-25,Delhi,Telangana,Meta Ads
C04090,2025-04-22,Kolkata,Telangana,Google Ads
C04091,2025-07-25,Delhi,West Bengal,Influencer
C04092,2025-07-04,Pune,Gujarat,Google Ads
C04093,2025-02-16,Gurgaon,Gujarat,Meta Ads
C04094,2025-08-16,Mumbai,Gujarat,Meta Ads
C04095,2025-02-08,Chennai,Rajasthan,Google Ads
C04096,2025-01-16,Chennai,Delhi,Organic
C04097,2025-01-22,Delhi,Rajasthan,Meta Ads
C04098,2025-08-01,Hyderabad,Gujarat,Google Ads
C04099,2025-11-06,Hyderabad,Delhi,Meta Ads
C04100,2025-05-29,Pune,West Bengal,Google Ads
C04101,2025-08-29,Delhi,Rajasthan,Email
C04102,2025-09-29,Delhi,Telangana,Organic
C04103,2025-02-28,Chennai,Rajasthan,Google Ads
C04104,2025-10-14,Ahmedabad,Delhi,Meta Ads
C04105,2025-07-21,Delhi,Rajasthan,Meta Ads
C04106,2025-02-01,Mumbai,Tamil Nadu,Meta Ads
C04107,2025-06-11,Gurgaon,Telangana,Influencer
C04108,2025-09-12,Gurgaon,Haryana,Meta Ads
C04109,2025-09-11,Mumbai,West Bengal,Google Ads
C04110,2025-01-09,Ahmedabad,Telangana,Influencer
C04111,2025-05-19,Hyderabad,Gujarat,Organic
C04112,2025-01-10,Chennai,Karnataka,Organic
C04113,2025-08-02,Gurgaon,Maharashtra,Organic
C04114,2025-09-30,Bangalore,Delhi,Meta Ads
C04115,2025-11-20,Kolkata,Tamil Nadu,Meta Ads
C04116,2025-02-17,Chennai,Maharashtra,Organic
C04117,2025-04-21,Ahmedabad,Gujarat,Google Ads
C04118,2025-06-02,Bangalore,Telangana,Meta Ads
C04119,2025-05-03,Delhi,Rajasthan,Influencer
C04120,2025-12-23,Mumbai,Telangana,Organic
C04121,2025-04-12,Delhi,Telangana,Google Ads
C04122,2025-08-29,Pune,Gujarat,Meta Ads
C04123,2025-11-17,Jaipur,Gujarat,Organic
C04124,2025-07-10,Mumbai,Haryana,Google Ads
C04125,2025-08-05,Bangalore,Karnataka,Meta Ads
C04126,2025-02-20,Kolkata,Maharashtra,Organic
C04127,2025-10-19,Jaipur,Rajasthan,Google Ads
C04128,2025-03-22,Pune,Rajasthan,Meta Ads
C04129,2025-03-29,Hyderabad,Haryana,Google Ads
C04130,2025-07-13,Pune,Gujarat,Influencer
C04131,2025-04-14,Jaipur,West Bengal,Influencer
C04132,2025-09-28,Gurgaon,Karnataka,Influencer
C04133,2025-04-06,Chennai,Haryana,Google Ads
C04134,2025-07-17,Ahmedabad,Rajasthan,Influencer
C04135,2025-01-01,Delhi,Telangana,Influencer
C04136,2025-06-16,Hyderabad,Karnataka,Google Ads
C04137,2025-05-06,Ahmedabad,West Bengal,Google Ads
C04138,2025-11-09,Pune,Gujarat,Organic
C04139,2025-03-22,Kolkata,Haryana,Email
C04140,2025-09-08,Delhi,Gujarat,Email
C04141,2025-06-18,Hyderabad,Haryana,Meta Ads
C04142,2025-03-14,Ahmedabad,Rajasthan,Email
C04143,2025-05-21,Delhi,West Bengal,Google Ads
C04144,2025-03-11,Delhi,Haryana,Google Ads
C04145,2025-09-19,Hyderabad,Rajasthan,Email
C04146,2025-12-06,Bangalore,Haryana,Influencer
C04147,2025-11-04,Chennai,Gujarat,Organic
C04148,2025-09-02,Bangalore,Telangana,Email
C04149,2025-01-03,Delhi,Rajasthan,Organic
C04150,2025-12-03,Jaipur,Tamil Nadu,Google Ads
C04151,2025-03-04,Mumbai,Tamil Nadu,Email
C04152,2025-02-18,Jaipur,Karnataka,Email
C04153,2025-03-17,Hyderabad,Karnataka,Google Ads
C04154,2025-06-24,Delhi,Telangana,Google Ads
C04155,2025-04-19,Delhi,Delhi,Google Ads
C04156,2025-07-02,Kolkata,Tamil Nadu,Influencer
C04157,2025-07-11,Chennai,Delhi,Influencer
C04158,2025-03-06,Kolkata,Telangana,Email
C04159,2025-12-03,Hyderabad,West Bengal,Google Ads
C04160,2025-09-28,Gurgaon,Tamil Nadu,Organic
C04161,2025-04-10,Bangalore,Gujarat,Influencer
C04162,2025-02-01,Kolkata,Telangana,Meta Ads
C04163,2025-12-18,Hyderabad,Rajasthan,Organic
C04164,2025-05-08,Bangalore,Gujarat,Organic
C04165,2025-12-05,Hyderabad,Haryana,Influencer
C04166,2025-02-12,Gurgaon,Tamil Nadu,Organic
C04167,2025-03-19,Chennai,Haryana,Influencer
C04168,2025-11-10,Chennai,Tamil Nadu,Google Ads
C04169,2025-10-16,Hyderabad,Delhi,Meta Ads
C04170,2025-09-27,Kolkata,Telangana,Influencer
C04171,2025-06-11,Chennai,Rajasthan,Google Ads
C04172,2025-07-08,Mumbai,Telangana,Meta Ads
C04173,2025-09-04,Kolkata,Maharashtra,Google Ads
C04174,2025-08-04,Ahmedabad,Tamil Nadu,Meta Ads
C04175,2025-11-11,Pune,Maharashtra,Influencer
C04176,2025-12-05,Hyderabad,Karnataka,Organic
C04177,2025-06-17,Hyderabad,West Bengal,Organic
C04178,2025-12-05,Hyderabad,Telangana,Organic
C04179,2025-07-12,Gurgaon,Delhi,Google Ads
C04180,2025-10-10,Hyderabad,Rajasthan,Meta Ads
C04181,2025-12-02,Chennai,Tamil Nadu,Influencer
C04182,2025-01-13,Chennai,Rajasthan,Google Ads
C04183,2025-08-28,Pune,Karnataka,Meta Ads
C04184,2025-11-16,Pune,Haryana,Influencer
C04185,2025-05-27,Jaipur,Rajasthan,Google Ads
C04186,2025-07-23,Kolkata,Tamil Nadu,Meta Ads
C04187,2025-03-21,Chennai,Maharashtra,Meta Ads
C04188,2025-02-12,Chennai,Delhi,Email
C04189,2025-03-30,Gurgaon,Rajasthan,Google Ads
C04190,2025-05-28,Chennai,Delhi,Meta Ads
C04191,2025-04-05,Chennai,Haryana,Influencer
C04192,2025-05-31,Jaipur,Delhi,Email
C04193,2025-01-02,Mumbai,Haryana,Organic
C04194,2025-01-22,Jaipur,Haryana,Meta Ads
C04195,2025-11-09,Mumbai,West Bengal,Google Ads
C04196,2025-11-24,Jaipur,West Bengal,Meta Ads
C04197,2025-01-07,Chennai,Delhi,Organic
C04198,2025-07-25,Jaipur,Rajasthan,Google Ads
C04199,2025-04-24,Chennai,Delhi,Google Ads
C04200,2025-09-29,Chennai,Haryana,Organic
C04201,2025-03-24,Pune,West Bengal,Organic
C04202,2025-06-28,Delhi,Gujarat,Email
C04203,2025-07-29,Mumbai,Maharashtra,Organic
C04204,2025-11-24,Ahmedabad,Delhi,Google Ads
C04205,2025-05-04,Kolkata,Telangana,Influencer
C04206,2025-04-23,Kolkata,Telangana,Meta Ads
C04207,2025-01-12,Jaipur,Tamil Nadu,Meta Ads
C04208,2025-05-06,Delhi,Delhi,Influencer
C04209,2025-02-22,Gurgaon,Delhi,Google Ads
C04210,2025-11-27,Ahmedabad,Karnataka,Google Ads
C04211,2025-10-10,Kolkata,Haryana,Email
C04212,2025-05-20,Bangalore,Tamil Nadu,Organic
C04213,2025-04-07,Hyderabad,Haryana,Influencer
C04214,2025-01-05,Bangalore,Haryana,Influencer
C04215,2025-02-26,Gurgaon,Rajasthan,Meta Ads
C04216,2025-11-30,Ahmedabad,Maharashtra,Organic
C04217,2025-03-10,Kolkata,Delhi,Email
C04218,2025-04-28,Jaipur,Tamil Nadu,Google Ads
C04219,2025-02-28,Hyderabad,Rajasthan,Organic
C04220,2025-02-02,Mumbai,West Bengal,Organic
C04221,2025-11-14,Kolkata,Gujarat,Meta Ads
C04222,2025-02-19,Kolkata,Haryana,Meta Ads
C04223,2025-01-19,Gurgaon,Telangana,Google Ads
C04224,2025-08-02,Kolkata,Tamil Nadu,Google Ads
C04225,2025-07-16,Ahmedabad,Karnataka,Google Ads
C04226,2025-02-16,Delhi,Delhi,Email
C04227,2025-06-16,Ahmedabad,Telangana,Meta Ads
C04228,2025-10-16,Mumbai,Rajasthan,Google Ads
C04229,2025-05-21,Delhi,Telangana,Google Ads
C04230,2025-03-25,Kolkata,Delhi,Email
C04231,2025-07-01,Kolkata,Telangana,Google Ads
C04232,2025-03-20,Hyderabad,West Bengal,Influencer
C04233,2025-08-03,Kolkata,Karnataka,Influencer
C04234,2025-01-14,Chennai,Tamil Nadu,Organic
C04235,2025-08-03,Mumbai,Delhi,Meta Ads
C04236,2025-05-08,Pune,Telangana,Meta Ads
C04237,2025-11-06,Jaipur,Karnataka,Meta Ads
C04238,2025-09-05,Hyderabad,Delhi,Meta Ads
C04239,2025-01-29,Bangalore,Karnataka,Google Ads
C04240,2025-10-07,Delhi,Telangana,Organic
C04241,2025-12-04,Pune,Haryana,Meta Ads
C04242,2025-11-15,Jaipur,Tamil Nadu,Meta Ads
C04243,2025-07-21,Kolkata,Maharashtra,Organic
C04244,2025-12-27,Ahmedabad,Maharashtra,Meta Ads
C04245,2025-02-26,Chennai,Tamil Nadu,Meta Ads
C04246,2025-08-06,Delhi,Haryana,Email
C04247,2025-03-03,Delhi,Delhi,Meta Ads
C04248,2025-06-06,Delhi,Karnataka,Google Ads
C04249,2025-07-21,Mumbai,Haryana,Meta Ads
C04250,2025-01-17,Delhi,Maharashtra,Influencer
C04251,2025-11-18,Hyderabad,Delhi,Organic
C04252,2025-01-06,Jaipur,Rajasthan,Meta Ads
C04253,2025-02-27,Ahmedabad,Haryana,Organic
C04254,2025-11-21,Hyderabad,Maharashtra,Meta Ads
C04255,2025-11-14,Hyderabad,Telangana,Google Ads
C04256,2025-06-18,Chennai,Karnataka,Organic
C04257,2025-03-23,Ahmedabad,West Bengal,Meta Ads
C04258,2025-08-07,Chennai,Delhi,Google Ads
C04259,2025-06-26,Delhi,Telangana,Google Ads
C04260,2025-07-23,Delhi,West Bengal,Email
C04261,2025-03-12,Hyderabad,Haryana,Email
C04262,2025-09-23,Hyderabad,Telangana,Organic
C04263,2025-04-08,Delhi,Telangana,Influencer
C04264,2025-12-11,Gurgaon,Maharashtra,Organic
C04265,2025-10-18,Jaipur,Gujarat,Influencer
C04266,2025-07-27,Mumbai,Telangana,Google Ads
C04267,2025-01-02,Pune,Maharashtra,Organic
C04268,2025-05-04,Kolkata,Rajasthan,Influencer
C04269,2025-10-07,Bangalore,West Bengal,Email
C04270,2025-03-15,Ahmedabad,Karnataka,Meta Ads
C04271,2025-06-15,Chennai,West Bengal,Meta Ads
C04272,2025-01-22,Ahmedabad,Delhi,Email
C04273,2025-06-03,Delhi,Delhi,Organic
C04274,2025-10-22,Pune,Telangana,Email
C04275,2025-08-07,Bangalore,Telangana,Influencer
C04276,2025-06-06,Hyderabad,Telangana,Influencer
C04277,2025-08-18,Hyderabad,Rajasthan,Google Ads
C04278,2025-01-20,Chennai,Tamil Nadu,Meta Ads
C04279,2025-02-10,Jaipur,Karnataka,Organic
C04280,2025-05-28,Kolkata,Tamil Nadu,Influencer
C04281,2025-04-18,Jaipur,Maharashtra,Organic
C04282,2025-03-25,Pune,Maharashtra,Google Ads
C04283,2025-11-18,Jaipur,West Bengal,Influencer
C04284,2025-11-05,Chennai,Karnataka,Organic
C04285,2025-10-17,Bangalore,West Bengal,Email
C04286,2025-11-19,Bangalore,Karnataka,Meta Ads
C04287,2025-05-14,Bangalore,Maharashtra,Meta Ads
C04288,2025-07-26,Hyderabad,Telangana,Google Ads
C04289,2025-10-10,Gurgaon,Telangana,Google Ads
C04290,2025-09-23,Pune,Karnataka,Email
C04291,2025-03-14,Kolkata,Rajasthan,Meta Ads
C04292,2025-12-18,Pune,Tamil Nadu,Email
C04293,2025-02-17,Pune,Haryana,Email
C04294,2025-11-22,Jaipur,Tamil Nadu,Meta Ads
C04295,2025-08-21,Mumbai,Gujarat,Email
C04296,2025-04-10,Pune,Haryana,Google Ads
C04297,2025-02-28,Chennai,Telangana,Influencer
C04298,2025-09-15,Mumbai,West Bengal,Meta Ads
C04299,2025-03-06,Gurgaon,Haryana,Email
C04300,2025-03-24,Chennai,Telangana,Organic
C04301,2025-06-03,Pune,Haryana,Email
C04302,2025-09-23,Ahmedabad,Telangana,Organic
C04303,2025-11-05,Hyderabad,Gujarat,Organic
C04304,2025-03-20,Jaipur,Gujarat,Meta Ads
C04305,2025-11-11,Delhi,Delhi,Meta Ads
C04306,2025-05-30,Kolkata,Karnataka,Google Ads
C04307,2025-02-17,Kolkata,Telangana,Influencer
C04308,2025-09-05,Chennai,Maharashtra,Meta Ads
C04309,2025-10-05,Kolkata,Haryana,Email
C04310,2025-12-22,Mumbai,Gujarat,Influencer
C04311,2025-04-08,Bangalore,Maharashtra,Google Ads
C04312,2025-01-25,Ahmedabad,Rajasthan,Meta Ads
C04313,2025-10-11,Delhi,West Bengal,Email
C04314,2025-10-28,Kolkata,Tamil Nadu,Meta Ads
C04315,2025-03-09,Kolkata,Gujarat,Google Ads
C04316,2025-01-07,Chennai,Maharashtra,Meta Ads
C04317,2025-11-01,Pune,Haryana,Email
C04318,2025-05-17,Hyderabad,Telangana,Organic
C04319,2025-06-13,Jaipur,Gujarat,Google Ads
C04320,2025-03-24,Jaipur,Delhi,Meta Ads
C04321,2025-05-18,Jaipur,Karnataka,Google Ads
C04322,2025-03-14,Jaipur,Gujarat,Meta Ads
C04323,2025-08-25,Gurgaon,Haryana,Email
C04324,2025-02-15,Delhi,Telangana,Google Ads
C04325,2025-04-16,Pune,Tamil Nadu,Organic
C04326,2025-10-15,Hyderabad,Haryana,Meta Ads
C04327,2025-09-19,Hyderabad,Karnataka,Google Ads
C04328,2025-06-25,Chennai,Haryana,Meta Ads
C04329,2025-06-15,Ahmedabad,Telangana,Influencer
C04330,2025-05-25,Kolkata,Delhi,Influencer
C04331,2025-11-26,Kolkata,Delhi,Meta Ads
C04332,2025-10-10,Pune,West Bengal,Meta Ads
C04333,2025-02-23,Gurgaon,Telangana,Influencer
C04334,2025-06-27,Mumbai,Delhi,Meta Ads
C04335,2025-09-01,Bangalore,Tamil Nadu,Organic
C04336,2025-12-07,Pune,Delhi,Organic
C04337,2025-05-07,Mumbai,Gujarat,Meta Ads
C04338,2025-09-28,Bangalore,Rajasthan,Organic
C04339,2025-05-12,Hyderabad,Karnataka,Google Ads
C04340,2025-04-03,Gurgaon,West Bengal,Google Ads
C04341,2025-03-14,Pune,Haryana,Google Ads
C04342,2025-09-05,Jaipur,Karnataka,Influencer
C04343,2025-12-14,Hyderabad,Haryana,Meta Ads
C04344,2025-09-30,Mumbai,West Bengal,Google Ads
C04345,2025-02-12,Pune,West Bengal,Meta Ads
C04346,2025-02-10,Pune,Rajasthan,Influencer
C04347,2025-06-19,Chennai,Gujarat,Meta Ads
C04348,2025-07-31,Delhi,Telangana,Influencer
C04349,2025-06-17,Hyderabad,Haryana,Organic
C04350,2025-02-08,Pune,Haryana,Influencer
C04351,2025-09-02,Kolkata,Maharashtra,Organic
C04352,2025-05-31,Kolkata,West Bengal,Organic
C04353,2025-04-21,Delhi,West Bengal,Influencer
C04354,2025-02-16,Pune,Rajasthan,Organic
C04355,2025-03-04,Jaipur,Rajasthan,Influencer
C04356,2025-08-13,Delhi,Telangana,Meta Ads
C04357,2025-03-10,Delhi,Haryana,Google Ads
C04358,2025-10-26,Mumbai,West Bengal,Influencer
C04359,2025-10-17,Mumbai,West Bengal,Influencer
C04360,2025-10-23,Ahmedabad,Gujarat,Influencer
C04361,2025-07-22,Hyderabad,Gujarat,Organic
C04362,2025-03-02,Bangalore,Maharashtra,Email
C04363,2025-11-14,Delhi,Rajasthan,Meta Ads
C04364,2025-11-10,Mumbai,Telangana,Meta Ads
C04365,2025-06-10,Gurgaon,Delhi,Meta Ads
C04366,2025-11-27,Ahmedabad,Delhi,Email
C04367,2025-01-16,Pune,Haryana,Google Ads
C04368,2025-12-04,Hyderabad,West Bengal,Influencer
C04369,2025-04-04,Pune,Haryana,Meta Ads
C04370,2025-10-31,Ahmedabad,Karnataka,Meta Ads
C04371,2025-05-18,Chennai,West Bengal,Organic
C04372,2025-12-04,Kolkata,Delhi,Organic
C04373,2025-02-07,Hyderabad,Delhi,Meta Ads
C04374,2025-05-07,Kolkata,Maharashtra,Google Ads
C04375,2025-10-02,Gurgaon,Delhi,Meta Ads
C04376,2025-06-13,Pune,Rajasthan,Organic
C04377,2025-11-15,Chennai,Telangana,Meta Ads
C04378,2025-03-18,Gurgaon,West Bengal,Organic
C04379,2025-06-23,Bangalore,Haryana,Meta Ads
C04380,2025-12-24,Pune,West Bengal,Organic
C04381,2025-11-17,Ahmedabad,West Bengal,Meta Ads
C04382,2025-04-01,Chennai,Delhi,Google Ads
C04383,2025-08-26,Hyderabad,Delhi,Google Ads
C04384,2025-09-21,Chennai,Karnataka,Influencer
C04385,2025-06-28,Pune,Maharashtra,Organic
C04386,2025-07-28,Mumbai,West Bengal,Email
C04387,2025-03-14,Gurgaon,Karnataka,Email
C04388,2025-04-17,Chennai,West Bengal,Organic
C04389,2025-12-11,Kolkata,Rajasthan,Influencer
C04390,2025-10-22,Gurgaon,Delhi,Organic
C04391,2025-10-11,Kolkata,Karnataka,Organic
C04392,2025-12-19,Chennai,Tamil Nadu,Organic
C04393,2025-07-01,Mumbai,Rajasthan,Google Ads
C04394,2025-02-06,Gurgaon,Haryana,Google Ads
C04395,2025-05-17,Ahmedabad,Karnataka,Organic
C04396,2025-12-04,Gurgaon,Gujarat,Organic
C04397,2025-02-25,Hyderabad,Haryana,Google Ads
C04398,2025-07-06,Chennai,Tamil Nadu,Meta Ads
C04399,2025-12-07,Bangalore,Maharashtra,Google Ads
C04400,2025-09-15,Pune,Telangana,Email
C04401,2025-02-27,Delhi,Delhi,Meta Ads
C04402,2025-12-29,Jaipur,Telangana,Organic
C04403,2025-05-03,Bangalore,Delhi,Email
C04404,2025-07-07,Kolkata,Telangana,Google Ads
C04405,2025-08-18,Ahmedabad,Maharashtra,Email
C04406,2025-06-17,Ahmedabad,Tamil Nadu,Influencer
C04407,2025-04-24,Jaipur,Tamil Nadu,Google Ads
C04408,2025-09-09,Mumbai,Gujarat,Meta Ads
C04409,2025-04-17,Hyderabad,Rajasthan,Meta Ads
C04410,2025-02-06,Pune,Gujarat,Google Ads
C04411,2025-12-01,Bangalore,Delhi,Email
C04412,2025-04-02,Delhi,Karnataka,Meta Ads
C04413,2025-01-18,Gurgaon,Tamil Nadu,Email
C04414,2025-12-20,Jaipur,Delhi,Meta Ads
C04415,2025-03-04,Mumbai,Gujarat,Email
C04416,2025-05-30,Ahmedabad,Tamil Nadu,Meta Ads
C04417,2025-05-19,Delhi,Delhi,Organic
C04418,2025-07-05,Ahmedabad,Maharashtra,Meta Ads
C04419,2025-07-04,Chennai,Tamil Nadu,Meta Ads
C04420,2025-07-24,Jaipur,Gujarat,Meta Ads
C04421,2025-09-17,Mumbai,Haryana,Meta Ads
C04422,2025-08-02,Gurgaon,Delhi,Meta Ads
C04423,2025-09-13,Kolkata,Maharashtra,Organic
C04424,2025-05-15,Mumbai,Telangana,Google Ads
C04425,2025-03-02,Pune,Telangana,Organic
C04426,2025-12-29,Gurgaon,West Bengal,Organic
C04427,2025-11-06,Bangalore,Maharashtra,Influencer
C04428,2025-03-29,Mumbai,West Bengal,Influencer
C04429,2025-11-20,Gurgaon,West Bengal,Influencer
C04430,2025-07-26,Bangalore,West Bengal,Google Ads
C04431,2025-05-09,Mumbai,Karnataka,Google Ads
C04432,2025-11-07,Delhi,Tamil Nadu,Google Ads
C04433,2025-01-03,Kolkata,Tamil Nadu,Organic
C04434,2025-08-30,Delhi,Telangana,Google Ads
C04435,2025-05-01,Pune,Delhi,Organic
C04436,2025-04-12,Gurgaon,Rajasthan,Meta Ads
C04437,2025-02-07,Bangalore,Maharashtra,Meta Ads
C04438,2025-12-07,Chennai,Rajasthan,Influencer
C04439,2025-05-13,Mumbai,Gujarat,Meta Ads
C04440,2025-07-21,Chennai,Delhi,Meta Ads
C04441,2025-12-14,Mumbai,West Bengal,Meta Ads
C04442,2025-01-21,Pune,Karnataka,Google Ads
C04443,2025-08-30,Chennai,Rajasthan,Google Ads
C04444,2025-04-19,Bangalore,Haryana,Google Ads
C04445,2025-10-30,Hyderabad,Karnataka,Meta Ads
C04446,2025-03-25,Delhi,Gujarat,Meta Ads
C04447,2025-03-24,Bangalore,Karnataka,Meta Ads
C04448,2025-10-18,Ahmedabad,West Bengal,Google Ads
C04449,2025-03-10,Jaipur,West Bengal,Google Ads
C04450,2025-05-09,Pune,West Bengal,Influencer
C04451,2025-07-15,Kolkata,Delhi,Organic
C04452,2025-05-20,Mumbai,Haryana,Organic
C04453,2025-10-10,Bangalore,Delhi,Organic
C04454,2025-11-08,Chennai,West Bengal,Google Ads
C04455,2025-08-22,Jaipur,Gujarat,Email
C04456,2025-01-23,Hyderabad,West Bengal,Meta Ads
C04457,2025-06-02,Ahmedabad,Delhi,Meta Ads
C04458,2025-10-04,Chennai,Karnataka,Meta Ads
C04459,2025-03-02,Delhi,Karnataka,Email
C04460,2025-11-15,Hyderabad,West Bengal,Email
C04461,2025-02-21,Jaipur,Telangana,Influencer
C04462,2025-12-10,Gurgaon,Karnataka,Google Ads
C04463,2025-06-02,Gurgaon,Tamil Nadu,Email
C04464,2025-08-25,Jaipur,Tamil Nadu,Meta Ads
C04465,2025-11-07,Gurgaon,Haryana,Organic
C04466,2025-10-29,Pune,Tamil Nadu,Email
C04467,2025-02-01,Bangalore,Karnataka,Influencer
C04468,2025-02-24,Mumbai,Haryana,Meta Ads
C04469,2025-12-18,Bangalore,Rajasthan,Organic
C04470,2025-02-05,Ahmedabad,Telangana,Meta Ads
C04471,2025-04-20,Bangalore,Maharashtra,Meta Ads
C04472,2025-06-26,Bangalore,Haryana,Organic
C04473,2025-12-28,Delhi,Karnataka,Meta Ads
C04474,2025-11-10,Mumbai,Karnataka,Meta Ads
C04475,2025-10-22,Bangalore,Telangana,Organic
C04476,2025-12-02,Mumbai,Telangana,Organic
C04477,2025-04-07,Kolkata,Haryana,Meta Ads
C04478,2025-08-01,Gurgaon,West Bengal,Meta Ads
C04479,2025-11-13,Chennai,Telangana,Email
C04480,2025-05-17,Delhi,West Bengal,Meta Ads
C04481,2025-01-06,Gurgaon,Rajasthan,Organic
C04482,2025-04-19,Mumbai,Karnataka,Email
C04483,2025-02-04,Gurgaon,Haryana,Google Ads
C04484,2025-02-08,Bangalore,Telangana,Meta Ads
C04485,2025-05-30,Chennai,Rajasthan,Google Ads
C04486,2025-04-28,Bangalore,Haryana,Organic
C04487,2025-09-18,Ahmedabad,Maharashtra,Influencer
C04488,2025-03-28,Bangalore,Delhi,Organic
C04489,2025-03-17,Chennai,West Bengal,Meta Ads
C04490,2025-11-09,Hyderabad,Delhi,Meta Ads
C04491,2025-08-02,Kolkata,Gujarat,Google Ads
C04492,2025-10-12,Mumbai,Rajasthan,Organic
C04493,2025-08-27,Kolkata,West Bengal,Organic
C04494,2025-06-14,Ahmedabad,Rajasthan,Meta Ads
C04495,2025-03-28,Kolkata,Tamil Nadu,Influencer
C04496,2025-05-21,Gurgaon,West Bengal,Organic
C04497,2025-06-09,Jaipur,Karnataka,Email
C04498,2025-02-15,Delhi,Rajasthan,Google Ads
C04499,2025-04-22,Chennai,Karnataka,Google Ads
C04500,2025-02-14,Delhi,Tamil Nadu,Google Ads
C04501,2025-09-04,Chennai,Telangana,Organic
C04502,2025-04-14,Mumbai,Rajasthan,Influencer
C04503,2025-03-26,Kolkata,Delhi,Organic
C04504,2025-05-14,Mumbai,Rajasthan,Meta Ads
C04505,2025-04-18,Bangalore,Telangana,Organic
C04506,2025-01-18,Bangalore,Haryana,Google Ads
C04507,2025-04-04,Delhi,Delhi,Influencer
C04508,2025-05-30,Pune,Delhi,Meta Ads
C04509,2025-09-03,Pune,Tamil Nadu,Meta Ads
C04510,2025-10-16,Jaipur,Delhi,Meta Ads
C04511,2025-07-28,Pune,Maharashtra,Meta Ads
C04512,2025-05-06,Ahmedabad,Karnataka,Meta Ads
C04513,2025-08-23,Gurgaon,West Bengal,Meta Ads
C04514,2025-05-02,Gurgaon,Maharashtra,Google Ads
C04515,2025-05-18,Bangalore,Haryana,Meta Ads
C04516,2025-04-25,Pune,Rajasthan,Influencer
C04517,2025-06-11,Jaipur,Gujarat,Meta Ads
C04518,2025-07-20,Chennai,Gujarat,Email
C04519,2025-08-22,Bangalore,Maharashtra,Influencer
C04520,2025-01-28,Mumbai,Delhi,Meta Ads
C04521,2025-01-11,Pune,Rajasthan,Meta Ads
C04522,2025-07-25,Bangalore,Telangana,Meta Ads
C04523,2025-06-16,Pune,Rajasthan,Organic
C04524,2025-09-04,Ahmedabad,West Bengal,Organic
C04525,2025-02-16,Jaipur,Tamil Nadu,Google Ads
C04526,2025-09-03,Delhi,Rajasthan,Meta Ads
C04527,2025-05-07,Hyderabad,Telangana,Organic
C04528,2025-05-27,Jaipur,Delhi,Google Ads
C04529,2025-04-28,Pune,Haryana,Email
C04530,2025-06-01,Mumbai,Tamil Nadu,Google Ads
C04531,2025-03-13,Mumbai,Tamil Nadu,Meta Ads
C04532,2025-12-29,Delhi,Delhi,Meta Ads
C04533,2025-05-17,Kolkata,West Bengal,Organic
C04534,2025-06-24,Mumbai,Gujarat,Google Ads
C04535,2025-10-16,Bangalore,Haryana,Meta Ads
C04536,2025-01-19,Mumbai,Maharashtra,Meta Ads
C04537,2025-07-14,Hyderabad,Maharashtra,Google Ads
C04538,2025-11-26,Delhi,Haryana,Organic
C04539,2025-06-24,Bangalore,West Bengal,Meta Ads
C04540,2025-12-20,Pune,West Bengal,Organic
C04541,2025-05-21,Jaipur,Telangana,Google Ads
C04542,2025-09-03,Delhi,Karnataka,Google Ads
C04543,2025-04-03,Hyderabad,Rajasthan,Organic
C04544,2025-08-27,Gurgaon,West Bengal,Organic
C04545,2025-07-24,Hyderabad,Maharashtra,Organic
C04546,2025-02-17,Chennai,Delhi,Google Ads
C04547,2025-09-02,Chennai,Maharashtra,Email
C04548,2025-11-16,Gurgaon,Karnataka,Google Ads
C04549,2025-11-13,Ahmedabad,Haryana,Google Ads
C04550,2025-10-22,Mumbai,Karnataka,Meta Ads
C04551,2025-05-08,Jaipur,Rajasthan,Meta Ads
C04552,2025-12-10,Kolkata,Telangana,Organic
C04553,2025-10-09,Kolkata,West Bengal,Meta Ads
C04554,2025-01-17,Jaipur,Telangana,Email
C04555,2025-03-12,Hyderabad,Karnataka,Meta Ads
C04556,2025-09-26,Gurgaon,Delhi,Organic
C04557,2025-11-21,Gurgaon,Rajasthan,Organic
C04558,2025-10-09,Pune,Delhi,Influencer
C04559,2025-11-01,Delhi,Delhi,Meta Ads
C04560,2025-01-07,Bangalore,Delhi,Email
C04561,2025-11-10,Chennai,Haryana,Email
C04562,2025-11-01,Kolkata,West Bengal,Email
C04563,2025-04-13,Mumbai,West Bengal,Influencer
C04564,2025-11-05,Bangalore,Delhi,Influencer
C04565,2025-07-12,Hyderabad,Tamil Nadu,Organic
C04566,2025-08-29,Pune,Rajasthan,Influencer
C04567,2025-03-03,Bangalore,Tamil Nadu,Organic
C04568,2025-01-17,Pune,Telangana,Organic
C04569,2025-06-20,Kolkata,Rajasthan,Organic
C04570,2025-01-25,Kolkata,Karnataka,Email
C04571,2025-09-08,Mumbai,Telangana,Meta Ads
C04572,2025-09-10,Gurgaon,Telangana,Influencer
C04573,2025-07-26,Hyderabad,Telangana,Meta Ads
C04574,2025-01-29,Ahmedabad,Tamil Nadu,Google Ads
C04575,2025-04-27,Jaipur,West Bengal,Meta Ads
C04576,2025-10-09,Mumbai,Rajasthan,Google Ads
C04577,2025-05-24,Kolkata,Karnataka,Email
C04578,2025-01-25,Delhi,Gujarat,Google Ads
C04579,2025-11-06,Gurgaon,Gujarat,Organic
C04580,2025-06-05,Jaipur,Delhi,Meta Ads
C04581,2025-03-14,Delhi,Haryana,Email
C04582,2025-04-30,Mumbai,Haryana,Influencer
C04583,2025-11-08,Bangalore,Gujarat,Google Ads
C04584,2025-11-17,Ahmedabad,Gujarat,Google Ads
C04585,2025-04-03,Pune,Maharashtra,Google Ads
C04586,2025-03-27,Jaipur,Karnataka,Google Ads
C04587,2025-12-02,Jaipur,Maharashtra,Meta Ads
C04588,2025-12-30,Mumbai,Delhi,Email
C04589,2025-04-28,Jaipur,Maharashtra,Influencer
C04590,2025-08-21,Pune,Tamil Nadu,Meta Ads
C04591,2025-07-18,Pune,Delhi,Email
C04592,2025-07-25,Delhi,Tamil Nadu,Meta Ads
C04593,2025-12-05,Bangalore,Delhi,Google Ads
C04594,2025-05-27,Pune,Maharashtra,Organic
C04595,2025-09-28,Ahmedabad,Gujarat,Meta Ads
C04596,2025-05-19,Jaipur,Tamil Nadu,Meta Ads
C04597,2025-06-30,Delhi,Rajasthan,Meta Ads
C04598,2025-01-30,Kolkata,Delhi,Organic
C04599,2025-02-26,Delhi,Haryana,Email
C04600,2025-08-20,Ahmedabad,West Bengal,Organic
C04601,2025-05-26,Gurgaon,Rajasthan,Organic
C04602,2025-02-17,Delhi,Rajasthan,Organic
C04603,2025-07-13,Kolkata,Telangana,Google Ads
C04604,2025-08-12,Pune,Telangana,Influencer
C04605,2025-05-16,Chennai,Telangana,Organic
C04606,2025-01-22,Chennai,Karnataka,Meta Ads
C04607,2025-01-06,Chennai,Gujarat,Meta Ads
C04608,2025-07-23,Gurgaon,Haryana,Email
C04609,2025-08-27,Kolkata,West Bengal,Meta Ads
C04610,2025-07-04,Ahmedabad,Tamil Nadu,Email
C04611,2025-12-26,Mumbai,Rajasthan,Meta Ads
C04612,2025-10-19,Chennai,Karnataka,Organic
C04613,2025-12-01,Mumbai,Tamil Nadu,Google Ads
C04614,2025-08-08,Gurgaon,Karnataka,Influencer
C04615,2025-04-26,Mumbai,Maharashtra,Organic
C04616,2025-11-09,Jaipur,Karnataka,Meta Ads
C04617,2025-02-18,Gurgaon,Maharashtra,Meta Ads
C04618,2025-06-22,Mumbai,Maharashtra,Google Ads
C04619,2025-03-23,Delhi,West Bengal,Email
C04620,2025-11-18,Chennai,Karnataka,Influencer
C04621,2025-11-29,Bangalore,Gujarat,Influencer
C04622,2025-02-14,Hyderabad,Maharashtra,Meta Ads
C04623,2025-12-01,Gurgaon,West Bengal,Organic
C04624,2025-01-20,Pune,Karnataka,Email
C04625,2025-08-09,Hyderabad,Rajasthan,Influencer
C04626,2025-05-03,Ahmedabad,West Bengal,Meta Ads
C04627,2025-08-22,Gurgaon,Rajasthan,Organic
C04628,2025-08-09,Gurgaon,Maharashtra,Influencer
C04629,2025-11-19,Mumbai,Tamil Nadu,Google Ads
C04630,2025-12-05,Gurgaon,Haryana,Meta Ads
C04631,2025-01-03,Chennai,Maharashtra,Meta Ads
C04632,2025-07-01,Kolkata,Telangana,Email
C04633,2025-07-25,Kolkata,Telangana,Meta Ads
C04634,2025-11-16,Ahmedabad,Gujarat,Google Ads
C04635,2025-02-09,Jaipur,West Bengal,Influencer
C04636,2025-02-28,Bangalore,Haryana,Organic
C04637,2025-03-03,Jaipur,Rajasthan,Email
C04638,2025-05-12,Chennai,Delhi,Meta Ads
C04639,2025-03-01,Chennai,Telangana,Organic
C04640,2025-11-27,Delhi,Haryana,Meta Ads
C04641,2025-05-02,Kolkata,Gujarat,Meta Ads
C04642,2025-04-17,Hyderabad,Karnataka,Meta Ads
C04643,2025-04-06,Pune,Haryana,Organic
C04644,2025-12-13,Gurgaon,Karnataka,Organic
C04645,2025-08-23,Bangalore,West Bengal,Google Ads
C04646,2025-03-03,Pune,Karnataka,Meta Ads
C04647,2025-09-13,Jaipur,West Bengal,Organic
C04648,2025-02-18,Pune,Maharashtra,Meta Ads
C04649,2025-12-14,Delhi,West Bengal,Meta Ads
C04650,2025-06-08,Bangalore,Rajasthan,Google Ads
C04651,2025-05-04,Bangalore,Haryana,Google Ads
C04652,2025-11-13,Delhi,Tamil Nadu,Google Ads
C04653,2025-07-26,Chennai,Karnataka,Organic
C04654,2025-02-17,Delhi,Haryana,Meta Ads
C04655,2025-05-16,Chennai,Haryana,Email
C04656,2025-07-20,Hyderabad,Karnataka,Organic
C04657,2025-09-07,Ahmedabad,Gujarat,Meta Ads
C04658,2025-11-10,Chennai,Tamil Nadu,Organic
C04659,2025-12-23,Pune,Karnataka,Google Ads
C04660,2025-11-14,Chennai,Delhi,Organic
C04661,2025-10-22,Ahmedabad,Delhi,Influencer
C04662,2025-11-10,Jaipur,Maharashtra,Email
C04663,2025-07-28,Gurgaon,Haryana,Email
C04664,2025-12-21,Delhi,West Bengal,Organic
C04665,2025-07-30,Gurgaon,Delhi,Organic
C04666,2025-07-11,Delhi,Delhi,Meta Ads
C04667,2025-02-13,Hyderabad,Telangana,Influencer
C04668,2025-01-29,Kolkata,Tamil Nadu,Meta Ads
C04669,2025-02-28,Pune,Rajasthan,Organic
C04670,2025-03-12,Pune,Delhi,Meta Ads
C04671,2025-04-02,Jaipur,Haryana,Meta Ads
C04672,2025-09-22,Kolkata,Rajasthan,Meta Ads
C04673,2025-08-08,Kolkata,Gujarat,Meta Ads
C04674,2025-08-03,Delhi,West Bengal,Meta Ads
C04675,2025-10-04,Pune,Maharashtra,Google Ads
C04676,2025-03-05,Pune,Rajasthan,Google Ads
C04677,2025-12-12,Kolkata,Gujarat,Google Ads
C04678,2025-10-19,Delhi,Rajasthan,Google Ads
C04679,2025-09-02,Chennai,Rajasthan,Organic
C04680,2025-03-03,Chennai,Rajasthan,Influencer
C04681,2025-11-28,Ahmedabad,Karnataka,Organic
C04682,2025-06-19,Mumbai,West Bengal,Meta Ads
C04683,2025-09-26,Bangalore,Delhi,Meta Ads
C04684,2025-09-24,Hyderabad,Rajasthan,Google Ads
C04685,2025-02-23,Delhi,Rajasthan,Email
C04686,2025-01-16,Chennai,Karnataka,Meta Ads
C04687,2025-01-08,Jaipur,Haryana,Organic
C04688,2025-04-14,Bangalore,Gujarat,Meta Ads
C04689,2025-02-28,Bangalore,Tamil Nadu,Google Ads
C04690,2025-11-09,Bangalore,Rajasthan,Influencer
C04691,2025-02-09,Kolkata,Karnataka,Google Ads
C04692,2025-08-25,Ahmedabad,West Bengal,Google Ads
C04693,2025-04-04,Jaipur,Tamil Nadu,Email
C04694,2025-08-10,Mumbai,Haryana,Meta Ads
C04695,2025-07-23,Jaipur,Telangana,Organic
C04696,2025-05-18,Jaipur,Haryana,Google Ads
C04697,2025-10-27,Delhi,Telangana,Email
C04698,2025-07-26,Ahmedabad,Karnataka,Influencer
C04699,2025-12-02,Gurgaon,West Bengal,Meta Ads
C04700,2025-03-22,Ahmedabad,Tamil Nadu,Email
C04701,2025-08-06,Gurgaon,Telangana,Meta Ads
C04702,2025-01-02,Mumbai,Rajasthan,Meta Ads
C04703,2025-06-27,Delhi,Delhi,Organic
C04704,2025-12-12,Kolkata,Delhi,Organic
C04705,2025-10-06,Bangalore,Rajasthan,Organic
C04706,2025-05-26,Delhi,West Bengal,Organic
C04707,2025-11-14,Kolkata,Maharashtra,Google Ads
C04708,2025-08-12,Delhi,Haryana,Email
C04709,2025-03-03,Kolkata,Telangana,Influencer
C04710,2025-10-21,Delhi,Delhi,Organic
C04711,2025-08-27,Ahmedabad,Rajasthan,Meta Ads
C04712,2025-07-14,Ahmedabad,Tamil Nadu,Influencer
C04713,2025-06-15,Ahmedabad,Tamil Nadu,Influencer
C04714,2025-08-10,Bangalore,Telangana,Email
C04715,2025-03-02,Hyderabad,Maharashtra,Meta Ads
C04716,2025-05-09,Pune,Gujarat,Organic
C04717,2025-06-22,Gurgaon,Gujarat,Email
C04718,2025-06-05,Ahmedabad,Karnataka,Google Ads
C04719,2025-04-20,Hyderabad,West Bengal,Organic
C04720,2025-09-26,Gurgaon,West Bengal,Email
C04721,2025-12-22,Delhi,Haryana,Organic
C04722,2025-10-05,Mumbai,Haryana,Organic
C04723,2025-03-15,Kolkata,Gujarat,Meta Ads
C04724,2025-07-26,Hyderabad,Telangana,Google Ads
C04725,2025-10-06,Jaipur,Delhi,Meta Ads
C04726,2025-11-22,Chennai,Delhi,Meta Ads
C04727,2025-12-06,Hyderabad,Rajasthan,Organic
C04728,2025-12-23,Ahmedabad,Telangana,Meta Ads
C04729,2025-12-06,Ahmedabad,Delhi,Email
C04730,2025-07-23,Hyderabad,Maharashtra,Google Ads
C04731,2025-06-10,Kolkata,West Bengal,Organic
C04732,2025-01-28,Gurgaon,Maharashtra,Meta Ads
C04733,2025-09-14,Delhi,Delhi,Meta Ads
C04734,2025-06-14,Chennai,Rajasthan,Meta Ads
C04735,2025-03-04,Delhi,Haryana,Meta Ads
C04736,2025-01-22,Bangalore,Telangana,Influencer
C04737,2025-03-11,Kolkata,Telangana,Influencer
C04738,2025-04-06,Ahmedabad,Delhi,Influencer
C04739,2025-06-12,Bangalore,Karnataka,Organic
C04740,2025-03-20,Delhi,Delhi,Organic
C04741,2025-01-05,Delhi,Haryana,Organic
C04742,2025-11-12,Chennai,Haryana,Meta Ads
C04743,2025-04-30,Pune,Rajasthan,Organic
C04744,2025-10-29,Delhi,Gujarat,Meta Ads
C04745,2025-06-27,Gurgaon,Haryana,Google Ads
C04746,2025-06-25,Gurgaon,Haryana,Meta Ads
C04747,2025-08-05,Hyderabad,West Bengal,Google Ads
C04748,2025-02-25,Chennai,Maharashtra,Meta Ads
C04749,2025-07-06,Chennai,West Bengal,Meta Ads
C04750,2025-08-20,Ahmedabad,Delhi,Google Ads
C04751,2025-09-12,Delhi,Haryana,Meta Ads
C04752,2025-04-14,Pune,Tamil Nadu,Meta Ads
C04753,2025-03-18,Jaipur,Delhi,Google Ads
C04754,2025-08-18,Bangalore,Rajasthan,Google Ads
C04755,2025-09-15,Chennai,Rajasthan,Influencer
C04756,2025-09-21,Hyderabad,Delhi,Organic
C04757,2025-11-27,Hyderabad,Telangana,Influencer
C04758,2025-07-01,Delhi,Gujarat,Meta Ads
C04759,2025-09-13,Delhi,Maharashtra,Google Ads
C04760,2025-02-07,Jaipur,Gujarat,Organic
C04761,2025-06-25,Mumbai,Rajasthan,Meta Ads
C04762,2025-01-27,Mumbai,Rajasthan,Meta Ads
C04763,2025-10-03,Delhi,Delhi,Organic
C04764,2025-05-20,Kolkata,Rajasthan,Organic
C04765,2025-10-26,Gurgaon,Telangana,Meta Ads
C04766,2025-10-14,Gurgaon,Gujarat,Meta Ads
C04767,2025-04-01,Jaipur,Rajasthan,Influencer
C04768,2025-03-02,Jaipur,Karnataka,Meta Ads
C04769,2025-12-31,Ahmedabad,Tamil Nadu,Email
C04770,2025-12-13,Pune,Karnataka,Email
C04771,2025-06-12,Hyderabad,Delhi,Influencer
C04772,2025-12-17,Gurgaon,Tamil Nadu,Meta Ads
C04773,2025-05-23,Kolkata,Haryana,Meta Ads
C04774,2025-09-10,Delhi,Karnataka,Email
C04775,2025-09-26,Chennai,Telangana,Google Ads
C04776,2025-10-18,Kolkata,Maharashtra,Google Ads
C04777,2025-07-06,Ahmedabad,Telangana,Meta Ads
C04778,2025-10-31,Kolkata,Telangana,Meta Ads
C04779,2025-10-18,Chennai,Karnataka,Organic
C04780,2025-03-27,Bangalore,Tamil Nadu,Email
C04781,2025-06-15,Mumbai,Delhi,Influencer
C04782,2025-04-24,Bangalore,Rajasthan,Organic
C04783,2025-12-22,Hyderabad,Karnataka,Meta Ads
C04784,2025-07-02,Hyderabad,Karnataka,Organic
C04785,2025-07-26,Gurgaon,Karnataka,Meta Ads
C04786,2025-09-13,Chennai,West Bengal,Meta Ads
C04787,2025-08-23,Hyderabad,Gujarat,Meta Ads
C04788,2025-12-21,Jaipur,Maharashtra,Organic
C04789,2025-01-03,Gurgaon,Delhi,Meta Ads
C04790,2025-07-27,Ahmedabad,Haryana,Email
C04791,2025-07-16,Gurgaon,Gujarat,Email
C04792,2025-12-07,Bangalore,Karnataka,Meta Ads
C04793,2025-05-05,Delhi,Tamil Nadu,Google Ads
C04794,2025-05-18,Jaipur,Karnataka,Influencer
C04795,2025-12-05,Jaipur,Tamil Nadu,Email
C04796,2025-01-25,Pune,Telangana,Email
C04797,2025-03-09,Jaipur,West Bengal,Meta Ads
C04798,2025-03-02,Jaipur,Delhi,Meta Ads
C04799,2025-01-29,Bangalore,Delhi,Meta Ads
C04800,2025-01-19,Kolkata,Haryana,Google Ads
C04801,2025-06-20,Jaipur,Rajasthan,Google Ads
C04802,2025-03-15,Delhi,Haryana,Influencer
C04803,2025-03-02,Mumbai,Telangana,Meta Ads
C04804,2025-06-02,Bangalore,Gujarat,Influencer
C04805,2025-10-03,Bangalore,Haryana,Meta Ads
C04806,2025-02-17,Kolkata,Delhi,Google Ads
C04807,2025-07-30,Pune,West Bengal,Google Ads
C04808,2025-12-09,Kolkata,Telangana,Meta Ads
C04809,2025-05-19,Gurgaon,Haryana,Influencer
C04810,2025-04-20,Mumbai,Tamil Nadu,Google Ads
C04811,2025-07-02,Hyderabad,West Bengal,Email
C04812,2025-01-28,Ahmedabad,Maharashtra,Email
C04813,2025-07-16,Hyderabad,Delhi,Influencer
C04814,2025-07-10,Pune,Karnataka,Organic
C04815,2025-11-11,Pune,Delhi,Google Ads
C04816,2025-02-20,Jaipur,Telangana,Meta Ads
C04817,2025-05-29,Kolkata,Tamil Nadu,Organic
C04818,2025-09-25,Gurgaon,Haryana,Email
C04819,2025-02-19,Jaipur,Telangana,Meta Ads
C04820,2025-09-03,Chennai,West Bengal,Influencer
C04821,2025-04-23,Gurgaon,Tamil Nadu,Influencer
C04822,2025-06-19,Pune,Karnataka,Email
C04823,2025-06-15,Pune,Rajasthan,Google Ads
C04824,2025-01-14,Bangalore,Haryana,Google Ads
C04825,2025-07-22,Chennai,Delhi,Meta Ads
C04826,2025-10-15,Jaipur,Tamil Nadu,Influencer
C04827,2025-07-08,Pune,Haryana,Meta Ads
C04828,2025-06-04,Chennai,Gujarat,Meta Ads
C04829,2025-02-24,Mumbai,Telangana,Meta Ads
C04830,2025-07-01,Ahmedabad,Delhi,Google Ads
C04831,2025-07-29,Kolkata,Maharashtra,Google Ads
C04832,2025-03-16,Pune,Gujarat,Organic
C04833,2025-10-04,Mumbai,Gujarat,Email
C04834,2025-05-13,Gurgaon,Haryana,Meta Ads
C04835,2025-12-09,Kolkata,Tamil Nadu,Influencer
C04836,2025-02-28,Chennai,Maharashtra,Organic
C04837,2025-12-11,Kolkata,Rajasthan,Meta Ads
C04838,2025-07-01,Hyderabad,Tamil Nadu,Influencer
C04839,2025-12-05,Bangalore,Rajasthan,Meta Ads
C04840,2025-11-17,Chennai,Karnataka,Organic
C04841,2025-03-05,Mumbai,Tamil Nadu,Organic
C04842,2025-11-23,Pune,Haryana,Organic
C04843,2025-09-17,Chennai,Rajasthan,Meta Ads
C04844,2025-07-12,Delhi,Delhi,Organic
C04845,2025-05-23,Hyderabad,Rajasthan,Influencer
C04846,2025-04-14,Mumbai,Haryana,Organic
C04847,2025-08-02,Gurgaon,Delhi,Influencer
C04848,2025-08-30,Delhi,Gujarat,Organic
C04849,2025-07-28,Chennai,West Bengal,Meta Ads
C04850,2025-04-03,Bangalore,Tamil Nadu,Meta Ads
C04851,2025-05-22,Delhi,Maharashtra,Organic
C04852,2025-04-22,Kolkata,Haryana,Influencer
C04853,2025-02-28,Chennai,Karnataka,Meta Ads
C04854,2025-02-12,Mumbai,Maharashtra,Meta Ads
C04855,2025-07-26,Chennai,Delhi,Meta Ads
C04856,2025-09-25,Bangalore,Rajasthan,Organic
C04857,2025-10-23,Ahmedabad,Maharashtra,Organic
C04858,2025-04-28,Kolkata,Delhi,Google Ads
C04859,2025-01-20,Pune,West Bengal,Google Ads
C04860,2025-08-10,Chennai,Rajasthan,Google Ads
C04861,2025-06-15,Bangalore,Tamil Nadu,Influencer
C04862,2025-05-11,Delhi,Gujarat,Meta Ads
C04863,2025-06-05,Delhi,West Bengal,Meta Ads
C04864,2025-07-03,Mumbai,Rajasthan,Organic
C04865,2025-03-31,Kolkata,West Bengal,Influencer
C04866,2025-04-04,Delhi,Tamil Nadu,Google Ads
C04867,2025-01-13,Pune,Delhi,Email
C04868,2025-11-18,Ahmedabad,Rajasthan,Meta Ads
C04869,2025-10-20,Ahmedabad,Haryana,Meta Ads
C04870,2025-08-18,Mumbai,Maharashtra,Google Ads
C04871,2025-11-18,Chennai,Gujarat,Organic
C04872,2025-10-19,Delhi,Telangana,Google Ads
C04873,2025-01-26,Bangalore,Karnataka,Organic
C04874,2025-03-16,Gurgaon,Delhi,Meta Ads
C04875,2025-12-30,Ahmedabad,Haryana,Google Ads
C04876,2025-10-26,Jaipur,Karnataka,Meta Ads
C04877,2025-05-30,Mumbai,Telangana,Google Ads
C04878,2025-05-28,Chennai,Rajasthan,Organic
C04879,2025-01-08,Hyderabad,West Bengal,Influencer
C04880,2025-01-29,Mumbai,Haryana,Organic
C04881,2025-10-23,Bangalore,Gujarat,Organic
C04882,2025-07-28,Gurgaon,Tamil Nadu,Organic
C04883,2025-05-08,Jaipur,Maharashtra,Email
C04884,2025-12-06,Ahmedabad,West Bengal,Influencer
C04885,2025-04-26,Kolkata,Delhi,Influencer
C04886,2025-05-24,Jaipur,Karnataka,Organic
C04887,2025-11-14,Ahmedabad,Delhi,Organic
C04888,2025-08-23,Hyderabad,Delhi,Google Ads
C04889,2025-01-07,Hyderabad,Haryana,Influencer
C04890,2025-02-14,Ahmedabad,Tamil Nadu,Meta Ads
C04891,2025-08-27,Kolkata,Karnataka,Meta Ads
C04892,2025-06-04,Mumbai,Karnataka,Organic
C04893,2025-06-30,Kolkata,Karnataka,Meta Ads
C04894,2025-08-03,Delhi,Delhi,Email
C04895,2025-03-29,Ahmedabad,Haryana,Influencer
C04896,2025-09-13,Ahmedabad,Delhi,Organic
C04897,2025-03-14,Kolkata,Karnataka,Google Ads
C04898,2025-06-28,Pune,Tamil Nadu,Organic
C04899,2025-07-31,Pune,Tamil Nadu,Google Ads
C04900,2025-10-20,Bangalore,Karnataka,Meta Ads
C04901,2025-08-22,Pune,Rajasthan,Email
C04902,2025-08-27,Hyderabad,Gujarat,Meta Ads
C04903,2025-08-11,Delhi,Karnataka,Influencer
C04904,2025-04-29,Ahmedabad,Haryana,Influencer
C04905,2025-11-09,Jaipur,Haryana,Email
C04906,2025-09-21,Hyderabad,Haryana,Organic
C04907,2025-07-26,Bangalore,Karnataka,Organic
C04908,2025-04-05,Gurgaon,Haryana,Email
C04909,2025-08-10,Delhi,Haryana,Influencer
C04910,2025-10-03,Pune,Telangana,Influencer
C04911,2025-08-19,Chennai,Telangana,Influencer
C04912,2025-11-05,Mumbai,Maharashtra,Google Ads
C04913,2025-04-29,Jaipur,Rajasthan,Meta Ads
C04914,2025-09-25,Ahmedabad,West Bengal,Meta Ads
C04915,2025-09-30,Gurgaon,Delhi,Organic
C04916,2025-03-05,Mumbai,Haryana,Google Ads
C04917,2025-10-25,Kolkata,Maharashtra,Organic
C04918,2025-12-16,Kolkata,Tamil Nadu,Organic
C04919,2025-01-11,Delhi,West Bengal,Google Ads
C04920,2025-04-08,Delhi,Maharashtra,Meta Ads
C04921,2025-03-12,Delhi,Tamil Nadu,Organic
C04922,2025-12-30,Hyderabad,Karnataka,Email
C04923,2025-02-27,Hyderabad,Rajasthan,Influencer
C04924,2025-10-17,Kolkata,Telangana,Meta Ads
C04925,2025-09-08,Delhi,Karnataka,Organic
C04926,2025-10-03,Jaipur,Karnataka,Influencer
C04927,2025-02-19,Bangalore,Maharashtra,Organic
C04928,2025-12-24,Delhi,Rajasthan,Google Ads
C04929,2025-08-04,Ahmedabad,Gujarat,Meta Ads
C04930,2025-02-21,Jaipur,Haryana,Google Ads
C04931,2025-09-28,Ahmedabad,Rajasthan,Meta Ads
C04932,2025-03-25,Chennai,Maharashtra,Meta Ads
C04933,2025-10-20,Kolkata,Tamil Nadu,Organic
C04934,2025-05-06,Delhi,West Bengal,Google Ads
C04935,2025-10-23,Pune,Tamil Nadu,Organic
C04936,2025-03-13,Mumbai,Karnataka,Google Ads
C04937,2025-10-23,Delhi,Rajasthan,Google Ads
C04938,2025-08-24,Bangalore,Gujarat,Organic
C04939,2025-02-25,Chennai,Gujarat,Email
C04940,2025-12-26,Delhi,Gujarat,Google Ads
C04941,2025-04-20,Mumbai,Rajasthan,Meta Ads
C04942,2025-07-11,Mumbai,Delhi,Google Ads
C04943,2025-04-03,Hyderabad,Gujarat,Organic
C04944,2025-12-16,Bangalore,Maharashtra,Email
C04945,2025-02-25,Bangalore,Telangana,Organic
C04946,2025-03-01,Jaipur,Delhi,Influencer
C04947,2025-05-18,Pune,Tamil Nadu,Google Ads
C04948,2025-02-08,Bangalore,Delhi,Meta Ads
C04949,2025-01-28,Chennai,Haryana,Email
C04950,2025-02-18,Pune,Rajasthan,Meta Ads
C04951,2025-05-05,Hyderabad,Delhi,Meta Ads
C04952,2025-01-13,Bangalore,Rajasthan,Email
C04953,2025-02-05,Hyderabad,Telangana,Google Ads
C04954,2025-04-11,Mumbai,Karnataka,Meta Ads
C04955,2025-10-09,Delhi,Gujarat,Google Ads
C04956,2025-03-27,Bangalore,Tamil Nadu,Google Ads
C04957,2025-01-04,Mumbai,West Bengal,Meta Ads
C04958,2025-08-11,Delhi,Rajasthan,Google Ads
C04959,2025-12-04,Delhi,Haryana,Organic
C04960,2025-06-15,Mumbai,Maharashtra,Email
C04961,2025-12-10,Ahmedabad,Karnataka,Google Ads
C04962,2025-10-05,Pune,Karnataka,Organic
C04963,2025-05-10,Ahmedabad,Telangana,Organic
C04964,2025-01-31,Kolkata,West Bengal,Meta Ads
C04965,2025-01-11,Gurgaon,Tamil Nadu,Google Ads
C04966,2025-10-29,Delhi,Karnataka,Organic
C04967,2025-04-06,Jaipur,West Bengal,Organic
C04968,2025-07-09,Pune,Telangana,Google Ads
C04969,2025-07-11,Delhi,Gujarat,Meta Ads
C04970,2025-09-23,Chennai,West Bengal,Meta Ads
C04971,2025-05-08,Jaipur,West Bengal,Organic
C04972,2025-08-26,Kolkata,Rajasthan,Organic
C04973,2025-12-21,Kolkata,Gujarat,Organic
C04974,2025-04-22,Chennai,Delhi,Organic
C04975,2025-11-12,Mumbai,West Bengal,Email
C04976,2025-12-09,Pune,Karnataka,Email
C04977,2025-05-25,Hyderabad,Telangana,Organic
C04978,2025-03-06,Pune,Tamil Nadu,Google Ads
C04979,2025-09-04,Jaipur,Haryana,Meta Ads
C04980,2025-08-11,Ahmedabad,Gujarat,Google Ads
C04981,2025-11-09,Hyderabad,Maharashtra,Organic
C04982,2025-04-16,Kolkata,Haryana,Email
C04983,2025-06-30,Kolkata,Haryana,Meta Ads
C04984,2025-07-03,Mumbai,Karnataka,Influencer
C04985,2025-08-14,Gurgaon,Haryana,Email
C04986,2025-09-22,Pune,Telangana,Influencer
C04987,2025-10-05,Mumbai,Haryana,Influencer
C04988,2025-03-30,Jaipur,Rajasthan,Meta Ads
C04989,2025-06-25,Hyderabad,West Bengal,Meta Ads
C04990,2025-01-18,Chennai,Delhi,Meta Ads
C04991,2025-04-16,Delhi,Karnataka,Influencer
C04992,2025-09-28,Ahmedabad,Rajasthan,Meta Ads
C04993,2025-11-15,Jaipur,Telangana,Meta Ads
C04994,2025-06-16,Delhi,Telangana,Organic
C04995,2025-01-13,Pune,Tamil Nadu,Organic
C04996,2025-12-03,Chennai,Karnataka,Organic
C04997,2025-02-01,Kolkata,Karnataka,Email
C04998,2025-02-09,Mumbai,Rajasthan,Meta Ads
C04999,2025-05-28,Hyderabad,Haryana,Google Ads
C05000,2025-08-06,Mumbai,West Bengal,Google Ads
C05001,2025-08-07,Hyderabad,Haryana,Meta Ads
C05002,2025-03-23,Gurgaon,Tamil Nadu,Organic
C05003,2025-11-29,Gurgaon,Gujarat,Organic
C05004,2025-07-27,Mumbai,Gujarat,Organic
C05005,2025-07-20,Hyderabad,Maharashtra,Meta Ads
C05006,2025-11-28,Hyderabad,Rajasthan,Influencer
C05007,2025-02-07,Delhi,Tamil Nadu,Email
C05008,2025-07-30,Mumbai,West Bengal,Meta Ads
C05009,2025-11-23,Bangalore,Karnataka,Google Ads
C05010,2025-09-06,Pune,Telangana,Google Ads
C05011,2025-08-15,Kolkata,Tamil Nadu,Meta Ads
C05012,2025-02-17,Gurgaon,West Bengal,Google Ads
C05013,2025-01-18,Bangalore,Tamil Nadu,Meta Ads
C05014,2025-10-22,Gurgaon,Haryana,Email
C05015,2025-07-15,Chennai,Maharashtra,Google Ads
C05016,2025-07-06,Gurgaon,West Bengal,Email
C05017,2025-12-11,Jaipur,Haryana,Meta Ads
C05018,2025-08-12,Gurgaon,Rajasthan,Meta Ads
C05019,2025-11-14,Delhi,Telangana,Google Ads
C05020,2025-12-31,Bangalore,Maharashtra,Influencer
C05021,2025-12-03,Chennai,West Bengal,Organic
C05022,2025-08-17,Hyderabad,West Bengal,Organic
C05023,2025-03-18,Hyderabad,Delhi,Google Ads
C05024,2025-07-07,Chennai,Haryana,Meta Ads
C05025,2025-12-12,Ahmedabad,Karnataka,Organic
C05026,2025-09-27,Mumbai,Rajasthan,Organic
C05027,2025-04-05,Ahmedabad,Rajasthan,Meta Ads
C05028,2025-11-06,Bangalore,West Bengal,Meta Ads
C05029,2025-05-12,Gurgaon,Rajasthan,Google Ads
C05030,2025-02-08,Hyderabad,Maharashtra,Google Ads
C05031,2025-03-13,Delhi,Gujarat,Influencer
C05032,2025-10-08,Ahmedabad,Delhi,Google Ads
C05033,2025-11-29,Gurgaon,Karnataka,Organic
C05034,2025-06-09,Kolkata,Gujarat,Organic
C05035,2025-07-06,Mumbai,Gujarat,Organic
C05036,2025-07-10,Chennai,Gujarat,Organic
C05037,2025-04-30,Gurgaon,West Bengal,Influencer
C05038,2025-08-08,Mumbai,Maharashtra,Organic
C05039,2025-02-22,Mumbai,Karnataka,Influencer
C05040,2025-08-10,Hyderabad,Rajasthan,Organic
C05041,2025-05-11,Hyderabad,Maharashtra,Meta Ads
C05042,2025-08-25,Bangalore,West Bengal,Google Ads
C05043,2025-09-03,Kolkata,Delhi,Google Ads
C05044,2025-08-14,Chennai,Karnataka,Meta Ads
C05045,2025-07-27,Mumbai,Delhi,Organic
C05046,2025-04-06,Bangalore,Tamil Nadu,Organic
C05047,2025-07-19,Jaipur,Telangana,Organic
C05048,2025-09-04,Ahmedabad,Delhi,Google Ads
C05049,2025-03-13,Pune,Haryana,Organic
C05050,2025-11-14,Mumbai,Telangana,Meta Ads
C05051,2025-07-04,Bangalore,Maharashtra,Meta Ads
C05052,2025-01-06,Kolkata,West Bengal,Organic
C05053,2025-07-25,Hyderabad,Gujarat,Meta Ads
C05054,2025-02-01,Mumbai,Telangana,Meta Ads
C05055,2025-04-09,Mumbai,Rajasthan,Google Ads
C05056,2025-09-13,Gurgaon,Karnataka,Meta Ads
C05057,2025-07-06,Kolkata,Tamil Nadu,Meta Ads
C05058,2025-03-17,Chennai,West Bengal,Google Ads
C05059,2025-06-26,Hyderabad,West Bengal,Meta Ads
C05060,2025-11-11,Mumbai,Tamil Nadu,Meta Ads
C05061,2025-10-14,Ahmedabad,Rajasthan,Influencer
C05062,2025-12-15,Hyderabad,Delhi,Google Ads
C05063,2025-09-12,Ahmedabad,Rajasthan,Organic
C05064,2025-11-21,Pune,Rajasthan,Meta Ads
C05065,2025-07-09,Chennai,Telangana,Email
C05066,2025-11-04,Pune,Haryana,Organic
C05067,2025-12-11,Mumbai,Karnataka,Google Ads
C05068,2025-05-07,Gurgaon,West Bengal,Meta Ads
C05069,2025-10-14,Chennai,Maharashtra,Meta Ads
C05070,2025-09-11,Gurgaon,Gujarat,Influencer
C05071,2025-08-01,Bangalore,Rajasthan,Google Ads
C05072,2025-09-07,Jaipur,Tamil Nadu,Meta Ads
C05073,2025-03-25,Kolkata,Rajasthan,Email
C05074,2025-01-13,Bangalore,Tamil Nadu,Google Ads
C05075,2025-02-14,Pune,Karnataka,Organic
C05076,2025-05-07,Ahmedabad,Karnataka,Influencer
C05077,2025-04-24,Pune,Maharashtra,Influencer
C05078,2025-10-03,Chennai,Haryana,Organic
C05079,2025-07-24,Chennai,Telangana,Email
C05080,2025-12-03,Pune,Tamil Nadu,Email
C05081,2025-09-30,Mumbai,Haryana,Email
C05082,2025-02-27,Pune,Tamil Nadu,Google Ads
C05083,2025-11-24,Chennai,Telangana,Google Ads
C05084,2025-08-07,Chennai,Karnataka,Meta Ads
C05085,2025-04-19,Hyderabad,Delhi,Influencer
C05086,2025-10-06,Delhi,Haryana,Meta Ads
C05087,2025-06-23,Gurgaon,Tamil Nadu,Google Ads
C05088,2025-11-24,Bangalore,Haryana,Meta Ads
C05089,2025-09-21,Pune,Haryana,Organic
C05090,2025-11-11,Hyderabad,Tamil Nadu,Organic
C05091,2025-04-21,Mumbai,Telangana,Meta Ads
C05092,2025-07-06,Chennai,Telangana,Organic
C05093,2025-09-26,Pune,Gujarat,Google Ads
C05094,2025-08-17,Chennai,Gujarat,Google Ads
C05095,2025-06-05,Ahmedabad,Karnataka,Email
C05096,2025-07-08,Hyderabad,West Bengal,Organic
C05097,2025-09-29,Pune,Haryana,Meta Ads
C05098,2025-01-02,Ahmedabad,Haryana,Email
C05099,2025-09-03,Jaipur,Karnataka,Google Ads
C05100,2025-07-29,Hyderabad,Maharashtra,Organic
C05101,2025-10-13,Pune,Karnataka,Organic
C05102,2025-12-25,Pune,West Bengal,Google Ads
C05103,2025-01-13,Kolkata,Karnataka,Organic
C05104,2025-04-06,Hyderabad,Maharashtra,Meta Ads
C05105,2025-08-09,Hyderabad,Telangana,Google Ads
C05106,2025-08-26,Chennai,Haryana,Google Ads
C05107,2025-04-04,Pune,West Bengal,Organic
C05108,2025-12-04,Gurgaon,Delhi,Organic
C05109,2025-09-26,Gurgaon,Gujarat,Organic
C05110,2025-06-20,Gurgaon,Karnataka,Influencer
C05111,2025-04-04,Jaipur,Tamil Nadu,Meta Ads
C05112,2025-05-29,Pune,Telangana,Meta Ads
C05113,2025-04-22,Pune,Haryana,Meta Ads
C05114,2025-02-24,Ahmedabad,Tamil Nadu,Email
C05115,2025-12-03,Kolkata,Maharashtra,Influencer
C05116,2025-04-26,Hyderabad,Karnataka,Email
C05117,2025-05-23,Chennai,Gujarat,Meta Ads
C05118,2025-07-20,Kolkata,Gujarat,Organic
C05119,2025-06-29,Ahmedabad,Delhi,Organic
C05120,2025-07-21,Pune,Gujarat,Organic
C05121,2025-12-30,Bangalore,Maharashtra,Organic
C05122,2025-02-22,Hyderabad,Gujarat,Google Ads
C05123,2025-06-29,Jaipur,Haryana,Organic
C05124,2025-11-09,Gurgaon,Delhi,Influencer
C05125,2025-11-04,Jaipur,Gujarat,Meta Ads
C05126,2025-05-17,Pune,Haryana,Email
C05127,2025-07-01,Ahmedabad,Delhi,Google Ads
C05128,2025-01-01,Bangalore,Telangana,Organic
C05129,2025-02-13,Mumbai,Delhi,Organic
C05130,2025-08-15,Gurgaon,Rajasthan,Organic
C05131,2025-11-27,Chennai,Maharashtra,Google Ads
C05132,2025-04-08,Pune,Gujarat,Organic
C05133,2025-07-27,Delhi,Telangana,Meta Ads
C05134,2025-09-22,Bangalore,Rajasthan,Email
C05135,2025-10-15,Bangalore,Maharashtra,Meta Ads
C05136,2025-09-28,Hyderabad,Karnataka,Meta Ads
C05137,2025-05-20,Jaipur,Maharashtra,Email
C05138,2025-08-25,Gurgaon,Haryana,Meta Ads
C05139,2025-03-13,Pune,Delhi,Meta Ads
C05140,2025-06-04,Delhi,Karnataka,Influencer
C05141,2025-07-09,Gurgaon,Delhi,Meta Ads
C05142,2025-09-25,Ahmedabad,Gujarat,Meta Ads
C05143,2025-11-17,Delhi,Telangana,Meta Ads
C05144,2025-04-17,Kolkata,Karnataka,Email
C05145,2025-08-20,Kolkata,Gujarat,Meta Ads
C05146,2025-02-11,Bangalore,Rajasthan,Organic
C05147,2025-07-09,Ahmedabad,Gujarat,Google Ads
C05148,2025-05-19,Kolkata,Tamil Nadu,Meta Ads
C05149,2025-04-13,Bangalore,Karnataka,Meta Ads
C05150,2025-06-20,Jaipur,Gujarat,Email
C05151,2025-12-17,Pune,Haryana,Organic
C05152,2025-09-30,Bangalore,Haryana,Meta Ads
C05153,2025-08-09,Pune,Rajasthan,Meta Ads
C05154,2025-08-01,Ahmedabad,Delhi,Google Ads
C05155,2025-12-07,Hyderabad,West Bengal,Organic
C05156,2025-02-25,Gurgaon,Gujarat,Meta Ads
C05157,2025-12-08,Bangalore,Karnataka,Meta Ads
C05158,2025-04-12,Bangalore,Gujarat,Influencer
C05159,2025-07-11,Pune,Delhi,Google Ads
C05160,2025-11-06,Kolkata,Gujarat,Meta Ads
C05161,2025-07-19,Kolkata,West Bengal,Meta Ads
C05162,2025-08-21,Bangalore,Telangana,Google Ads
C05163,2025-08-15,Kolkata,West Bengal,Meta Ads
C05164,2025-05-19,Kolkata,West Bengal,Meta Ads
C05165,2025-12-10,Bangalore,Delhi,Organic
C05166,2025-11-01,Jaipur,Karnataka,Google Ads
C05167,2025-05-29,Jaipur,West Bengal,Google Ads
C05168,2025-04-25,Mumbai,Haryana,Organic
C05169,2025-03-04,Jaipur,Rajasthan,Influencer
C05170,2025-04-14,Mumbai,West Bengal,Meta Ads
C05171,2025-12-05,Ahmedabad,Karnataka,Meta Ads
C05172,2025-12-25,Chennai,Delhi,Meta Ads
C05173,2025-06-05,Gurgaon,Haryana,Email
C05174,2025-09-30,Chennai,Haryana,Organic
C05175,2025-01-06,Kolkata,West Bengal,Meta Ads
C05176,2025-05-27,Delhi,Delhi,Meta Ads
C05177,2025-07-03,Kolkata,Maharashtra,Organic
C05178,2025-01-28,Bangalore,Tamil Nadu,Meta Ads
C05179,2025-02-07,Bangalore,Gujarat,Organic
C05180,2025-04-29,Gurgaon,Telangana,Email
C05181,2025-10-20,Hyderabad,Karnataka,Meta Ads
C05182,2025-09-01,Hyderabad,Karnataka,Meta Ads
C05183,2025-03-09,Hyderabad,Karnataka,Meta Ads
C05184,2025-08-02,Jaipur,Maharashtra,Meta Ads
C05185,2025-08-06,Ahmedabad,Delhi,Organic
C05186,2025-06-26,Kolkata,Haryana,Meta Ads
C05187,2025-10-26,Bangalore,Haryana,Google Ads
C05188,2025-06-13,Delhi,Haryana,Google Ads
C05189,2025-02-27,Delhi,Telangana,Email
C05190,2025-09-26,Delhi,Karnataka,Google Ads
C05191,2025-11-04,Hyderabad,Karnataka,Meta Ads
C05192,2025-02-27,Gurgaon,Maharashtra,Meta Ads
C05193,2025-10-15,Hyderabad,Haryana,Organic
C05194,2025-04-15,Bangalore,Telangana,Meta Ads
C05195,2025-08-16,Kolkata,Tamil Nadu,Meta Ads
C05196,2025-09-04,Kolkata,Maharashtra,Email
C05197,2025-07-07,Gurgaon,Maharashtra,Meta Ads
C05198,2025-03-24,Ahmedabad,Gujarat,Meta Ads
C05199,2025-07-05,Jaipur,Tamil Nadu,Influencer
C05200,2025-09-09,Delhi,Karnataka,Meta Ads
C05201,2025-12-21,Kolkata,Haryana,Meta Ads
C05202,2025-08-26,Gurgaon,Karnataka,Meta Ads
C05203,2025-12-26,Delhi,Maharashtra,Organic
C05204,2025-07-03,Hyderabad,Karnataka,Email
C05205,2025-10-11,Pune,Delhi,Organic
C05206,2025-07-29,Chennai,West Bengal,Meta Ads
C05207,2025-10-31,Kolkata,Tamil Nadu,Meta Ads
C05208,2025-10-23,Ahmedabad,Haryana,Organic
C05209,2025-04-07,Gurgaon,Tamil Nadu,Organic
C05210,2025-07-27,Jaipur,Gujarat,Organic
C05211,2025-05-17,Ahmedabad,Karnataka,Organic
C05212,2025-07-03,Hyderabad,Karnataka,Email
C05213,2025-03-17,Kolkata,Haryana,Meta Ads
C05214,2025-10-14,Bangalore,Haryana,Meta Ads
C05215,2025-05-22,Hyderabad,Delhi,Influencer
C05216,2025-08-25,Jaipur,Telangana,Meta Ads
C05217,2025-01-25,Hyderabad,Rajasthan,Google Ads
C05218,2025-10-17,Gurgaon,Gujarat,Organic
C05219,2025-03-08,Ahmedabad,Karnataka,Google Ads
C05220,2025-09-07,Gurgaon,Haryana,Meta Ads
C05221,2025-04-28,Delhi,Haryana,Email
C05222,2025-03-14,Pune,West Bengal,Meta Ads
C05223,2025-10-09,Ahmedabad,Gujarat,Google Ads
C05224,2025-12-26,Pune,Rajasthan,Meta Ads
C05225,2025-01-10,Gurgaon,West Bengal,Influencer
C05226,2025-07-30,Bangalore,Maharashtra,Meta Ads
C05227,2025-11-19,Kolkata,Gujarat,Influencer
C05228,2025-06-01,Jaipur,Gujarat,Meta Ads
C05229,2025-01-05,Hyderabad,Maharashtra,Google Ads
C05230,2025-07-14,Hyderabad,Tamil Nadu,Organic
C05231,2025-10-10,Pune,Delhi,Meta Ads
C05232,2025-04-23,Jaipur,West Bengal,Google Ads
C05233,2025-09-28,Ahmedabad,Maharashtra,Organic
C05234,2025-06-12,Kolkata,Haryana,Meta Ads
C05235,2025-04-15,Chennai,West Bengal,Email
C05236,2025-06-30,Pune,Rajasthan,Meta Ads
C05237,2025-02-13,Ahmedabad,Delhi,Influencer
C05238,2025-10-09,Ahmedabad,Rajasthan,Influencer
C05239,2025-06-24,Jaipur,Haryana,Google Ads
C05240,2025-06-11,Jaipur,Tamil Nadu,Meta Ads
C05241,2025-12-17,Mumbai,Gujarat,Meta Ads
C05242,2025-12-06,Hyderabad,Maharashtra,Email
C05243,2025-05-20,Kolkata,West Bengal,Organic
C05244,2025-05-12,Delhi,Telangana,Google Ads
C05245,2025-03-28,Pune,Rajasthan,Meta Ads
C05246,2025-06-25,Kolkata,Tamil Nadu,Meta Ads
C05247,2025-07-02,Mumbai,West Bengal,Organic
C05248,2025-05-09,Mumbai,Tamil Nadu,Email
C05249,2025-09-03,Kolkata,Gujarat,Meta Ads
C05250,2025-03-30,Jaipur,Tamil Nadu,Influencer
C05251,2025-03-07,Ahmedabad,West Bengal,Meta Ads
C05252,2025-06-07,Chennai,Gujarat,Influencer
C05253,2025-05-29,Kolkata,Delhi,Google Ads
C05254,2025-12-06,Pune,Telangana,Organic
C05255,2025-04-26,Delhi,Tamil Nadu,Email
C05256,2025-08-02,Hyderabad,Delhi,Organic
C05257,2025-10-21,Mumbai,Telangana,Email
C05258,2025-09-10,Bangalore,Tamil Nadu,Meta Ads
C05259,2025-05-23,Bangalore,West Bengal,Email
C05260,2025-09-07,Ahmedabad,Tamil Nadu,Influencer
C05261,2025-10-29,Jaipur,Telangana,Meta Ads
C05262,2025-01-25,Hyderabad,West Bengal,Google Ads
C05263,2025-10-04,Mumbai,Maharashtra,Email
C05264,2025-03-11,Bangalore,Tamil Nadu,Meta Ads
C05265,2025-04-23,Bangalore,Haryana,Google Ads
C05266,2025-12-29,Chennai,Maharashtra,Organic
C05267,2025-04-22,Kolkata,Rajasthan,Meta Ads
C05268,2025-12-30,Gurgaon,West Bengal,Influencer
C05269,2025-10-30,Hyderabad,Karnataka,Google Ads
C05270,2025-04-01,Gurgaon,West Bengal,Meta Ads
C05271,2025-01-18,Delhi,Tamil Nadu,Organic
C05272,2025-05-29,Jaipur,West Bengal,Organic
C05273,2025-08-15,Kolkata,Telangana,Influencer
C05274,2025-08-02,Delhi,Gujarat,Organic
C05275,2025-12-26,Pune,Gujarat,Google Ads
C05276,2025-05-31,Mumbai,West Bengal,Organic
C05277,2025-07-11,Gurgaon,West Bengal,Influencer
C05278,2025-02-09,Ahmedabad,Gujarat,Email
C05279,2025-08-30,Pune,Delhi,Organic
C05280,2025-05-18,Hyderabad,Tamil Nadu,Organic
C05281,2025-12-11,Mumbai,Maharashtra,Google Ads
C05282,2025-06-29,Bangalore,Delhi,Email
C05283,2025-07-19,Gurgaon,West Bengal,Influencer
C05284,2025-07-22,Kolkata,Tamil Nadu,Meta Ads
C05285,2025-03-02,Kolkata,Haryana,Organic
C05286,2025-07-11,Pune,Haryana,Organic
C05287,2025-01-05,Pune,Rajasthan,Meta Ads
C05288,2025-08-25,Jaipur,Rajasthan,Organic
C05289,2025-06-30,Bangalore,Tamil Nadu,Meta Ads
C05290,2025-11-07,Chennai,Karnataka,Organic
C05291,2025-02-06,Gurgaon,West Bengal,Meta Ads
C05292,2025-02-25,Delhi,Telangana,Meta Ads
C05293,2025-08-25,Hyderabad,Haryana,Meta Ads
C05294,2025-12-24,Gurgaon,West Bengal,Google Ads
C05295,2025-12-15,Gurgaon,West Bengal,Meta Ads
C05296,2025-07-16,Bangalore,Gujarat,Influencer
C05297,2025-03-14,Gurgaon,Delhi,Meta Ads
C05298,2025-02-28,Jaipur,Haryana,Influencer
C05299,2025-08-28,Gurgaon,Rajasthan,Organic
C05300,2025-01-02,Ahmedabad,West Bengal,Email
C05301,2025-12-26,Ahmedabad,Maharashtra,Meta Ads
C05302,2025-07-07,Mumbai,Delhi,Meta Ads
C05303,2025-11-03,Hyderabad,Gujarat,Organic
C05304,2025-01-30,Ahmedabad,Rajasthan,Organic
C05305,2025-09-24,Hyderabad,Haryana,Google Ads
C05306,2025-04-18,Kolkata,Tamil Nadu,Meta Ads
C05307,2025-11-28,Jaipur,Maharashtra,Google Ads
C05308,2025-03-31,Bangalore,Haryana,Meta Ads
C05309,2025-07-24,Bangalore,Telangana,Google Ads
C05310,2025-08-08,Ahmedabad,Gujarat,Google Ads
C05311,2025-04-04,Jaipur,Gujarat,Organic
C05312,2025-04-13,Kolkata,Haryana,Email
C05313,2025-08-11,Delhi,Gujarat,Meta Ads
C05314,2025-07-05,Jaipur,Tamil Nadu,Organic
C05315,2025-07-03,Mumbai,Tamil Nadu,Meta Ads
C05316,2025-06-11,Bangalore,Telangana,Meta Ads
C05317,2025-09-04,Mumbai,Karnataka,Organic
C05318,2025-01-31,Bangalore,Rajasthan,Influencer
C05319,2025-02-21,Kolkata,Haryana,Email
C05320,2025-12-11,Gurgaon,Telangana,Influencer
C05321,2025-03-17,Chennai,Tamil Nadu,Meta Ads
C05322,2025-10-05,Jaipur,Telangana,Meta Ads
C05323,2025-02-09,Jaipur,Tamil Nadu,Influencer
C05324,2025-04-11,Gurgaon,Gujarat,Organic
C05325,2025-04-21,Delhi,Gujarat,Meta Ads
C05326,2025-11-17,Bangalore,Tamil Nadu,Google Ads
C05327,2025-09-06,Delhi,Delhi,Email
C05328,2025-07-10,Jaipur,Delhi,Influencer
C05329,2025-07-01,Ahmedabad,Karnataka,Google Ads
C05330,2025-12-01,Ahmedabad,Maharashtra,Email
C05331,2025-07-28,Pune,Delhi,Influencer
C05332,2025-01-22,Hyderabad,Delhi,Meta Ads
C05333,2025-06-15,Ahmedabad,Tamil Nadu,Meta Ads
C05334,2025-04-09,Ahmedabad,West Bengal,Organic
C05335,2025-07-27,Bangalore,Gujarat,Google Ads
C05336,2025-01-08,Pune,Karnataka,Influencer
C05337,2025-07-09,Bangalore,Delhi,Email
C05338,2025-06-24,Jaipur,Haryana,Meta Ads
C05339,2025-09-30,Mumbai,Gujarat,Influencer
C05340,2025-01-17,Delhi,Telangana,Organic
C05341,2025-03-31,Jaipur,Maharashtra,Google Ads
C05342,2025-05-21,Mumbai,Rajasthan,Influencer
C05343,2025-05-25,Kolkata,Rajasthan,Organic
C05344,2025-06-15,Kolkata,Karnataka,Organic
C05345,2025-12-03,Bangalore,West Bengal,Meta Ads
C05346,2025-03-19,Chennai,Delhi,Organic
C05347,2025-09-19,Chennai,Gujarat,Google Ads
C05348,2025-06-12,Mumbai,Gujarat,Google Ads
C05349,2025-01-14,Ahmedabad,Karnataka,Meta Ads
C05350,2025-08-27,Bangalore,Haryana,Organic
C05351,2025-03-13,Mumbai,Telangana,Meta Ads
C05352,2025-05-23,Bangalore,West Bengal,Meta Ads
C05353,2025-11-06,Mumbai,West Bengal,Meta Ads
C05354,2025-10-10,Kolkata,Gujarat,Influencer
C05355,2025-09-26,Pune,Haryana,Meta Ads
C05356,2025-08-29,Bangalore,Haryana,Organic
C05357,2025-09-02,Pune,Gujarat,Meta Ads
C05358,2025-06-12,Kolkata,Haryana,Organic
C05359,2025-03-01,Chennai,Delhi,Influencer
C05360,2025-01-06,Gurgaon,Karnataka,Meta Ads
C05361,2025-07-16,Delhi,Maharashtra,Meta Ads
C05362,2025-02-27,Jaipur,Haryana,Meta Ads
C05363,2025-11-01,Delhi,Gujarat,Organic
C05364,2025-08-05,Delhi,Rajasthan,Meta Ads
C05365,2025-01-26,Jaipur,Rajasthan,Google Ads
C05366,2025-10-30,Kolkata,Delhi,Meta Ads
C05367,2025-01-05,Kolkata,Delhi,Google Ads
C05368,2025-01-20,Chennai,Delhi,Organic
C05369,2025-07-17,Gurgaon,Delhi,Meta Ads
C05370,2025-02-28,Hyderabad,Rajasthan,Influencer
C05371,2025-08-30,Delhi,Delhi,Email
C05372,2025-05-26,Ahmedabad,West Bengal,Meta Ads
C05373,2025-09-30,Delhi,Tamil Nadu,Influencer
C05374,2025-09-06,Hyderabad,Rajasthan,Google Ads
C05375,2025-01-14,Bangalore,Rajasthan,Organic
C05376,2025-01-13,Chennai,Telangana,Google Ads
C05377,2025-02-13,Pune,Rajasthan,Influencer
C05378,2025-01-19,Pune,Tamil Nadu,Google Ads
C05379,2025-03-04,Hyderabad,Haryana,Influencer
C05380,2025-08-27,Delhi,Rajasthan,Influencer
C05381,2025-12-03,Pune,West Bengal,Meta Ads
C05382,2025-04-10,Hyderabad,Rajasthan,Meta Ads
C05383,2025-06-12,Jaipur,Haryana,Influencer
C05384,2025-05-02,Kolkata,Telangana,Google Ads
C05385,2025-02-13,Mumbai,Karnataka,Email
C05386,2025-12-26,Kolkata,Haryana,Email
C05387,2025-11-13,Delhi,Rajasthan,Organic
C05388,2025-05-25,Hyderabad,Karnataka,Google Ads
C05389,2025-11-23,Bangalore,Delhi,Meta Ads
C05390,2025-12-29,Pune,Maharashtra,Email
C05391,2025-02-19,Pune,Haryana,Meta Ads
C05392,2025-03-06,Pune,Karnataka,Google Ads
C05393,2025-12-21,Hyderabad,Tamil Nadu,Google Ads
C05394,2025-10-15,Kolkata,Gujarat,Email
C05395,2025-06-13,Bangalore,Tamil Nadu,Meta Ads
C05396,2025-05-21,Hyderabad,Rajasthan,Email
C05397,2025-11-10,Delhi,Tamil Nadu,Google Ads
C05398,2025-05-08,Chennai,Haryana,Meta Ads
C05399,2025-08-27,Delhi,Telangana,Organic
C05400,2025-11-20,Mumbai,Maharashtra,Meta Ads
C05401,2025-10-23,Chennai,Tamil Nadu,Meta Ads
C05402,2025-07-06,Delhi,Maharashtra,Influencer
C05403,2025-07-27,Bangalore,Haryana,Meta Ads
C05404,2025-08-08,Gurgaon,Delhi,Google Ads
C05405,2025-07-09,Gurgaon,Karnataka,Google Ads
C05406,2025-12-12,Gurgaon,Haryana,Organic
C05407,2025-10-11,Mumbai,West Bengal,Influencer
C05408,2025-12-18,Mumbai,Gujarat,Meta Ads
C05409,2025-08-25,Gurgaon,West Bengal,Meta Ads
C05410,2025-07-13,Jaipur,West Bengal,Meta Ads
C05411,2025-10-14,Pune,Maharashtra,Google Ads
C05412,2025-09-16,Chennai,Tamil Nadu,Organic
C05413,2025-09-03,Chennai,Haryana,Meta Ads
C05414,2025-05-16,Pune,Rajasthan,Influencer
C05415,2025-10-07,Kolkata,Telangana,Email
C05416,2025-09-28,Jaipur,West Bengal,Influencer
C05417,2025-06-20,Gurgaon,Gujarat,Meta Ads
C05418,2025-06-08,Pune,Tamil Nadu,Organic
C05419,2025-07-20,Hyderabad,Karnataka,Influencer
C05420,2025-02-14,Chennai,Haryana,Google Ads
C05421,2025-09-21,Hyderabad,Delhi,Email
C05422,2025-03-12,Pune,Gujarat,Email
C05423,2025-12-30,Pune,Maharashtra,Meta Ads
C05424,2025-04-13,Delhi,West Bengal,Google Ads
C05425,2025-05-05,Delhi,Rajasthan,Meta Ads
C05426,2025-11-09,Bangalore,Delhi,Meta Ads
C05427,2025-10-13,Bangalore,Telangana,Influencer
C05428,2025-08-18,Mumbai,West Bengal,Email
C05429,2025-05-26,Mumbai,Rajasthan,Email
C05430,2025-07-16,Gurgaon,Maharashtra,Meta Ads
C05431,2025-08-09,Delhi,Maharashtra,Email
C05432,2025-03-01,Gurgaon,Tamil Nadu,Influencer
C05433,2025-04-08,Pune,Karnataka,Influencer
C05434,2025-06-20,Gurgaon,Telangana,Email
C05435,2025-06-22,Pune,Karnataka,Google Ads
C05436,2025-05-31,Chennai,Delhi,Meta Ads
C05437,2025-12-16,Delhi,Tamil Nadu,Meta Ads
C05438,2025-05-02,Bangalore,Maharashtra,Meta Ads
C05439,2025-04-18,Gurgaon,Maharashtra,Organic
C05440,2025-01-04,Delhi,West Bengal,Google Ads
C05441,2025-04-03,Chennai,Haryana,Google Ads
C05442,2025-01-06,Hyderabad,Gujarat,Meta Ads
C05443,2025-10-15,Bangalore,Maharashtra,Email
C05444,2025-04-16,Jaipur,Gujarat,Meta Ads
C05445,2025-05-26,Ahmedabad,West Bengal,Google Ads
C05446,2025-09-28,Delhi,Gujarat,Google Ads
C05447,2025-04-06,Kolkata,Karnataka,Meta Ads
C05448,2025-08-17,Delhi,Gujarat,Organic
C05449,2025-07-21,Pune,Tamil Nadu,Organic
C05450,2025-07-31,Jaipur,Maharashtra,Google Ads
C05451,2025-01-06,Kolkata,Tamil Nadu,Influencer
C05452,2025-04-22,Gurgaon,Haryana,Meta Ads
C05453,2025-11-19,Chennai,Karnataka,Influencer
C05454,2025-04-16,Kolkata,Delhi,Influencer
C05455,2025-05-19,Gurgaon,West Bengal,Influencer
C05456,2025-10-26,Gurgaon,Maharashtra,Google Ads
C05457,2025-04-06,Gurgaon,Delhi,Meta Ads
C05458,2025-12-03,Pune,Delhi,Google Ads
C05459,2025-10-24,Kolkata,West Bengal,Meta Ads
C05460,2025-08-02,Mumbai,Delhi,Meta Ads
C05461,2025-10-18,Chennai,Rajasthan,Meta Ads
C05462,2025-01-22,Hyderabad,Tamil Nadu,Google Ads
C05463,2025-07-12,Delhi,Telangana,Meta Ads
C05464,2025-05-30,Pune,Telangana,Email
C05465,2025-09-04,Bangalore,Haryana,Organic
C05466,2025-09-24,Hyderabad,Maharashtra,Meta Ads
C05467,2025-09-08,Chennai,Haryana,Influencer
C05468,2025-01-03,Pune,Maharashtra,Email
C05469,2025-11-12,Hyderabad,Telangana,Meta Ads
C05470,2025-03-17,Delhi,Haryana,Meta Ads
C05471,2025-03-28,Gurgaon,Tamil Nadu,Google Ads
C05472,2025-09-27,Jaipur,Tamil Nadu,Influencer
C05473,2025-08-13,Gurgaon,Rajasthan,Meta Ads
C05474,2025-01-18,Chennai,Telangana,Influencer
C05475,2025-04-23,Delhi,Haryana,Organic
C05476,2025-09-08,Hyderabad,Tamil Nadu,Organic
C05477,2025-08-21,Ahmedabad,Telangana,Google Ads
C05478,2025-11-25,Jaipur,Tamil Nadu,Google Ads
C05479,2025-10-06,Gurgaon,Maharashtra,Meta Ads
C05480,2025-07-21,Mumbai,West Bengal,Google Ads
C05481,2025-03-24,Hyderabad,Karnataka,Organic
C05482,2025-05-05,Gurgaon,Telangana,Email
C05483,2025-06-24,Hyderabad,Rajasthan,Influencer
C05484,2025-03-10,Jaipur,Haryana,Meta Ads
C05485,2025-02-16,Chennai,Rajasthan,Meta Ads
C05486,2025-09-13,Bangalore,Tamil Nadu,Influencer
C05487,2025-08-03,Gurgaon,Gujarat,Email
C05488,2025-01-30,Hyderabad,Haryana,Meta Ads
C05489,2025-10-08,Bangalore,Haryana,Organic
C05490,2025-08-25,Bangalore,Karnataka,Google Ads
C05491,2025-09-05,Mumbai,West Bengal,Google Ads
C05492,2025-01-25,Bangalore,Maharashtra,Organic
C05493,2025-03-15,Jaipur,Karnataka,Influencer
C05494,2025-07-25,Delhi,Maharashtra,Meta Ads
C05495,2025-11-10,Bangalore,Gujarat,Organic
C05496,2025-04-04,Ahmedabad,Telangana,Organic
C05497,2025-05-07,Hyderabad,Gujarat,Google Ads
C05498,2025-01-25,Bangalore,Gujarat,Organic
C05499,2025-11-30,Kolkata,Gujarat,Meta Ads
C05500,2025-12-21,Delhi,Gujarat,Meta Ads
C05501,2025-04-26,Pune,Gujarat,Organic
C05502,2025-02-17,Delhi,Rajasthan,Organic
C05503,2025-08-14,Chennai,Maharashtra,Meta Ads
C05504,2025-09-23,Pune,Rajasthan,Google Ads
C05505,2025-04-09,Mumbai,Gujarat,Influencer
C05506,2025-01-11,Delhi,Delhi,Organic
C05507,2025-03-26,Chennai,Haryana,Google Ads
C05508,2025-08-02,Delhi,Maharashtra,Organic
C05509,2025-06-22,Bangalore,Haryana,Meta Ads
C05510,2025-07-28,Gurgaon,Gujarat,Google Ads
C05511,2025-03-05,Gurgaon,Rajasthan,Meta Ads
C05512,2025-09-15,Chennai,Rajasthan,Organic
C05513,2025-11-28,Delhi,Delhi,Organic
C05514,2025-05-01,Chennai,West Bengal,Meta Ads
C05515,2025-10-25,Mumbai,Gujarat,Meta Ads
C05516,2025-02-23,Gurgaon,Karnataka,Meta Ads
C05517,2025-11-27,Kolkata,Tamil Nadu,Organic
C05518,2025-09-29,Pune,Karnataka,Meta Ads
C05519,2025-08-29,Jaipur,Rajasthan,Meta Ads
C05520,2025-08-31,Bangalore,Karnataka,Organic
C05521,2025-01-18,Kolkata,Maharashtra,Meta Ads
C05522,2025-07-06,Kolkata,Rajasthan,Google Ads
C05523,2025-12-12,Hyderabad,Gujarat,Email
C05524,2025-05-24,Kolkata,Gujarat,Influencer
C05525,2025-09-19,Pune,Maharashtra,Meta Ads
C05526,2025-12-30,Pune,Tamil Nadu,Organic
C05527,2025-08-27,Bangalore,Haryana,Organic
C05528,2025-10-31,Chennai,Maharashtra,Email
C05529,2025-10-25,Ahmedabad,Haryana,Organic
C05530,2025-03-17,Ahmedabad,Telangana,Organic
C05531,2025-07-07,Delhi,Rajasthan,Email
C05532,2025-11-29,Delhi,Delhi,Meta Ads
C05533,2025-09-03,Jaipur,Tamil Nadu,Organic
C05534,2025-05-10,Pune,West Bengal,Google Ads
C05535,2025-11-11,Delhi,Tamil Nadu,Email
C05536,2025-10-10,Hyderabad,Haryana,Email
C05537,2025-03-20,Delhi,Telangana,Meta Ads
C05538,2025-03-13,Mumbai,Haryana,Meta Ads
C05539,2025-09-20,Mumbai,Rajasthan,Meta Ads
C05540,2025-07-10,Hyderabad,Haryana,Meta Ads
C05541,2025-03-04,Kolkata,Gujarat,Google Ads
C05542,2025-01-12,Mumbai,West Bengal,Google Ads
C05543,2025-05-21,Ahmedabad,Telangana,Organic
C05544,2025-09-11,Ahmedabad,Haryana,Organic
C05545,2025-02-12,Mumbai,West Bengal,Meta Ads
C05546,2025-01-17,Delhi,Tamil Nadu,Organic
C05547,2025-03-04,Jaipur,Karnataka,Email
C05548,2025-09-10,Jaipur,Karnataka,Google Ads
C05549,2025-10-19,Ahmedabad,Maharashtra,Meta Ads
C05550,2025-01-08,Mumbai,Karnataka,Meta Ads
C05551,2025-11-21,Kolkata,Delhi,Meta Ads
C05552,2025-03-31,Bangalore,Rajasthan,Influencer
C05553,2025-07-27,Delhi,Maharashtra,Meta Ads
C05554,2025-10-19,Delhi,Karnataka,Influencer
C05555,2025-10-11,Jaipur,Haryana,Influencer
C05556,2025-04-28,Mumbai,Telangana,Google Ads
C05557,2025-12-15,Chennai,Haryana,Google Ads
C05558,2025-06-24,Gurgaon,Tamil Nadu,Organic
C05559,2025-03-17,Mumbai,Haryana,Influencer
C05560,2025-04-11,Hyderabad,Delhi,Meta Ads
C05561,2025-05-31,Mumbai,Tamil Nadu,Email
C05562,2025-09-27,Delhi,Rajasthan,Organic
C05563,2025-03-12,Bangalore,Karnataka,Google Ads
C05564,2025-06-29,Hyderabad,Maharashtra,Google Ads
C05565,2025-05-04,Jaipur,Tamil Nadu,Google Ads
C05566,2025-10-20,Pune,Karnataka,Google Ads
C05567,2025-10-12,Pune,Telangana,Organic
C05568,2025-07-14,Chennai,Tamil Nadu,Meta Ads
C05569,2025-08-16,Jaipur,Tamil Nadu,Meta Ads
C05570,2025-10-02,Kolkata,Maharashtra,Meta Ads
C05571,2025-04-16,Ahmedabad,Karnataka,Google Ads
C05572,2025-01-21,Chennai,Rajasthan,Google Ads
C05573,2025-03-05,Pune,Maharashtra,Organic
C05574,2025-06-14,Ahmedabad,Karnataka,Meta Ads
C05575,2025-01-27,Kolkata,Rajasthan,Meta Ads
C05576,2025-11-07,Jaipur,Telangana,Meta Ads
C05577,2025-10-12,Ahmedabad,Delhi,Meta Ads
C05578,2025-05-28,Jaipur,Maharashtra,Meta Ads
C05579,2025-10-08,Kolkata,Karnataka,Influencer
C05580,2025-11-22,Gurgaon,Rajasthan,Organic
C05581,2025-11-15,Hyderabad,Rajasthan,Email
C05582,2025-06-13,Ahmedabad,Tamil Nadu,Meta Ads
C05583,2025-08-12,Ahmedabad,Tamil Nadu,Influencer
C05584,2025-09-29,Jaipur,Karnataka,Organic
C05585,2025-05-26,Jaipur,Haryana,Organic
C05586,2025-12-22,Ahmedabad,Telangana,Google Ads
C05587,2025-01-30,Jaipur,Rajasthan,Google Ads
C05588,2025-02-14,Bangalore,Rajasthan,Influencer
C05589,2025-10-02,Bangalore,Delhi,Organic
C05590,2025-02-03,Gurgaon,Gujarat,Organic
C05591,2025-05-21,Gurgaon,Rajasthan,Meta Ads
C05592,2025-11-14,Gurgaon,Haryana,Meta Ads
C05593,2025-08-09,Pune,Telangana,Email
C05594,2025-12-22,Pune,Telangana,Google Ads
C05595,2025-01-22,Mumbai,Maharashtra,Influencer
C05596,2025-06-29,Chennai,Rajasthan,Google Ads
C05597,2025-11-25,Hyderabad,Haryana,Influencer
C05598,2025-08-19,Bangalore,Karnataka,Meta Ads
C05599,2025-02-07,Kolkata,Tamil Nadu,Meta Ads
C05600,2025-03-11,Hyderabad,Rajasthan,Google Ads
C05601,2025-04-26,Hyderabad,Rajasthan,Organic
C05602,2025-08-27,Kolkata,Haryana,Google Ads
C05603,2025-12-01,Delhi,Gujarat,Organic
C05604,2025-05-28,Ahmedabad,Telangana,Google Ads
C05605,2025-01-09,Chennai,Haryana,Email
C05606,2025-10-15,Mumbai,West Bengal,Meta Ads
C05607,2025-02-19,Gurgaon,West Bengal,Meta Ads
C05608,2025-12-04,Kolkata,West Bengal,Email
C05609,2025-01-05,Pune,Gujarat,Organic
C05610,2025-12-09,Gurgaon,Haryana,Organic
C05611,2025-05-06,Jaipur,Delhi,Meta Ads
C05612,2025-03-16,Kolkata,Rajasthan,Email
C05613,2025-06-14,Gurgaon,Rajasthan,Influencer
C05614,2025-10-05,Ahmedabad,West Bengal,Influencer
C05615,2025-11-20,Ahmedabad,Tamil Nadu,Email
C05616,2025-10-27,Ahmedabad,Haryana,Organic
C05617,2025-10-17,Gurgaon,Haryana,Google Ads
C05618,2025-03-18,Ahmedabad,Karnataka,Google Ads
C05619,2025-10-25,Bangalore,Delhi,Influencer
C05620,2025-05-17,Pune,Tamil Nadu,Influencer
C05621,2025-04-16,Mumbai,Gujarat,Organic
C05622,2025-04-05,Kolkata,Maharashtra,Meta Ads
C05623,2025-05-15,Hyderabad,Gujarat,Influencer
C05624,2025-03-09,Gurgaon,Gujarat,Organic
C05625,2025-05-27,Gurgaon,Gujarat,Meta Ads
C05626,2025-06-08,Pune,Karnataka,Google Ads
C05627,2025-06-12,Delhi,Gujarat,Email
C05628,2025-12-07,Chennai,Telangana,Google Ads
C05629,2025-07-08,Jaipur,Karnataka,Meta Ads
C05630,2025-12-05,Kolkata,Rajasthan,Meta Ads
C05631,2025-04-05,Delhi,Gujarat,Meta Ads
C05632,2025-06-30,Jaipur,Maharashtra,Meta Ads
C05633,2025-10-15,Chennai,Gujarat,Influencer
C05634,2025-11-18,Hyderabad,Karnataka,Meta Ads
C05635,2025-07-06,Gurgaon,Tamil Nadu,Influencer
C05636,2025-05-18,Ahmedabad,Haryana,Meta Ads
C05637,2025-05-10,Pune,Gujarat,Email
C05638,2025-07-13,Kolkata,Rajasthan,Meta Ads
C05639,2025-11-12,Pune,West Bengal,Organic
C05640,2025-09-30,Mumbai,Tamil Nadu,Meta Ads
C05641,2025-12-18,Hyderabad,Tamil Nadu,Google Ads
C05642,2025-05-24,Mumbai,Delhi,Meta Ads
C05643,2025-01-16,Chennai,Haryana,Organic
C05644,2025-10-29,Chennai,Gujarat,Google Ads
C05645,2025-09-02,Bangalore,Tamil Nadu,Influencer
C05646,2025-04-17,Chennai,Delhi,Meta Ads
C05647,2025-03-29,Delhi,Haryana,Meta Ads
C05648,2025-05-09,Delhi,Haryana,Meta Ads
C05649,2025-12-07,Ahmedabad,Karnataka,Organic
C05650,2025-01-04,Gurgaon,Gujarat,Meta Ads
C05651,2025-11-23,Pune,Rajasthan,Meta Ads
C05652,2025-11-02,Gurgaon,Tamil Nadu,Organic
C05653,2025-04-05,Gurgaon,Tamil Nadu,Meta Ads
C05654,2025-07-28,Delhi,Maharashtra,Influencer
C05655,2025-08-13,Pune,Maharashtra,Meta Ads
C05656,2025-12-14,Ahmedabad,Tamil Nadu,Organic
C05657,2025-11-17,Hyderabad,Gujarat,Email
C05658,2025-02-16,Bangalore,Maharashtra,Meta Ads
C05659,2025-06-30,Delhi,Rajasthan,Meta Ads
C05660,2025-04-16,Mumbai,Rajasthan,Email
C05661,2025-07-18,Bangalore,Telangana,Organic
C05662,2025-04-16,Hyderabad,Telangana,Google Ads
C05663,2025-10-07,Chennai,Telangana,Organic
C05664,2025-09-17,Gurgaon,Haryana,Meta Ads
C05665,2025-04-18,Kolkata,Gujarat,Influencer
C05666,2025-01-19,Ahmedabad,Maharashtra,Influencer
C05667,2025-10-23,Gurgaon,Haryana,Organic
C05668,2025-11-02,Chennai,Maharashtra,Email
C05669,2025-06-20,Hyderabad,Gujarat,Organic
C05670,2025-11-27,Mumbai,Delhi,Google Ads
C05671,2025-07-14,Ahmedabad,West Bengal,Email
C05672,2025-01-12,Ahmedabad,Karnataka,Meta Ads
C05673,2025-07-14,Hyderabad,Telangana,Meta Ads
C05674,2025-10-10,Bangalore,Gujarat,Meta Ads
C05675,2025-07-01,Jaipur,Karnataka,Email
C05676,2025-11-01,Gurgaon,West Bengal,Organic
C05677,2025-05-24,Bangalore,Delhi,Google Ads
C05678,2025-11-12,Delhi,Rajasthan,Meta Ads
C05679,2025-07-01,Hyderabad,Tamil Nadu,Meta Ads
C05680,2025-01-30,Delhi,Karnataka,Meta Ads
C05681,2025-03-25,Mumbai,West Bengal,Email
C05682,2025-06-15,Bangalore,Haryana,Influencer
C05683,2025-10-11,Kolkata,Gujarat,Email
C05684,2025-10-08,Jaipur,Gujarat,Google Ads
C05685,2025-04-06,Hyderabad,Rajasthan,Organic
C05686,2025-09-23,Hyderabad,Tamil Nadu,Google Ads
C05687,2025-10-25,Jaipur,Telangana,Email
C05688,2025-10-23,Ahmedabad,Maharashtra,Email
C05689,2025-08-13,Chennai,Karnataka,Email
C05690,2025-11-29,Mumbai,Haryana,Organic
C05691,2025-12-27,Bangalore,Gujarat,Meta Ads
C05692,2025-02-11,Hyderabad,Maharashtra,Organic
C05693,2025-10-30,Hyderabad,Haryana,Meta Ads
C05694,2025-09-03,Jaipur,Rajasthan,Meta Ads
C05695,2025-07-27,Kolkata,Maharashtra,Meta Ads
C05696,2025-08-25,Jaipur,Gujarat,Google Ads
C05697,2025-01-22,Jaipur,Karnataka,Organic
C05698,2025-07-04,Gurgaon,Gujarat,Google Ads
C05699,2025-08-30,Bangalore,Telangana,Google Ads
C05700,2025-12-29,Ahmedabad,Telangana,Meta Ads
C05701,2025-10-10,Jaipur,West Bengal,Organic
C05702,2025-02-10,Kolkata,Haryana,Organic
C05703,2025-12-02,Ahmedabad,Telangana,Meta Ads
C05704,2025-06-11,Pune,West Bengal,Influencer
C05705,2025-06-09,Bangalore,Karnataka,Organic
C05706,2025-03-30,Hyderabad,Rajasthan,Google Ads
C05707,2025-11-18,Pune,Haryana,Organic
C05708,2025-01-12,Ahmedabad,Karnataka,Google Ads
C05709,2025-03-14,Ahmedabad,Maharashtra,Meta Ads
C05710,2025-03-17,Bangalore,West Bengal,Organic
C05711,2025-12-12,Chennai,West Bengal,Google Ads
C05712,2025-07-20,Gurgaon,Haryana,Meta Ads
C05713,2025-01-10,Hyderabad,Telangana,Organic
C05714,2025-12-18,Pune,Maharashtra,Organic
C05715,2025-08-14,Jaipur,Maharashtra,Meta Ads
C05716,2025-06-25,Mumbai,West Bengal,Influencer
C05717,2025-10-03,Chennai,West Bengal,Google Ads
C05718,2025-02-08,Hyderabad,Telangana,Meta Ads
C05719,2025-03-01,Mumbai,Telangana,Organic
C05720,2025-03-07,Gurgaon,Telangana,Organic
C05721,2025-11-17,Mumbai,Maharashtra,Meta Ads
C05722,2025-05-04,Jaipur,Rajasthan,Influencer
C05723,2025-06-13,Mumbai,Delhi,Influencer
C05724,2025-06-08,Chennai,Gujarat,Influencer
C05725,2025-02-26,Delhi,Tamil Nadu,Google Ads
C05726,2025-03-19,Chennai,West Bengal,Influencer
C05727,2025-07-13,Jaipur,Haryana,Influencer
C05728,2025-10-12,Pune,Tamil Nadu,Email
C05729,2025-01-15,Delhi,Tamil Nadu,Email
C05730,2025-01-12,Gurgaon,Rajasthan,Google Ads
C05731,2025-04-11,Chennai,Telangana,Meta Ads
C05732,2025-06-05,Delhi,Haryana,Meta Ads
C05733,2025-12-06,Ahmedabad,Telangana,Google Ads
C05734,2025-05-05,Chennai,Delhi,Influencer
C05735,2025-12-25,Delhi,Tamil Nadu,Organic
C05736,2025-10-07,Bangalore,Haryana,Influencer
C05737,2025-04-20,Pune,Telangana,Google Ads
C05738,2025-11-30,Hyderabad,Tamil Nadu,Meta Ads
C05739,2025-12-23,Mumbai,Haryana,Meta Ads
C05740,2025-05-26,Delhi,Karnataka,Organic
C05741,2025-08-04,Hyderabad,Maharashtra,Influencer
C05742,2025-06-11,Chennai,Tamil Nadu,Email
C05743,2025-05-08,Hyderabad,Telangana,Google Ads
C05744,2025-11-10,Ahmedabad,Karnataka,Email
C05745,2025-11-28,Kolkata,Gujarat,Meta Ads
C05746,2025-05-30,Kolkata,Rajasthan,Google Ads
C05747,2025-02-05,Pune,West Bengal,Meta Ads
C05748,2025-06-22,Delhi,Maharashtra,Meta Ads
C05749,2025-01-22,Ahmedabad,Gujarat,Email
C05750,2025-07-25,Mumbai,Haryana,Influencer
C05751,2025-05-07,Gurgaon,West Bengal,Meta Ads
C05752,2025-12-02,Jaipur,Haryana,Meta Ads
C05753,2025-12-22,Pune,Maharashtra,Meta Ads
C05754,2025-08-05,Jaipur,Telangana,Meta Ads
C05755,2025-04-06,Kolkata,Haryana,Organic
C05756,2025-06-13,Bangalore,Tamil Nadu,Organic
C05757,2025-05-28,Gurgaon,Haryana,Google Ads
C05758,2025-01-18,Gurgaon,Delhi,Meta Ads
C05759,2025-10-21,Jaipur,Delhi,Meta Ads
C05760,2025-07-14,Bangalore,Karnataka,Google Ads
C05761,2025-05-31,Chennai,Rajasthan,Influencer
C05762,2025-12-31,Hyderabad,Maharashtra,Email
C05763,2025-05-03,Pune,Haryana,Meta Ads
C05764,2025-07-06,Ahmedabad,Rajasthan,Google Ads
C05765,2025-05-29,Gurgaon,West Bengal,Meta Ads
C05766,2025-04-14,Jaipur,Gujarat,Meta Ads
C05767,2025-08-31,Hyderabad,Maharashtra,Meta Ads
C05768,2025-08-19,Kolkata,Haryana,Email
C05769,2025-07-25,Ahmedabad,Rajasthan,Influencer
C05770,2025-07-17,Jaipur,Delhi,Meta Ads
C05771,2025-12-03,Pune,Delhi,Google Ads
C05772,2025-03-28,Mumbai,Gujarat,Google Ads
C05773,2025-05-22,Gurgaon,Maharashtra,Meta Ads
C05774,2025-11-13,Kolkata,Rajasthan,Organic
C05775,2025-07-18,Pune,Rajasthan,Organic
C05776,2025-02-15,Delhi,Telangana,Google Ads
C05777,2025-10-15,Kolkata,Maharashtra,Influencer
C05778,2025-01-15,Ahmedabad,Karnataka,Organic
C05779,2025-02-13,Delhi,Delhi,Meta Ads
C05780,2025-06-18,Kolkata,Karnataka,Google Ads
C05781,2025-11-06,Jaipur,Haryana,Meta Ads
C05782,2025-02-13,Mumbai,Karnataka,Organic
C05783,2025-04-08,Hyderabad,Karnataka,Organic
C05784,2025-09-18,Mumbai,Tamil Nadu,Influencer
C05785,2025-04-19,Mumbai,Karnataka,Influencer
C05786,2025-10-10,Jaipur,Karnataka,Influencer
C05787,2025-12-09,Bangalore,Rajasthan,Organic
C05788,2025-04-14,Kolkata,Maharashtra,Organic
C05789,2025-09-13,Hyderabad,Delhi,Influencer
C05790,2025-07-25,Chennai,Gujarat,Meta Ads
C05791,2025-12-01,Jaipur,Karnataka,Google Ads
C05792,2025-02-12,Bangalore,West Bengal,Meta Ads
C05793,2025-12-19,Jaipur,Maharashtra,Google Ads
C05794,2025-09-02,Bangalore,Gujarat,Influencer
C05795,2025-10-14,Mumbai,Rajasthan,Meta Ads
C05796,2025-12-21,Gurgaon,Gujarat,Organic
C05797,2025-09-30,Gurgaon,Gujarat,Google Ads
C05798,2025-03-24,Delhi,Gujarat,Email
C05799,2025-04-20,Chennai,West Bengal,Organic
C05800,2025-07-09,Hyderabad,Maharashtra,Email
C05801,2025-10-15,Bangalore,Gujarat,Meta Ads
C05802,2025-09-08,Kolkata,Haryana,Email
C05803,2025-07-31,Mumbai,Tamil Nadu,Google Ads
C05804,2025-10-18,Ahmedabad,Telangana,Organic
C05805,2025-05-13,Kolkata,Delhi,Meta Ads
C05806,2025-07-20,Kolkata,Haryana,Influencer
C05807,2025-10-12,Bangalore,Karnataka,Email
C05808,2025-11-22,Hyderabad,Rajasthan,Influencer
C05809,2025-04-05,Mumbai,Telangana,Organic
C05810,2025-10-05,Mumbai,Maharashtra,Google Ads
C05811,2025-11-21,Hyderabad,Telangana,Google Ads
C05812,2025-08-07,Gurgaon,Karnataka,Google Ads
C05813,2025-03-30,Pune,Karnataka,Google Ads
C05814,2025-03-13,Delhi,Haryana,Influencer
C05815,2025-09-04,Jaipur,Delhi,Email
C05816,2025-05-09,Delhi,Haryana,Email
C05817,2025-07-31,Gurgaon,Gujarat,Google Ads
C05818,2025-12-09,Bangalore,Rajasthan,Organic
C05819,2025-04-06,Bangalore,Delhi,Organic
C05820,2025-03-16,Chennai,Maharashtra,Organic
C05821,2025-02-23,Delhi,Maharashtra,Meta Ads
C05822,2025-12-10,Delhi,Tamil Nadu,Influencer
C05823,2025-02-23,Jaipur,Delhi,Meta Ads
C05824,2025-08-06,Bangalore,Delhi,Google Ads
C05825,2025-01-16,Kolkata,Maharashtra,Influencer
C05826,2025-04-09,Delhi,Telangana,Email
C05827,2025-01-20,Jaipur,Maharashtra,Influencer
C05828,2025-02-15,Hyderabad,Telangana,Meta Ads
C05829,2025-07-12,Ahmedabad,Karnataka,Google Ads
C05830,2025-02-27,Hyderabad,Karnataka,Meta Ads
C05831,2025-04-21,Jaipur,Rajasthan,Email
C05832,2025-05-09,Kolkata,Gujarat,Meta Ads
C05833,2025-12-03,Chennai,Rajasthan,Email
C05834,2025-07-13,Bangalore,Delhi,Email
C05835,2025-12-06,Chennai,Haryana,Influencer
C05836,2025-11-22,Chennai,Telangana,Meta Ads
C05837,2025-01-08,Jaipur,Rajasthan,Meta Ads
C05838,2025-01-29,Bangalore,Karnataka,Influencer
C05839,2025-04-22,Mumbai,Haryana,Influencer
C05840,2025-06-10,Ahmedabad,Gujarat,Email
C05841,2025-05-11,Delhi,Haryana,Meta Ads
C05842,2025-07-07,Chennai,Rajasthan,Organic
C05843,2025-06-12,Hyderabad,Maharashtra,Google Ads
C05844,2025-07-16,Mumbai,Tamil Nadu,Google Ads
C05845,2025-12-30,Mumbai,Haryana,Organic
C05846,2025-07-23,Kolkata,Rajasthan,Organic
C05847,2025-07-31,Chennai,West Bengal,Meta Ads
C05848,2025-04-19,Chennai,Gujarat,Meta Ads
C05849,2025-10-03,Pune,West Bengal,Google Ads
C05850,2025-03-14,Jaipur,Haryana,Google Ads
C05851,2025-06-16,Kolkata,Haryana,Google Ads
C05852,2025-09-17,Mumbai,Telangana,Meta Ads
C05853,2025-08-31,Mumbai,Maharashtra,Email
C05854,2025-10-02,Pune,Rajasthan,Influencer
C05855,2025-04-12,Delhi,Karnataka,Influencer
C05856,2025-06-22,Gurgaon,Karnataka,Meta Ads
C05857,2025-06-20,Hyderabad,Karnataka,Meta Ads
C05858,2025-05-21,Gurgaon,Gujarat,Influencer
C05859,2025-07-07,Chennai,Tamil Nadu,Meta Ads
C05860,2025-03-27,Bangalore,Delhi,Google Ads
C05861,2025-02-21,Kolkata,Karnataka,Meta Ads
C05862,2025-04-21,Chennai,Telangana,Google Ads
C05863,2025-12-31,Delhi,Maharashtra,Influencer
C05864,2025-12-08,Gurgaon,Tamil Nadu,Email
C05865,2025-02-12,Chennai,Delhi,Email
C05866,2025-07-30,Hyderabad,Delhi,Email
C05867,2025-07-19,Mumbai,Gujarat,Organic
C05868,2025-10-25,Jaipur,Telangana,Google Ads
C05869,2025-12-12,Ahmedabad,Delhi,Meta Ads
C05870,2025-08-28,Chennai,West Bengal,Organic
C05871,2025-04-25,Delhi,Rajasthan,Meta Ads
C05872,2025-01-26,Kolkata,West Bengal,Influencer
C05873,2025-10-26,Bangalore,Delhi,Organic
C05874,2025-03-18,Hyderabad,Delhi,Organic
C05875,2025-05-17,Pune,Delhi,Organic
C05876,2025-01-20,Delhi,Gujarat,Google Ads
C05877,2025-07-30,Gurgaon,West Bengal,Influencer
C05878,2025-08-28,Jaipur,Karnataka,Influencer
C05879,2025-02-08,Gurgaon,Karnataka,Influencer
C05880,2025-09-25,Mumbai,Karnataka,Influencer
C05881,2025-07-26,Jaipur,Maharashtra,Google Ads
C05882,2025-09-24,Gurgaon,Telangana,Email
C05883,2025-06-03,Kolkata,West Bengal,Google Ads
C05884,2025-02-11,Gurgaon,Rajasthan,Email
C05885,2025-01-11,Hyderabad,Karnataka,Influencer
C05886,2025-10-21,Hyderabad,West Bengal,Meta Ads
C05887,2025-04-08,Ahmedabad,Telangana,Email
C05888,2025-10-02,Gurgaon,Delhi,Email
C05889,2025-08-18,Kolkata,Haryana,Organic
C05890,2025-08-08,Kolkata,Gujarat,Influencer
C05891,2025-03-06,Chennai,Karnataka,Email
C05892,2025-12-21,Bangalore,Telangana,Meta Ads
C05893,2025-08-20,Jaipur,Karnataka,Email
C05894,2025-11-24,Delhi,Gujarat,Organic
C05895,2025-02-21,Pune,Gujarat,Influencer
C05896,2025-09-20,Jaipur,Telangana,Organic
C05897,2025-09-24,Jaipur,Maharashtra,Organic
C05898,2025-12-25,Mumbai,Karnataka,Email
C05899,2025-11-13,Jaipur,Karnataka,Google Ads
C05900,2025-11-20,Mumbai,Telangana,Google Ads
C05901,2025-06-03,Chennai,Maharashtra,Organic
C05902,2025-12-24,Bangalore,Maharashtra,Google Ads
C05903,2025-05-20,Kolkata,Karnataka,Google Ads
C05904,2025-02-20,Ahmedabad,Delhi,Meta Ads
C05905,2025-04-27,Kolkata,Gujarat,Google Ads
C05906,2025-02-15,Gurgaon,Tamil Nadu,Meta Ads
C05907,2025-11-05,Pune,Karnataka,Google Ads
C05908,2025-03-29,Bangalore,Delhi,Organic
C05909,2025-07-27,Bangalore,Karnataka,Organic
C05910,2025-09-26,Chennai,Delhi,Meta Ads
C05911,2025-03-30,Pune,Karnataka,Meta Ads
C05912,2025-04-28,Gurgaon,Telangana,Influencer
C05913,2025-02-23,Gurgaon,Tamil Nadu,Organic
C05914,2025-04-26,Ahmedabad,West Bengal,Google Ads
C05915,2025-04-28,Delhi,West Bengal,Meta Ads
C05916,2025-09-17,Kolkata,Rajasthan,Google Ads
C05917,2025-03-16,Jaipur,Gujarat,Influencer
C05918,2025-11-01,Pune,Telangana,Organic
C05919,2025-01-07,Gurgaon,Tamil Nadu,Meta Ads
C05920,2025-05-02,Gurgaon,Delhi,Google Ads
C05921,2025-01-11,Delhi,Gujarat,Email
C05922,2025-12-14,Bangalore,Tamil Nadu,Organic
C05923,2025-08-03,Gurgaon,Maharashtra,Meta Ads
C05924,2025-10-06,Ahmedabad,Gujarat,Email
C05925,2025-01-28,Gurgaon,Telangana,Google Ads
C05926,2025-08-23,Gurgaon,Rajasthan,Organic
C05927,2025-11-09,Delhi,Telangana,Meta Ads
C05928,2025-01-26,Ahmedabad,Delhi,Meta Ads
C05929,2025-02-23,Hyderabad,West Bengal,Organic
C05930,2025-01-29,Mumbai,Haryana,Meta Ads
C05931,2025-12-19,Delhi,Haryana,Meta Ads
C05932,2025-06-13,Bangalore,Telangana,Email
C05933,2025-09-27,Bangalore,Tamil Nadu,Meta Ads
C05934,2025-11-30,Pune,Delhi,Organic
C05935,2025-02-04,Delhi,Karnataka,Google Ads
C05936,2025-10-13,Chennai,West Bengal,Email
C05937,2025-12-14,Delhi,Gujarat,Email
C05938,2025-09-30,Hyderabad,Rajasthan,Google Ads
C05939,2025-07-27,Gurgaon,Delhi,Organic
C05940,2025-08-26,Delhi,Telangana,Influencer
C05941,2025-04-03,Chennai,Maharashtra,Meta Ads
C05942,2025-06-22,Jaipur,Maharashtra,Organic
C05943,2025-03-20,Chennai,Delhi,Email
C05944,2025-04-20,Bangalore,Haryana,Meta Ads
C05945,2025-08-05,Hyderabad,Maharashtra,Influencer
C05946,2025-12-24,Gurgaon,Telangana,Meta Ads
C05947,2025-04-16,Chennai,Rajasthan,Organic
C05948,2025-02-16,Hyderabad,Karnataka,Google Ads
C05949,2025-06-30,Jaipur,Gujarat,Google Ads
C05950,2025-03-05,Ahmedabad,Tamil Nadu,Google Ads
C05951,2025-09-03,Ahmedabad,Haryana,Meta Ads
C05952,2025-09-01,Ahmedabad,Maharashtra,Influencer
C05953,2025-11-16,Jaipur,Karnataka,Meta Ads
C05954,2025-03-28,Gurgaon,Gujarat,Google Ads
C05955,2025-08-05,Mumbai,Rajasthan,Meta Ads
C05956,2025-01-07,Mumbai,West Bengal,Meta Ads
C05957,2025-10-05,Hyderabad,Delhi,Organic
C05958,2025-12-03,Ahmedabad,Tamil Nadu,Meta Ads
C05959,2025-07-29,Bangalore,West Bengal,Influencer
C05960,2025-06-18,Gurgaon,Tamil Nadu,Organic
C05961,2025-11-26,Mumbai,Maharashtra,Influencer
C05962,2025-05-18,Delhi,Rajasthan,Meta Ads
C05963,2025-11-02,Pune,Karnataka,Organic
C05964,2025-08-18,Kolkata,Tamil Nadu,Google Ads
C05965,2025-11-04,Jaipur,Tamil Nadu,Meta Ads
C05966,2025-06-10,Jaipur,Gujarat,Influencer
C05967,2025-01-01,Mumbai,Telangana,Influencer
C05968,2025-08-24,Jaipur,Tamil Nadu,Meta Ads
C05969,2025-07-07,Ahmedabad,Delhi,Email
C05970,2025-01-04,Kolkata,Rajasthan,Influencer
C05971,2025-05-12,Bangalore,Rajasthan,Google Ads
C05972,2025-08-06,Delhi,West Bengal,Meta Ads
C05973,2025-09-17,Hyderabad,Delhi,Google Ads
C05974,2025-01-01,Kolkata,Karnataka,Meta Ads
C05975,2025-03-12,Bangalore,Haryana,Meta Ads
C05976,2025-06-27,Jaipur,Telangana,Google Ads
C05977,2025-07-08,Mumbai,Haryana,Meta Ads
C05978,2025-10-18,Chennai,West Bengal,Google Ads
C05979,2025-01-08,Hyderabad,Rajasthan,Meta Ads
C05980,2025-09-10,Gurgaon,Delhi,Meta Ads
C05981,2025-10-19,Pune,Haryana,Meta Ads
C05982,2025-09-01,Mumbai,Karnataka,Organic
C05983,2025-05-03,Jaipur,Karnataka,Google Ads
C05984,2025-10-26,Mumbai,Maharashtra,Influencer
C05985,2025-10-10,Ahmedabad,Tamil Nadu,Email
C05986,2025-02-01,Jaipur,Tamil Nadu,Meta Ads
C05987,2025-11-30,Mumbai,Karnataka,Meta Ads
C05988,2025-05-26,Kolkata,Delhi,Organic
C05989,2025-06-05,Kolkata,West Bengal,Meta Ads
C05990,2025-01-16,Delhi,Maharashtra,Meta Ads
C05991,2025-12-21,Delhi,Gujarat,Meta Ads
C05992,2025-02-16,Hyderabad,Karnataka,Google Ads
C05993,2025-09-08,Mumbai,Delhi,Google Ads
C05994,2025-07-06,Delhi,Rajasthan,Email
C05995,2025-01-31,Ahmedabad,Haryana,Google Ads
C05996,2025-09-17,Bangalore,Delhi,Organic
C05997,2025-01-17,Delhi,Tamil Nadu,Google Ads
C05998,2025-02-08,Mumbai,Karnataka,Meta Ads
C05999,2025-10-31,Kolkata,Telangana,Meta Ads
C06000,2025-02-08,Pune,Gujarat,Influencer
C06001,2025-05-12,Chennai,Haryana,Meta Ads
C06002,2025-01-30,Gurgaon,Tamil Nadu,Meta Ads
C06003,2025-06-07,Delhi,Telangana,Meta Ads
C06004,2025-10-05,Gurgaon,Tamil Nadu,Meta Ads
C06005,2025-07-22,Chennai,Karnataka,Meta Ads
C06006,2025-03-07,Hyderabad,Delhi,Organic
C06007,2025-04-18,Kolkata,Tamil Nadu,Meta Ads
C06008,2025-09-25,Kolkata,Delhi,Google Ads
C06009,2025-08-10,Chennai,Karnataka,Influencer
C06010,2025-10-19,Mumbai,Gujarat,Influencer
C06011,2025-01-18,Gurgaon,West Bengal,Google Ads
C06012,2025-03-31,Gurgaon,Gujarat,Organic
C06013,2025-06-30,Chennai,Maharashtra,Meta Ads
C06014,2025-09-12,Gurgaon,West Bengal,Influencer
C06015,2025-09-10,Mumbai,Telangana,Google Ads
C06016,2025-09-14,Kolkata,Delhi,Organic
C06017,2025-12-12,Hyderabad,Karnataka,Organic
C06018,2025-03-28,Ahmedabad,Haryana,Google Ads
C06019,2025-03-31,Kolkata,Gujarat,Organic
C06020,2025-08-25,Bangalore,Maharashtra,Google Ads
C06021,2025-03-11,Bangalore,Maharashtra,Google Ads
C06022,2025-02-13,Kolkata,Gujarat,Influencer
C06023,2025-07-19,Mumbai,Rajasthan,Google Ads
C06024,2025-06-01,Ahmedabad,Delhi,Meta Ads
C06025,2025-03-27,Hyderabad,Maharashtra,Organic
C06026,2025-01-19,Gurgaon,Telangana,Email
C06027,2025-04-11,Bangalore,Karnataka,Meta Ads
C06028,2025-04-05,Bangalore,Delhi,Influencer
C06029,2025-09-11,Bangalore,Telangana,Google Ads
C06030,2025-12-23,Jaipur,Maharashtra,Organic
C06031,2025-01-30,Mumbai,Haryana,Email
C06032,2025-09-06,Kolkata,Delhi,Influencer
C06033,2025-02-02,Ahmedabad,Gujarat,Email
C06034,2025-08-17,Kolkata,Maharashtra,Meta Ads
C06035,2025-01-12,Jaipur,Karnataka,Meta Ads
C06036,2025-04-28,Bangalore,Karnataka,Google Ads
C06037,2025-12-16,Chennai,Telangana,Influencer
C06038,2025-06-04,Jaipur,West Bengal,Influencer
C06039,2025-09-03,Mumbai,Rajasthan,Meta Ads
C06040,2025-11-28,Hyderabad,Karnataka,Meta Ads
C06041,2025-09-04,Gurgaon,Delhi,Influencer
C06042,2025-01-29,Pune,Delhi,Organic
C06043,2025-06-10,Ahmedabad,Tamil Nadu,Organic
C06044,2025-08-23,Jaipur,Haryana,Influencer
C06045,2025-07-09,Hyderabad,West Bengal,Meta Ads
C06046,2025-04-27,Pune,West Bengal,Meta Ads
C06047,2025-09-28,Hyderabad,Karnataka,Influencer
C06048,2025-09-15,Kolkata,West Bengal,Meta Ads
C06049,2025-06-29,Kolkata,Rajasthan,Meta Ads
C06050,2025-06-21,Bangalore,Gujarat,Meta Ads
C06051,2025-10-01,Delhi,Karnataka,Google Ads
C06052,2025-09-16,Gurgaon,Haryana,Meta Ads
C06053,2025-05-15,Mumbai,Gujarat,Influencer
C06054,2025-06-20,Mumbai,Maharashtra,Email
C06055,2025-07-29,Bangalore,West Bengal,Meta Ads
C06056,2025-08-24,Kolkata,West Bengal,Influencer
C06057,2025-07-05,Bangalore,Gujarat,Meta Ads
C06058,2025-12-30,Chennai,Delhi,Meta Ads
C06059,2025-04-05,Jaipur,Gujarat,Google Ads
C06060,2025-01-11,Jaipur,Delhi,Email
C06061,2025-03-09,Ahmedabad,Karnataka,Email
C06062,2025-07-29,Kolkata,Rajasthan,Meta Ads
C06063,2025-07-15,Delhi,Telangana,Meta Ads
C06064,2025-04-08,Chennai,Rajasthan,Email
C06065,2025-04-03,Chennai,Delhi,Meta Ads
C06066,2025-01-22,Kolkata,Gujarat,Influencer
C06067,2025-06-21,Jaipur,Karnataka,Meta Ads
C06068,2025-05-14,Pune,West Bengal,Organic
C06069,2025-01-25,Jaipur,Maharashtra,Google Ads
C06070,2025-07-04,Ahmedabad,West Bengal,Google Ads
C06071,2025-03-26,Ahmedabad,West Bengal,Influencer
C06072,2025-02-24,Kolkata,Rajasthan,Meta Ads
C06073,2025-09-08,Gurgaon,Maharashtra,Google Ads
C06074,2025-05-24,Gurgaon,Gujarat,Google Ads
C06075,2025-12-17,Delhi,Haryana,Meta Ads
C06076,2025-06-16,Gurgaon,Rajasthan,Meta Ads
C06077,2025-08-12,Hyderabad,Gujarat,Meta Ads
C06078,2025-08-08,Hyderabad,Karnataka,Meta Ads
C06079,2025-06-28,Mumbai,Karnataka,Email
C06080,2025-04-29,Hyderabad,Gujarat,Google Ads
C06081,2025-09-22,Pune,Rajasthan,Google Ads
C06082,2025-05-30,Pune,Maharashtra,Organic
C06083,2025-08-03,Pune,Karnataka,Organic
C06084,2025-07-16,Hyderabad,Gujarat,Google Ads
C06085,2025-02-11,Delhi,Maharashtra,Google Ads
C06086,2025-02-22,Jaipur,Gujarat,Google Ads
C06087,2025-11-26,Kolkata,Haryana,Meta Ads
C06088,2025-09-08,Bangalore,Tamil Nadu,Email
C06089,2025-10-22,Mumbai,Telangana,Influencer
C06090,2025-09-28,Ahmedabad,Karnataka,Organic
C06091,2025-05-03,Chennai,Gujarat,Google Ads
C06092,2025-12-05,Ahmedabad,Rajasthan,Organic
C06093,2025-09-23,Mumbai,Gujarat,Google Ads
C06094,2025-12-14,Ahmedabad,Rajasthan,Meta Ads
C06095,2025-01-29,Jaipur,Delhi,Meta Ads
C06096,2025-02-04,Ahmedabad,Haryana,Influencer
C06097,2025-01-06,Ahmedabad,West Bengal,Organic
C06098,2025-04-21,Jaipur,Gujarat,Meta Ads
C06099,2025-10-21,Jaipur,Maharashtra,Google Ads
C06100,2025-03-18,Hyderabad,Telangana,Google Ads
C06101,2025-12-15,Jaipur,West Bengal,Organic
C06102,2025-05-27,Bangalore,Haryana,Organic
C06103,2025-03-08,Gurgaon,Delhi,Google Ads
C06104,2025-01-08,Bangalore,Maharashtra,Email
C06105,2025-05-02,Ahmedabad,Haryana,Influencer
C06106,2025-12-06,Bangalore,Tamil Nadu,Influencer
C06107,2025-06-24,Mumbai,Delhi,Google Ads
C06108,2025-06-28,Kolkata,Karnataka,Google Ads
C06109,2025-03-26,Gurgaon,Tamil Nadu,Google Ads
C06110,2025-02-14,Kolkata,Tamil Nadu,Google Ads
C06111,2025-05-16,Chennai,West Bengal,Email
C06112,2025-12-09,Bangalore,Karnataka,Meta Ads
C06113,2025-01-16,Kolkata,Delhi,Influencer
C06114,2025-11-29,Jaipur,West Bengal,Google Ads
C06115,2025-07-14,Delhi,Karnataka,Meta Ads
C06116,2025-01-09,Delhi,Haryana,Organic
C06117,2025-11-12,Jaipur,Telangana,Meta Ads
C06118,2025-11-30,Kolkata,Delhi,Meta Ads
C06119,2025-11-29,Ahmedabad,West Bengal,Influencer
C06120,2025-11-23,Jaipur,Telangana,Organic
C06121,2025-01-15,Gurgaon,Delhi,Meta Ads
C06122,2025-11-23,Pune,Tamil Nadu,Email
C06123,2025-04-12,Mumbai,Telangana,Meta Ads
C06124,2025-08-14,Ahmedabad,Telangana,Google Ads
C06125,2025-10-05,Gurgaon,Maharashtra,Meta Ads
C06126,2025-04-23,Kolkata,Delhi,Meta Ads
C06127,2025-01-01,Ahmedabad,Karnataka,Meta Ads
C06128,2025-09-23,Ahmedabad,Haryana,Influencer
C06129,2025-07-27,Kolkata,Rajasthan,Email
C06130,2025-04-20,Jaipur,West Bengal,Influencer
C06131,2025-07-19,Kolkata,Telangana,Organic
C06132,2025-11-02,Bangalore,Gujarat,Organic
C06133,2025-01-12,Bangalore,Telangana,Organic
C06134,2025-12-11,Mumbai,Tamil Nadu,Google Ads
C06135,2025-07-07,Delhi,Delhi,Organic
C06136,2025-06-03,Hyderabad,Tamil Nadu,Email
C06137,2025-11-30,Mumbai,Haryana,Meta Ads
C06138,2025-10-06,Mumbai,Maharashtra,Google Ads
C06139,2025-06-20,Pune,Delhi,Google Ads
C06140,2025-05-14,Hyderabad,Tamil Nadu,Google Ads
C06141,2025-01-25,Delhi,Maharashtra,Organic
C06142,2025-01-18,Ahmedabad,Rajasthan,Google Ads
C06143,2025-07-09,Hyderabad,Rajasthan,Meta Ads
C06144,2025-05-21,Pune,Delhi,Google Ads
C06145,2025-02-12,Chennai,Haryana,Organic
C06146,2025-11-30,Mumbai,Gujarat,Google Ads
C06147,2025-10-11,Kolkata,Telangana,Influencer
C06148,2025-05-26,Mumbai,Karnataka,Google Ads
C06149,2025-11-11,Jaipur,Haryana,Meta Ads
C06150,2025-11-15,Pune,Haryana,Meta Ads
C06151,2025-04-02,Mumbai,Gujarat,Meta Ads
C06152,2025-06-28,Mumbai,Tamil Nadu,Meta Ads
C06153,2025-02-25,Hyderabad,Maharashtra,Google Ads
C06154,2025-06-04,Hyderabad,Delhi,Organic
C06155,2025-06-09,Kolkata,Karnataka,Google Ads
C06156,2025-04-21,Gurgaon,Maharashtra,Email
C06157,2025-05-17,Jaipur,Telangana,Meta Ads
C06158,2025-08-20,Kolkata,Karnataka,Meta Ads
C06159,2025-08-08,Chennai,Rajasthan,Meta Ads
C06160,2025-03-09,Jaipur,Haryana,Email
C06161,2025-10-29,Hyderabad,Telangana,Google Ads
C06162,2025-09-06,Mumbai,Rajasthan,Google Ads
C06163,2025-11-19,Ahmedabad,Telangana,Meta Ads
C06164,2025-01-06,Mumbai,Tamil Nadu,Organic
C06165,2025-10-07,Delhi,Delhi,Organic
C06166,2025-04-04,Kolkata,Maharashtra,Google Ads
C06167,2025-09-26,Jaipur,Telangana,Organic
C06168,2025-07-16,Ahmedabad,Rajasthan,Google Ads
C06169,2025-01-25,Delhi,Tamil Nadu,Meta Ads
C06170,2025-05-28,Chennai,Tamil Nadu,Organic
C06171,2025-04-28,Mumbai,Rajasthan,Email
C06172,2025-12-04,Gurgaon,Telangana,Organic
C06173,2025-12-04,Pune,Karnataka,Meta Ads
C06174,2025-03-07,Delhi,West Bengal,Meta Ads
C06175,2025-10-28,Mumbai,West Bengal,Email
C06176,2025-06-24,Mumbai,Rajasthan,Google Ads
C06177,2025-11-15,Jaipur,Tamil Nadu,Influencer
C06178,2025-03-17,Jaipur,Maharashtra,Organic
C06179,2025-04-24,Gurgaon,Tamil Nadu,Organic
C06180,2025-04-21,Delhi,Gujarat,Meta Ads
C06181,2025-09-06,Hyderabad,Tamil Nadu,Meta Ads
C06182,2025-07-22,Jaipur,Rajasthan,Google Ads
C06183,2025-05-27,Pune,Telangana,Email
C06184,2025-02-04,Mumbai,Karnataka,Meta Ads
C06185,2025-11-05,Mumbai,Haryana,Organic
C06186,2025-01-26,Chennai,Karnataka,Organic
C06187,2025-08-26,Chennai,Maharashtra,Google Ads
C06188,2025-01-14,Gurgaon,Maharashtra,Google Ads
C06189,2025-02-14,Delhi,Telangana,Organic
C06190,2025-08-04,Bangalore,Karnataka,Influencer
C06191,2025-08-21,Ahmedabad,Rajasthan,Google Ads
C06192,2025-07-12,Jaipur,West Bengal,Email
C06193,2025-02-20,Delhi,Tamil Nadu,Google Ads
C06194,2025-08-02,Mumbai,Gujarat,Organic
C06195,2025-05-31,Kolkata,Rajasthan,Meta Ads
C06196,2025-10-02,Chennai,Karnataka,Google Ads
C06197,2025-12-04,Ahmedabad,West Bengal,Meta Ads
C06198,2025-03-17,Jaipur,Rajasthan,Google Ads
C06199,2025-08-08,Hyderabad,Delhi,Meta Ads
C06200,2025-12-14,Hyderabad,Rajasthan,Email
C06201,2025-07-06,Chennai,West Bengal,Organic
C06202,2025-10-16,Delhi,Telangana,Influencer
C06203,2025-01-28,Jaipur,Tamil Nadu,Google Ads
C06204,2025-06-29,Ahmedabad,Tamil Nadu,Influencer
C06205,2025-09-10,Mumbai,Tamil Nadu,Influencer
C06206,2025-05-06,Delhi,Maharashtra,Google Ads
C06207,2025-06-26,Chennai,Haryana,Google Ads
C06208,2025-02-06,Gurgaon,West Bengal,Google Ads
C06209,2025-04-09,Bangalore,Tamil Nadu,Meta Ads
C06210,2025-04-08,Delhi,Karnataka,Email
C06211,2025-05-07,Pune,Haryana,Google Ads
C06212,2025-06-17,Jaipur,Gujarat,Google Ads
C06213,2025-03-21,Hyderabad,Haryana,Influencer
C06214,2025-10-21,Pune,Karnataka,Meta Ads
C06215,2025-11-29,Delhi,Rajasthan,Meta Ads
C06216,2025-05-06,Delhi,Karnataka,Meta Ads
C06217,2025-12-09,Pune,Maharashtra,Organic
C06218,2025-11-06,Gurgaon,Tamil Nadu,Meta Ads
C06219,2025-05-30,Pune,Gujarat,Organic
C06220,2025-01-16,Mumbai,Tamil Nadu,Google Ads
C06221,2025-01-28,Ahmedabad,Delhi,Organic
C06222,2025-06-22,Pune,Gujarat,Meta Ads
C06223,2025-02-15,Pune,Delhi,Meta Ads
C06224,2025-11-24,Jaipur,Rajasthan,Organic
C06225,2025-08-24,Ahmedabad,Gujarat,Meta Ads
C06226,2025-08-02,Bangalore,Tamil Nadu,Influencer
C06227,2025-03-26,Pune,Maharashtra,Meta Ads
C06228,2025-10-09,Pune,Rajasthan,Organic
C06229,2025-08-20,Mumbai,Gujarat,Organic
C06230,2025-03-26,Hyderabad,Telangana,Google Ads
C06231,2025-03-06,Mumbai,Maharashtra,Email
C06232,2025-05-14,Pune,Tamil Nadu,Google Ads
C06233,2025-05-31,Jaipur,Delhi,Email
C06234,2025-04-25,Mumbai,West Bengal,Meta Ads
C06235,2025-03-05,Jaipur,Delhi,Google Ads
C06236,2025-12-09,Ahmedabad,Tamil Nadu,Meta Ads
C06237,2025-12-29,Jaipur,Haryana,Organic
C06238,2025-12-18,Gurgaon,Karnataka,Organic
C06239,2025-06-07,Kolkata,Tamil Nadu,Google Ads
C06240,2025-03-18,Ahmedabad,Telangana,Organic
C06241,2025-05-26,Kolkata,Tamil Nadu,Influencer
C06242,2025-12-09,Pune,Telangana,Influencer
C06243,2025-08-13,Pune,Delhi,Meta Ads
C06244,2025-11-09,Gurgaon,Haryana,Google Ads
C06245,2025-04-13,Delhi,Gujarat,Google Ads
C06246,2025-12-13,Kolkata,Tamil Nadu,Meta Ads
C06247,2025-10-28,Mumbai,Rajasthan,Google Ads
C06248,2025-03-29,Gurgaon,Telangana,Meta Ads
C06249,2025-10-30,Ahmedabad,Rajasthan,Email
C06250,2025-06-17,Bangalore,Gujarat,Influencer
C06251,2025-06-19,Mumbai,Karnataka,Influencer
C06252,2025-05-15,Jaipur,Tamil Nadu,Email
C06253,2025-02-19,Pune,Telangana,Organic
C06254,2025-12-06,Ahmedabad,Delhi,Meta Ads
C06255,2025-12-13,Gurgaon,Rajasthan,Influencer
C06256,2025-05-14,Kolkata,Telangana,Meta Ads
C06257,2025-12-13,Kolkata,Haryana,Meta Ads
C06258,2025-05-17,Chennai,Karnataka,Meta Ads
C06259,2025-09-02,Pune,Telangana,Meta Ads
C06260,2025-04-19,Mumbai,Rajasthan,Influencer
C06261,2025-11-09,Jaipur,West Bengal,Email
C06262,2025-10-14,Jaipur,Gujarat,Meta Ads
C06263,2025-01-21,Pune,Karnataka,Meta Ads
C06264,2025-03-31,Chennai,Karnataka,Meta Ads
C06265,2025-10-23,Chennai,West Bengal,Organic
C06266,2025-04-22,Mumbai,Gujarat,Google Ads
C06267,2025-10-28,Chennai,Haryana,Email
C06268,2025-03-18,Gurgaon,Delhi,Meta Ads
C06269,2025-06-26,Chennai,Karnataka,Email
C06270,2025-12-09,Kolkata,Haryana,Meta Ads
C06271,2025-05-28,Hyderabad,Karnataka,Google Ads
C06272,2025-04-11,Delhi,Delhi,Meta Ads
C06273,2025-09-03,Kolkata,West Bengal,Organic
C06274,2025-04-27,Kolkata,Delhi,Meta Ads
C06275,2025-04-02,Bangalore,Tamil Nadu,Influencer
C06276,2025-01-28,Bangalore,Tamil Nadu,Meta Ads
C06277,2025-01-25,Pune,West Bengal,Organic
C06278,2025-02-27,Bangalore,Delhi,Meta Ads
C06279,2025-10-24,Pune,Karnataka,Google Ads
C06280,2025-05-14,Kolkata,Rajasthan,Meta Ads
C06281,2025-11-27,Delhi,Maharashtra,Email
C06282,2025-09-06,Mumbai,Haryana,Meta Ads
C06283,2025-02-07,Mumbai,Karnataka,Google Ads
C06284,2025-03-16,Hyderabad,Haryana,Google Ads
C06285,2025-05-22,Ahmedabad,West Bengal,Organic
C06286,2025-11-18,Mumbai,Delhi,Meta Ads
C06287,2025-06-17,Ahmedabad,Karnataka,Influencer
C06288,2025-09-16,Chennai,Tamil Nadu,Google Ads
C06289,2025-12-21,Jaipur,West Bengal,Google Ads
C06290,2025-08-13,Kolkata,Karnataka,Meta Ads
C06291,2025-06-01,Delhi,Telangana,Google Ads
C06292,2025-01-19,Pune,Tamil Nadu,Google Ads
C06293,2025-05-26,Ahmedabad,Haryana,Meta Ads
C06294,2025-08-29,Hyderabad,Rajasthan,Meta Ads
C06295,2025-12-10,Mumbai,Delhi,Organic
C06296,2025-08-25,Gurgaon,Haryana,Meta Ads
C06297,2025-02-04,Mumbai,Delhi,Meta Ads
C06298,2025-07-09,Bangalore,Gujarat,Organic
C06299,2025-01-01,Kolkata,West Bengal,Meta Ads
C06300,2025-06-02,Bangalore,Haryana,Google Ads
C06301,2025-05-06,Mumbai,Tamil Nadu,Organic
C06302,2025-12-11,Gurgaon,Telangana,Meta Ads
C06303,2025-08-14,Bangalore,Rajasthan,Google Ads
C06304,2025-08-09,Delhi,Karnataka,Meta Ads
C06305,2025-07-30,Bangalore,Maharashtra,Google Ads
C06306,2025-01-25,Gurgaon,West Bengal,Email
C06307,2025-01-16,Bangalore,Maharashtra,Google Ads
C06308,2025-07-01,Ahmedabad,Tamil Nadu,Organic
C06309,2025-11-25,Chennai,Gujarat,Organic
C06310,2025-05-09,Pune,Karnataka,Influencer
C06311,2025-02-11,Mumbai,Karnataka,Organic
C06312,2025-12-02,Ahmedabad,Karnataka,Meta Ads
C06313,2025-08-24,Pune,Delhi,Google Ads
C06314,2025-12-26,Chennai,Rajasthan,Influencer
C06315,2025-02-03,Ahmedabad,Haryana,Organic
C06316,2025-12-11,Hyderabad,Rajasthan,Meta Ads
C06317,2025-02-14,Ahmedabad,Haryana,Meta Ads
C06318,2025-05-14,Delhi,West Bengal,Meta Ads
C06319,2025-01-21,Gurgaon,Delhi,Influencer
C06320,2025-05-02,Mumbai,Rajasthan,Organic
C06321,2025-03-11,Kolkata,Delhi,Organic
C06322,2025-12-18,Pune,Telangana,Google Ads
C06323,2025-12-27,Bangalore,West Bengal,Meta Ads
C06324,2025-02-17,Mumbai,Rajasthan,Meta Ads
C06325,2025-02-08,Kolkata,Delhi,Google Ads
C06326,2025-10-14,Chennai,Tamil Nadu,Meta Ads
C06327,2025-01-10,Ahmedabad,Haryana,Meta Ads
C06328,2025-01-30,Kolkata,Karnataka,Meta Ads
C06329,2025-09-01,Hyderabad,Maharashtra,Influencer
C06330,2025-10-01,Mumbai,Delhi,Meta Ads
C06331,2025-03-29,Mumbai,Maharashtra,Google Ads
C06332,2025-09-01,Mumbai,Telangana,Influencer
C06333,2025-11-25,Gurgaon,Tamil Nadu,Meta Ads
C06334,2025-01-15,Chennai,Haryana,Google Ads
C06335,2025-01-04,Gurgaon,Telangana,Email
C06336,2025-07-10,Mumbai,Gujarat,Organic
C06337,2025-06-17,Hyderabad,West Bengal,Influencer
C06338,2025-01-09,Bangalore,Telangana,Meta Ads
C06339,2025-04-19,Hyderabad,Haryana,Email
C06340,2025-05-17,Pune,Haryana,Meta Ads
C06341,2025-06-03,Chennai,Karnataka,Email
C06342,2025-07-28,Ahmedabad,Rajasthan,Email
C06343,2025-09-29,Mumbai,Haryana,Organic
C06344,2025-05-23,Kolkata,Maharashtra,Organic
C06345,2025-04-09,Bangalore,Telangana,Influencer
C06346,2025-11-04,Ahmedabad,Telangana,Google Ads
C06347,2025-03-10,Jaipur,Haryana,Organic
C06348,2025-09-04,Hyderabad,Gujarat,Email
C06349,2025-09-18,Bangalore,Haryana,Meta Ads
C06350,2025-10-03,Jaipur,Delhi,Email
C06351,2025-03-20,Gurgaon,Maharashtra,Organic
C06352,2025-05-26,Jaipur,Karnataka,Influencer
C06353,2025-04-21,Ahmedabad,Karnataka,Meta Ads
C06354,2025-09-15,Chennai,Tamil Nadu,Meta Ads
C06355,2025-04-03,Hyderabad,Rajasthan,Email
C06356,2025-01-13,Bangalore,Delhi,Meta Ads
C06357,2025-09-17,Jaipur,Tamil Nadu,Organic
C06358,2025-04-19,Hyderabad,Rajasthan,Influencer
C06359,2025-11-26,Bangalore,Telangana,Meta Ads
C06360,2025-07-08,Bangalore,Karnataka,Organic
C06361,2025-04-05,Ahmedabad,Tamil Nadu,Meta Ads
C06362,2025-04-15,Hyderabad,Tamil Nadu,Google Ads
C06363,2025-01-08,Ahmedabad,Maharashtra,Google Ads
C06364,2025-03-08,Jaipur,Haryana,Organic
C06365,2025-07-10,Pune,Delhi,Email
C06366,2025-09-13,Chennai,Rajasthan,Meta Ads
C06367,2025-01-09,Pune,Rajasthan,Google Ads
C06368,2025-04-27,Delhi,Karnataka,Google Ads
C06369,2025-09-24,Mumbai,Haryana,Google Ads
C06370,2025-04-09,Pune,Karnataka,Google Ads
C06371,2025-10-25,Gurgaon,West Bengal,Email
C06372,2025-06-13,Chennai,Delhi,Email
C06373,2025-05-21,Mumbai,Haryana,Meta Ads
C06374,2025-09-25,Jaipur,Tamil Nadu,Organic
C06375,2025-02-06,Ahmedabad,West Bengal,Organic
C06376,2025-03-15,Gurgaon,Karnataka,Email
C06377,2025-03-14,Mumbai,West Bengal,Meta Ads
C06378,2025-11-04,Mumbai,Telangana,Influencer
C06379,2025-07-18,Bangalore,Tamil Nadu,Email
C06380,2025-05-10,Delhi,Haryana,Email
C06381,2025-09-03,Ahmedabad,Telangana,Organic
C06382,2025-11-08,Jaipur,Tamil Nadu,Google Ads
C06383,2025-03-01,Hyderabad,Karnataka,Organic
C06384,2025-10-06,Pune,Karnataka,Google Ads
C06385,2025-04-13,Chennai,Haryana,Google Ads
C06386,2025-10-23,Delhi,Haryana,Google Ads
C06387,2025-11-16,Bangalore,Rajasthan,Google Ads
C06388,2025-12-07,Bangalore,Telangana,Google Ads
C06389,2025-05-31,Mumbai,Haryana,Meta Ads
C06390,2025-06-06,Kolkata,Rajasthan,Meta Ads
C06391,2025-07-25,Pune,Telangana,Google Ads
C06392,2025-06-28,Delhi,Karnataka,Meta Ads
C06393,2025-07-16,Mumbai,West Bengal,Influencer
C06394,2025-08-11,Delhi,West Bengal,Organic
C06395,2025-03-30,Gurgaon,Gujarat,Influencer
C06396,2025-10-14,Ahmedabad,Telangana,Meta Ads
C06397,2025-10-03,Chennai,Telangana,Influencer
C06398,2025-08-24,Pune,Rajasthan,Email
C06399,2025-07-02,Bangalore,West Bengal,Google Ads
C06400,2025-07-28,Kolkata,Karnataka,Meta Ads
C06401,2025-05-10,Jaipur,Rajasthan,Organic
C06402,2025-06-02,Hyderabad,Haryana,Organic
C06403,2025-01-13,Ahmedabad,Telangana,Meta Ads
C06404,2025-05-02,Pune,Delhi,Email
C06405,2025-12-25,Gurgaon,Rajasthan,Google Ads
C06406,2025-08-08,Pune,Tamil Nadu,Influencer
C06407,2025-04-16,Jaipur,Maharashtra,Google Ads
C06408,2025-03-11,Chennai,West Bengal,Meta Ads
C06409,2025-07-14,Chennai,Karnataka,Meta Ads
C06410,2025-07-05,Delhi,Tamil Nadu,Meta Ads
C06411,2025-04-09,Mumbai,Gujarat,Email
C06412,2025-03-23,Chennai,Karnataka,Organic
C06413,2025-03-16,Kolkata,Haryana,Influencer
C06414,2025-12-06,Hyderabad,Tamil Nadu,Email
C06415,2025-07-11,Gurgaon,Delhi,Meta Ads
C06416,2025-11-21,Jaipur,West Bengal,Meta Ads
C06417,2025-08-02,Bangalore,Telangana,Email
C06418,2025-11-11,Chennai,West Bengal,Organic
C06419,2025-11-14,Bangalore,West Bengal,Organic
C06420,2025-05-24,Chennai,Haryana,Google Ads
C06421,2025-08-04,Kolkata,Gujarat,Influencer
C06422,2025-12-27,Bangalore,Gujarat,Google Ads
C06423,2025-11-20,Mumbai,Haryana,Influencer
C06424,2025-01-15,Gurgaon,Haryana,Email
C06425,2025-08-05,Hyderabad,West Bengal,Organic
C06426,2025-02-04,Kolkata,Tamil Nadu,Organic
C06427,2025-07-02,Mumbai,Telangana,Google Ads
C06428,2025-09-27,Hyderabad,Maharashtra,Meta Ads
C06429,2025-12-24,Mumbai,Gujarat,Organic
C06430,2025-04-10,Mumbai,Karnataka,Meta Ads
C06431,2025-01-07,Mumbai,Maharashtra,Email
C06432,2025-01-30,Delhi,West Bengal,Organic
C06433,2025-11-01,Hyderabad,Tamil Nadu,Email
C06434,2025-05-24,Mumbai,Gujarat,Meta Ads
C06435,2025-04-21,Ahmedabad,Tamil Nadu,Email
C06436,2025-08-20,Ahmedabad,West Bengal,Organic
C06437,2025-06-28,Chennai,Maharashtra,Influencer
C06438,2025-03-13,Gurgaon,Maharashtra,Meta Ads
C06439,2025-07-29,Bangalore,Tamil Nadu,Google Ads
C06440,2025-08-08,Chennai,Rajasthan,Organic
C06441,2025-03-21,Delhi,Karnataka,Google Ads
C06442,2025-03-24,Ahmedabad,Gujarat,Meta Ads
C06443,2025-02-11,Hyderabad,Haryana,Email
C06444,2025-09-30,Gurgaon,Tamil Nadu,Meta Ads
C06445,2025-07-10,Gurgaon,Tamil Nadu,Meta Ads
C06446,2025-06-22,Bangalore,Karnataka,Google Ads
C06447,2025-01-07,Hyderabad,Haryana,Email
C06448,2025-06-04,Jaipur,Delhi,Organic
C06449,2025-01-10,Bangalore,Maharashtra,Google Ads
C06450,2025-02-03,Gurgaon,Karnataka,Google Ads
C06451,2025-02-05,Delhi,Telangana,Influencer
C06452,2025-01-06,Kolkata,Rajasthan,Meta Ads
C06453,2025-08-03,Kolkata,Delhi,Meta Ads
C06454,2025-05-14,Ahmedabad,Karnataka,Meta Ads
C06455,2025-10-12,Gurgaon,Karnataka,Google Ads
C06456,2025-05-06,Delhi,Tamil Nadu,Organic
C06457,2025-12-03,Bangalore,Haryana,Organic
C06458,2025-06-23,Delhi,Karnataka,Organic
C06459,2025-06-01,Pune,Telangana,Meta Ads
C06460,2025-11-27,Bangalore,West Bengal,Meta Ads
C06461,2025-01-26,Mumbai,Karnataka,Meta Ads
C06462,2025-04-25,Bangalore,Rajasthan,Meta Ads
C06463,2025-10-11,Ahmedabad,Gujarat,Meta Ads
C06464,2025-03-16,Kolkata,Maharashtra,Organic
C06465,2025-06-15,Bangalore,Haryana,Google Ads
C06466,2025-07-08,Mumbai,Telangana,Influencer
C06467,2025-03-19,Pune,Haryana,Organic
C06468,2025-03-31,Delhi,Karnataka,Meta Ads
C06469,2025-06-25,Hyderabad,Delhi,Google Ads
C06470,2025-01-21,Kolkata,Gujarat,Organic
C06471,2025-02-23,Delhi,Rajasthan,Influencer
C06472,2025-07-03,Pune,Gujarat,Influencer
C06473,2025-12-25,Hyderabad,Telangana,Google Ads
C06474,2025-08-10,Gurgaon,Maharashtra,Organic
C06475,2025-11-11,Chennai,Telangana,Meta Ads
C06476,2025-11-24,Ahmedabad,Rajasthan,Organic
C06477,2025-06-28,Delhi,Rajasthan,Email
C06478,2025-10-03,Jaipur,Haryana,Organic
C06479,2025-04-22,Hyderabad,Haryana,Google Ads
C06480,2025-08-12,Gurgaon,Karnataka,Organic
C06481,2025-08-02,Jaipur,Tamil Nadu,Email
C06482,2025-02-28,Chennai,West Bengal,Meta Ads
C06483,2025-11-23,Chennai,Rajasthan,Google Ads
C06484,2025-04-19,Kolkata,West Bengal,Google Ads
C06485,2025-06-06,Jaipur,Karnataka,Meta Ads
C06486,2025-07-10,Kolkata,West Bengal,Google Ads
C06487,2025-07-19,Kolkata,Delhi,Google Ads
C06488,2025-11-08,Kolkata,Maharashtra,Meta Ads
C06489,2025-07-15,Kolkata,Telangana,Google Ads
C06490,2025-02-04,Gurgaon,West Bengal,Organic
C06491,2025-09-03,Ahmedabad,Rajasthan,Meta Ads
C06492,2025-08-25,Bangalore,Haryana,Email
C06493,2025-04-14,Gurgaon,Gujarat,Meta Ads
C06494,2025-01-07,Pune,West Bengal,Organic
C06495,2025-10-10,Kolkata,Haryana,Meta Ads
C06496,2025-01-01,Hyderabad,Karnataka,Google Ads
C06497,2025-08-07,Hyderabad,Karnataka,Organic
C06498,2025-08-18,Jaipur,Tamil Nadu,Organic
C06499,2025-06-21,Jaipur,Telangana,Influencer
C06500,2025-03-28,Pune,Karnataka,Influencer
C06501,2025-02-10,Gurgaon,Telangana,Google Ads
C06502,2025-05-03,Hyderabad,Karnataka,Meta Ads
C06503,2025-11-27,Mumbai,Tamil Nadu,Organic
C06504,2025-10-25,Mumbai,West Bengal,Google Ads
C06505,2025-06-27,Bangalore,Telangana,Meta Ads
C06506,2025-03-04,Mumbai,Karnataka,Meta Ads
C06507,2025-06-14,Delhi,Karnataka,Google Ads
C06508,2025-07-06,Kolkata,Karnataka,Meta Ads
C06509,2025-07-28,Pune,Rajasthan,Google Ads
C06510,2025-08-15,Jaipur,Karnataka,Influencer
C06511,2025-02-17,Delhi,Karnataka,Google Ads
C06512,2025-08-12,Ahmedabad,Gujarat,Email
C06513,2025-01-03,Kolkata,Telangana,Meta Ads
C06514,2025-06-24,Hyderabad,West Bengal,Meta Ads
C06515,2025-04-09,Kolkata,Karnataka,Organic
C06516,2025-04-26,Jaipur,Gujarat,Email
C06517,2025-09-27,Chennai,Karnataka,Organic
C06518,2025-09-10,Chennai,Haryana,Organic
C06519,2025-11-13,Delhi,Delhi,Influencer
C06520,2025-04-05,Gurgaon,Haryana,Organic
C06521,2025-09-30,Hyderabad,Tamil Nadu,Influencer
C06522,2025-01-24,Jaipur,West Bengal,Influencer
C06523,2025-04-26,Jaipur,Maharashtra,Meta Ads
C06524,2025-05-31,Jaipur,Maharashtra,Email
C06525,2025-12-04,Mumbai,Rajasthan,Meta Ads
C06526,2025-02-19,Jaipur,Delhi,Email
C06527,2025-07-25,Chennai,Maharashtra,Meta Ads
C06528,2025-12-01,Ahmedabad,Maharashtra,Google Ads
C06529,2025-03-20,Pune,West Bengal,Email
C06530,2025-03-11,Kolkata,Tamil Nadu,Meta Ads
C06531,2025-01-27,Pune,Rajasthan,Influencer
C06532,2025-09-28,Chennai,West Bengal,Google Ads
C06533,2025-02-19,Chennai,Karnataka,Meta Ads
C06534,2025-10-19,Ahmedabad,Karnataka,Email
C06535,2025-09-04,Bangalore,Delhi,Meta Ads
C06536,2025-09-21,Delhi,Gujarat,Influencer
C06537,2025-03-20,Mumbai,Delhi,Google Ads
C06538,2025-07-09,Gurgaon,Maharashtra,Influencer
C06539,2025-02-16,Jaipur,West Bengal,Influencer
C06540,2025-12-27,Jaipur,Delhi,Organic
C06541,2025-12-20,Ahmedabad,Telangana,Email
C06542,2025-12-18,Bangalore,Rajasthan,Meta Ads
C06543,2025-07-08,Jaipur,Gujarat,Influencer
C06544,2025-09-13,Mumbai,Gujarat,Organic
C06545,2025-08-10,Delhi,Karnataka,Google Ads
C06546,2025-08-29,Mumbai,Haryana,Organic
C06547,2025-09-26,Bangalore,Telangana,Organic
C06548,2025-01-01,Chennai,Gujarat,Organic
C06549,2025-02-03,Mumbai,West Bengal,Meta Ads
C06550,2025-03-20,Pune,West Bengal,Meta Ads
C06551,2025-08-24,Mumbai,West Bengal,Meta Ads
C06552,2025-11-30,Chennai,Delhi,Meta Ads
C06553,2025-12-15,Jaipur,West Bengal,Meta Ads
C06554,2025-04-08,Kolkata,Telangana,Organic
C06555,2025-03-23,Kolkata,Karnataka,Google Ads
C06556,2025-07-11,Kolkata,Haryana,Email
C06557,2025-09-10,Jaipur,Maharashtra,Organic
C06558,2025-02-07,Ahmedabad,Gujarat,Meta Ads
C06559,2025-01-14,Delhi,Rajasthan,Meta Ads
C06560,2025-12-13,Delhi,Haryana,Organic
C06561,2025-11-06,Jaipur,Karnataka,Influencer
C06562,2025-07-28,Mumbai,West Bengal,Organic
C06563,2025-12-23,Gurgaon,Delhi,Organic
C06564,2025-03-30,Delhi,Karnataka,Meta Ads
C06565,2025-02-25,Pune,Rajasthan,Google Ads
C06566,2025-04-04,Pune,Maharashtra,Organic
C06567,2025-04-03,Hyderabad,Rajasthan,Meta Ads
C06568,2025-12-06,Pune,Delhi,Google Ads
C06569,2025-03-26,Delhi,Telangana,Meta Ads
C06570,2025-09-02,Gurgaon,Tamil Nadu,Organic
C06571,2025-01-22,Chennai,West Bengal,Organic
C06572,2025-10-18,Kolkata,Karnataka,Organic
C06573,2025-09-29,Mumbai,Rajasthan,Google Ads
C06574,2025-11-02,Chennai,Telangana,Organic
C06575,2025-05-02,Gurgaon,Haryana,Email
C06576,2025-05-08,Ahmedabad,Gujarat,Organic
C06577,2025-04-23,Kolkata,Karnataka,Influencer
C06578,2025-09-30,Hyderabad,Gujarat,Meta Ads
C06579,2025-12-02,Ahmedabad,Delhi,Organic
C06580,2025-05-10,Delhi,Gujarat,Meta Ads
C06581,2025-05-12,Gurgaon,Gujarat,Meta Ads
C06582,2025-03-26,Kolkata,Tamil Nadu,Google Ads
C06583,2025-12-16,Hyderabad,Haryana,Google Ads
C06584,2025-03-22,Mumbai,Rajasthan,Organic
C06585,2025-11-21,Mumbai,Tamil Nadu,Email
C06586,2025-03-10,Jaipur,Delhi,Influencer
C06587,2025-05-28,Delhi,Tamil Nadu,Meta Ads
C06588,2025-01-16,Pune,Delhi,Influencer
C06589,2025-11-03,Gurgaon,Tamil Nadu,Organic
C06590,2025-04-15,Hyderabad,Karnataka,Influencer
C06591,2025-06-14,Hyderabad,Tamil Nadu,Google Ads
C06592,2025-07-20,Pune,Tamil Nadu,Meta Ads
C06593,2025-07-16,Pune,Delhi,Organic
C06594,2025-07-04,Ahmedabad,Rajasthan,Organic
C06595,2025-11-18,Kolkata,Gujarat,Email
C06596,2025-09-22,Ahmedabad,Maharashtra,Meta Ads
C06597,2025-12-29,Bangalore,Maharashtra,Organic
C06598,2025-04-10,Bangalore,Haryana,Google Ads
C06599,2025-12-08,Delhi,Maharashtra,Google Ads
C06600,2025-11-16,Jaipur,Delhi,Influencer
C06601,2025-08-02,Gurgaon,Maharashtra,Influencer
C06602,2025-10-05,Hyderabad,Haryana,Organic
C06603,2025-06-11,Kolkata,West Bengal,Meta Ads
C06604,2025-06-06,Mumbai,Haryana,Google Ads
C06605,2025-09-08,Mumbai,Delhi,Meta Ads
C06606,2025-04-07,Chennai,West Bengal,Google Ads
C06607,2025-01-18,Pune,Tamil Nadu,Organic
C06608,2025-11-23,Delhi,West Bengal,Google Ads
C06609,2025-04-07,Chennai,Maharashtra,Organic
C06610,2025-01-01,Chennai,Haryana,Organic
C06611,2025-08-04,Jaipur,Gujarat,Organic
C06612,2025-05-12,Gurgaon,West Bengal,Google Ads
C06613,2025-09-17,Hyderabad,Tamil Nadu,Google Ads
C06614,2025-05-05,Kolkata,Tamil Nadu,Google Ads
C06615,2025-03-23,Mumbai,Delhi,Meta Ads
C06616,2025-10-10,Mumbai,Delhi,Influencer
C06617,2025-06-20,Mumbai,West Bengal,Email
C06618,2025-02-28,Bangalore,Karnataka,Influencer
C06619,2025-02-01,Gurgaon,Tamil Nadu,Organic
C06620,2025-06-10,Delhi,Haryana,Organic
C06621,2025-10-11,Mumbai,Karnataka,Google Ads
C06622,2025-04-16,Jaipur,Tamil Nadu,Meta Ads
C06623,2025-04-15,Mumbai,Karnataka,Google Ads
C06624,2025-08-16,Delhi,Gujarat,Email
C06625,2025-07-07,Bangalore,West Bengal,Meta Ads
C06626,2025-03-11,Jaipur,Rajasthan,Organic
C06627,2025-11-14,Chennai,Haryana,Influencer
C06628,2025-10-17,Delhi,Delhi,Google Ads
C06629,2025-03-28,Chennai,Gujarat,Organic
C06630,2025-12-28,Pune,Maharashtra,Influencer
C06631,2025-02-25,Ahmedabad,Tamil Nadu,Organic
C06632,2025-04-23,Mumbai,Delhi,Organic
C06633,2025-01-13,Delhi,Tamil Nadu,Google Ads
C06634,2025-01-18,Ahmedabad,Telangana,Organic
C06635,2025-07-01,Kolkata,Haryana,Meta Ads
C06636,2025-04-23,Jaipur,West Bengal,Meta Ads
C06637,2025-08-17,Gurgaon,Tamil Nadu,Organic
C06638,2025-06-20,Pune,Delhi,Google Ads
C06639,2025-10-22,Kolkata,Rajasthan,Influencer
C06640,2025-07-08,Kolkata,Tamil Nadu,Google Ads
C06641,2025-03-20,Pune,Tamil Nadu,Influencer
C06642,2025-05-26,Chennai,Rajasthan,Meta Ads
C06643,2025-07-01,Delhi,Haryana,Email
C06644,2025-10-13,Hyderabad,Tamil Nadu,Google Ads
C06645,2025-09-07,Mumbai,Tamil Nadu,Meta Ads
C06646,2025-12-20,Jaipur,West Bengal,Influencer
C06647,2025-11-10,Bangalore,Rajasthan,Email
C06648,2025-07-15,Delhi,Haryana,Email
C06649,2025-11-19,Mumbai,Haryana,Meta Ads
C06650,2025-03-12,Delhi,Telangana,Organic
C06651,2025-09-05,Kolkata,Telangana,Organic
C06652,2025-05-26,Hyderabad,Gujarat,Organic
C06653,2025-04-16,Bangalore,Maharashtra,Google Ads
C06654,2025-09-20,Delhi,Gujarat,Google Ads
C06655,2025-10-23,Mumbai,Maharashtra,Email
C06656,2025-03-11,Bangalore,Delhi,Influencer
C06657,2025-07-12,Bangalore,Rajasthan,Influencer
C06658,2025-03-09,Gurgaon,Gujarat,Organic
C06659,2025-11-01,Jaipur,Tamil Nadu,Organic
C06660,2025-02-21,Kolkata,Telangana,Meta Ads
C06661,2025-12-29,Gurgaon,Maharashtra,Influencer
C06662,2025-10-12,Mumbai,Gujarat,Organic
C06663,2025-11-30,Mumbai,Karnataka,Google Ads
C06664,2025-01-09,Chennai,Telangana,Influencer
C06665,2025-09-08,Delhi,Haryana,Influencer
C06666,2025-11-28,Delhi,Telangana,Email
C06667,2025-10-25,Chennai,Gujarat,Google Ads
C06668,2025-07-03,Ahmedabad,Rajasthan,Organic
C06669,2025-06-28,Pune,Delhi,Email
C06670,2025-07-17,Delhi,Maharashtra,Google Ads
C06671,2025-05-08,Pune,Telangana,Influencer
C06672,2025-01-20,Delhi,Delhi,Email
C06673,2025-11-24,Jaipur,Tamil Nadu,Organic
C06674,2025-03-06,Ahmedabad,Haryana,Email
C06675,2025-07-01,Hyderabad,West Bengal,Google Ads
C06676,2025-08-29,Ahmedabad,Tamil Nadu,Meta Ads
C06677,2025-01-24,Mumbai,Karnataka,Meta Ads
C06678,2025-03-24,Chennai,Haryana,Organic
C06679,2025-11-15,Mumbai,Karnataka,Meta Ads
C06680,2025-07-04,Hyderabad,Rajasthan,Organic
C06681,2025-11-12,Gurgaon,Maharashtra,Meta Ads
C06682,2025-04-09,Mumbai,Tamil Nadu,Email
C06683,2025-03-03,Mumbai,Rajasthan,Meta Ads
C06684,2025-10-13,Mumbai,West Bengal,Organic
C06685,2025-01-22,Bangalore,Haryana,Organic
C06686,2025-07-31,Pune,Maharashtra,Influencer
C06687,2025-05-06,Ahmedabad,Maharashtra,Google Ads
C06688,2025-02-11,Gurgaon,Telangana,Email
C06689,2025-04-08,Ahmedabad,Maharashtra,Google Ads
C06690,2025-01-31,Jaipur,Gujarat,Meta Ads
C06691,2025-06-07,Pune,West Bengal,Organic
C06692,2025-04-22,Gurgaon,West Bengal,Organic
C06693,2025-09-04,Jaipur,Karnataka,Google Ads
C06694,2025-05-02,Kolkata,West Bengal,Organic
C06695,2025-09-30,Bangalore,Gujarat,Google Ads
C06696,2025-10-21,Mumbai,Haryana,Meta Ads
C06697,2025-07-26,Bangalore,Delhi,Meta Ads
C06698,2025-04-20,Ahmedabad,Delhi,Email
C06699,2025-10-05,Gurgaon,Telangana,Influencer
C06700,2025-02-25,Jaipur,Maharashtra,Meta Ads
C06701,2025-02-26,Hyderabad,West Bengal,Meta Ads
C06702,2025-10-18,Jaipur,Karnataka,Google Ads
C06703,2025-04-24,Bangalore,Telangana,Influencer
C06704,2025-11-04,Mumbai,Rajasthan,Meta Ads
C06705,2025-12-07,Hyderabad,Maharashtra,Organic
C06706,2025-07-17,Ahmedabad,Gujarat,Meta Ads
C06707,2025-11-17,Hyderabad,Delhi,Organic
C06708,2025-06-28,Pune,Karnataka,Meta Ads
C06709,2025-08-07,Kolkata,Telangana,Meta Ads
C06710,2025-10-04,Mumbai,Tamil Nadu,Organic
C06711,2025-01-16,Bangalore,Delhi,Organic
C06712,2025-03-02,Gurgaon,Gujarat,Influencer
C06713,2025-02-23,Chennai,Maharashtra,Meta Ads
C06714,2025-06-17,Hyderabad,Haryana,Organic
C06715,2025-01-26,Delhi,Tamil Nadu,Meta Ads
C06716,2025-12-02,Chennai,Gujarat,Organic
C06717,2025-03-06,Ahmedabad,Karnataka,Meta Ads
C06718,2025-04-10,Delhi,Rajasthan,Meta Ads
C06719,2025-03-15,Delhi,Haryana,Google Ads
C06720,2025-07-11,Delhi,Gujarat,Google Ads
C06721,2025-06-20,Jaipur,Telangana,Google Ads
C06722,2025-09-30,Chennai,Rajasthan,Organic
C06723,2025-07-06,Ahmedabad,Gujarat,Google Ads
C06724,2025-01-23,Bangalore,Haryana,Meta Ads
C06725,2025-06-30,Kolkata,Karnataka,Google Ads
C06726,2025-11-23,Ahmedabad,Delhi,Meta Ads
C06727,2025-04-18,Bangalore,Haryana,Meta Ads
C06728,2025-12-01,Bangalore,Haryana,Meta Ads
C06729,2025-06-11,Delhi,Telangana,Meta Ads
C06730,2025-10-29,Mumbai,Gujarat,Influencer
C06731,2025-07-25,Chennai,Karnataka,Organic
C06732,2025-03-19,Bangalore,Rajasthan,Google Ads
C06733,2025-01-16,Chennai,Karnataka,Organic
C06734,2025-11-23,Pune,Telangana,Email
C06735,2025-04-06,Jaipur,Tamil Nadu,Google Ads
C06736,2025-05-27,Kolkata,Rajasthan,Google Ads
C06737,2025-01-02,Pune,Maharashtra,Email
C06738,2025-01-10,Bangalore,Maharashtra,Influencer
C06739,2025-05-05,Ahmedabad,Maharashtra,Influencer
C06740,2025-03-22,Chennai,Haryana,Organic
C06741,2025-05-20,Pune,Tamil Nadu,Google Ads
C06742,2025-11-22,Chennai,Karnataka,Organic
C06743,2025-05-30,Jaipur,Karnataka,Organic
C06744,2025-10-15,Ahmedabad,Maharashtra,Google Ads
C06745,2025-12-27,Pune,Tamil Nadu,Influencer
C06746,2025-12-06,Chennai,Delhi,Email
C06747,2025-05-09,Ahmedabad,Rajasthan,Organic
C06748,2025-08-27,Delhi,Telangana,Google Ads
C06749,2025-02-27,Hyderabad,Maharashtra,Organic
C06750,2025-07-17,Delhi,Tamil Nadu,Meta Ads
C06751,2025-07-30,Kolkata,Haryana,Email
C06752,2025-02-14,Bangalore,Karnataka,Organic
C06753,2025-04-07,Mumbai,Karnataka,Meta Ads
C06754,2025-10-06,Hyderabad,Haryana,Organic
C06755,2025-01-23,Bangalore,Telangana,Influencer
C06756,2025-12-01,Pune,Haryana,Meta Ads
C06757,2025-02-13,Kolkata,Maharashtra,Meta Ads
C06758,2025-01-27,Jaipur,Delhi,Google Ads
C06759,2025-10-09,Kolkata,Haryana,Influencer
C06760,2025-04-07,Chennai,Delhi,Meta Ads
C06761,2025-02-05,Kolkata,Karnataka,Organic
C06762,2025-04-19,Pune,Gujarat,Google Ads
C06763,2025-02-24,Jaipur,Gujarat,Meta Ads
C06764,2025-07-11,Jaipur,Rajasthan,Google Ads
C06765,2025-08-07,Gurgaon,Delhi,Google Ads
C06766,2025-07-04,Kolkata,Telangana,Email
C06767,2025-03-10,Delhi,Tamil Nadu,Email
C06768,2025-11-13,Gurgaon,West Bengal,Meta Ads
C06769,2025-05-10,Gurgaon,Haryana,Google Ads
C06770,2025-02-24,Pune,West Bengal,Email
C06771,2025-04-07,Hyderabad,Gujarat,Google Ads
C06772,2025-12-02,Delhi,Tamil Nadu,Google Ads
C06773,2025-03-28,Jaipur,Telangana,Meta Ads
C06774,2025-10-21,Kolkata,Delhi,Influencer
C06775,2025-04-29,Gurgaon,Haryana,Google Ads
C06776,2025-07-27,Bangalore,Telangana,Organic
C06777,2025-11-30,Bangalore,Haryana,Google Ads
C06778,2025-06-03,Gurgaon,Telangana,Meta Ads
C06779,2025-02-04,Chennai,Rajasthan,Meta Ads
C06780,2025-03-20,Kolkata,Karnataka,Email
C06781,2025-03-08,Pune,Karnataka,Email
C06782,2025-12-09,Jaipur,West Bengal,Organic
C06783,2025-02-03,Gurgaon,Maharashtra,Meta Ads
C06784,2025-04-07,Delhi,Rajasthan,Google Ads
C06785,2025-06-18,Gurgaon,Gujarat,Organic
C06786,2025-06-18,Ahmedabad,Tamil Nadu,Google Ads
C06787,2025-05-31,Jaipur,Rajasthan,Email
C06788,2025-03-12,Hyderabad,Karnataka,Meta Ads
C06789,2025-01-03,Jaipur,Telangana,Organic
C06790,2025-11-10,Delhi,West Bengal,Google Ads
C06791,2025-02-01,Ahmedabad,Delhi,Organic
C06792,2025-10-14,Hyderabad,Delhi,Organic
C06793,2025-03-23,Mumbai,Delhi,Google Ads
C06794,2025-02-12,Delhi,Gujarat,Meta Ads
C06795,2025-04-15,Bangalore,Tamil Nadu,Google Ads
C06796,2025-01-01,Chennai,Karnataka,Email
C06797,2025-03-02,Jaipur,West Bengal,Organic
C06798,2025-09-27,Mumbai,Tamil Nadu,Meta Ads
C06799,2025-06-29,Ahmedabad,Haryana,Influencer
C06800,2025-08-12,Mumbai,Karnataka,Meta Ads
C06801,2025-01-06,Pune,Telangana,Google Ads
C06802,2025-04-13,Kolkata,Delhi,Google Ads
C06803,2025-01-10,Jaipur,Rajasthan,Google Ads
C06804,2025-03-12,Kolkata,Haryana,Google Ads
C06805,2025-03-31,Bangalore,Maharashtra,Influencer
C06806,2025-08-14,Mumbai,Rajasthan,Meta Ads
C06807,2025-06-07,Ahmedabad,West Bengal,Google Ads
C06808,2025-08-16,Bangalore,Gujarat,Meta Ads
C06809,2025-05-06,Kolkata,Karnataka,Google Ads
C06810,2025-07-28,Mumbai,West Bengal,Meta Ads
C06811,2025-04-07,Bangalore,Delhi,Meta Ads
C06812,2025-03-15,Delhi,Tamil Nadu,Google Ads
C06813,2025-04-25,Gurgaon,Tamil Nadu,Meta Ads
C06814,2025-07-10,Chennai,Tamil Nadu,Google Ads
C06815,2025-06-19,Hyderabad,Karnataka,Google Ads
C06816,2025-11-03,Delhi,Tamil Nadu,Google Ads
C06817,2025-07-23,Bangalore,Karnataka,Meta Ads
C06818,2025-02-25,Ahmedabad,Rajasthan,Meta Ads
C06819,2025-07-27,Pune,West Bengal,Organic
C06820,2025-02-10,Gurgaon,Telangana,Organic
C06821,2025-02-01,Hyderabad,Karnataka,Organic
C06822,2025-01-15,Delhi,Tamil Nadu,Email
C06823,2025-03-03,Pune,Rajasthan,Email
C06824,2025-06-04,Pune,Karnataka,Meta Ads
C06825,2025-10-11,Pune,Gujarat,Meta Ads
C06826,2025-07-28,Gurgaon,Tamil Nadu,Influencer
C06827,2025-11-16,Mumbai,Telangana,Meta Ads
C06828,2025-07-06,Delhi,Haryana,Organic
C06829,2025-05-10,Mumbai,Karnataka,Email
C06830,2025-05-07,Jaipur,Maharashtra,Organic
C06831,2025-10-19,Gurgaon,Rajasthan,Meta Ads
C06832,2025-04-24,Pune,Karnataka,Influencer
C06833,2025-07-18,Pune,Tamil Nadu,Google Ads
C06834,2025-01-13,Gurgaon,Haryana,Email
C06835,2025-09-28,Jaipur,Gujarat,Meta Ads
C06836,2025-03-30,Chennai,Haryana,Google Ads
C06837,2025-08-03,Ahmedabad,Gujarat,Influencer
C06838,2025-10-05,Chennai,Haryana,Meta Ads
C06839,2025-07-22,Mumbai,Tamil Nadu,Meta Ads
C06840,2025-03-15,Gurgaon,Haryana,Meta Ads
C06841,2025-01-25,Ahmedabad,Maharashtra,Google Ads
C06842,2025-04-11,Chennai,Tamil Nadu,Email
C06843,2025-06-25,Mumbai,West Bengal,Meta Ads
C06844,2025-04-27,Bangalore,Karnataka,Meta Ads
C06845,2025-06-15,Kolkata,Karnataka,Organic
C06846,2025-02-10,Ahmedabad,West Bengal,Meta Ads
C06847,2025-12-10,Hyderabad,Telangana,Google Ads
C06848,2025-04-30,Ahmedabad,Maharashtra,Google Ads
C06849,2025-04-07,Mumbai,Rajasthan,Google Ads
C06850,2025-05-25,Pune,Rajasthan,Meta Ads
C06851,2025-08-04,Mumbai,Tamil Nadu,Meta Ads
C06852,2025-08-17,Delhi,Maharashtra,Influencer
C06853,2025-11-09,Pune,Karnataka,Meta Ads
C06854,2025-05-10,Mumbai,Haryana,Influencer
C06855,2025-12-18,Chennai,Haryana,Influencer
C06856,2025-11-14,Kolkata,Rajasthan,Meta Ads
C06857,2025-05-17,Mumbai,Karnataka,Email
C06858,2025-11-20,Chennai,Maharashtra,Meta Ads
C06859,2025-12-03,Hyderabad,Gujarat,Influencer
C06860,2025-09-30,Delhi,West Bengal,Google Ads
C06861,2025-04-27,Bangalore,Rajasthan,Meta Ads
C06862,2025-11-02,Delhi,Karnataka,Email
C06863,2025-04-04,Pune,Tamil Nadu,Email
C06864,2025-06-17,Kolkata,Haryana,Google Ads
C06865,2025-07-22,Delhi,Haryana,Google Ads
C06866,2025-12-07,Ahmedabad,Gujarat,Email
C06867,2025-05-29,Bangalore,Delhi,Organic
C06868,2025-07-02,Pune,Delhi,Meta Ads
C06869,2025-06-01,Ahmedabad,Karnataka,Google Ads
C06870,2025-03-15,Pune,Maharashtra,Influencer
C06871,2025-12-31,Ahmedabad,Maharashtra,Influencer
C06872,2025-10-01,Jaipur,Maharashtra,Email
C06873,2025-02-11,Kolkata,Telangana,Meta Ads
C06874,2025-07-31,Chennai,Delhi,Organic
C06875,2025-04-11,Delhi,Rajasthan,Meta Ads
C06876,2025-02-14,Hyderabad,Haryana,Organic
C06877,2025-03-23,Ahmedabad,Haryana,Organic
C06878,2025-01-17,Jaipur,Rajasthan,Meta Ads
C06879,2025-03-14,Kolkata,Haryana,Organic
C06880,2025-01-14,Hyderabad,Gujarat,Meta Ads
C06881,2025-06-06,Delhi,Delhi,Google Ads
C06882,2025-08-11,Jaipur,Delhi,Google Ads
C06883,2025-05-12,Hyderabad,Telangana,Influencer
C06884,2025-12-04,Bangalore,Gujarat,Google Ads
C06885,2025-02-16,Gurgaon,Karnataka,Meta Ads
C06886,2025-04-17,Pune,Delhi,Meta Ads
C06887,2025-04-18,Pune,Rajasthan,Organic
C06888,2025-09-22,Mumbai,Rajasthan,Meta Ads
C06889,2025-07-24,Bangalore,Rajasthan,Influencer
C06890,2025-03-20,Gurgaon,Rajasthan,Email
C06891,2025-06-04,Mumbai,Maharashtra,Google Ads
C06892,2025-09-28,Hyderabad,Telangana,Organic
C06893,2025-09-04,Mumbai,Maharashtra,Google Ads
C06894,2025-01-19,Ahmedabad,West Bengal,Google Ads
C06895,2025-12-12,Bangalore,Karnataka,Meta Ads
C06896,2025-01-26,Jaipur,Rajasthan,Google Ads
C06897,2025-08-05,Jaipur,West Bengal,Email
C06898,2025-06-03,Gurgaon,Gujarat,Email
C06899,2025-06-03,Delhi,Rajasthan,Email
C06900,2025-06-23,Jaipur,Gujarat,Email
C06901,2025-04-02,Bangalore,West Bengal,Meta Ads
C06902,2025-12-04,Kolkata,Rajasthan,Meta Ads
C06903,2025-06-30,Pune,Delhi,Google Ads
C06904,2025-05-11,Kolkata,Telangana,Organic
C06905,2025-10-25,Mumbai,Telangana,Google Ads
C06906,2025-10-02,Chennai,Haryana,Email
C06907,2025-09-30,Ahmedabad,Gujarat,Organic
C06908,2025-03-17,Chennai,Delhi,Organic
C06909,2025-06-26,Bangalore,Tamil Nadu,Meta Ads
C06910,2025-07-03,Chennai,Rajasthan,Meta Ads
C06911,2025-11-15,Kolkata,Gujarat,Google Ads
C06912,2025-05-11,Delhi,Maharashtra,Email
C06913,2025-12-29,Bangalore,West Bengal,Google Ads
C06914,2025-02-18,Pune,Haryana,Organic
C06915,2025-02-24,Gurgaon,Maharashtra,Email
C06916,2025-06-03,Bangalore,Delhi,Meta Ads
C06917,2025-12-21,Hyderabad,Maharashtra,Meta Ads
C06918,2025-07-19,Pune,Tamil Nadu,Organic
C06919,2025-11-04,Bangalore,Gujarat,Organic
C06920,2025-12-22,Hyderabad,Karnataka,Email
C06921,2025-04-28,Pune,Haryana,Meta Ads
C06922,2025-09-20,Mumbai,Maharashtra,Google Ads
C06923,2025-02-15,Jaipur,Gujarat,Google Ads
C06924,2025-10-29,Ahmedabad,Telangana,Organic
C06925,2025-12-22,Jaipur,Tamil Nadu,Meta Ads
C06926,2025-07-08,Kolkata,Karnataka,Organic
C06927,2025-11-06,Gurgaon,Gujarat,Google Ads
C06928,2025-11-14,Jaipur,Gujarat,Organic
C06929,2025-05-09,Bangalore,Karnataka,Google Ads
C06930,2025-02-18,Mumbai,Rajasthan,Google Ads
C06931,2025-01-25,Chennai,Haryana,Email
C06932,2025-09-23,Kolkata,Rajasthan,Meta Ads
C06933,2025-04-28,Jaipur,West Bengal,Meta Ads
C06934,2025-05-24,Delhi,Karnataka,Organic
C06935,2025-07-19,Gurgaon,Tamil Nadu,Organic
C06936,2025-06-06,Chennai,Maharashtra,Google Ads
C06937,2025-12-14,Ahmedabad,Tamil Nadu,Google Ads
C06938,2025-05-14,Bangalore,Haryana,Meta Ads
C06939,2025-05-28,Mumbai,Karnataka,Meta Ads
C06940,2025-12-02,Pune,West Bengal,Meta Ads
C06941,2025-03-12,Jaipur,Telangana,Email
C06942,2025-08-21,Delhi,Tamil Nadu,Influencer
C06943,2025-11-30,Gurgaon,Rajasthan,Meta Ads
C06944,2025-10-26,Ahmedabad,Tamil Nadu,Meta Ads
C06945,2025-06-03,Jaipur,Telangana,Meta Ads
C06946,2025-03-31,Ahmedabad,Maharashtra,Meta Ads
C06947,2025-11-30,Chennai,Rajasthan,Influencer
C06948,2025-07-18,Chennai,Telangana,Google Ads
C06949,2025-06-10,Kolkata,Telangana,Meta Ads
C06950,2025-01-26,Jaipur,Maharashtra,Google Ads
C06951,2025-05-01,Mumbai,Haryana,Meta Ads
C06952,2025-10-28,Gurgaon,Tamil Nadu,Google Ads
C06953,2025-07-31,Pune,Tamil Nadu,Organic
C06954,2025-03-04,Pune,Karnataka,Google Ads
C06955,2025-03-09,Bangalore,Rajasthan,Meta Ads
C06956,2025-09-10,Bangalore,West Bengal,Google Ads
C06957,2025-01-02,Gurgaon,Karnataka,Influencer
C06958,2025-04-18,Jaipur,Telangana,Meta Ads
C06959,2025-10-13,Jaipur,West Bengal,Meta Ads
C06960,2025-02-18,Chennai,Gujarat,Google Ads
C06961,2025-05-20,Delhi,Tamil Nadu,Google Ads
C06962,2025-08-06,Bangalore,Telangana,Meta Ads
C06963,2025-02-13,Delhi,Maharashtra,Meta Ads
C06964,2025-09-26,Jaipur,Gujarat,Meta Ads
C06965,2025-03-19,Bangalore,Delhi,Google Ads
C06966,2025-08-04,Pune,Rajasthan,Meta Ads
C06967,2025-04-08,Ahmedabad,Gujarat,Organic
C06968,2025-08-24,Bangalore,Karnataka,Organic
C06969,2025-10-09,Jaipur,Telangana,Google Ads
C06970,2025-05-29,Jaipur,Telangana,Google Ads
C06971,2025-10-31,Ahmedabad,Maharashtra,Organic
C06972,2025-03-07,Delhi,Haryana,Email
C06973,2025-08-22,Gurgaon,Karnataka,Influencer
C06974,2025-03-28,Ahmedabad,Delhi,Organic
C06975,2025-03-20,Pune,Maharashtra,Influencer
C06976,2025-07-24,Jaipur,West Bengal,Google Ads
C06977,2025-10-06,Mumbai,Delhi,Google Ads
C06978,2025-12-03,Pune,Maharashtra,Meta Ads
C06979,2025-09-11,Delhi,West Bengal,Google Ads
C06980,2025-10-31,Ahmedabad,Delhi,Meta Ads
C06981,2025-05-10,Jaipur,West Bengal,Meta Ads
C06982,2025-03-25,Jaipur,Gujarat,Meta Ads
C06983,2025-10-03,Ahmedabad,Maharashtra,Email
C06984,2025-07-06,Gurgaon,Telangana,Meta Ads
C06985,2025-02-15,Ahmedabad,West Bengal,Google Ads
C06986,2025-07-02,Bangalore,Delhi,Email
C06987,2025-09-25,Hyderabad,Tamil Nadu,Organic
C06988,2025-10-23,Gurgaon,Haryana,Google Ads
C06989,2025-11-18,Hyderabad,Tamil Nadu,Influencer
C06990,2025-04-10,Delhi,Gujarat,Google Ads
C06991,2025-03-19,Chennai,Delhi,Meta Ads
C06992,2025-09-29,Pune,Karnataka,Influencer
C06993,2025-12-05,Kolkata,Rajasthan,Meta Ads
C06994,2025-06-11,Ahmedabad,Gujarat,Influencer
C06995,2025-02-13,Pune,Telangana,Meta Ads
C06996,2025-08-26,Kolkata,Rajasthan,Organic
C06997,2025-05-14,Delhi,West Bengal,Google Ads
C06998,2025-07-11,Delhi,Maharashtra,Email
C06999,2025-12-22,Chennai,Delhi,Google Ads
C07000,2025-10-05,Gurgaon,Delhi,Email
C07001,2025-01-18,Pune,Karnataka,Google Ads
C07002,2025-01-12,Pune,Maharashtra,Organic
C07003,2025-06-29,Ahmedabad,Telangana,Organic
C07004,2025-05-03,Delhi,Gujarat,Meta Ads
C07005,2025-09-03,Kolkata,Haryana,Influencer
C07006,2025-08-10,Mumbai,Haryana,Meta Ads
C07007,2025-02-20,Chennai,Tamil Nadu,Google Ads
C07008,2025-03-12,Gurgaon,Haryana,Influencer
C07009,2025-02-17,Jaipur,Haryana,Email
C07010,2025-01-19,Mumbai,West Bengal,Organic
C07011,2025-09-19,Bangalore,Tamil Nadu,Google Ads
C07012,2025-03-25,Hyderabad,Maharashtra,Google Ads
C07013,2025-06-04,Chennai,Delhi,Influencer
C07014,2025-02-22,Kolkata,Delhi,Email
C07015,2025-04-17,Mumbai,Telangana,Organic
C07016,2025-12-23,Kolkata,Maharashtra,Google Ads
C07017,2025-10-31,Ahmedabad,Tamil Nadu,Meta Ads
C07018,2025-05-15,Chennai,Rajasthan,Meta Ads
C07019,2025-03-10,Delhi,Gujarat,Influencer
C07020,2025-01-11,Gurgaon,Telangana,Email
C07021,2025-05-23,Kolkata,Maharashtra,Organic
C07022,2025-07-11,Pune,Delhi,Email
C07023,2025-03-10,Mumbai,West Bengal,Google Ads
C07024,2025-01-23,Pune,Karnataka,Organic
C07025,2025-06-30,Kolkata,Tamil Nadu,Google Ads
C07026,2025-10-20,Mumbai,Haryana,Google Ads
C07027,2025-01-09,Delhi,Haryana,Organic
C07028,2025-09-28,Hyderabad,Maharashtra,Google Ads
C07029,2025-04-03,Hyderabad,Rajasthan,Organic
C07030,2025-01-17,Ahmedabad,Telangana,Organic
C07031,2025-06-03,Bangalore,Delhi,Influencer
C07032,2025-11-24,Hyderabad,Maharashtra,Organic
C07033,2025-05-29,Bangalore,Rajasthan,Google Ads
C07034,2025-09-24,Mumbai,West Bengal,Google Ads
C07035,2025-11-24,Hyderabad,Maharashtra,Meta Ads
C07036,2025-04-16,Kolkata,West Bengal,Meta Ads
C07037,2025-02-04,Delhi,Telangana,Organic
C07038,2025-04-29,Kolkata,Maharashtra,Meta Ads
C07039,2025-01-14,Kolkata,Telangana,Organic
C07040,2025-01-14,Bangalore,Haryana,Google Ads
C07041,2025-09-23,Jaipur,Telangana,Meta Ads
C07042,2025-05-20,Jaipur,Karnataka,Google Ads
C07043,2025-10-21,Gurgaon,Tamil Nadu,Meta Ads
C07044,2025-12-30,Hyderabad,Delhi,Meta Ads
C07045,2025-04-29,Delhi,Gujarat,Meta Ads
C07046,2025-08-26,Delhi,Haryana,Meta Ads
C07047,2025-02-03,Pune,Gujarat,Google Ads
C07048,2025-06-18,Kolkata,Telangana,Google Ads
C07049,2025-01-10,Delhi,Telangana,Google Ads
C07050,2025-05-02,Mumbai,Haryana,Meta Ads
C07051,2025-05-25,Chennai,Haryana,Meta Ads
C07052,2025-08-11,Kolkata,Tamil Nadu,Organic
C07053,2025-09-14,Bangalore,Haryana,Google Ads
C07054,2025-09-25,Kolkata,Haryana,Organic
C07055,2025-12-25,Delhi,Gujarat,Google Ads
C07056,2025-01-04,Ahmedabad,Tamil Nadu,Email
C07057,2025-12-20,Mumbai,Maharashtra,Google Ads
C07058,2025-04-16,Mumbai,Telangana,Organic
C07059,2025-03-26,Hyderabad,Telangana,Meta Ads
C07060,2025-08-02,Jaipur,Haryana,Google Ads
C07061,2025-05-01,Bangalore,Tamil Nadu,Organic
C07062,2025-05-12,Hyderabad,Haryana,Meta Ads
C07063,2025-12-04,Gurgaon,Tamil Nadu,Meta Ads
C07064,2025-07-16,Chennai,Gujarat,Email
C07065,2025-01-19,Pune,Telangana,Email
C07066,2025-05-10,Mumbai,Karnataka,Organic
C07067,2025-01-12,Bangalore,Rajasthan,Influencer
C07068,2025-03-22,Jaipur,Karnataka,Meta Ads
C07069,2025-11-26,Bangalore,Gujarat,Organic
C07070,2025-12-20,Pune,Haryana,Meta Ads
C07071,2025-09-19,Pune,Rajasthan,Organic
C07072,2025-05-05,Hyderabad,Karnataka,Influencer
C07073,2025-11-03,Kolkata,Gujarat,Meta Ads
C07074,2025-09-24,Gurgaon,West Bengal,Organic
C07075,2025-05-20,Gurgaon,West Bengal,Google Ads
C07076,2025-11-25,Delhi,Rajasthan,Google Ads
C07077,2025-01-02,Gurgaon,Gujarat,Email
C07078,2025-01-08,Bangalore,Karnataka,Influencer
C07079,2025-09-07,Gurgaon,Tamil Nadu,Meta Ads
C07080,2025-05-19,Jaipur,Tamil Nadu,Organic
C07081,2025-05-04,Gurgaon,Haryana,Google Ads
C07082,2025-11-05,Mumbai,Karnataka,Meta Ads
C07083,2025-08-16,Delhi,Rajasthan,Influencer
C07084,2025-01-10,Bangalore,West Bengal,Meta Ads
C07085,2025-07-31,Pune,Telangana,Meta Ads
C07086,2025-04-22,Hyderabad,Tamil Nadu,Meta Ads
C07087,2025-01-08,Chennai,Haryana,Google Ads
C07088,2025-10-19,Hyderabad,Delhi,Meta Ads
C07089,2025-12-28,Kolkata,Maharashtra,Organic
C07090,2025-09-10,Chennai,Delhi,Google Ads
C07091,2025-01-14,Jaipur,Rajasthan,Google Ads
C07092,2025-08-28,Ahmedabad,Rajasthan,Meta Ads
C07093,2025-08-30,Delhi,Haryana,Google Ads
C07094,2025-12-08,Pune,Gujarat,Google Ads
C07095,2025-05-29,Hyderabad,Telangana,Google Ads
C07096,2025-08-24,Gurgaon,Delhi,Meta Ads
C07097,2025-11-02,Delhi,Telangana,Meta Ads
C07098,2025-06-16,Gurgaon,West Bengal,Meta Ads
C07099,2025-01-20,Delhi,Maharashtra,Organic
C07100,2025-08-04,Delhi,Maharashtra,Meta Ads
C07101,2025-12-09,Kolkata,Tamil Nadu,Google Ads
C07102,2025-05-15,Mumbai,Rajasthan,Google Ads
C07103,2025-05-09,Jaipur,Karnataka,Email
C07104,2025-10-21,Gurgaon,West Bengal,Influencer
C07105,2025-09-03,Gurgaon,Rajasthan,Email
C07106,2025-07-08,Gurgaon,Rajasthan,Influencer
C07107,2025-02-13,Kolkata,Telangana,Organic
C07108,2025-03-27,Hyderabad,Maharashtra,Influencer
C07109,2025-02-13,Bangalore,Delhi,Organic
C07110,2025-11-26,Gurgaon,Tamil Nadu,Google Ads
C07111,2025-05-25,Hyderabad,Haryana,Google Ads
C07112,2025-02-20,Mumbai,Tamil Nadu,Organic
C07113,2025-08-30,Gurgaon,West Bengal,Influencer
C07114,2025-10-21,Jaipur,Rajasthan,Meta Ads
C07115,2025-02-20,Pune,Tamil Nadu,Meta Ads
C07116,2025-09-23,Ahmedabad,Tamil Nadu,Influencer
C07117,2025-04-30,Gurgaon,Karnataka,Organic
C07118,2025-07-19,Bangalore,Gujarat,Influencer
C07119,2025-09-05,Pune,Rajasthan,Email
C07120,2025-03-11,Jaipur,Delhi,Meta Ads
C07121,2025-12-07,Kolkata,Tamil Nadu,Meta Ads
C07122,2025-02-26,Ahmedabad,West Bengal,Google Ads
C07123,2025-02-08,Kolkata,Gujarat,Influencer
C07124,2025-10-16,Bangalore,Gujarat,Meta Ads
C07125,2025-01-18,Ahmedabad,West Bengal,Meta Ads
C07126,2025-08-08,Bangalore,Gujarat,Meta Ads
C07127,2025-11-09,Kolkata,Rajasthan,Google Ads
C07128,2025-09-01,Jaipur,West Bengal,Google Ads
C07129,2025-12-18,Ahmedabad,Karnataka,Influencer
C07130,2025-10-31,Chennai,Rajasthan,Organic
C07131,2025-10-25,Hyderabad,Delhi,Influencer
C07132,2025-10-10,Jaipur,Gujarat,Google Ads
C07133,2025-03-15,Ahmedabad,Tamil Nadu,Organic
C07134,2025-04-20,Bangalore,Karnataka,Google Ads
C07135,2025-06-29,Bangalore,Rajasthan,Google Ads
C07136,2025-02-01,Mumbai,Tamil Nadu,Meta Ads
C07137,2025-08-22,Jaipur,West Bengal,Organic
C07138,2025-10-09,Bangalore,Maharashtra,Organic
C07139,2025-01-25,Delhi,Delhi,Meta Ads
C07140,2025-11-27,Hyderabad,Delhi,Meta Ads
C07141,2025-10-06,Kolkata,Karnataka,Meta Ads
C07142,2025-08-14,Pune,Karnataka,Meta Ads
C07143,2025-02-26,Mumbai,Gujarat,Google Ads
C07144,2025-06-29,Bangalore,West Bengal,Google Ads
C07145,2025-08-20,Delhi,Gujarat,Meta Ads
C07146,2025-12-09,Mumbai,Delhi,Google Ads
C07147,2025-10-14,Delhi,Telangana,Email
C07148,2025-03-05,Mumbai,Gujarat,Meta Ads
C07149,2025-08-20,Bangalore,Maharashtra,Meta Ads
C07150,2025-10-16,Delhi,West Bengal,Google Ads
C07151,2025-08-01,Ahmedabad,Gujarat,Organic
C07152,2025-09-15,Jaipur,Rajasthan,Organic
C07153,2025-01-18,Pune,West Bengal,Organic
C07154,2025-06-24,Kolkata,Rajasthan,Organic
C07155,2025-08-17,Pune,Maharashtra,Influencer
C07156,2025-08-14,Kolkata,Delhi,Email
C07157,2025-03-25,Chennai,Delhi,Google Ads
C07158,2025-10-18,Hyderabad,Telangana,Email
C07159,2025-09-03,Chennai,Delhi,Organic
C07160,2025-04-20,Gurgaon,West Bengal,Organic
C07161,2025-09-11,Bangalore,Gujarat,Organic
C07162,2025-03-29,Ahmedabad,Karnataka,Email
C07163,2025-03-13,Jaipur,Delhi,Email
C07164,2025-01-30,Ahmedabad,Karnataka,Meta Ads
C07165,2025-06-21,Pune,Maharashtra,Google Ads
C07166,2025-11-05,Kolkata,Tamil Nadu,Email
C07167,2025-12-09,Chennai,West Bengal,Google Ads
C07168,2025-06-26,Ahmedabad,Rajasthan,Meta Ads
C07169,2025-05-19,Chennai,Haryana,Meta Ads
C07170,2025-07-13,Hyderabad,Telangana,Organic
C07171,2025-07-05,Hyderabad,Delhi,Organic
C07172,2025-08-06,Kolkata,Tamil Nadu,Meta Ads
C07173,2025-06-13,Gurgaon,Gujarat,Organic
C07174,2025-06-10,Ahmedabad,Telangana,Email
C07175,2025-01-13,Jaipur,Delhi,Meta Ads
C07176,2025-10-23,Chennai,Haryana,Meta Ads
C07177,2025-03-30,Chennai,Haryana,Influencer
C07178,2025-11-20,Hyderabad,Maharashtra,Email
C07179,2025-02-11,Bangalore,Tamil Nadu,Meta Ads
C07180,2025-07-29,Kolkata,Rajasthan,Organic
C07181,2025-08-17,Chennai,Tamil Nadu,Organic
C07182,2025-12-16,Hyderabad,Gujarat,Meta Ads
C07183,2025-10-02,Hyderabad,Karnataka,Influencer
C07184,2025-10-06,Delhi,Maharashtra,Google Ads
C07185,2025-09-08,Chennai,Telangana,Organic
C07186,2025-11-06,Delhi,Rajasthan,Google Ads
C07187,2025-07-27,Jaipur,Rajasthan,Influencer
C07188,2025-11-17,Jaipur,Karnataka,Meta Ads
C07189,2025-05-20,Hyderabad,Delhi,Google Ads
C07190,2025-10-07,Bangalore,Delhi,Google Ads
C07191,2025-02-03,Bangalore,Telangana,Meta Ads
C07192,2025-11-05,Delhi,Telangana,Influencer
C07193,2025-01-18,Hyderabad,Tamil Nadu,Meta Ads
C07194,2025-02-26,Delhi,Haryana,Organic
C07195,2025-04-22,Kolkata,Tamil Nadu,Influencer
C07196,2025-01-05,Delhi,West Bengal,Organic
C07197,2025-07-01,Gurgaon,West Bengal,Google Ads
C07198,2025-01-13,Chennai,Rajasthan,Influencer
C07199,2025-12-05,Jaipur,Tamil Nadu,Google Ads
C07200,2025-10-12,Mumbai,Gujarat,Meta Ads
C07201,2025-09-16,Hyderabad,Maharashtra,Google Ads
C07202,2025-03-31,Bangalore,Gujarat,Organic
C07203,2025-04-14,Ahmedabad,Rajasthan,Organic
C07204,2025-07-05,Chennai,Telangana,Organic
C07205,2025-09-07,Mumbai,Haryana,Meta Ads
C07206,2025-09-12,Gurgaon,Haryana,Organic
C07207,2025-03-17,Ahmedabad,Maharashtra,Google Ads
C07208,2025-04-18,Bangalore,Haryana,Meta Ads
C07209,2025-06-05,Gurgaon,Rajasthan,Email
C07210,2025-03-23,Bangalore,Telangana,Google Ads
C07211,2025-03-18,Bangalore,Karnataka,Google Ads
C07212,2025-09-15,Hyderabad,West Bengal,Email
C07213,2025-05-07,Ahmedabad,Gujarat,Meta Ads
C07214,2025-10-09,Kolkata,Tamil Nadu,Organic
C07215,2025-03-29,Delhi,Tamil Nadu,Influencer
C07216,2025-07-23,Delhi,Haryana,Meta Ads
C07217,2025-01-16,Chennai,Tamil Nadu,Influencer
C07218,2025-05-31,Bangalore,Rajasthan,Influencer
C07219,2025-09-11,Chennai,Maharashtra,Google Ads
C07220,2025-07-07,Ahmedabad,Karnataka,Meta Ads
C07221,2025-11-25,Bangalore,Delhi,Email
C07222,2025-02-01,Bangalore,Telangana,Organic
C07223,2025-09-28,Mumbai,Maharashtra,Google Ads
C07224,2025-01-05,Jaipur,Tamil Nadu,Email
C07225,2025-11-26,Delhi,Delhi,Google Ads
C07226,2025-11-04,Ahmedabad,Gujarat,Organic
C07227,2025-11-29,Gurgaon,Tamil Nadu,Influencer
C07228,2025-06-18,Gurgaon,Rajasthan,Google Ads
C07229,2025-06-30,Kolkata,Tamil Nadu,Influencer
C07230,2025-06-27,Pune,West Bengal,Meta Ads
C07231,2025-05-23,Ahmedabad,Haryana,Organic
C07232,2025-12-28,Pune,Gujarat,Google Ads
C07233,2025-09-05,Mumbai,Gujarat,Meta Ads
C07234,2025-05-07,Gurgaon,Rajasthan,Meta Ads
C07235,2025-09-20,Ahmedabad,Tamil Nadu,Google Ads
C07236,2025-02-09,Bangalore,Delhi,Organic
C07237,2025-12-21,Jaipur,Rajasthan,Organic
C07238,2025-09-12,Hyderabad,Karnataka,Influencer
C07239,2025-05-23,Jaipur,Rajasthan,Google Ads
C07240,2025-08-28,Kolkata,West Bengal,Influencer
C07241,2025-08-16,Gurgaon,Karnataka,Meta Ads
C07242,2025-12-07,Chennai,Rajasthan,Google Ads
C07243,2025-07-17,Chennai,West Bengal,Meta Ads
C07244,2025-03-06,Hyderabad,West Bengal,Email
C07245,2025-01-11,Gurgaon,West Bengal,Google Ads
C07246,2025-04-18,Ahmedabad,Maharashtra,Google Ads
C07247,2025-01-26,Bangalore,Telangana,Google Ads
C07248,2025-05-31,Kolkata,Gujarat,Organic
C07249,2025-08-09,Chennai,Maharashtra,Influencer
C07250,2025-12-07,Hyderabad,Telangana,Organic
C07251,2025-08-25,Jaipur,Gujarat,Google Ads
C07252,2025-08-25,Bangalore,Karnataka,Email
C07253,2025-08-07,Chennai,Tamil Nadu,Email
C07254,2025-05-31,Jaipur,Maharashtra,Meta Ads
C07255,2025-05-03,Ahmedabad,Gujarat,Organic
C07256,2025-05-24,Jaipur,Gujarat,Google Ads
C07257,2025-07-08,Bangalore,Delhi,Organic
C07258,2025-09-12,Jaipur,Karnataka,Organic
C07259,2025-03-09,Ahmedabad,Maharashtra,Google Ads
C07260,2025-04-14,Kolkata,West Bengal,Email
C07261,2025-12-02,Bangalore,West Bengal,Google Ads
C07262,2025-06-08,Kolkata,Telangana,Organic
C07263,2025-11-05,Hyderabad,Gujarat,Influencer
C07264,2025-12-28,Gurgaon,Karnataka,Meta Ads
C07265,2025-10-27,Jaipur,Rajasthan,Google Ads
C07266,2025-03-31,Mumbai,Haryana,Meta Ads
C07267,2025-12-23,Kolkata,Maharashtra,Influencer
C07268,2025-09-13,Ahmedabad,Rajasthan,Influencer
C07269,2025-12-19,Chennai,Delhi,Meta Ads
C07270,2025-08-08,Kolkata,Gujarat,Meta Ads
C07271,2025-01-09,Chennai,Tamil Nadu,Google Ads
C07272,2025-01-12,Jaipur,Delhi,Organic
C07273,2025-11-21,Hyderabad,Telangana,Organic
C07274,2025-09-01,Delhi,Karnataka,Google Ads
C07275,2025-07-01,Bangalore,West Bengal,Google Ads
C07276,2025-10-11,Chennai,West Bengal,Google Ads
C07277,2025-11-08,Chennai,Tamil Nadu,Meta Ads
C07278,2025-04-09,Bangalore,Gujarat,Meta Ads
C07279,2025-07-16,Delhi,West Bengal,Meta Ads
C07280,2025-08-14,Jaipur,Telangana,Organic
C07281,2025-11-29,Ahmedabad,West Bengal,Meta Ads
C07282,2025-04-13,Gurgaon,Delhi,Google Ads
C07283,2025-04-16,Chennai,Karnataka,Organic
C07284,2025-12-31,Delhi,Maharashtra,Influencer
C07285,2025-02-27,Delhi,West Bengal,Organic
C07286,2025-03-19,Hyderabad,Rajasthan,Meta Ads
C07287,2025-03-16,Chennai,Haryana,Email
C07288,2025-02-11,Kolkata,Rajasthan,Meta Ads
C07289,2025-11-20,Jaipur,Gujarat,Google Ads
C07290,2025-06-30,Ahmedabad,Delhi,Email
C07291,2025-02-02,Delhi,Maharashtra,Organic
C07292,2025-03-12,Hyderabad,Tamil Nadu,Organic
C07293,2025-02-25,Hyderabad,Haryana,Google Ads
C07294,2025-04-15,Bangalore,West Bengal,Meta Ads
C07295,2025-07-19,Chennai,Rajasthan,Google Ads
C07296,2025-04-11,Delhi,Telangana,Google Ads
C07297,2025-09-13,Ahmedabad,Gujarat,Meta Ads
C07298,2025-11-03,Kolkata,Telangana,Meta Ads
C07299,2025-03-15,Mumbai,Karnataka,Google Ads
C07300,2025-06-20,Mumbai,Maharashtra,Organic
C07301,2025-05-23,Kolkata,Gujarat,Email
C07302,2025-06-15,Delhi,Gujarat,Organic
C07303,2025-09-18,Chennai,Karnataka,Influencer
C07304,2025-08-09,Ahmedabad,Delhi,Google Ads
C07305,2025-03-24,Bangalore,Tamil Nadu,Meta Ads
C07306,2025-07-01,Chennai,Haryana,Meta Ads
C07307,2025-11-03,Gurgaon,Gujarat,Google Ads
C07308,2025-01-10,Chennai,Tamil Nadu,Organic
C07309,2025-01-04,Chennai,Telangana,Email
C07310,2025-12-17,Jaipur,Maharashtra,Influencer
C07311,2025-12-02,Delhi,Gujarat,Meta Ads
C07312,2025-10-19,Bangalore,Haryana,Influencer
C07313,2025-10-08,Jaipur,Gujarat,Google Ads
C07314,2025-08-03,Delhi,Haryana,Meta Ads
C07315,2025-04-08,Pune,Tamil Nadu,Google Ads
C07316,2025-04-11,Bangalore,Haryana,Organic
C07317,2025-01-09,Delhi,Karnataka,Influencer
C07318,2025-03-02,Mumbai,Gujarat,Google Ads
C07319,2025-11-05,Jaipur,Karnataka,Meta Ads
C07320,2025-05-26,Pune,Telangana,Meta Ads
C07321,2025-03-04,Bangalore,Tamil Nadu,Meta Ads
C07322,2025-05-01,Gurgaon,Maharashtra,Email
C07323,2025-08-14,Ahmedabad,West Bengal,Email
C07324,2025-04-15,Gurgaon,Haryana,Email
C07325,2025-09-17,Mumbai,Haryana,Google Ads
C07326,2025-12-15,Mumbai,Haryana,Meta Ads
C07327,2025-09-12,Kolkata,Maharashtra,Email
C07328,2025-07-26,Kolkata,Rajasthan,Email
C07329,2025-01-28,Gurgaon,Karnataka,Meta Ads
C07330,2025-06-19,Jaipur,West Bengal,Influencer
C07331,2025-12-02,Chennai,Haryana,Meta Ads
C07332,2025-03-17,Delhi,Haryana,Email
C07333,2025-04-26,Ahmedabad,Telangana,Meta Ads
C07334,2025-03-10,Pune,Tamil Nadu,Email
C07335,2025-12-20,Ahmedabad,West Bengal,Meta Ads
C07336,2025-08-22,Mumbai,West Bengal,Organic
C07337,2025-01-01,Kolkata,Gujarat,Google Ads
C07338,2025-06-16,Chennai,Haryana,Google Ads
C07339,2025-12-18,Hyderabad,West Bengal,Google Ads
C07340,2025-08-06,Bangalore,Telangana,Organic
C07341,2025-09-30,Hyderabad,Rajasthan,Meta Ads
C07342,2025-09-08,Hyderabad,Haryana,Organic
C07343,2025-12-13,Jaipur,Karnataka,Meta Ads
C07344,2025-12-10,Jaipur,Haryana,Meta Ads
C07345,2025-06-23,Kolkata,Rajasthan,Organic
C07346,2025-06-19,Hyderabad,Gujarat,Meta Ads
C07347,2025-09-03,Pune,Delhi,Email
C07348,2025-03-31,Mumbai,Haryana,Influencer
C07349,2025-02-18,Hyderabad,Tamil Nadu,Organic
C07350,2025-10-21,Chennai,Maharashtra,Meta Ads
C07351,2025-05-30,Bangalore,Tamil Nadu,Meta Ads
C07352,2025-05-12,Delhi,Rajasthan,Email
C07353,2025-02-28,Kolkata,Telangana,Meta Ads
C07354,2025-11-20,Kolkata,Karnataka,Influencer
C07355,2025-07-18,Gurgaon,Rajasthan,Meta Ads
C07356,2025-08-03,Chennai,Maharashtra,Google Ads
C07357,2025-02-18,Jaipur,Rajasthan,Organic
C07358,2025-08-20,Mumbai,Maharashtra,Email
C07359,2025-09-04,Pune,Karnataka,Meta Ads
C07360,2025-08-27,Chennai,West Bengal,Meta Ads
C07361,2025-06-17,Ahmedabad,Maharashtra,Influencer
C07362,2025-02-17,Delhi,Delhi,Meta Ads
C07363,2025-02-20,Bangalore,Rajasthan,Meta Ads
C07364,2025-10-26,Gurgaon,Tamil Nadu,Meta Ads
C07365,2025-04-08,Chennai,Rajasthan,Google Ads
C07366,2025-08-04,Gurgaon,Karnataka,Influencer
C07367,2025-06-26,Delhi,Karnataka,Email
C07368,2025-03-21,Hyderabad,Karnataka,Meta Ads
C07369,2025-07-04,Gurgaon,Maharashtra,Meta Ads
C07370,2025-01-27,Kolkata,Tamil Nadu,Google Ads
C07371,2025-07-14,Jaipur,Karnataka,Meta Ads
C07372,2025-08-02,Hyderabad,Haryana,Google Ads
C07373,2025-12-08,Chennai,Haryana,Organic
C07374,2025-04-24,Bangalore,Karnataka,Meta Ads
C07375,2025-08-30,Kolkata,Karnataka,Organic
C07376,2025-05-04,Delhi,Delhi,Email
C07377,2025-11-01,Hyderabad,Tamil Nadu,Influencer
C07378,2025-03-17,Kolkata,Karnataka,Google Ads
C07379,2025-11-07,Jaipur,Delhi,Google Ads
C07380,2025-11-08,Hyderabad,Rajasthan,Google Ads
C07381,2025-07-15,Mumbai,Delhi,Influencer
C07382,2025-12-17,Mumbai,Haryana,Email
C07383,2025-02-13,Hyderabad,Haryana,Influencer
C07384,2025-07-05,Hyderabad,Maharashtra,Organic
C07385,2025-12-09,Mumbai,Delhi,Meta Ads
C07386,2025-09-03,Chennai,Tamil Nadu,Email
C07387,2025-03-25,Gurgaon,West Bengal,Influencer
C07388,2025-07-26,Bangalore,Rajasthan,Influencer
C07389,2025-05-31,Kolkata,Gujarat,Google Ads
C07390,2025-06-05,Kolkata,Karnataka,Google Ads
C07391,2025-01-16,Delhi,Rajasthan,Meta Ads
C07392,2025-06-14,Bangalore,Delhi,Email
C07393,2025-05-25,Pune,Tamil Nadu,Email
C07394,2025-02-06,Mumbai,Maharashtra,Meta Ads
C07395,2025-11-29,Pune,Rajasthan,Organic
C07396,2025-02-14,Jaipur,Rajasthan,Meta Ads
C07397,2025-07-25,Bangalore,Gujarat,Google Ads
C07398,2025-03-03,Ahmedabad,West Bengal,Google Ads
C07399,2025-12-22,Delhi,Tamil Nadu,Google Ads
C07400,2025-11-04,Hyderabad,Maharashtra,Google Ads
C07401,2025-01-19,Jaipur,Telangana,Google Ads
C07402,2025-12-31,Gurgaon,West Bengal,Influencer
C07403,2025-10-27,Ahmedabad,Tamil Nadu,Google Ads
C07404,2025-01-07,Bangalore,Rajasthan,Influencer
C07405,2025-09-06,Bangalore,Haryana,Organic
C07406,2025-04-27,Pune,Tamil Nadu,Influencer
C07407,2025-03-09,Chennai,Tamil Nadu,Email
C07408,2025-02-03,Pune,Gujarat,Meta Ads
C07409,2025-07-13,Kolkata,Gujarat,Google Ads
C07410,2025-11-21,Pune,Tamil Nadu,Meta Ads
C07411,2025-02-24,Chennai,Gujarat,Google Ads
C07412,2025-09-23,Gurgaon,West Bengal,Meta Ads
C07413,2025-02-11,Jaipur,Delhi,Organic
C07414,2025-10-24,Mumbai,Haryana,Influencer
C07415,2025-08-19,Bangalore,Haryana,Google Ads
C07416,2025-01-10,Hyderabad,Rajasthan,Google Ads
C07417,2025-12-24,Pune,West Bengal,Meta Ads
C07418,2025-05-08,Ahmedabad,West Bengal,Meta Ads
C07419,2025-06-28,Gurgaon,Maharashtra,Organic
C07420,2025-07-12,Delhi,Gujarat,Meta Ads
C07421,2025-04-02,Bangalore,Karnataka,Email
C07422,2025-08-19,Chennai,Rajasthan,Organic
C07423,2025-03-19,Kolkata,Tamil Nadu,Google Ads
C07424,2025-03-26,Chennai,Rajasthan,Meta Ads
C07425,2025-01-30,Pune,Rajasthan,Google Ads
C07426,2025-08-01,Jaipur,West Bengal,Influencer
C07427,2025-02-18,Kolkata,Gujarat,Email
C07428,2025-09-22,Ahmedabad,Maharashtra,Meta Ads
C07429,2025-05-25,Chennai,Haryana,Influencer
C07430,2025-03-10,Ahmedabad,Karnataka,Meta Ads
C07431,2025-02-27,Delhi,Delhi,Google Ads
C07432,2025-07-04,Ahmedabad,Tamil Nadu,Organic
C07433,2025-03-03,Bangalore,Rajasthan,Email
C07434,2025-11-04,Gurgaon,Maharashtra,Meta Ads
C07435,2025-10-23,Kolkata,Rajasthan,Meta Ads
C07436,2025-06-15,Bangalore,Gujarat,Organic
C07437,2025-06-20,Hyderabad,Rajasthan,Influencer
C07438,2025-03-04,Chennai,Haryana,Organic
C07439,2025-05-27,Chennai,Maharashtra,Google Ads
C07440,2025-11-02,Hyderabad,Tamil Nadu,Email
C07441,2025-06-10,Ahmedabad,West Bengal,Email
C07442,2025-05-21,Bangalore,Karnataka,Influencer
C07443,2025-11-30,Kolkata,Tamil Nadu,Influencer
C07444,2025-04-07,Kolkata,Tamil Nadu,Influencer
C07445,2025-08-09,Hyderabad,Gujarat,Meta Ads
C07446,2025-02-12,Chennai,Delhi,Meta Ads
C07447,2025-10-19,Hyderabad,Telangana,Organic
C07448,2025-04-18,Delhi,Delhi,Email
C07449,2025-09-23,Delhi,Gujarat,Influencer
C07450,2025-04-05,Delhi,Maharashtra,Meta Ads
C07451,2025-09-19,Mumbai,Gujarat,Meta Ads
C07452,2025-11-09,Gurgaon,Karnataka,Influencer
C07453,2025-03-12,Jaipur,Gujarat,Organic
C07454,2025-08-07,Pune,Tamil Nadu,Google Ads
C07455,2025-01-21,Mumbai,Delhi,Organic
C07456,2025-04-02,Kolkata,West Bengal,Meta Ads
C07457,2025-05-07,Ahmedabad,West Bengal,Email
C07458,2025-03-21,Chennai,Tamil Nadu,Influencer
C07459,2025-11-08,Ahmedabad,Delhi,Email
C07460,2025-08-26,Hyderabad,Haryana,Meta Ads
C07461,2025-07-01,Chennai,Delhi,Influencer
C07462,2025-01-25,Pune,Delhi,Organic
C07463,2025-06-05,Pune,Tamil Nadu,Google Ads
C07464,2025-01-05,Bangalore,Gujarat,Google Ads
C07465,2025-04-30,Ahmedabad,Delhi,Email
C07466,2025-10-04,Jaipur,Maharashtra,Organic
C07467,2025-01-18,Pune,Haryana,Google Ads
C07468,2025-07-17,Gurgaon,Gujarat,Email
C07469,2025-02-26,Bangalore,Telangana,Google Ads
C07470,2025-04-03,Jaipur,Haryana,Influencer
C07471,2025-01-19,Chennai,Haryana,Influencer
C07472,2025-12-19,Ahmedabad,Karnataka,Organic
C07473,2025-07-12,Ahmedabad,Tamil Nadu,Organic
C07474,2025-08-25,Jaipur,Haryana,Meta Ads
C07475,2025-10-04,Jaipur,Maharashtra,Email
C07476,2025-08-15,Pune,Telangana,Meta Ads
C07477,2025-08-21,Chennai,Telangana,Organic
C07478,2025-02-09,Bangalore,West Bengal,Meta Ads
C07479,2025-11-19,Gurgaon,West Bengal,Meta Ads
C07480,2025-06-02,Kolkata,Rajasthan,Organic
C07481,2025-05-07,Kolkata,Maharashtra,Influencer
C07482,2025-08-25,Mumbai,Tamil Nadu,Google Ads
C07483,2025-02-24,Gurgaon,Maharashtra,Meta Ads
C07484,2025-06-21,Chennai,Rajasthan,Organic
C07485,2025-04-19,Chennai,Maharashtra,Influencer
C07486,2025-12-20,Bangalore,Tamil Nadu,Meta Ads
C07487,2025-07-03,Ahmedabad,Gujarat,Organic
C07488,2025-07-17,Mumbai,Tamil Nadu,Meta Ads
C07489,2025-03-28,Bangalore,Karnataka,Google Ads
C07490,2025-07-20,Mumbai,Haryana,Google Ads
C07491,2025-12-03,Ahmedabad,Telangana,Influencer
C07492,2025-11-18,Hyderabad,Delhi,Google Ads
C07493,2025-10-02,Mumbai,Haryana,Google Ads
C07494,2025-07-30,Bangalore,Haryana,Organic
C07495,2025-04-28,Hyderabad,West Bengal,Organic
C07496,2025-07-10,Jaipur,West Bengal,Google Ads
C07497,2025-02-11,Gurgaon,Maharashtra,Google Ads
C07498,2025-02-11,Pune,Telangana,Organic
C07499,2025-11-11,Bangalore,Delhi,Influencer
C07500,2025-10-03,Jaipur,Haryana,Meta Ads
C07501,2025-11-25,Kolkata,Haryana,Google Ads
C07502,2025-01-17,Kolkata,Telangana,Organic
C07503,2025-10-10,Chennai,West Bengal,Influencer
C07504,2025-09-15,Bangalore,Tamil Nadu,Influencer
C07505,2025-03-04,Delhi,Karnataka,Organic
C07506,2025-03-03,Pune,Maharashtra,Google Ads
C07507,2025-04-10,Delhi,Telangana,Organic
C07508,2025-01-19,Gurgaon,Rajasthan,Meta Ads
C07509,2025-01-17,Chennai,Haryana,Meta Ads
C07510,2025-11-21,Pune,Delhi,Email
C07511,2025-09-03,Hyderabad,Karnataka,Email
C07512,2025-09-08,Mumbai,Rajasthan,Organic
C07513,2025-03-22,Pune,West Bengal,Google Ads
C07514,2025-02-08,Ahmedabad,Karnataka,Organic
C07515,2025-02-05,Hyderabad,Delhi,Organic
C07516,2025-07-16,Mumbai,Telangana,Google Ads
C07517,2025-06-07,Gurgaon,Rajasthan,Influencer
C07518,2025-07-23,Kolkata,West Bengal,Meta Ads
C07519,2025-07-15,Mumbai,Haryana,Meta Ads
C07520,2025-08-04,Ahmedabad,Tamil Nadu,Influencer
C07521,2025-10-12,Chennai,Delhi,Email
C07522,2025-07-15,Mumbai,West Bengal,Influencer
C07523,2025-11-03,Pune,Haryana,Organic
C07524,2025-06-01,Pune,West Bengal,Meta Ads
C07525,2025-01-14,Chennai,Haryana,Google Ads
C07526,2025-11-21,Pune,Haryana,Meta Ads
C07527,2025-05-26,Gurgaon,Karnataka,Organic
C07528,2025-02-26,Ahmedabad,Haryana,Google Ads
C07529,2025-07-30,Bangalore,Gujarat,Organic
C07530,2025-09-25,Bangalore,Gujarat,Email
C07531,2025-07-29,Kolkata,Maharashtra,Google Ads
C07532,2025-01-17,Jaipur,Delhi,Google Ads
C07533,2025-10-13,Gurgaon,Maharashtra,Meta Ads
C07534,2025-12-10,Jaipur,West Bengal,Meta Ads
C07535,2025-07-22,Bangalore,Karnataka,Google Ads
C07536,2025-04-09,Mumbai,Gujarat,Influencer
C07537,2025-10-06,Mumbai,Telangana,Organic
C07538,2025-07-28,Mumbai,Gujarat,Influencer
C07539,2025-05-09,Pune,Maharashtra,Google Ads
C07540,2025-12-01,Pune,Haryana,Organic
C07541,2025-10-15,Delhi,Tamil Nadu,Organic
C07542,2025-09-09,Mumbai,Delhi,Meta Ads
C07543,2025-09-22,Mumbai,Delhi,Google Ads
C07544,2025-09-28,Hyderabad,Rajasthan,Organic
C07545,2025-07-07,Chennai,Haryana,Meta Ads
C07546,2025-08-02,Bangalore,Telangana,Email
C07547,2025-10-10,Pune,Delhi,Meta Ads
C07548,2025-07-30,Ahmedabad,Karnataka,Meta Ads
C07549,2025-12-31,Pune,Telangana,Meta Ads
C07550,2025-03-17,Ahmedabad,Haryana,Google Ads
C07551,2025-05-28,Delhi,Haryana,Google Ads
C07552,2025-11-17,Ahmedabad,Gujarat,Google Ads
C07553,2025-08-01,Pune,Karnataka,Meta Ads
C07554,2025-04-19,Kolkata,West Bengal,Meta Ads
C07555,2025-05-09,Pune,Tamil Nadu,Meta Ads
C07556,2025-01-10,Gurgaon,Tamil Nadu,Meta Ads
C07557,2025-02-16,Kolkata,Rajasthan,Organic
C07558,2025-11-11,Mumbai,West Bengal,Organic
C07559,2025-04-06,Bangalore,West Bengal,Google Ads
C07560,2025-04-13,Ahmedabad,Delhi,Meta Ads
C07561,2025-12-08,Pune,Delhi,Email
C07562,2025-05-26,Pune,Rajasthan,Influencer
C07563,2025-01-27,Ahmedabad,Rajasthan,Influencer
C07564,2025-08-08,Jaipur,Karnataka,Meta Ads
C07565,2025-01-18,Bangalore,Gujarat,Meta Ads
C07566,2025-06-16,Hyderabad,Rajasthan,Organic
C07567,2025-03-23,Chennai,Delhi,Meta Ads
C07568,2025-03-13,Mumbai,Karnataka,Google Ads
C07569,2025-11-06,Kolkata,Tamil Nadu,Meta Ads
C07570,2025-09-11,Pune,Telangana,Meta Ads
C07571,2025-06-11,Delhi,Gujarat,Meta Ads
C07572,2025-11-23,Bangalore,Rajasthan,Organic
C07573,2025-02-07,Ahmedabad,West Bengal,Organic
C07574,2025-07-20,Pune,Delhi,Meta Ads
C07575,2025-07-19,Kolkata,Maharashtra,Meta Ads
C07576,2025-09-12,Delhi,Delhi,Organic
C07577,2025-06-28,Chennai,Rajasthan,Google Ads
C07578,2025-02-04,Chennai,Telangana,Organic
C07579,2025-03-23,Kolkata,Gujarat,Influencer
C07580,2025-08-08,Bangalore,Haryana,Meta Ads
C07581,2025-06-07,Delhi,Haryana,Google Ads
C07582,2025-01-04,Ahmedabad,Haryana,Organic
C07583,2025-06-16,Delhi,Haryana,Google Ads
C07584,2025-07-23,Gurgaon,Karnataka,Meta Ads
C07585,2025-07-13,Ahmedabad,Tamil Nadu,Google Ads
C07586,2025-08-23,Mumbai,Delhi,Influencer
C07587,2025-07-25,Hyderabad,Gujarat,Email
C07588,2025-05-30,Mumbai,Telangana,Organic
C07589,2025-06-08,Hyderabad,Tamil Nadu,Google Ads
C07590,2025-10-06,Mumbai,Maharashtra,Google Ads
C07591,2025-10-31,Delhi,Maharashtra,Meta Ads
C07592,2025-06-15,Bangalore,Gujarat,Meta Ads
C07593,2025-11-07,Kolkata,Delhi,Google Ads
C07594,2025-03-09,Pune,Gujarat,Organic
C07595,2025-03-29,Hyderabad,Delhi,Meta Ads
C07596,2025-08-05,Pune,Rajasthan,Email
C07597,2025-01-01,Gurgaon,Delhi,Meta Ads
C07598,2025-05-15,Gurgaon,Telangana,Organic
C07599,2025-07-04,Pune,Rajasthan,Influencer
C07600,2025-12-17,Gurgaon,Delhi,Meta Ads
C07601,2025-05-20,Ahmedabad,Rajasthan,Meta Ads
C07602,2025-04-16,Pune,Gujarat,Meta Ads
C07603,2025-05-13,Gurgaon,Haryana,Email
C07604,2025-04-18,Hyderabad,Tamil Nadu,Google Ads
C07605,2025-06-27,Bangalore,Haryana,Meta Ads
C07606,2025-10-25,Gurgaon,Telangana,Influencer
C07607,2025-12-24,Pune,Telangana,Organic
C07608,2025-12-25,Hyderabad,Gujarat,Meta Ads
C07609,2025-05-26,Pune,Gujarat,Google Ads
C07610,2025-03-15,Chennai,Rajasthan,Google Ads
C07611,2025-04-18,Delhi,Karnataka,Meta Ads
C07612,2025-05-02,Delhi,Gujarat,Google Ads
C07613,2025-01-17,Delhi,Karnataka,Meta Ads
C07614,2025-07-15,Mumbai,Maharashtra,Organic
C07615,2025-11-23,Ahmedabad,Maharashtra,Meta Ads
C07616,2025-11-14,Pune,Rajasthan,Meta Ads
C07617,2025-10-24,Ahmedabad,Telangana,Email
C07618,2025-09-09,Pune,Haryana,Google Ads
C07619,2025-04-29,Chennai,Maharashtra,Meta Ads
C07620,2025-06-11,Gurgaon,Rajasthan,Influencer
C07621,2025-07-17,Mumbai,West Bengal,Influencer
C07622,2025-02-14,Bangalore,Karnataka,Meta Ads
C07623,2025-11-10,Pune,Tamil Nadu,Organic
C07624,2025-06-28,Hyderabad,West Bengal,Organic
C07625,2025-02-13,Gurgaon,Tamil Nadu,Influencer
C07626,2025-09-28,Kolkata,Tamil Nadu,Influencer
C07627,2025-03-19,Kolkata,Gujarat,Organic
C07628,2025-11-22,Bangalore,Gujarat,Email
C07629,2025-06-27,Hyderabad,Haryana,Influencer
C07630,2025-12-23,Delhi,Telangana,Meta Ads
C07631,2025-01-03,Mumbai,Haryana,Email
C07632,2025-08-02,Ahmedabad,Rajasthan,Google Ads
C07633,2025-12-08,Jaipur,Tamil Nadu,Organic
C07634,2025-03-15,Jaipur,Karnataka,Influencer
C07635,2025-02-20,Mumbai,Karnataka,Google Ads
C07636,2025-03-08,Gurgaon,Delhi,Meta Ads
C07637,2025-11-28,Chennai,Haryana,Email
C07638,2025-04-03,Gurgaon,Tamil Nadu,Meta Ads
C07639,2025-06-25,Kolkata,Gujarat,Google Ads
C07640,2025-05-25,Ahmedabad,Rajasthan,Organic
C07641,2025-01-07,Kolkata,West Bengal,Meta Ads
C07642,2025-09-26,Pune,Delhi,Influencer
C07643,2025-11-18,Kolkata,West Bengal,Meta Ads
C07644,2025-01-04,Jaipur,Rajasthan,Email
C07645,2025-05-18,Jaipur,Telangana,Email
C07646,2025-08-19,Ahmedabad,West Bengal,Organic
C07647,2025-03-29,Kolkata,Rajasthan,Organic
C07648,2025-01-17,Mumbai,Delhi,Organic
C07649,2025-02-21,Mumbai,Rajasthan,Google Ads
C07650,2025-05-14,Bangalore,Telangana,Google Ads
C07651,2025-07-30,Chennai,Gujarat,Email
C07652,2025-11-21,Ahmedabad,Karnataka,Organic
C07653,2025-08-07,Kolkata,Maharashtra,Influencer
C07654,2025-07-24,Ahmedabad,Gujarat,Google Ads
C07655,2025-07-30,Gurgaon,Gujarat,Google Ads
C07656,2025-10-04,Delhi,Karnataka,Meta Ads
C07657,2025-01-24,Hyderabad,Gujarat,Google Ads
C07658,2025-01-04,Gurgaon,Tamil Nadu,Email
C07659,2025-06-01,Gurgaon,Rajasthan,Organic
C07660,2025-09-16,Kolkata,Tamil Nadu,Influencer
C07661,2025-11-20,Delhi,Gujarat,Influencer
C07662,2025-12-23,Mumbai,Maharashtra,Meta Ads
C07663,2025-06-17,Mumbai,Delhi,Meta Ads
C07664,2025-06-25,Gurgaon,Maharashtra,Google Ads
C07665,2025-11-06,Chennai,Telangana,Google Ads
C07666,2025-10-18,Mumbai,Rajasthan,Meta Ads
C07667,2025-02-25,Pune,West Bengal,Meta Ads
C07668,2025-04-18,Gurgaon,Rajasthan,Influencer
C07669,2025-10-23,Hyderabad,Rajasthan,Organic
C07670,2025-11-20,Delhi,Rajasthan,Google Ads
C07671,2025-10-29,Bangalore,Gujarat,Organic
C07672,2025-11-30,Jaipur,Tamil Nadu,Meta Ads
C07673,2025-05-21,Ahmedabad,West Bengal,Organic
C07674,2025-06-04,Gurgaon,Maharashtra,Meta Ads
C07675,2025-09-19,Mumbai,Delhi,Email
C07676,2025-09-30,Ahmedabad,Haryana,Meta Ads
C07677,2025-08-20,Hyderabad,Gujarat,Influencer
C07678,2025-08-29,Kolkata,Karnataka,Organic
C07679,2025-12-21,Jaipur,West Bengal,Organic
C07680,2025-12-03,Chennai,Haryana,Email
C07681,2025-09-15,Bangalore,Gujarat,Meta Ads
C07682,2025-09-06,Kolkata,Tamil Nadu,Meta Ads
C07683,2025-03-18,Hyderabad,Tamil Nadu,Google Ads
C07684,2025-06-29,Mumbai,West Bengal,Influencer
C07685,2025-03-07,Pune,West Bengal,Meta Ads
C07686,2025-11-04,Delhi,Telangana,Meta Ads
C07687,2025-12-14,Kolkata,Gujarat,Google Ads
C07688,2025-06-20,Kolkata,Tamil Nadu,Organic
C07689,2025-01-22,Bangalore,Gujarat,Meta Ads
C07690,2025-04-17,Delhi,West Bengal,Google Ads
C07691,2025-11-19,Hyderabad,Delhi,Google Ads
C07692,2025-08-15,Ahmedabad,Telangana,Meta Ads
C07693,2025-08-04,Ahmedabad,West Bengal,Organic
C07694,2025-03-10,Delhi,Rajasthan,Google Ads
C07695,2025-03-25,Chennai,Maharashtra,Influencer
C07696,2025-04-13,Gurgaon,Haryana,Organic
C07697,2025-02-08,Chennai,Rajasthan,Meta Ads
C07698,2025-01-13,Chennai,Rajasthan,Google Ads
C07699,2025-10-24,Kolkata,Tamil Nadu,Email
C07700,2025-11-09,Kolkata,West Bengal,Google Ads
C07701,2025-06-30,Jaipur,Rajasthan,Google Ads
C07702,2025-09-25,Mumbai,Gujarat,Organic
C07703,2025-01-13,Hyderabad,Tamil Nadu,Meta Ads
C07704,2025-04-30,Hyderabad,Tamil Nadu,Organic
C07705,2025-12-19,Jaipur,West Bengal,Organic
C07706,2025-02-26,Kolkata,West Bengal,Google Ads
C07707,2025-02-09,Bangalore,Maharashtra,Meta Ads
C07708,2025-12-02,Bangalore,Rajasthan,Email
C07709,2025-05-08,Mumbai,Telangana,Meta Ads
C07710,2025-06-22,Delhi,Rajasthan,Google Ads
C07711,2025-02-04,Kolkata,Karnataka,Influencer
C07712,2025-09-16,Ahmedabad,Haryana,Meta Ads
C07713,2025-01-05,Ahmedabad,Haryana,Email
C07714,2025-08-06,Kolkata,West Bengal,Organic
C07715,2025-01-11,Pune,Telangana,Google Ads
C07716,2025-11-23,Delhi,Telangana,Google Ads
C07717,2025-04-27,Ahmedabad,Delhi,Influencer
C07718,2025-07-03,Gurgaon,Tamil Nadu,Email
C07719,2025-12-28,Chennai,Telangana,Google Ads
C07720,2025-04-26,Kolkata,Haryana,Organic
C07721,2025-06-11,Pune,Rajasthan,Google Ads
C07722,2025-03-08,Gurgaon,Telangana,Google Ads
C07723,2025-07-19,Chennai,Delhi,Meta Ads
C07724,2025-01-31,Chennai,Rajasthan,Influencer
C07725,2025-03-16,Mumbai,Haryana,Email
C07726,2025-08-25,Delhi,West Bengal,Influencer
C07727,2025-11-23,Kolkata,Karnataka,Google Ads
C07728,2025-03-07,Pune,Telangana,Influencer
C07729,2025-03-11,Jaipur,Rajasthan,Influencer
C07730,2025-10-24,Mumbai,Delhi,Organic
C07731,2025-01-20,Bangalore,Haryana,Email
C07732,2025-08-14,Gurgaon,Gujarat,Meta Ads
C07733,2025-07-18,Jaipur,West Bengal,Meta Ads
C07734,2025-02-08,Gurgaon,Telangana,Meta Ads
C07735,2025-05-25,Kolkata,West Bengal,Meta Ads
C07736,2025-02-14,Pune,Delhi,Google Ads
C07737,2025-11-22,Pune,Tamil Nadu,Email
C07738,2025-04-01,Chennai,Rajasthan,Organic
C07739,2025-08-26,Jaipur,Karnataka,Organic
C07740,2025-03-11,Pune,Telangana,Google Ads
C07741,2025-06-15,Ahmedabad,Gujarat,Organic
C07742,2025-05-10,Gurgaon,Haryana,Google Ads
C07743,2025-08-02,Chennai,Haryana,Google Ads
C07744,2025-12-06,Kolkata,Delhi,Influencer
C07745,2025-03-30,Pune,Tamil Nadu,Organic
C07746,2025-12-01,Hyderabad,Maharashtra,Google Ads
C07747,2025-09-09,Kolkata,Delhi,Influencer
C07748,2025-12-15,Jaipur,Tamil Nadu,Meta Ads
C07749,2025-03-13,Ahmedabad,Haryana,Google Ads
C07750,2025-06-14,Delhi,Haryana,Email
C07751,2025-02-18,Bangalore,Rajasthan,Email
C07752,2025-02-21,Hyderabad,Karnataka,Meta Ads
C07753,2025-10-16,Chennai,Delhi,Organic
C07754,2025-10-05,Gurgaon,Gujarat,Google Ads
C07755,2025-04-24,Jaipur,Haryana,Meta Ads
C07756,2025-08-27,Jaipur,Haryana,Organic
C07757,2025-05-13,Delhi,Gujarat,Google Ads
C07758,2025-10-01,Hyderabad,Gujarat,Organic
C07759,2025-06-15,Gurgaon,Maharashtra,Meta Ads
C07760,2025-10-20,Bangalore,Karnataka,Email
C07761,2025-08-31,Mumbai,Delhi,Organic
C07762,2025-11-16,Mumbai,Karnataka,Organic
C07763,2025-05-18,Jaipur,Telangana,Organic
C07764,2025-03-20,Hyderabad,West Bengal,Email
C07765,2025-06-19,Delhi,Rajasthan,Email
C07766,2025-05-03,Jaipur,Haryana,Organic
C07767,2025-06-25,Mumbai,Delhi,Organic
C07768,2025-10-27,Jaipur,Maharashtra,Organic
C07769,2025-03-23,Mumbai,Maharashtra,Google Ads
C07770,2025-03-28,Hyderabad,Rajasthan,Meta Ads
C07771,2025-08-13,Hyderabad,West Bengal,Google Ads
C07772,2025-01-16,Delhi,Maharashtra,Organic
C07773,2025-11-06,Chennai,Delhi,Meta Ads
C07774,2025-12-24,Chennai,Haryana,Google Ads
C07775,2025-06-12,Jaipur,Delhi,Google Ads
C07776,2025-04-08,Jaipur,Rajasthan,Organic
C07777,2025-06-05,Jaipur,Karnataka,Influencer
C07778,2025-01-02,Delhi,Maharashtra,Meta Ads
C07779,2025-12-16,Kolkata,Tamil Nadu,Influencer
C07780,2025-06-18,Jaipur,Karnataka,Organic
C07781,2025-11-11,Chennai,Haryana,Meta Ads
C07782,2025-11-21,Chennai,Gujarat,Organic
C07783,2025-04-02,Gurgaon,Maharashtra,Google Ads
C07784,2025-06-30,Hyderabad,Haryana,Google Ads
C07785,2025-08-19,Kolkata,Gujarat,Google Ads
C07786,2025-10-28,Mumbai,Delhi,Email
C07787,2025-05-28,Chennai,Telangana,Email
C07788,2025-10-07,Bangalore,Haryana,Email
C07789,2025-07-08,Bangalore,Karnataka,Email
C07790,2025-12-13,Chennai,Maharashtra,Meta Ads
C07791,2025-12-16,Bangalore,Karnataka,Google Ads
C07792,2025-11-10,Pune,Haryana,Email
C07793,2025-05-08,Kolkata,West Bengal,Influencer
C07794,2025-01-07,Hyderabad,Maharashtra,Google Ads
C07795,2025-02-16,Chennai,West Bengal,Influencer
C07796,2025-02-22,Chennai,Tamil Nadu,Meta Ads
C07797,2025-07-06,Mumbai,West Bengal,Organic
C07798,2025-02-07,Kolkata,West Bengal,Organic
C07799,2025-08-14,Jaipur,Rajasthan,Organic
C07800,2025-02-22,Jaipur,West Bengal,Organic
C07801,2025-08-12,Ahmedabad,Tamil Nadu,Email
C07802,2025-06-03,Gurgaon,Gujarat,Meta Ads
C07803,2025-02-17,Pune,West Bengal,Influencer
C07804,2025-12-17,Delhi,Tamil Nadu,Organic
C07805,2025-05-27,Delhi,Telangana,Organic
C07806,2025-03-05,Ahmedabad,West Bengal,Google Ads
C07807,2025-12-15,Hyderabad,Gujarat,Email
C07808,2025-07-01,Delhi,Gujarat,Google Ads
C07809,2025-05-05,Jaipur,Telangana,Meta Ads
C07810,2025-06-28,Bangalore,Rajasthan,Organic
C07811,2025-02-08,Gurgaon,Karnataka,Meta Ads
C07812,2025-09-17,Kolkata,Rajasthan,Google Ads
C07813,2025-01-03,Jaipur,Karnataka,Meta Ads
C07814,2025-03-05,Mumbai,West Bengal,Organic
C07815,2025-01-29,Kolkata,Telangana,Google Ads
C07816,2025-01-11,Delhi,Haryana,Meta Ads
C07817,2025-04-07,Mumbai,Karnataka,Influencer
C07818,2025-12-24,Kolkata,Maharashtra,Google Ads
C07819,2025-07-22,Chennai,Gujarat,Google Ads
C07820,2025-01-21,Pune,West Bengal,Email
C07821,2025-02-08,Jaipur,West Bengal,Organic
C07822,2025-08-11,Mumbai,Gujarat,Organic
C07823,2025-04-12,Ahmedabad,Delhi,Google Ads
C07824,2025-02-15,Pune,Gujarat,Organic
C07825,2025-03-07,Kolkata,Haryana,Organic
C07826,2025-04-01,Hyderabad,Gujarat,Meta Ads
C07827,2025-06-13,Ahmedabad,Rajasthan,Organic
C07828,2025-04-21,Jaipur,Maharashtra,Organic
C07829,2025-12-04,Chennai,Karnataka,Google Ads
C07830,2025-05-03,Mumbai,Tamil Nadu,Organic
C07831,2025-07-12,Bangalore,Rajasthan,Google Ads
C07832,2025-04-09,Mumbai,Gujarat,Organic
C07833,2025-10-18,Pune,Tamil Nadu,Organic
C07834,2025-06-08,Mumbai,Haryana,Meta Ads
C07835,2025-04-13,Pune,Karnataka,Organic
C07836,2025-10-08,Ahmedabad,Telangana,Email
C07837,2025-02-12,Mumbai,West Bengal,Google Ads
C07838,2025-03-25,Ahmedabad,West Bengal,Influencer
C07839,2025-07-10,Chennai,Karnataka,Google Ads
C07840,2025-02-20,Chennai,Telangana,Influencer
C07841,2025-07-29,Pune,Karnataka,Meta Ads
C07842,2025-05-06,Kolkata,Maharashtra,Meta Ads
C07843,2025-03-10,Chennai,Tamil Nadu,Meta Ads
C07844,2025-09-22,Gurgaon,West Bengal,Influencer
C07845,2025-09-15,Mumbai,Telangana,Organic
C07846,2025-07-07,Gurgaon,Haryana,Organic
C07847,2025-08-18,Mumbai,Gujarat,Influencer
C07848,2025-07-08,Delhi,Rajasthan,Meta Ads
C07849,2025-01-10,Ahmedabad,West Bengal,Google Ads
C07850,2025-04-24,Pune,Delhi,Organic
C07851,2025-03-17,Jaipur,Karnataka,Google Ads
C07852,2025-06-13,Jaipur,Haryana,Meta Ads
C07853,2025-03-26,Hyderabad,Karnataka,Organic
C07854,2025-02-18,Kolkata,Delhi,Google Ads
C07855,2025-11-22,Pune,Maharashtra,Meta Ads
C07856,2025-06-26,Chennai,Gujarat,Meta Ads
C07857,2025-08-06,Bangalore,West Bengal,Meta Ads
C07858,2025-07-08,Kolkata,Karnataka,Google Ads
C07859,2025-12-12,Kolkata,Telangana,Meta Ads
C07860,2025-08-18,Bangalore,Karnataka,Google Ads
C07861,2025-09-12,Ahmedabad,Telangana,Influencer
C07862,2025-08-24,Kolkata,Gujarat,Influencer
C07863,2025-01-26,Delhi,Rajasthan,Influencer
C07864,2025-03-13,Kolkata,West Bengal,Organic
C07865,2025-09-18,Hyderabad,Rajasthan,Organic
C07866,2025-09-11,Gurgaon,Rajasthan,Organic
C07867,2025-09-28,Jaipur,West Bengal,Email
C07868,2025-05-03,Ahmedabad,West Bengal,Influencer
C07869,2025-05-24,Pune,Gujarat,Organic
C07870,2025-09-14,Chennai,Karnataka,Google Ads
C07871,2025-05-24,Delhi,Gujarat,Organic
C07872,2025-09-16,Ahmedabad,Delhi,Meta Ads
C07873,2025-02-16,Gurgaon,Tamil Nadu,Email
C07874,2025-12-17,Hyderabad,Maharashtra,Organic
C07875,2025-01-13,Gurgaon,West Bengal,Google Ads
C07876,2025-07-27,Pune,Karnataka,Meta Ads
C07877,2025-11-07,Bangalore,Haryana,Meta Ads
C07878,2025-08-23,Chennai,Maharashtra,Meta Ads
C07879,2025-05-29,Bangalore,Delhi,Meta Ads
C07880,2025-11-18,Mumbai,Haryana,Organic
C07881,2025-06-04,Hyderabad,Rajasthan,Meta Ads
C07882,2025-06-15,Chennai,Rajasthan,Email
C07883,2025-03-31,Pune,West Bengal,Google Ads
C07884,2025-07-05,Ahmedabad,Rajasthan,Google Ads
C07885,2025-11-14,Jaipur,Telangana,Organic
C07886,2025-12-24,Chennai,Karnataka,Meta Ads
C07887,2025-06-23,Ahmedabad,Telangana,Influencer
C07888,2025-08-05,Ahmedabad,West Bengal,Google Ads
C07889,2025-09-21,Mumbai,Gujarat,Meta Ads
C07890,2025-04-07,Delhi,Maharashtra,Meta Ads
C07891,2025-04-27,Hyderabad,Haryana,Google Ads
C07892,2025-07-18,Hyderabad,Haryana,Organic
C07893,2025-11-16,Mumbai,Rajasthan,Google Ads
C07894,2025-01-21,Bangalore,Karnataka,Organic
C07895,2025-07-19,Bangalore,Tamil Nadu,Organic
C07896,2025-12-07,Pune,Haryana,Influencer
C07897,2025-09-05,Delhi,Maharashtra,Google Ads
C07898,2025-10-03,Ahmedabad,Maharashtra,Organic
C07899,2025-09-21,Kolkata,Telangana,Meta Ads
C07900,2025-02-27,Kolkata,Telangana,Google Ads
C07901,2025-10-29,Bangalore,West Bengal,Meta Ads
C07902,2025-01-31,Mumbai,Delhi,Meta Ads
C07903,2025-09-06,Delhi,Tamil Nadu,Organic
C07904,2025-04-03,Gurgaon,Rajasthan,Influencer
C07905,2025-09-22,Jaipur,Maharashtra,Meta Ads
C07906,2025-09-28,Delhi,Haryana,Meta Ads
C07907,2025-04-04,Pune,Telangana,Email
C07908,2025-06-03,Ahmedabad,Telangana,Google Ads
C07909,2025-10-12,Ahmedabad,Gujarat,Meta Ads
C07910,2025-03-21,Hyderabad,Tamil Nadu,Meta Ads
C07911,2025-10-19,Chennai,West Bengal,Organic
C07912,2025-03-25,Chennai,Rajasthan,Google Ads
C07913,2025-12-31,Hyderabad,Karnataka,Meta Ads
C07914,2025-02-06,Pune,Maharashtra,Organic
C07915,2025-12-08,Ahmedabad,Karnataka,Organic
C07916,2025-11-23,Chennai,Gujarat,Organic
C07917,2025-08-20,Chennai,Rajasthan,Email
C07918,2025-04-03,Jaipur,Haryana,Meta Ads
C07919,2025-12-02,Chennai,Gujarat,Email
C07920,2025-04-12,Ahmedabad,West Bengal,Influencer
C07921,2025-06-15,Pune,Rajasthan,Google Ads
C07922,2025-06-08,Gurgaon,Telangana,Email
C07923,2025-01-14,Bangalore,Karnataka,Organic
C07924,2025-08-13,Delhi,Rajasthan,Email
C07925,2025-03-14,Mumbai,Gujarat,Organic
C07926,2025-09-06,Kolkata,West Bengal,Meta Ads
C07927,2025-04-01,Delhi,Delhi,Organic
C07928,2025-08-04,Jaipur,Maharashtra,Meta Ads
C07929,2025-03-31,Chennai,Rajasthan,Meta Ads
C07930,2025-01-29,Pune,Haryana,Organic
C07931,2025-11-01,Gurgaon,Delhi,Email
C07932,2025-08-08,Kolkata,Rajasthan,Organic
C07933,2025-11-24,Hyderabad,Delhi,Influencer
C07934,2025-08-03,Gurgaon,Gujarat,Meta Ads
C07935,2025-08-09,Bangalore,Haryana,Organic
C07936,2025-02-11,Chennai,Tamil Nadu,Organic
C07937,2025-05-15,Mumbai,Delhi,Meta Ads
C07938,2025-02-11,Kolkata,Maharashtra,Meta Ads
C07939,2025-06-13,Chennai,West Bengal,Influencer
C07940,2025-12-27,Kolkata,Maharashtra,Google Ads
C07941,2025-10-10,Mumbai,Haryana,Google Ads
C07942,2025-02-27,Bangalore,Rajasthan,Email
C07943,2025-10-29,Hyderabad,Haryana,Email
C07944,2025-11-18,Ahmedabad,Karnataka,Influencer
C07945,2025-01-25,Pune,Tamil Nadu,Influencer
C07946,2025-03-14,Gurgaon,West Bengal,Meta Ads
C07947,2025-05-09,Delhi,Gujarat,Meta Ads
C07948,2025-03-28,Hyderabad,Karnataka,Email
C07949,2025-11-26,Hyderabad,Telangana,Organic
C07950,2025-06-02,Jaipur,Telangana,Organic
C07951,2025-07-01,Kolkata,Maharashtra,Meta Ads
C07952,2025-05-05,Kolkata,West Bengal,Email
C07953,2025-03-08,Jaipur,Telangana,Meta Ads
C07954,2025-01-06,Gurgaon,Telangana,Meta Ads
C07955,2025-05-05,Kolkata,Gujarat,Meta Ads
C07956,2025-11-10,Ahmedabad,Tamil Nadu,Organic
C07957,2025-11-22,Pune,Tamil Nadu,Organic
C07958,2025-02-22,Delhi,Rajasthan,Organic
C07959,2025-03-07,Delhi,Telangana,Meta Ads
C07960,2025-11-10,Mumbai,Rajasthan,Influencer
C07961,2025-03-23,Mumbai,Delhi,Email
C07962,2025-03-28,Pune,Rajasthan,Meta Ads
C07963,2025-01-02,Chennai,Delhi,Influencer
C07964,2025-07-23,Chennai,West Bengal,Email
C07965,2025-05-30,Hyderabad,Tamil Nadu,Google Ads
C07966,2025-10-20,Hyderabad,West Bengal,Meta Ads
C07967,2025-04-13,Jaipur,Rajasthan,Email
C07968,2025-01-24,Bangalore,Telangana,Meta Ads
C07969,2025-07-31,Mumbai,Rajasthan,Meta Ads
C07970,2025-03-06,Bangalore,Karnataka,Influencer
C07971,2025-07-28,Kolkata,Rajasthan,Organic
C07972,2025-09-08,Delhi,Delhi,Organic
C07973,2025-04-27,Hyderabad,Haryana,Organic
C07974,2025-04-26,Chennai,Haryana,Organic
C07975,2025-08-25,Pune,Delhi,Google Ads
C07976,2025-04-15,Mumbai,Delhi,Google Ads
C07977,2025-09-16,Delhi,Karnataka,Google Ads
C07978,2025-02-15,Gurgaon,Rajasthan,Influencer
C07979,2025-11-07,Pune,West Bengal,Email
C07980,2025-11-27,Bangalore,Tamil Nadu,Google Ads
C07981,2025-08-04,Ahmedabad,Rajasthan,Meta Ads
C07982,2025-10-28,Bangalore,Telangana,Email
C07983,2025-11-29,Mumbai,Telangana,Meta Ads
C07984,2025-01-24,Pune,Karnataka,Meta Ads
C07985,2025-02-04,Ahmedabad,Haryana,Influencer
C07986,2025-01-24,Kolkata,Haryana,Organic
C07987,2025-01-28,Gurgaon,West Bengal,Google Ads
C07988,2025-01-16,Bangalore,West Bengal,Email
C07989,2025-02-28,Gurgaon,Tamil Nadu,Email
C07990,2025-08-31,Pune,Telangana,Google Ads
C07991,2025-07-26,Delhi,West Bengal,Influencer
C07992,2025-09-28,Pune,Maharashtra,Organic
C07993,2025-09-06,Chennai,Rajasthan,Meta Ads
C07994,2025-09-24,Ahmedabad,West Bengal,Email
C07995,2025-07-12,Delhi,Maharashtra,Meta Ads
C07996,2025-12-01,Bangalore,Maharashtra,Google Ads
C07997,2025-08-06,Kolkata,Tamil Nadu,Google Ads
C07998,2025-04-25,Gurgaon,West Bengal,Organic
C07999,2025-03-09,Pune,Rajasthan,Meta Ads
C08000,2025-10-26,Jaipur,Telangana,Email
C08001,2025-11-21,Mumbai,Gujarat,Organic
C08002,2025-03-16,Bangalore,Maharashtra,Meta Ads
C08003,2025-04-13,Mumbai,Tamil Nadu,Organic
C08004,2025-10-24,Delhi,Telangana,Organic
C08005,2025-06-27,Chennai,Gujarat,Google Ads
C08006,2025-08-03,Bangalore,Rajasthan,Meta Ads
C08007,2025-11-11,Chennai,Maharashtra,Organic
C08008,2025-02-08,Chennai,West Bengal,Meta Ads
C08009,2025-09-16,Kolkata,West Bengal,Influencer
C08010,2025-07-23,Delhi,Gujarat,Meta Ads
C08011,2025-01-07,Pune,Haryana,Google Ads
C08012,2025-02-18,Jaipur,Karnataka,Google Ads
C08013,2025-01-26,Ahmedabad,Delhi,Organic
C08014,2025-06-10,Chennai,Telangana,Meta Ads
C08015,2025-12-23,Delhi,Karnataka,Meta Ads
C08016,2025-06-25,Kolkata,Maharashtra,Meta Ads
C08017,2025-03-20,Bangalore,Tamil Nadu,Organic
C08018,2025-01-02,Hyderabad,West Bengal,Meta Ads
C08019,2025-05-12,Hyderabad,West Bengal,Meta Ads
C08020,2025-10-03,Jaipur,Gujarat,Meta Ads
C08021,2025-04-27,Kolkata,Maharashtra,Influencer
C08022,2025-06-13,Delhi,Tamil Nadu,Email
C08023,2025-10-15,Kolkata,Tamil Nadu,Organic
C08024,2025-01-28,Ahmedabad,Delhi,Google Ads
C08025,2025-11-29,Ahmedabad,Maharashtra,Meta Ads
C08026,2025-01-01,Pune,Rajasthan,Google Ads
C08027,2025-07-07,Hyderabad,Gujarat,Google Ads
C08028,2025-02-25,Hyderabad,Telangana,Google Ads
C08029,2025-02-04,Ahmedabad,Tamil Nadu,Google Ads
C08030,2025-04-22,Kolkata,Maharashtra,Google Ads
C08031,2025-10-13,Jaipur,Haryana,Meta Ads
C08032,2025-11-06,Jaipur,Maharashtra,Meta Ads
C08033,2025-02-05,Chennai,Haryana,Meta Ads
C08034,2025-08-05,Bangalore,West Bengal,Meta Ads
C08035,2025-03-21,Hyderabad,West Bengal,Meta Ads
C08036,2025-11-10,Ahmedabad,Rajasthan,Meta Ads
C08037,2025-03-24,Kolkata,Karnataka,Meta Ads
C08038,2025-03-06,Delhi,Telangana,Meta Ads
C08039,2025-11-21,Bangalore,Rajasthan,Meta Ads
C08040,2025-05-08,Jaipur,Gujarat,Meta Ads
C08041,2025-11-03,Mumbai,West Bengal,Google Ads
C08042,2025-01-22,Mumbai,Gujarat,Influencer
C08043,2025-08-04,Kolkata,Rajasthan,Email
C08044,2025-04-17,Gurgaon,Telangana,Email
C08045,2025-04-19,Gurgaon,Haryana,Google Ads
C08046,2025-12-23,Hyderabad,Rajasthan,Google Ads
C08047,2025-06-30,Delhi,West Bengal,Meta Ads
C08048,2025-12-22,Chennai,Telangana,Email
C08049,2025-06-13,Kolkata,Tamil Nadu,Influencer
C08050,2025-03-09,Mumbai,Delhi,Influencer
C08051,2025-10-19,Mumbai,Delhi,Meta Ads
C08052,2025-06-29,Delhi,Rajasthan,Google Ads
C08053,2025-06-30,Hyderabad,Gujarat,Meta Ads
C08054,2025-06-18,Gurgaon,Delhi,Email
C08055,2025-01-22,Pune,Maharashtra,Meta Ads
C08056,2025-03-07,Hyderabad,Telangana,Organic
C08057,2025-01-21,Hyderabad,Delhi,Meta Ads
C08058,2025-04-10,Jaipur,Maharashtra,Influencer
C08059,2025-10-27,Chennai,Haryana,Meta Ads
C08060,2025-04-13,Chennai,Gujarat,Influencer
C08061,2025-02-16,Mumbai,Tamil Nadu,Google Ads
C08062,2025-02-08,Chennai,Tamil Nadu,Organic
C08063,2025-10-12,Mumbai,Telangana,Meta Ads
C08064,2025-11-06,Hyderabad,Maharashtra,Email
C08065,2025-03-31,Delhi,Karnataka,Influencer
C08066,2025-03-26,Pune,Tamil Nadu,Google Ads
C08067,2025-09-30,Delhi,Tamil Nadu,Organic
C08068,2025-12-02,Hyderabad,Haryana,Meta Ads
C08069,2025-07-07,Ahmedabad,Tamil Nadu,Meta Ads
C08070,2025-06-08,Kolkata,Tamil Nadu,Organic
C08071,2025-08-31,Gurgaon,Delhi,Organic
C08072,2025-03-14,Kolkata,Tamil Nadu,Organic
C08073,2025-02-18,Pune,Haryana,Organic
C08074,2025-04-11,Chennai,Gujarat,Influencer
C08075,2025-01-02,Kolkata,Rajasthan,Email
C08076,2025-09-01,Chennai,Tamil Nadu,Google Ads
C08077,2025-06-25,Hyderabad,Telangana,Organic
C08078,2025-08-26,Pune,Karnataka,Email
C08079,2025-02-28,Jaipur,Delhi,Google Ads
C08080,2025-12-19,Gurgaon,West Bengal,Google Ads
C08081,2025-04-09,Gurgaon,Haryana,Influencer
C08082,2025-12-25,Ahmedabad,Telangana,Influencer
C08083,2025-01-02,Jaipur,Rajasthan,Organic
C08084,2025-08-31,Mumbai,West Bengal,Meta Ads
C08085,2025-10-24,Gurgaon,Gujarat,Google Ads
C08086,2025-07-30,Bangalore,Telangana,Meta Ads
C08087,2025-05-03,Mumbai,Gujarat,Google Ads
C08088,2025-08-17,Gurgaon,Telangana,Google Ads
C08089,2025-03-23,Hyderabad,Delhi,Meta Ads
C08090,2025-05-24,Pune,Gujarat,Google Ads
C08091,2025-05-20,Pune,Delhi,Organic
C08092,2025-01-29,Bangalore,Karnataka,Influencer
C08093,2025-09-27,Hyderabad,West Bengal,Meta Ads
C08094,2025-09-04,Bangalore,Karnataka,Google Ads
C08095,2025-01-12,Chennai,Gujarat,Google Ads
C08096,2025-12-21,Delhi,Haryana,Meta Ads
C08097,2025-12-03,Gurgaon,Karnataka,Google Ads
C08098,2025-04-16,Hyderabad,Haryana,Email
C08099,2025-02-01,Delhi,Haryana,Meta Ads
C08100,2025-03-15,Delhi,Gujarat,Google Ads
C08101,2025-06-20,Pune,Rajasthan,Google Ads
C08102,2025-12-03,Pune,Tamil Nadu,Meta Ads
C08103,2025-03-10,Jaipur,Karnataka,Meta Ads
C08104,2025-10-28,Chennai,Maharashtra,Influencer
C08105,2025-12-28,Hyderabad,Karnataka,Influencer
C08106,2025-05-17,Ahmedabad,Rajasthan,Influencer
C08107,2025-04-10,Hyderabad,West Bengal,Organic
C08108,2025-05-26,Chennai,Rajasthan,Influencer
C08109,2025-01-09,Pune,Tamil Nadu,Meta Ads
C08110,2025-03-03,Pune,Gujarat,Influencer
C08111,2025-07-04,Gurgaon,Rajasthan,Google Ads
C08112,2025-01-29,Kolkata,Karnataka,Influencer
C08113,2025-04-24,Pune,West Bengal,Meta Ads
C08114,2025-05-23,Bangalore,Rajasthan,Influencer
C08115,2025-04-30,Gurgaon,Maharashtra,Organic
C08116,2025-06-19,Mumbai,West Bengal,Meta Ads
C08117,2025-06-06,Kolkata,Haryana,Google Ads
C08118,2025-12-01,Kolkata,Gujarat,Google Ads
C08119,2025-12-15,Bangalore,Telangana,Meta Ads
C08120,2025-09-17,Kolkata,Delhi,Google Ads
C08121,2025-03-23,Ahmedabad,Gujarat,Google Ads
C08122,2025-08-30,Pune,Tamil Nadu,Meta Ads
C08123,2025-06-21,Pune,Gujarat,Google Ads
C08124,2025-08-19,Gurgaon,Karnataka,Meta Ads
C08125,2025-07-27,Chennai,Gujarat,Meta Ads
C08126,2025-03-16,Bangalore,Gujarat,Meta Ads
C08127,2025-09-27,Pune,Delhi,Meta Ads
C08128,2025-04-24,Delhi,Telangana,Email
C08129,2025-03-03,Jaipur,West Bengal,Email
C08130,2025-12-28,Pune,Delhi,Influencer
C08131,2025-11-16,Hyderabad,Karnataka,Meta Ads
C08132,2025-04-12,Delhi,Karnataka,Organic
C08133,2025-12-28,Chennai,Tamil Nadu,Organic
C08134,2025-07-29,Delhi,Haryana,Meta Ads
C08135,2025-09-12,Kolkata,West Bengal,Email
C08136,2025-01-20,Jaipur,Karnataka,Email
C08137,2025-02-27,Mumbai,Delhi,Organic
C08138,2025-04-22,Jaipur,Karnataka,Meta Ads
C08139,2025-11-09,Pune,Gujarat,Organic
C08140,2025-07-15,Gurgaon,Haryana,Meta Ads
C08141,2025-12-19,Ahmedabad,Karnataka,Meta Ads
C08142,2025-04-02,Chennai,Gujarat,Organic
C08143,2025-02-21,Gurgaon,Tamil Nadu,Google Ads
C08144,2025-10-20,Pune,Karnataka,Meta Ads
C08145,2025-01-08,Gurgaon,Haryana,Meta Ads
C08146,2025-10-27,Hyderabad,Delhi,Organic
C08147,2025-04-08,Delhi,Tamil Nadu,Email
C08148,2025-08-24,Ahmedabad,Rajasthan,Google Ads
C08149,2025-03-10,Pune,West Bengal,Meta Ads
C08150,2025-02-14,Kolkata,Gujarat,Google Ads
C08151,2025-05-17,Chennai,Tamil Nadu,Organic
C08152,2025-08-22,Kolkata,Haryana,Influencer
C08153,2025-02-01,Delhi,Tamil Nadu,Google Ads
C08154,2025-10-16,Ahmedabad,West Bengal,Meta Ads
C08155,2025-05-06,Delhi,Rajasthan,Meta Ads
C08156,2025-03-08,Bangalore,Gujarat,Email
C08157,2025-01-30,Kolkata,Haryana,Meta Ads
C08158,2025-04-24,Delhi,West Bengal,Organic
C08159,2025-07-23,Delhi,Gujarat,Meta Ads
C08160,2025-01-29,Gurgaon,Delhi,Organic
C08161,2025-05-11,Pune,Gujarat,Meta Ads
C08162,2025-07-04,Gurgaon,West Bengal,Meta Ads
C08163,2025-09-10,Bangalore,Maharashtra,Google Ads
C08164,2025-10-13,Jaipur,Maharashtra,Google Ads
C08165,2025-03-03,Jaipur,Tamil Nadu,Google Ads
C08166,2025-01-03,Gurgaon,Karnataka,Organic
C08167,2025-03-09,Mumbai,Delhi,Google Ads
C08168,2025-01-25,Kolkata,Gujarat,Organic
C08169,2025-06-28,Gurgaon,West Bengal,Google Ads
C08170,2025-05-21,Hyderabad,Telangana,Organic
C08171,2025-08-19,Hyderabad,Delhi,Google Ads
C08172,2025-10-27,Chennai,Maharashtra,Influencer
C08173,2025-06-12,Bangalore,Rajasthan,Google Ads
C08174,2025-11-07,Bangalore,Telangana,Google Ads
C08175,2025-05-10,Gurgaon,Karnataka,Organic
C08176,2025-09-03,Ahmedabad,Gujarat,Google Ads
C08177,2025-10-24,Delhi,Telangana,Google Ads
C08178,2025-06-21,Pune,West Bengal,Influencer
C08179,2025-03-05,Delhi,Haryana,Organic
C08180,2025-01-31,Delhi,Haryana,Email
C08181,2025-02-16,Bangalore,Tamil Nadu,Organic
C08182,2025-05-10,Bangalore,Telangana,Meta Ads
C08183,2025-12-18,Hyderabad,Maharashtra,Influencer
C08184,2025-11-29,Bangalore,Tamil Nadu,Influencer
C08185,2025-04-20,Gurgaon,Haryana,Meta Ads
C08186,2025-03-10,Hyderabad,Karnataka,Meta Ads
C08187,2025-02-27,Kolkata,Telangana,Organic
C08188,2025-04-16,Delhi,Karnataka,Meta Ads
C08189,2025-10-27,Kolkata,Karnataka,Google Ads
C08190,2025-11-26,Delhi,Telangana,Email
C08191,2025-09-13,Delhi,Maharashtra,Meta Ads
C08192,2025-11-08,Chennai,Telangana,Meta Ads
C08193,2025-06-20,Delhi,Maharashtra,Organic
C08194,2025-06-11,Ahmedabad,Gujarat,Meta Ads
C08195,2025-10-13,Kolkata,Haryana,Influencer
C08196,2025-03-12,Delhi,West Bengal,Meta Ads
C08197,2025-09-12,Mumbai,Telangana,Organic
C08198,2025-02-24,Mumbai,Tamil Nadu,Meta Ads
C08199,2025-11-19,Mumbai,Telangana,Organic
C08200,2025-01-03,Gurgaon,Tamil Nadu,Organic
C08201,2025-01-26,Hyderabad,Delhi,Email
C08202,2025-11-09,Kolkata,Tamil Nadu,Google Ads
C08203,2025-05-06,Delhi,Tamil Nadu,Influencer
C08204,2025-02-22,Jaipur,Maharashtra,Organic
C08205,2025-07-17,Hyderabad,Rajasthan,Email
C08206,2025-10-26,Jaipur,Tamil Nadu,Meta Ads
C08207,2025-07-07,Pune,West Bengal,Organic
C08208,2025-07-05,Ahmedabad,Maharashtra,Google Ads
C08209,2025-11-01,Pune,Maharashtra,Meta Ads
C08210,2025-10-25,Bangalore,Maharashtra,Organic
C08211,2025-07-23,Hyderabad,Rajasthan,Influencer
C08212,2025-01-11,Jaipur,Karnataka,Organic
C08213,2025-12-25,Chennai,Telangana,Meta Ads
C08214,2025-12-20,Delhi,Delhi,Meta Ads
C08215,2025-05-26,Gurgaon,Delhi,Meta Ads
C08216,2025-03-26,Kolkata,Telangana,Email
C08217,2025-04-10,Delhi,Maharashtra,Google Ads
C08218,2025-04-14,Kolkata,Gujarat,Google Ads
C08219,2025-02-15,Chennai,Telangana,Google Ads
C08220,2025-02-13,Delhi,Karnataka,Meta Ads
C08221,2025-10-05,Ahmedabad,Karnataka,Meta Ads
C08222,2025-06-30,Bangalore,Tamil Nadu,Google Ads
C08223,2025-07-06,Mumbai,Tamil Nadu,Influencer
C08224,2025-04-24,Chennai,Tamil Nadu,Influencer
C08225,2025-09-12,Bangalore,Tamil Nadu,Influencer
C08226,2025-01-30,Delhi,Gujarat,Email
C08227,2025-09-21,Jaipur,Gujarat,Meta Ads
C08228,2025-04-08,Bangalore,Rajasthan,Meta Ads
C08229,2025-11-09,Gurgaon,Delhi,Meta Ads
C08230,2025-11-25,Bangalore,Gujarat,Organic
C08231,2025-04-25,Pune,Haryana,Organic
C08232,2025-10-03,Ahmedabad,Karnataka,Organic
C08233,2025-10-08,Chennai,Karnataka,Google Ads
C08234,2025-10-02,Mumbai,Tamil Nadu,Google Ads
C08235,2025-09-18,Delhi,Gujarat,Organic
C08236,2025-11-27,Chennai,Maharashtra,Meta Ads
C08237,2025-07-26,Hyderabad,Rajasthan,Influencer
C08238,2025-11-24,Chennai,Haryana,Email
C08239,2025-07-30,Gurgaon,Haryana,Google Ads
C08240,2025-08-03,Chennai,Delhi,Organic
C08241,2025-02-09,Hyderabad,Tamil Nadu,Organic
C08242,2025-01-26,Bangalore,Haryana,Meta Ads
C08243,2025-01-27,Pune,West Bengal,Meta Ads
C08244,2025-07-09,Bangalore,West Bengal,Meta Ads
C08245,2025-03-24,Bangalore,Telangana,Organic
C08246,2025-06-19,Hyderabad,Haryana,Meta Ads
C08247,2025-06-16,Kolkata,Gujarat,Influencer
C08248,2025-07-07,Mumbai,Maharashtra,Email
C08249,2025-06-18,Hyderabad,Delhi,Meta Ads
C08250,2025-10-16,Bangalore,Tamil Nadu,Meta Ads
C08251,2025-08-17,Chennai,Telangana,Organic
C08252,2025-04-07,Mumbai,Karnataka,Influencer
C08253,2025-01-16,Delhi,West Bengal,Google Ads
C08254,2025-10-06,Jaipur,Gujarat,Google Ads
C08255,2025-05-15,Delhi,Telangana,Email
C08256,2025-01-26,Gurgaon,Tamil Nadu,Google Ads
C08257,2025-12-18,Bangalore,Maharashtra,Meta Ads
C08258,2025-01-12,Chennai,Gujarat,Email
C08259,2025-03-13,Kolkata,Tamil Nadu,Meta Ads
C08260,2025-05-13,Pune,Rajasthan,Meta Ads
C08261,2025-04-16,Pune,Tamil Nadu,Google Ads
C08262,2025-08-08,Mumbai,Tamil Nadu,Meta Ads
C08263,2025-06-26,Kolkata,Maharashtra,Email
C08264,2025-10-09,Jaipur,Haryana,Google Ads
C08265,2025-05-13,Delhi,Rajasthan,Influencer
C08266,2025-01-22,Jaipur,Delhi,Meta Ads
C08267,2025-09-26,Ahmedabad,Telangana,Meta Ads
C08268,2025-06-10,Delhi,Karnataka,Organic
C08269,2025-04-17,Delhi,Delhi,Email
C08270,2025-10-06,Delhi,Delhi,Meta Ads
C08271,2025-12-19,Chennai,Delhi,Organic
C08272,2025-08-23,Hyderabad,Delhi,Meta Ads
C08273,2025-01-18,Chennai,Maharashtra,Influencer
C08274,2025-08-30,Pune,Haryana,Email
C08275,2025-04-27,Chennai,Maharashtra,Organic
C08276,2025-10-13,Jaipur,Telangana,Organic
C08277,2025-10-09,Chennai,Rajasthan,Meta Ads
C08278,2025-05-24,Hyderabad,Karnataka,Meta Ads
C08279,2025-07-24,Mumbai,Maharashtra,Meta Ads
C08280,2025-02-08,Kolkata,Telangana,Meta Ads
C08281,2025-06-03,Mumbai,Rajasthan,Influencer
C08282,2025-06-25,Ahmedabad,Telangana,Google Ads
C08283,2025-08-29,Pune,Haryana,Meta Ads
C08284,2025-05-14,Ahmedabad,Telangana,Influencer
C08285,2025-02-15,Ahmedabad,Gujarat,Email
C08286,2025-02-19,Kolkata,Telangana,Google Ads
C08287,2025-06-15,Kolkata,Maharashtra,Google Ads
C08288,2025-04-16,Hyderabad,Telangana,Meta Ads
C08289,2025-08-04,Hyderabad,Maharashtra,Google Ads
C08290,2025-05-26,Mumbai,Rajasthan,Google Ads
C08291,2025-03-13,Hyderabad,Gujarat,Email
C08292,2025-11-26,Hyderabad,Rajasthan,Organic
C08293,2025-09-30,Gurgaon,Telangana,Influencer
C08294,2025-09-04,Bangalore,Delhi,Meta Ads
C08295,2025-07-05,Mumbai,Karnataka,Google Ads
C08296,2025-03-11,Kolkata,West Bengal,Meta Ads
C08297,2025-05-30,Mumbai,Delhi,Influencer
C08298,2025-09-03,Kolkata,Gujarat,Meta Ads
C08299,2025-09-19,Chennai,Rajasthan,Google Ads
C08300,2025-01-26,Bangalore,Gujarat,Meta Ads
C08301,2025-05-20,Gurgaon,Haryana,Organic
C08302,2025-04-09,Gurgaon,Rajasthan,Google Ads
C08303,2025-10-05,Jaipur,Telangana,Google Ads
C08304,2025-02-20,Pune,Rajasthan,Meta Ads
C08305,2025-05-31,Kolkata,Delhi,Google Ads
C08306,2025-04-14,Pune,Karnataka,Organic
C08307,2025-03-30,Chennai,Telangana,Email
C08308,2025-05-21,Gurgaon,Delhi,Meta Ads
C08309,2025-08-01,Chennai,Tamil Nadu,Email
C08310,2025-08-21,Ahmedabad,Telangana,Google Ads
C08311,2025-07-02,Bangalore,Telangana,Meta Ads
C08312,2025-09-08,Jaipur,Delhi,Organic
C08313,2025-01-09,Chennai,Haryana,Google Ads
C08314,2025-03-20,Jaipur,Rajasthan,Meta Ads
C08315,2025-02-21,Bangalore,Tamil Nadu,Organic
C08316,2025-09-26,Mumbai,Gujarat,Google Ads
C08317,2025-08-14,Chennai,Telangana,Organic
C08318,2025-02-20,Hyderabad,Rajasthan,Organic
C08319,2025-07-05,Delhi,West Bengal,Google Ads
C08320,2025-02-03,Gurgaon,West Bengal,Google Ads
C08321,2025-10-18,Gurgaon,Gujarat,Meta Ads
C08322,2025-08-18,Gurgaon,Maharashtra,Google Ads
C08323,2025-05-11,Mumbai,Tamil Nadu,Meta Ads
C08324,2025-04-30,Delhi,West Bengal,Meta Ads
C08325,2025-11-22,Bangalore,Karnataka,Google Ads
C08326,2025-09-04,Mumbai,Gujarat,Meta Ads
C08327,2025-07-11,Gurgaon,Delhi,Organic
C08328,2025-11-19,Gurgaon,Delhi,Google Ads
C08329,2025-07-29,Pune,Karnataka,Influencer
C08330,2025-04-13,Jaipur,Tamil Nadu,Meta Ads
C08331,2025-11-25,Jaipur,West Bengal,Google Ads
C08332,2025-05-13,Pune,Maharashtra,Organic
C08333,2025-11-19,Ahmedabad,Tamil Nadu,Email
C08334,2025-05-19,Pune,Haryana,Email
C08335,2025-05-01,Jaipur,Tamil Nadu,Organic
C08336,2025-04-04,Gurgaon,Delhi,Organic
C08337,2025-05-09,Hyderabad,West Bengal,Organic
C08338,2025-04-01,Jaipur,Gujarat,Google Ads
C08339,2025-04-02,Delhi,West Bengal,Organic
C08340,2025-03-04,Hyderabad,Rajasthan,Google Ads
C08341,2025-01-29,Mumbai,Delhi,Meta Ads
C08342,2025-07-29,Jaipur,Rajasthan,Organic
C08343,2025-01-12,Bangalore,Karnataka,Influencer
C08344,2025-11-29,Chennai,Maharashtra,Meta Ads
C08345,2025-10-24,Chennai,Tamil Nadu,Organic
C08346,2025-05-10,Delhi,Haryana,Google Ads
C08347,2025-10-20,Kolkata,Telangana,Google Ads
C08348,2025-06-22,Chennai,Telangana,Organic
C08349,2025-07-27,Delhi,Gujarat,Email
C08350,2025-01-24,Kolkata,Karnataka,Google Ads
C08351,2025-04-09,Mumbai,Delhi,Influencer
C08352,2025-12-22,Kolkata,Haryana,Google Ads
C08353,2025-05-19,Bangalore,Gujarat,Influencer
C08354,2025-11-10,Jaipur,Karnataka,Influencer
C08355,2025-06-23,Chennai,Maharashtra,Influencer
C08356,2025-01-29,Gurgaon,Delhi,Email
C08357,2025-05-23,Pune,Telangana,Meta Ads
C08358,2025-11-12,Jaipur,Maharashtra,Google Ads
C08359,2025-12-17,Mumbai,Gujarat,Organic
C08360,2025-02-11,Mumbai,Rajasthan,Organic
C08361,2025-10-26,Delhi,Delhi,Influencer
C08362,2025-07-27,Ahmedabad,Maharashtra,Meta Ads
C08363,2025-11-26,Kolkata,Tamil Nadu,Organic
C08364,2025-07-11,Kolkata,West Bengal,Organic
C08365,2025-06-09,Delhi,Maharashtra,Meta Ads
C08366,2025-03-05,Pune,Gujarat,Organic
C08367,2025-08-31,Gurgaon,Rajasthan,Meta Ads
C08368,2025-09-15,Mumbai,Gujarat,Influencer
C08369,2025-06-01,Jaipur,Rajasthan,Meta Ads
C08370,2025-08-03,Pune,Tamil Nadu,Meta Ads
C08371,2025-11-18,Gurgaon,West Bengal,Meta Ads
C08372,2025-06-15,Ahmedabad,Tamil Nadu,Meta Ads
C08373,2025-01-31,Jaipur,West Bengal,Organic
C08374,2025-08-20,Delhi,Karnataka,Influencer
C08375,2025-10-09,Jaipur,Telangana,Google Ads
C08376,2025-01-29,Bangalore,Rajasthan,Meta Ads
C08377,2025-07-14,Ahmedabad,Karnataka,Google Ads
C08378,2025-11-30,Delhi,Maharashtra,Google Ads
C08379,2025-09-13,Delhi,West Bengal,Google Ads
C08380,2025-10-08,Delhi,Tamil Nadu,Google Ads
C08381,2025-10-31,Chennai,Karnataka,Organic
C08382,2025-11-17,Pune,Tamil Nadu,Google Ads
C08383,2025-11-19,Gurgaon,West Bengal,Organic
C08384,2025-12-12,Kolkata,Tamil Nadu,Organic
C08385,2025-10-21,Mumbai,Delhi,Meta Ads
C08386,2025-03-28,Mumbai,Delhi,Email
C08387,2025-05-29,Bangalore,Rajasthan,Meta Ads
C08388,2025-09-06,Bangalore,Tamil Nadu,Google Ads
C08389,2025-11-17,Bangalore,Maharashtra,Email
C08390,2025-10-10,Hyderabad,Delhi,Meta Ads
C08391,2025-12-28,Bangalore,Maharashtra,Meta Ads
C08392,2025-07-17,Mumbai,Gujarat,Google Ads
C08393,2025-02-13,Ahmedabad,Haryana,Meta Ads
C08394,2025-12-22,Gurgaon,West Bengal,Organic
C08395,2025-01-28,Bangalore,West Bengal,Influencer
C08396,2025-01-17,Ahmedabad,Maharashtra,Google Ads
C08397,2025-05-07,Hyderabad,Telangana,Organic
C08398,2025-06-17,Hyderabad,Maharashtra,Organic
C08399,2025-09-01,Kolkata,West Bengal,Influencer
C08400,2025-03-17,Chennai,Haryana,Organic
C08401,2025-08-19,Chennai,Delhi,Email
C08402,2025-07-23,Jaipur,Maharashtra,Google Ads
C08403,2025-09-05,Chennai,Tamil Nadu,Meta Ads
C08404,2025-10-29,Jaipur,Telangana,Google Ads
C08405,2025-08-02,Pune,West Bengal,Influencer
C08406,2025-08-03,Chennai,Maharashtra,Meta Ads
C08407,2025-06-07,Hyderabad,Maharashtra,Organic
C08408,2025-03-10,Kolkata,Tamil Nadu,Organic
C08409,2025-03-26,Ahmedabad,Gujarat,Email
C08410,2025-09-24,Bangalore,Delhi,Organic
C08411,2025-03-10,Chennai,Haryana,Organic
C08412,2025-04-09,Jaipur,Delhi,Email
C08413,2025-12-13,Ahmedabad,Tamil Nadu,Email
C08414,2025-08-04,Delhi,West Bengal,Google Ads
C08415,2025-06-10,Mumbai,Tamil Nadu,Email
C08416,2025-04-04,Chennai,Rajasthan,Meta Ads
C08417,2025-06-23,Mumbai,Karnataka,Influencer
C08418,2025-06-14,Chennai,Gujarat,Google Ads
C08419,2025-04-25,Delhi,Karnataka,Google Ads
C08420,2025-08-08,Bangalore,West Bengal,Influencer
C08421,2025-01-31,Pune,Haryana,Organic
C08422,2025-01-11,Gurgaon,Delhi,Google Ads
C08423,2025-12-09,Ahmedabad,Telangana,Meta Ads
C08424,2025-05-10,Ahmedabad,Rajasthan,Email
C08425,2025-04-15,Bangalore,Gujarat,Google Ads
C08426,2025-01-27,Kolkata,Karnataka,Meta Ads
C08427,2025-08-15,Hyderabad,Maharashtra,Organic
C08428,2025-01-02,Chennai,Rajasthan,Google Ads
C08429,2025-12-25,Gurgaon,Delhi,Organic
C08430,2025-04-11,Kolkata,Rajasthan,Meta Ads
C08431,2025-01-21,Gurgaon,West Bengal,Google Ads
C08432,2025-02-27,Hyderabad,Maharashtra,Email
C08433,2025-06-29,Mumbai,Haryana,Email
C08434,2025-12-07,Chennai,Maharashtra,Influencer
C08435,2025-12-15,Hyderabad,Haryana,Influencer
C08436,2025-01-20,Ahmedabad,West Bengal,Meta Ads
C08437,2025-09-12,Ahmedabad,Haryana,Google Ads
C08438,2025-11-13,Chennai,Maharashtra,Organic
C08439,2025-02-07,Pune,Haryana,Meta Ads
C08440,2025-05-28,Bangalore,Tamil Nadu,Meta Ads
C08441,2025-01-25,Bangalore,Haryana,Google Ads
C08442,2025-05-01,Ahmedabad,Maharashtra,Google Ads
C08443,2025-01-26,Ahmedabad,Tamil Nadu,Meta Ads
C08444,2025-06-18,Hyderabad,Tamil Nadu,Google Ads
C08445,2025-11-19,Delhi,Maharashtra,Email
C08446,2025-08-13,Jaipur,Telangana,Meta Ads
C08447,2025-01-01,Pune,West Bengal,Organic
C08448,2025-11-03,Kolkata,Delhi,Google Ads
C08449,2025-09-18,Jaipur,Delhi,Influencer
C08450,2025-01-13,Hyderabad,Tamil Nadu,Organic
C08451,2025-02-17,Jaipur,West Bengal,Meta Ads
C08452,2025-11-09,Jaipur,Haryana,Meta Ads
C08453,2025-10-18,Hyderabad,Gujarat,Organic
C08454,2025-11-28,Ahmedabad,Telangana,Meta Ads
C08455,2025-04-04,Ahmedabad,Karnataka,Google Ads
C08456,2025-09-18,Chennai,West Bengal,Google Ads
C08457,2025-10-05,Jaipur,Telangana,Meta Ads
C08458,2025-12-25,Kolkata,Delhi,Google Ads
C08459,2025-07-24,Hyderabad,Gujarat,Google Ads
C08460,2025-07-04,Kolkata,Haryana,Meta Ads
C08461,2025-06-24,Gurgaon,Gujarat,Influencer
C08462,2025-11-05,Bangalore,Gujarat,Email
C08463,2025-03-10,Chennai,Haryana,Meta Ads
C08464,2025-04-14,Bangalore,Gujarat,Meta Ads
C08465,2025-09-03,Chennai,West Bengal,Email
C08466,2025-06-10,Pune,Karnataka,Influencer
C08467,2025-07-19,Hyderabad,Telangana,Email
C08468,2025-08-04,Bangalore,West Bengal,Google Ads
C08469,2025-07-31,Kolkata,Telangana,Google Ads
C08470,2025-01-16,Hyderabad,Tamil Nadu,Email
C08471,2025-11-28,Kolkata,Maharashtra,Google Ads
C08472,2025-07-24,Jaipur,Maharashtra,Organic
C08473,2025-12-31,Bangalore,Karnataka,Organic
C08474,2025-02-08,Jaipur,West Bengal,Influencer
C08475,2025-03-30,Ahmedabad,Karnataka,Email
C08476,2025-09-13,Gurgaon,Karnataka,Google Ads
C08477,2025-09-11,Pune,Telangana,Meta Ads
C08478,2025-08-04,Pune,Tamil Nadu,Meta Ads
C08479,2025-10-30,Bangalore,Delhi,Influencer
C08480,2025-06-21,Mumbai,Tamil Nadu,Meta Ads
C08481,2025-05-17,Gurgaon,Gujarat,Meta Ads
C08482,2025-06-27,Delhi,Gujarat,Influencer
C08483,2025-03-18,Chennai,Tamil Nadu,Google Ads
C08484,2025-07-07,Pune,Tamil Nadu,Influencer
C08485,2025-01-15,Hyderabad,Karnataka,Organic
C08486,2025-10-19,Ahmedabad,Maharashtra,Google Ads
C08487,2025-11-15,Jaipur,West Bengal,Meta Ads
C08488,2025-11-21,Delhi,Gujarat,Google Ads
C08489,2025-08-02,Hyderabad,Tamil Nadu,Meta Ads
C08490,2025-07-27,Bangalore,Haryana,Organic
C08491,2025-06-18,Gurgaon,Telangana,Google Ads
C08492,2025-11-26,Pune,Delhi,Meta Ads
C08493,2025-10-07,Chennai,Rajasthan,Organic
C08494,2025-11-01,Delhi,Telangana,Influencer
C08495,2025-05-26,Pune,Maharashtra,Email
C08496,2025-09-20,Mumbai,Telangana,Organic
C08497,2025-01-04,Mumbai,Haryana,Meta Ads
C08498,2025-03-31,Mumbai,Maharashtra,Influencer
C08499,2025-03-01,Ahmedabad,West Bengal,Organic
C08500,2025-11-07,Jaipur,Karnataka,Email
C08501,2025-01-16,Bangalore,Gujarat,Organic
C08502,2025-08-15,Hyderabad,Telangana,Google Ads
C08503,2025-01-29,Pune,Haryana,Email
C08504,2025-05-31,Hyderabad,Karnataka,Organic
C08505,2025-09-02,Hyderabad,Haryana,Meta Ads
C08506,2025-09-27,Pune,Rajasthan,Google Ads
C08507,2025-03-20,Jaipur,Maharashtra,Meta Ads
C08508,2025-10-16,Ahmedabad,West Bengal,Organic
C08509,2025-06-02,Ahmedabad,Gujarat,Organic
C08510,2025-10-04,Gurgaon,Karnataka,Meta Ads
C08511,2025-10-06,Bangalore,Telangana,Influencer
C08512,2025-02-26,Gurgaon,Maharashtra,Organic
C08513,2025-07-05,Jaipur,Rajasthan,Meta Ads
C08514,2025-04-03,Hyderabad,Karnataka,Meta Ads
C08515,2025-10-03,Bangalore,Rajasthan,Influencer
C08516,2025-06-07,Gurgaon,West Bengal,Google Ads
C08517,2025-10-02,Gurgaon,Tamil Nadu,Influencer
C08518,2025-06-30,Mumbai,Karnataka,Meta Ads
C08519,2025-12-25,Ahmedabad,West Bengal,Meta Ads
C08520,2025-03-18,Kolkata,Karnataka,Influencer
C08521,2025-05-31,Gurgaon,Tamil Nadu,Organic
C08522,2025-08-26,Delhi,Gujarat,Google Ads
C08523,2025-10-16,Mumbai,Haryana,Email
C08524,2025-08-19,Hyderabad,Karnataka,Meta Ads
C08525,2025-01-18,Chennai,Tamil Nadu,Influencer
C08526,2025-03-14,Ahmedabad,Gujarat,Organic
C08527,2025-07-08,Jaipur,Karnataka,Meta Ads
C08528,2025-01-17,Pune,Haryana,Organic
C08529,2025-01-19,Jaipur,Rajasthan,Email
C08530,2025-08-07,Mumbai,Karnataka,Organic
C08531,2025-11-22,Delhi,Maharashtra,Organic
C08532,2025-04-30,Jaipur,Gujarat,Google Ads
C08533,2025-04-11,Delhi,West Bengal,Influencer
C08534,2025-02-03,Pune,Rajasthan,Email
C08535,2025-03-25,Chennai,Telangana,Influencer
C08536,2025-07-15,Ahmedabad,Karnataka,Organic
C08537,2025-11-26,Ahmedabad,Haryana,Meta Ads
C08538,2025-07-21,Kolkata,Delhi,Influencer
C08539,2025-12-10,Delhi,Haryana,Meta Ads
C08540,2025-12-07,Pune,Karnataka,Influencer
C08541,2025-01-11,Gurgaon,Delhi,Meta Ads
C08542,2025-12-13,Gurgaon,Karnataka,Google Ads
C08543,2025-08-06,Hyderabad,Haryana,Organic
C08544,2025-09-10,Delhi,Haryana,Influencer
C08545,2025-08-10,Bangalore,Gujarat,Email
C08546,2025-03-21,Jaipur,Delhi,Meta Ads
C08547,2025-01-07,Hyderabad,West Bengal,Meta Ads
C08548,2025-09-29,Hyderabad,Haryana,Email
C08549,2025-08-15,Hyderabad,Karnataka,Meta Ads
C08550,2025-01-16,Pune,Telangana,Organic
C08551,2025-01-12,Ahmedabad,Karnataka,Email
C08552,2025-10-18,Hyderabad,Gujarat,Email
C08553,2025-08-29,Ahmedabad,Telangana,Google Ads
C08554,2025-01-21,Ahmedabad,Karnataka,Organic
C08555,2025-06-27,Delhi,Maharashtra,Organic
C08556,2025-08-16,Pune,Karnataka,Google Ads
C08557,2025-09-30,Ahmedabad,West Bengal,Meta Ads
C08558,2025-10-15,Hyderabad,Tamil Nadu,Influencer
C08559,2025-10-24,Pune,Haryana,Meta Ads
C08560,2025-05-14,Hyderabad,Gujarat,Organic
C08561,2025-10-10,Mumbai,Delhi,Organic
C08562,2025-06-02,Jaipur,Karnataka,Google Ads
C08563,2025-03-07,Mumbai,Maharashtra,Meta Ads
C08564,2025-05-17,Mumbai,Maharashtra,Influencer
C08565,2025-04-02,Delhi,Delhi,Google Ads
C08566,2025-11-13,Bangalore,Haryana,Organic
C08567,2025-09-16,Jaipur,Haryana,Meta Ads
C08568,2025-04-13,Delhi,Karnataka,Meta Ads
C08569,2025-02-24,Hyderabad,Rajasthan,Meta Ads
C08570,2025-09-14,Delhi,Tamil Nadu,Meta Ads
C08571,2025-04-11,Hyderabad,Tamil Nadu,Meta Ads
C08572,2025-07-17,Bangalore,Tamil Nadu,Organic
C08573,2025-10-28,Ahmedabad,Maharashtra,Meta Ads
C08574,2025-08-14,Delhi,Gujarat,Meta Ads
C08575,2025-08-25,Kolkata,Tamil Nadu,Meta Ads
C08576,2025-01-26,Ahmedabad,Karnataka,Organic
C08577,2025-05-01,Chennai,Rajasthan,Organic
C08578,2025-07-01,Delhi,Maharashtra,Google Ads
C08579,2025-07-18,Hyderabad,West Bengal,Organic
C08580,2025-10-29,Jaipur,Karnataka,Organic
C08581,2025-09-12,Delhi,Tamil Nadu,Meta Ads
C08582,2025-05-02,Hyderabad,Haryana,Influencer
C08583,2025-01-31,Bangalore,Tamil Nadu,Google Ads
C08584,2025-11-11,Mumbai,Gujarat,Google Ads
C08585,2025-10-12,Delhi,Karnataka,Influencer
C08586,2025-04-16,Gurgaon,Maharashtra,Meta Ads
C08587,2025-08-12,Chennai,Gujarat,Meta Ads
C08588,2025-09-30,Gurgaon,Delhi,Email
C08589,2025-08-20,Ahmedabad,Maharashtra,Google Ads
C08590,2025-09-13,Ahmedabad,Delhi,Google Ads
C08591,2025-01-24,Mumbai,Haryana,Influencer
C08592,2025-04-19,Mumbai,Gujarat,Meta Ads
C08593,2025-07-10,Ahmedabad,Maharashtra,Meta Ads
C08594,2025-12-13,Delhi,Telangana,Meta Ads
C08595,2025-01-25,Pune,Telangana,Organic
C08596,2025-07-06,Delhi,West Bengal,Google Ads
C08597,2025-10-15,Chennai,Delhi,Influencer
C08598,2025-04-26,Ahmedabad,Rajasthan,Meta Ads
C08599,2025-12-04,Gurgaon,Karnataka,Organic
C08600,2025-02-06,Mumbai,Tamil Nadu,Google Ads
C08601,2025-10-09,Gurgaon,Haryana,Meta Ads
C08602,2025-05-17,Ahmedabad,Telangana,Influencer
C08603,2025-08-15,Bangalore,Rajasthan,Google Ads
C08604,2025-11-16,Ahmedabad,Rajasthan,Organic
C08605,2025-11-24,Kolkata,Delhi,Meta Ads
C08606,2025-07-01,Chennai,West Bengal,Influencer
C08607,2025-12-28,Kolkata,Rajasthan,Meta Ads
C08608,2025-03-27,Jaipur,Haryana,Organic
C08609,2025-02-22,Gurgaon,Delhi,Influencer
C08610,2025-12-14,Bangalore,Gujarat,Meta Ads
C08611,2025-12-21,Chennai,Haryana,Meta Ads
C08612,2025-08-23,Hyderabad,Tamil Nadu,Organic
C08613,2025-09-24,Jaipur,West Bengal,Meta Ads
C08614,2025-10-14,Pune,West Bengal,Influencer
C08615,2025-04-10,Kolkata,West Bengal,Google Ads
C08616,2025-03-28,Chennai,Delhi,Google Ads
C08617,2025-01-15,Chennai,West Bengal,Meta Ads
C08618,2025-04-11,Kolkata,Karnataka,Meta Ads
C08619,2025-06-14,Jaipur,Haryana,Meta Ads
C08620,2025-01-29,Bangalore,Haryana,Meta Ads
C08621,2025-04-24,Bangalore,Gujarat,Meta Ads
C08622,2025-04-17,Mumbai,West Bengal,Google Ads
C08623,2025-12-30,Delhi,West Bengal,Google Ads
C08624,2025-05-10,Jaipur,Tamil Nadu,Meta Ads
C08625,2025-03-25,Gurgaon,West Bengal,Meta Ads
C08626,2025-09-28,Gurgaon,West Bengal,Google Ads
C08627,2025-09-01,Jaipur,Haryana,Influencer
C08628,2025-08-02,Kolkata,Haryana,Google Ads
C08629,2025-11-02,Gurgaon,Telangana,Email
C08630,2025-06-15,Gurgaon,Telangana,Meta Ads
C08631,2025-10-06,Delhi,Haryana,Meta Ads
C08632,2025-02-28,Chennai,Rajasthan,Meta Ads
C08633,2025-03-31,Chennai,Tamil Nadu,Meta Ads
C08634,2025-11-27,Jaipur,Gujarat,Email
C08635,2025-07-13,Ahmedabad,Rajasthan,Google Ads
C08636,2025-05-03,Chennai,Telangana,Google Ads
C08637,2025-05-16,Kolkata,West Bengal,Meta Ads
C08638,2025-05-19,Hyderabad,Haryana,Influencer
C08639,2025-08-17,Ahmedabad,Telangana,Organic
C08640,2025-10-01,Delhi,West Bengal,Google Ads
C08641,2025-02-19,Kolkata,Karnataka,Influencer
C08642,2025-04-28,Bangalore,Delhi,Email
C08643,2025-07-21,Delhi,West Bengal,Meta Ads
C08644,2025-07-10,Mumbai,Rajasthan,Meta Ads
C08645,2025-12-30,Gurgaon,Maharashtra,Meta Ads
C08646,2025-11-19,Pune,West Bengal,Organic
C08647,2025-06-30,Bangalore,Maharashtra,Meta Ads
C08648,2025-03-19,Ahmedabad,Karnataka,Influencer
C08649,2025-03-16,Kolkata,Karnataka,Google Ads
C08650,2025-10-22,Bangalore,Telangana,Influencer
C08651,2025-10-08,Mumbai,Tamil Nadu,Organic
C08652,2025-01-21,Kolkata,Karnataka,Influencer
C08653,2025-06-20,Pune,Rajasthan,Google Ads
C08654,2025-01-15,Ahmedabad,Maharashtra,Email
C08655,2025-07-30,Delhi,West Bengal,Organic
C08656,2025-02-17,Jaipur,Tamil Nadu,Organic
C08657,2025-03-27,Bangalore,Maharashtra,Google Ads
C08658,2025-05-29,Pune,Karnataka,Email
C08659,2025-07-07,Mumbai,Tamil Nadu,Google Ads
C08660,2025-11-02,Bangalore,Telangana,Influencer
C08661,2025-05-31,Hyderabad,Delhi,Google Ads
C08662,2025-05-21,Hyderabad,Delhi,Influencer
C08663,2025-03-10,Ahmedabad,Karnataka,Email
C08664,2025-09-17,Delhi,Gujarat,Google Ads
C08665,2025-11-30,Ahmedabad,Telangana,Organic
C08666,2025-01-09,Ahmedabad,Delhi,Google Ads
C08667,2025-05-01,Gurgaon,Gujarat,Meta Ads
C08668,2025-04-11,Delhi,Tamil Nadu,Organic
C08669,2025-05-29,Gurgaon,Delhi,Meta Ads
C08670,2025-05-26,Kolkata,Tamil Nadu,Google Ads
C08671,2025-12-19,Pune,Delhi,Google Ads
C08672,2025-08-31,Pune,Karnataka,Meta Ads
C08673,2025-08-29,Delhi,Maharashtra,Organic
C08674,2025-12-03,Delhi,Telangana,Meta Ads
C08675,2025-02-12,Kolkata,Maharashtra,Influencer
C08676,2025-04-05,Pune,Haryana,Meta Ads
C08677,2025-08-14,Kolkata,Telangana,Meta Ads
C08678,2025-01-06,Jaipur,Tamil Nadu,Google Ads
C08679,2025-08-02,Mumbai,West Bengal,Meta Ads
C08680,2025-07-25,Hyderabad,Maharashtra,Google Ads
C08681,2025-03-08,Jaipur,Maharashtra,Meta Ads
C08682,2025-04-10,Ahmedabad,Gujarat,Google Ads
C08683,2025-01-12,Bangalore,Rajasthan,Google Ads
C08684,2025-08-25,Gurgaon,Haryana,Google Ads
C08685,2025-11-18,Chennai,West Bengal,Organic
C08686,2025-09-15,Bangalore,Rajasthan,Influencer
C08687,2025-12-03,Delhi,Delhi,Google Ads
C08688,2025-05-15,Mumbai,Gujarat,Meta Ads
C08689,2025-08-10,Jaipur,Rajasthan,Google Ads
C08690,2025-06-05,Chennai,Rajasthan,Influencer
C08691,2025-05-22,Chennai,West Bengal,Organic
C08692,2025-06-07,Delhi,Karnataka,Meta Ads
C08693,2025-11-22,Jaipur,Haryana,Google Ads
C08694,2025-12-10,Chennai,Maharashtra,Email
C08695,2025-09-19,Jaipur,Karnataka,Google Ads
C08696,2025-10-10,Gurgaon,West Bengal,Google Ads
C08697,2025-12-04,Gurgaon,Delhi,Meta Ads
C08698,2025-12-10,Chennai,Karnataka,Google Ads
C08699,2025-08-17,Chennai,Haryana,Meta Ads
C08700,2025-10-07,Delhi,Telangana,Meta Ads
C08701,2025-12-24,Jaipur,Karnataka,Organic
C08702,2025-10-17,Pune,Tamil Nadu,Meta Ads
C08703,2025-06-17,Kolkata,Tamil Nadu,Email
C08704,2025-02-16,Kolkata,Telangana,Google Ads
C08705,2025-07-22,Bangalore,Rajasthan,Organic
C08706,2025-08-02,Bangalore,Tamil Nadu,Google Ads
C08707,2025-09-03,Chennai,Rajasthan,Google Ads
C08708,2025-01-24,Hyderabad,Maharashtra,Email
C08709,2025-11-17,Gurgaon,Tamil Nadu,Meta Ads
C08710,2025-10-01,Ahmedabad,Telangana,Influencer
C08711,2025-02-13,Jaipur,Maharashtra,Organic
C08712,2025-11-28,Mumbai,Haryana,Organic
C08713,2025-11-09,Mumbai,Karnataka,Meta Ads
C08714,2025-12-29,Gurgaon,Tamil Nadu,Influencer
C08715,2025-06-05,Bangalore,Gujarat,Meta Ads
C08716,2025-07-18,Delhi,Telangana,Email
C08717,2025-06-11,Mumbai,Telangana,Influencer
C08718,2025-08-22,Chennai,Haryana,Google Ads
C08719,2025-06-12,Hyderabad,Tamil Nadu,Email
C08720,2025-04-26,Mumbai,West Bengal,Meta Ads
C08721,2025-04-03,Kolkata,Tamil Nadu,Email
C08722,2025-02-11,Hyderabad,West Bengal,Organic
C08723,2025-10-11,Hyderabad,Rajasthan,Meta Ads
C08724,2025-07-29,Mumbai,Telangana,Organic
C08725,2025-07-25,Delhi,Delhi,Organic
C08726,2025-08-08,Delhi,Rajasthan,Organic
C08727,2025-10-07,Bangalore,West Bengal,Google Ads
C08728,2025-05-16,Gurgaon,Telangana,Meta Ads
C08729,2025-04-16,Chennai,Gujarat,Meta Ads
C08730,2025-04-28,Ahmedabad,West Bengal,Email
C08731,2025-08-25,Pune,Maharashtra,Meta Ads
C08732,2025-11-05,Ahmedabad,Delhi,Email
C08733,2025-04-10,Kolkata,Rajasthan,Meta Ads
C08734,2025-09-18,Delhi,West Bengal,Google Ads
C08735,2025-11-01,Bangalore,Delhi,Meta Ads
C08736,2025-12-20,Kolkata,Telangana,Email
C08737,2025-10-13,Ahmedabad,Haryana,Meta Ads
C08738,2025-11-24,Hyderabad,Haryana,Google Ads
C08739,2025-04-13,Gurgaon,Haryana,Influencer
C08740,2025-03-04,Hyderabad,Karnataka,Influencer
C08741,2025-06-24,Ahmedabad,Haryana,Influencer
C08742,2025-10-09,Mumbai,Telangana,Email
C08743,2025-10-20,Gurgaon,Haryana,Email
C08744,2025-08-14,Bangalore,West Bengal,Influencer
C08745,2025-01-07,Jaipur,Haryana,Organic
C08746,2025-05-07,Hyderabad,Gujarat,Organic
C08747,2025-04-02,Mumbai,Gujarat,Meta Ads
C08748,2025-07-09,Kolkata,Karnataka,Organic
C08749,2025-12-25,Jaipur,Haryana,Meta Ads
C08750,2025-02-22,Kolkata,Telangana,Influencer
C08751,2025-08-30,Delhi,Haryana,Organic
C08752,2025-05-12,Jaipur,Gujarat,Email
C08753,2025-12-30,Gurgaon,Telangana,Meta Ads
C08754,2025-04-22,Delhi,Haryana,Organic
C08755,2025-01-07,Gurgaon,West Bengal,Organic
C08756,2025-08-18,Chennai,Karnataka,Email
C08757,2025-06-05,Mumbai,Tamil Nadu,Meta Ads
C08758,2025-07-16,Ahmedabad,Rajasthan,Meta Ads
C08759,2025-11-19,Kolkata,Telangana,Organic
C08760,2025-12-30,Ahmedabad,Telangana,Organic
C08761,2025-08-11,Jaipur,Tamil Nadu,Google Ads
C08762,2025-09-07,Hyderabad,Tamil Nadu,Email
C08763,2025-03-24,Hyderabad,Karnataka,Meta Ads
C08764,2025-08-28,Kolkata,Delhi,Organic
C08765,2025-12-26,Delhi,Karnataka,Meta Ads
C08766,2025-11-19,Kolkata,Gujarat,Meta Ads
C08767,2025-09-20,Chennai,Gujarat,Email
C08768,2025-07-08,Chennai,Tamil Nadu,Google Ads
C08769,2025-10-17,Ahmedabad,West Bengal,Influencer
C08770,2025-12-28,Jaipur,Maharashtra,Influencer
C08771,2025-02-27,Chennai,Rajasthan,Influencer
C08772,2025-01-09,Mumbai,Karnataka,Google Ads
C08773,2025-10-31,Delhi,Maharashtra,Email
C08774,2025-04-25,Delhi,Haryana,Google Ads
C08775,2025-07-29,Chennai,Delhi,Google Ads
C08776,2025-02-10,Pune,Haryana,Meta Ads
C08777,2025-10-31,Hyderabad,Telangana,Google Ads
C08778,2025-06-22,Pune,Tamil Nadu,Email
C08779,2025-08-22,Jaipur,Haryana,Organic
C08780,2025-10-08,Jaipur,Rajasthan,Influencer
C08781,2025-03-19,Gurgaon,Haryana,Meta Ads
C08782,2025-04-18,Jaipur,Gujarat,Email
C08783,2025-10-08,Gurgaon,Maharashtra,Meta Ads
C08784,2025-02-08,Delhi,Karnataka,Email
C08785,2025-04-29,Mumbai,Karnataka,Email
C08786,2025-12-01,Bangalore,Karnataka,Meta Ads
C08787,2025-12-02,Hyderabad,Tamil Nadu,Organic
C08788,2025-01-27,Gurgaon,West Bengal,Influencer
C08789,2025-04-14,Ahmedabad,West Bengal,Google Ads
C08790,2025-03-15,Mumbai,West Bengal,Meta Ads
C08791,2025-07-10,Kolkata,Karnataka,Influencer
C08792,2025-11-20,Ahmedabad,Delhi,Google Ads
C08793,2025-05-27,Mumbai,Tamil Nadu,Meta Ads
C08794,2025-09-12,Ahmedabad,Karnataka,Meta Ads
C08795,2025-10-11,Chennai,Karnataka,Organic
C08796,2025-08-01,Ahmedabad,Karnataka,Meta Ads
C08797,2025-05-03,Gurgaon,Rajasthan,Influencer
C08798,2025-07-25,Mumbai,Telangana,Influencer
C08799,2025-08-28,Kolkata,Haryana,Google Ads
C08800,2025-12-05,Jaipur,Karnataka,Google Ads
C08801,2025-10-13,Ahmedabad,Delhi,Organic
C08802,2025-01-22,Kolkata,Telangana,Email
C08803,2025-09-16,Mumbai,Delhi,Organic
C08804,2025-12-23,Kolkata,West Bengal,Email
C08805,2025-04-15,Bangalore,West Bengal,Google Ads
C08806,2025-09-15,Bangalore,Telangana,Organic
C08807,2025-07-23,Ahmedabad,Haryana,Meta Ads
C08808,2025-11-06,Ahmedabad,West Bengal,Organic
C08809,2025-09-19,Ahmedabad,Tamil Nadu,Organic
C08810,2025-04-17,Hyderabad,Telangana,Influencer
C08811,2025-09-08,Chennai,Telangana,Email
C08812,2025-08-09,Kolkata,Maharashtra,Email
C08813,2025-08-10,Pune,Maharashtra,Meta Ads
C08814,2025-09-15,Delhi,Telangana,Google Ads
C08815,2025-07-20,Ahmedabad,Haryana,Meta Ads
C08816,2025-09-15,Gurgaon,Telangana,Meta Ads
C08817,2025-12-15,Bangalore,Karnataka,Meta Ads
C08818,2025-08-13,Bangalore,Maharashtra,Google Ads
C08819,2025-07-21,Jaipur,Telangana,Influencer
C08820,2025-08-14,Delhi,Haryana,Organic
C08821,2025-08-24,Kolkata,Delhi,Influencer
C08822,2025-07-02,Mumbai,Delhi,Email
C08823,2025-07-19,Delhi,Tamil Nadu,Google Ads
C08824,2025-12-23,Chennai,Haryana,Influencer
C08825,2025-09-03,Ahmedabad,Telangana,Meta Ads
C08826,2025-12-19,Gurgaon,Delhi,Google Ads
C08827,2025-04-21,Kolkata,West Bengal,Google Ads
C08828,2025-01-06,Kolkata,Telangana,Meta Ads
C08829,2025-08-24,Ahmedabad,Karnataka,Google Ads
C08830,2025-05-07,Chennai,West Bengal,Google Ads
C08831,2025-04-14,Ahmedabad,Maharashtra,Influencer
C08832,2025-08-25,Ahmedabad,Delhi,Influencer
C08833,2025-06-04,Delhi,Telangana,Organic
C08834,2025-09-14,Gurgaon,Gujarat,Organic
C08835,2025-08-23,Kolkata,Tamil Nadu,Meta Ads
C08836,2025-10-16,Jaipur,Rajasthan,Organic
C08837,2025-02-09,Ahmedabad,Delhi,Meta Ads
C08838,2025-10-15,Hyderabad,Delhi,Meta Ads
C08839,2025-07-16,Mumbai,Haryana,Meta Ads
C08840,2025-09-30,Ahmedabad,Tamil Nadu,Organic
C08841,2025-09-21,Ahmedabad,Gujarat,Organic
C08842,2025-02-26,Kolkata,Karnataka,Meta Ads
C08843,2025-10-25,Bangalore,Tamil Nadu,Meta Ads
C08844,2025-04-08,Pune,Karnataka,Influencer
C08845,2025-05-17,Mumbai,Gujarat,Influencer
C08846,2025-03-28,Bangalore,Telangana,Google Ads
C08847,2025-08-30,Delhi,Maharashtra,Meta Ads
C08848,2025-07-18,Hyderabad,Rajasthan,Meta Ads
C08849,2025-11-06,Pune,Gujarat,Meta Ads
C08850,2025-03-25,Mumbai,Tamil Nadu,Organic
C08851,2025-08-30,Bangalore,Karnataka,Organic
C08852,2025-10-08,Gurgaon,Maharashtra,Organic
C08853,2025-11-19,Gurgaon,Telangana,Google Ads
C08854,2025-09-09,Chennai,Telangana,Influencer
C08855,2025-07-09,Ahmedabad,Delhi,Google Ads
C08856,2025-06-01,Hyderabad,Rajasthan,Meta Ads
C08857,2025-10-29,Pune,Gujarat,Meta Ads
C08858,2025-10-05,Mumbai,West Bengal,Influencer
C08859,2025-05-19,Gurgaon,Tamil Nadu,Organic
C08860,2025-06-25,Hyderabad,Karnataka,Meta Ads
C08861,2025-01-08,Pune,Telangana,Influencer
C08862,2025-10-22,Chennai,Maharashtra,Meta Ads
C08863,2025-08-23,Gurgaon,West Bengal,Organic
C08864,2025-06-12,Kolkata,Maharashtra,Email
C08865,2025-02-18,Gurgaon,Delhi,Meta Ads
C08866,2025-10-29,Jaipur,Tamil Nadu,Meta Ads
C08867,2025-02-07,Kolkata,Telangana,Google Ads
C08868,2025-05-16,Hyderabad,Gujarat,Organic
C08869,2025-11-06,Chennai,Delhi,Meta Ads
C08870,2025-08-07,Bangalore,Rajasthan,Google Ads
C08871,2025-12-14,Delhi,Tamil Nadu,Meta Ads
C08872,2025-10-23,Ahmedabad,Maharashtra,Meta Ads
C08873,2025-02-03,Ahmedabad,Gujarat,Organic
C08874,2025-12-18,Gurgaon,Haryana,Organic
C08875,2025-03-20,Mumbai,Haryana,Organic
C08876,2025-08-24,Kolkata,Haryana,Meta Ads
C08877,2025-09-30,Jaipur,West Bengal,Influencer
C08878,2025-06-10,Gurgaon,West Bengal,Google Ads
C08879,2025-06-24,Chennai,West Bengal,Google Ads
C08880,2025-11-04,Delhi,Maharashtra,Google Ads
C08881,2025-08-09,Bangalore,Gujarat,Influencer
C08882,2025-01-09,Delhi,Delhi,Organic
C08883,2025-10-16,Jaipur,Maharashtra,Google Ads
C08884,2025-04-23,Delhi,West Bengal,Influencer
C08885,2025-07-24,Delhi,Telangana,Influencer
C08886,2025-07-05,Hyderabad,Rajasthan,Meta Ads
C08887,2025-12-07,Chennai,Rajasthan,Google Ads
C08888,2025-07-16,Chennai,Karnataka,Meta Ads
C08889,2025-09-23,Pune,Karnataka,Google Ads
C08890,2025-09-19,Gurgaon,Rajasthan,Influencer
C08891,2025-09-05,Mumbai,Gujarat,Email
C08892,2025-04-25,Pune,Delhi,Meta Ads
C08893,2025-05-01,Chennai,Tamil Nadu,Meta Ads
C08894,2025-05-21,Ahmedabad,West Bengal,Google Ads
C08895,2025-03-06,Gurgaon,Gujarat,Google Ads
C08896,2025-10-03,Jaipur,Maharashtra,Organic
C08897,2025-11-09,Hyderabad,Delhi,Google Ads
C08898,2025-08-27,Bangalore,Telangana,Google Ads
C08899,2025-10-29,Ahmedabad,Delhi,Meta Ads
C08900,2025-01-10,Chennai,Maharashtra,Influencer
C08901,2025-08-21,Gurgaon,Karnataka,Meta Ads
C08902,2025-07-14,Chennai,Telangana,Meta Ads
C08903,2025-01-12,Kolkata,Tamil Nadu,Organic
C08904,2025-06-26,Pune,Gujarat,Google Ads
C08905,2025-06-26,Bangalore,Rajasthan,Organic
C08906,2025-08-05,Bangalore,Telangana,Meta Ads
C08907,2025-01-11,Mumbai,Delhi,Email
C08908,2025-04-28,Kolkata,Haryana,Meta Ads
C08909,2025-06-13,Delhi,Haryana,Google Ads
C08910,2025-02-08,Kolkata,Rajasthan,Google Ads
C08911,2025-02-22,Bangalore,Tamil Nadu,Email
C08912,2025-08-06,Ahmedabad,Haryana,Organic
C08913,2025-07-25,Mumbai,Haryana,Meta Ads
C08914,2025-11-08,Jaipur,Gujarat,Google Ads
C08915,2025-12-26,Ahmedabad,Delhi,Organic
C08916,2025-02-25,Gurgaon,Haryana,Organic
C08917,2025-04-28,Delhi,Delhi,Organic
C08918,2025-09-10,Pune,West Bengal,Google Ads
C08919,2025-10-13,Jaipur,West Bengal,Influencer
C08920,2025-09-25,Ahmedabad,Gujarat,Google Ads
C08921,2025-10-18,Gurgaon,West Bengal,Email
C08922,2025-11-29,Chennai,Rajasthan,Email
C08923,2025-06-29,Hyderabad,Gujarat,Organic
C08924,2025-12-24,Delhi,Gujarat,Email
C08925,2025-08-23,Pune,Karnataka,Google Ads
C08926,2025-12-09,Mumbai,Telangana,Organic
C08927,2025-07-15,Kolkata,Telangana,Meta Ads
C08928,2025-11-04,Hyderabad,Delhi,Email
C08929,2025-03-21,Delhi,Tamil Nadu,Google Ads
C08930,2025-05-15,Jaipur,Maharashtra,Organic
C08931,2025-01-22,Chennai,Rajasthan,Influencer
C08932,2025-11-27,Mumbai,Delhi,Influencer
C08933,2025-08-13,Bangalore,Delhi,Google Ads
C08934,2025-02-27,Ahmedabad,Tamil Nadu,Meta Ads
C08935,2025-04-03,Ahmedabad,Delhi,Meta Ads
C08936,2025-07-11,Mumbai,Karnataka,Google Ads
C08937,2025-04-13,Bangalore,Maharashtra,Google Ads
C08938,2025-01-07,Ahmedabad,Rajasthan,Meta Ads
C08939,2025-05-08,Delhi,Haryana,Google Ads
C08940,2025-02-24,Mumbai,Tamil Nadu,Meta Ads
C08941,2025-08-19,Mumbai,Maharashtra,Meta Ads
C08942,2025-12-28,Jaipur,Gujarat,Influencer
C08943,2025-03-03,Bangalore,Tamil Nadu,Google Ads
C08944,2025-08-28,Jaipur,Gujarat,Google Ads
C08945,2025-03-31,Bangalore,Gujarat,Meta Ads
C08946,2025-08-20,Jaipur,Delhi,Influencer
C08947,2025-08-21,Mumbai,West Bengal,Email
C08948,2025-12-20,Kolkata,Maharashtra,Google Ads
C08949,2025-11-29,Kolkata,Gujarat,Email
C08950,2025-10-19,Kolkata,Maharashtra,Google Ads
C08951,2025-12-11,Mumbai,Telangana,Meta Ads
C08952,2025-06-01,Ahmedabad,Maharashtra,Meta Ads
C08953,2025-05-25,Chennai,West Bengal,Meta Ads
C08954,2025-05-10,Pune,Haryana,Organic
C08955,2025-05-21,Chennai,Rajasthan,Google Ads
C08956,2025-04-03,Kolkata,Haryana,Organic
C08957,2025-04-24,Ahmedabad,Gujarat,Google Ads
C08958,2025-10-11,Mumbai,Maharashtra,Google Ads
C08959,2025-05-23,Gurgaon,Karnataka,Meta Ads
C08960,2025-08-11,Ahmedabad,Tamil Nadu,Meta Ads
C08961,2025-08-20,Gurgaon,West Bengal,Influencer
C08962,2025-02-02,Mumbai,Gujarat,Influencer
C08963,2025-10-03,Delhi,Karnataka,Organic
C08964,2025-06-19,Bangalore,West Bengal,Meta Ads
C08965,2025-05-20,Pune,Gujarat,Meta Ads
C08966,2025-12-23,Chennai,Tamil Nadu,Email
C08967,2025-07-20,Jaipur,Telangana,Meta Ads
C08968,2025-01-23,Jaipur,Tamil Nadu,Meta Ads
C08969,2025-08-12,Bangalore,Rajasthan,Organic
C08970,2025-09-27,Ahmedabad,Karnataka,Meta Ads
C08971,2025-12-13,Jaipur,Maharashtra,Email
C08972,2025-06-02,Hyderabad,Haryana,Organic
C08973,2025-11-29,Jaipur,West Bengal,Email
C08974,2025-03-26,Mumbai,Karnataka,Influencer
C08975,2025-04-19,Bangalore,Haryana,Organic
C08976,2025-01-31,Pune,Telangana,Influencer
C08977,2025-08-17,Bangalore,West Bengal,Organic
C08978,2025-08-28,Pune,Maharashtra,Meta Ads
C08979,2025-12-29,Hyderabad,West Bengal,Google Ads
C08980,2025-11-06,Jaipur,Maharashtra,Meta Ads
C08981,2025-05-21,Bangalore,Karnataka,Google Ads
C08982,2025-06-05,Gurgaon,Haryana,Google Ads
C08983,2025-10-26,Kolkata,West Bengal,Meta Ads
C08984,2025-12-11,Hyderabad,Tamil Nadu,Meta Ads
C08985,2025-04-09,Ahmedabad,West Bengal,Meta Ads
C08986,2025-02-16,Gurgaon,Tamil Nadu,Influencer
C08987,2025-11-23,Pune,Delhi,Influencer
C08988,2025-03-08,Bangalore,Haryana,Influencer
C08989,2025-03-03,Pune,Delhi,Meta Ads
C08990,2025-04-19,Pune,West Bengal,Meta Ads
C08991,2025-06-16,Hyderabad,Telangana,Meta Ads
C08992,2025-02-06,Gurgaon,Haryana,Google Ads
C08993,2025-04-29,Bangalore,Delhi,Google Ads
C08994,2025-03-27,Jaipur,Gujarat,Influencer
C08995,2025-02-21,Delhi,Telangana,Organic
C08996,2025-04-01,Chennai,Karnataka,Meta Ads
C08997,2025-10-16,Chennai,Delhi,Email
C08998,2025-12-03,Hyderabad,Telangana,Influencer
C08999,2025-10-25,Ahmedabad,Karnataka,Organic
C09000,2025-07-23,Mumbai,Gujarat,Meta Ads
C09001,2025-08-26,Delhi,Rajasthan,Email
C09002,2025-06-04,Bangalore,Haryana,Google Ads
C09003,2025-08-28,Chennai,Rajasthan,Meta Ads
C09004,2025-05-16,Ahmedabad,Delhi,Organic
C09005,2025-12-28,Mumbai,West Bengal,Meta Ads
C09006,2025-03-05,Gurgaon,West Bengal,Email
C09007,2025-05-03,Bangalore,Tamil Nadu,Influencer
C09008,2025-09-11,Pune,Telangana,Google Ads
C09009,2025-04-24,Ahmedabad,Rajasthan,Meta Ads
C09010,2025-01-20,Bangalore,Karnataka,Google Ads
C09011,2025-01-16,Delhi,Delhi,Meta Ads
C09012,2025-05-25,Pune,Maharashtra,Meta Ads
C09013,2025-07-27,Delhi,Karnataka,Google Ads
C09014,2025-01-19,Kolkata,Maharashtra,Meta Ads
C09015,2025-06-15,Chennai,Tamil Nadu,Influencer
C09016,2025-02-07,Mumbai,West Bengal,Meta Ads
C09017,2025-06-30,Ahmedabad,Haryana,Influencer
C09018,2025-12-15,Pune,Haryana,Meta Ads
C09019,2025-04-15,Chennai,West Bengal,Organic
C09020,2025-04-10,Hyderabad,Tamil Nadu,Influencer
C09021,2025-03-31,Delhi,Gujarat,Meta Ads
C09022,2025-10-27,Kolkata,Rajasthan,Organic
C09023,2025-11-28,Delhi,Maharashtra,Organic
C09024,2025-03-20,Bangalore,Maharashtra,Organic
C09025,2025-03-14,Gurgaon,Delhi,Google Ads
C09026,2025-06-25,Kolkata,West Bengal,Influencer
C09027,2025-04-06,Kolkata,Telangana,Organic
C09028,2025-12-11,Mumbai,Rajasthan,Organic
C09029,2025-04-13,Ahmedabad,Tamil Nadu,Influencer
C09030,2025-08-12,Hyderabad,West Bengal,Meta Ads
C09031,2025-01-06,Hyderabad,West Bengal,Meta Ads
C09032,2025-05-02,Mumbai,Gujarat,Google Ads
C09033,2025-08-24,Delhi,Telangana,Meta Ads
C09034,2025-04-26,Jaipur,Karnataka,Google Ads
C09035,2025-06-12,Chennai,Karnataka,Google Ads
C09036,2025-08-14,Jaipur,Gujarat,Google Ads
C09037,2025-08-18,Bangalore,Karnataka,Meta Ads
C09038,2025-07-01,Hyderabad,Gujarat,Email
C09039,2025-09-06,Ahmedabad,Maharashtra,Meta Ads
C09040,2025-11-14,Gurgaon,Haryana,Influencer
C09041,2025-07-29,Delhi,Haryana,Google Ads
C09042,2025-05-24,Ahmedabad,West Bengal,Organic
C09043,2025-12-11,Ahmedabad,Haryana,Meta Ads
C09044,2025-04-06,Pune,Rajasthan,Organic
C09045,2025-12-12,Kolkata,Karnataka,Email
C09046,2025-09-01,Chennai,Rajasthan,Organic
C09047,2025-03-27,Kolkata,Delhi,Influencer
C09048,2025-07-03,Ahmedabad,Karnataka,Meta Ads
C09049,2025-05-01,Mumbai,Telangana,Influencer
C09050,2025-11-28,Jaipur,Tamil Nadu,Google Ads
C09051,2025-04-02,Pune,Gujarat,Google Ads
C09052,2025-03-11,Kolkata,West Bengal,Meta Ads
C09053,2025-05-13,Bangalore,Gujarat,Google Ads
C09054,2025-10-06,Gurgaon,Tamil Nadu,Google Ads
C09055,2025-05-17,Gurgaon,Tamil Nadu,Organic
C09056,2025-11-10,Chennai,Tamil Nadu,Influencer
C09057,2025-07-06,Bangalore,Karnataka,Google Ads
C09058,2025-08-09,Kolkata,Telangana,Email
C09059,2025-02-15,Kolkata,Tamil Nadu,Influencer
C09060,2025-10-05,Ahmedabad,West Bengal,Google Ads
C09061,2025-07-11,Kolkata,Karnataka,Meta Ads
C09062,2025-01-08,Bangalore,Telangana,Meta Ads
C09063,2025-10-03,Gurgaon,Tamil Nadu,Meta Ads
C09064,2025-06-28,Ahmedabad,Delhi,Email
C09065,2025-11-30,Delhi,West Bengal,Meta Ads
C09066,2025-02-08,Bangalore,Delhi,Meta Ads
C09067,2025-10-20,Mumbai,Rajasthan,Meta Ads
C09068,2025-06-27,Kolkata,Rajasthan,Meta Ads
C09069,2025-06-11,Gurgaon,Rajasthan,Meta Ads
C09070,2025-11-27,Jaipur,Telangana,Meta Ads
C09071,2025-04-14,Kolkata,Maharashtra,Email
C09072,2025-06-10,Mumbai,West Bengal,Meta Ads
C09073,2025-10-14,Gurgaon,Telangana,Meta Ads
C09074,2025-05-03,Chennai,Haryana,Email
C09075,2025-02-23,Kolkata,Delhi,Organic
C09076,2025-02-03,Ahmedabad,Tamil Nadu,Meta Ads
C09077,2025-08-30,Pune,West Bengal,Meta Ads
C09078,2025-04-23,Bangalore,Karnataka,Meta Ads
C09079,2025-11-14,Mumbai,Maharashtra,Organic
C09080,2025-01-23,Kolkata,West Bengal,Meta Ads
C09081,2025-02-15,Delhi,Delhi,Organic
C09082,2025-11-08,Jaipur,Maharashtra,Organic
C09083,2025-05-15,Gurgaon,Karnataka,Meta Ads
C09084,2025-04-28,Mumbai,Telangana,Google Ads
C09085,2025-07-08,Bangalore,Haryana,Email
C09086,2025-05-11,Kolkata,Telangana,Influencer
C09087,2025-07-31,Delhi,Karnataka,Organic
C09088,2025-04-23,Gurgaon,Delhi,Google Ads
C09089,2025-02-13,Bangalore,West Bengal,Google Ads
C09090,2025-05-08,Gurgaon,Tamil Nadu,Google Ads
C09091,2025-12-30,Bangalore,Maharashtra,Influencer
C09092,2025-06-07,Kolkata,Maharashtra,Organic
C09093,2025-09-30,Pune,Karnataka,Influencer
C09094,2025-11-11,Hyderabad,Gujarat,Email
C09095,2025-12-21,Ahmedabad,Gujarat,Organic
C09096,2025-12-06,Pune,Gujarat,Organic
C09097,2025-02-14,Hyderabad,West Bengal,Google Ads
C09098,2025-04-18,Kolkata,Maharashtra,Meta Ads
C09099,2025-08-07,Kolkata,Delhi,Google Ads
C09100,2025-11-14,Kolkata,Tamil Nadu,Organic
C09101,2025-11-11,Hyderabad,Gujarat,Meta Ads
C09102,2025-06-26,Delhi,Delhi,Google Ads
C09103,2025-08-16,Mumbai,Karnataka,Influencer
C09104,2025-07-10,Hyderabad,Delhi,Email
C09105,2025-06-09,Jaipur,Rajasthan,Influencer
C09106,2025-09-24,Mumbai,West Bengal,Meta Ads
C09107,2025-12-24,Jaipur,Gujarat,Meta Ads
C09108,2025-11-22,Bangalore,Rajasthan,Google Ads
C09109,2025-07-09,Ahmedabad,Karnataka,Meta Ads
C09110,2025-06-24,Ahmedabad,Maharashtra,Organic
C09111,2025-10-17,Ahmedabad,Tamil Nadu,Meta Ads
C09112,2025-12-23,Chennai,Haryana,Google Ads
C09113,2025-05-25,Hyderabad,Telangana,Meta Ads
C09114,2025-08-20,Delhi,Tamil Nadu,Organic
C09115,2025-12-26,Bangalore,Tamil Nadu,Influencer
C09116,2025-07-23,Kolkata,Karnataka,Email
C09117,2025-08-01,Hyderabad,Maharashtra,Email
C09118,2025-02-09,Jaipur,Rajasthan,Google Ads
C09119,2025-10-02,Jaipur,Gujarat,Influencer
C09120,2025-11-19,Mumbai,Telangana,Organic
C09121,2025-03-23,Kolkata,Tamil Nadu,Organic
C09122,2025-06-30,Chennai,Karnataka,Influencer
C09123,2025-11-16,Jaipur,Gujarat,Meta Ads
C09124,2025-03-24,Ahmedabad,Karnataka,Email
C09125,2025-10-30,Mumbai,Maharashtra,Organic
C09126,2025-09-19,Pune,West Bengal,Google Ads
C09127,2025-09-29,Gurgaon,Karnataka,Google Ads
C09128,2025-07-19,Mumbai,Rajasthan,Influencer
C09129,2025-08-28,Mumbai,Karnataka,Organic
C09130,2025-06-29,Jaipur,Gujarat,Organic
C09131,2025-06-20,Hyderabad,Maharashtra,Meta Ads
C09132,2025-10-22,Kolkata,Rajasthan,Meta Ads
C09133,2025-06-26,Pune,Delhi,Organic
C09134,2025-08-25,Ahmedabad,Karnataka,Meta Ads
C09135,2025-05-18,Hyderabad,Maharashtra,Meta Ads
C09136,2025-11-23,Bangalore,West Bengal,Meta Ads
C09137,2025-11-07,Jaipur,Haryana,Meta Ads
C09138,2025-05-09,Kolkata,Gujarat,Google Ads
C09139,2025-02-18,Delhi,Maharashtra,Meta Ads
C09140,2025-06-13,Ahmedabad,Gujarat,Email
C09141,2025-10-04,Hyderabad,West Bengal,Organic
C09142,2025-10-20,Ahmedabad,Haryana,Influencer
C09143,2025-04-26,Kolkata,Maharashtra,Google Ads
C09144,2025-01-24,Bangalore,West Bengal,Organic
C09145,2025-11-07,Bangalore,Telangana,Google Ads
C09146,2025-01-25,Ahmedabad,Telangana,Meta Ads
C09147,2025-05-07,Bangalore,Gujarat,Meta Ads
C09148,2025-08-22,Hyderabad,Tamil Nadu,Organic
C09149,2025-07-28,Ahmedabad,Rajasthan,Meta Ads
C09150,2025-04-03,Hyderabad,Maharashtra,Meta Ads
C09151,2025-04-04,Bangalore,Haryana,Google Ads
C09152,2025-11-23,Chennai,Tamil Nadu,Organic
C09153,2025-08-13,Gurgaon,Gujarat,Influencer
C09154,2025-10-07,Delhi,Telangana,Influencer
C09155,2025-01-11,Jaipur,West Bengal,Meta Ads
C09156,2025-11-25,Kolkata,West Bengal,Email
C09157,2025-01-12,Delhi,Telangana,Influencer
C09158,2025-02-04,Hyderabad,Delhi,Meta Ads
C09159,2025-08-16,Gurgaon,Karnataka,Influencer
C09160,2025-08-08,Gurgaon,Maharashtra,Google Ads
C09161,2025-05-21,Chennai,Karnataka,Meta Ads
C09162,2025-01-23,Pune,Haryana,Meta Ads
C09163,2025-03-24,Pune,Delhi,Google Ads
C09164,2025-08-17,Hyderabad,Haryana,Organic
C09165,2025-12-10,Gurgaon,Maharashtra,Email
C09166,2025-03-21,Chennai,Telangana,Meta Ads
C09167,2025-12-19,Jaipur,Tamil Nadu,Google Ads
C09168,2025-10-17,Jaipur,Rajasthan,Meta Ads
C09169,2025-11-27,Delhi,Tamil Nadu,Organic
C09170,2025-06-08,Ahmedabad,Maharashtra,Email
C09171,2025-05-08,Kolkata,Gujarat,Organic
C09172,2025-07-09,Chennai,Haryana,Google Ads
C09173,2025-01-31,Ahmedabad,Rajasthan,Influencer
C09174,2025-12-25,Bangalore,Rajasthan,Meta Ads
C09175,2025-01-15,Jaipur,Telangana,Email
C09176,2025-11-09,Hyderabad,Delhi,Organic
C09177,2025-03-16,Chennai,Rajasthan,Organic
C09178,2025-02-03,Gurgaon,Rajasthan,Influencer
C09179,2025-12-25,Mumbai,Gujarat,Organic
C09180,2025-07-15,Mumbai,Haryana,Organic
C09181,2025-11-27,Jaipur,Haryana,Organic
C09182,2025-01-29,Chennai,Tamil Nadu,Meta Ads
C09183,2025-07-13,Ahmedabad,Delhi,Google Ads
C09184,2025-01-16,Ahmedabad,Rajasthan,Email
C09185,2025-03-18,Chennai,Haryana,Meta Ads
C09186,2025-10-20,Kolkata,West Bengal,Organic
C09187,2025-03-22,Jaipur,Gujarat,Meta Ads
C09188,2025-05-04,Bangalore,Haryana,Google Ads
C09189,2025-01-19,Delhi,Karnataka,Organic
C09190,2025-04-12,Chennai,Tamil Nadu,Organic
C09191,2025-03-18,Kolkata,West Bengal,Google Ads
C09192,2025-08-17,Mumbai,Telangana,Email
C09193,2025-10-24,Ahmedabad,Rajasthan,Influencer
C09194,2025-07-22,Hyderabad,Telangana,Meta Ads
C09195,2025-03-02,Jaipur,Maharashtra,Google Ads
C09196,2025-01-26,Ahmedabad,Rajasthan,Influencer
C09197,2025-03-12,Bangalore,Telangana,Meta Ads
C09198,2025-04-13,Kolkata,Telangana,Organic
C09199,2025-11-22,Mumbai,Delhi,Meta Ads
C09200,2025-12-29,Bangalore,Maharashtra,Meta Ads
C09201,2025-06-06,Delhi,Karnataka,Email
C09202,2025-12-29,Pune,West Bengal,Influencer
C09203,2025-12-25,Hyderabad,Rajasthan,Meta Ads
C09204,2025-07-13,Delhi,Haryana,Influencer
C09205,2025-10-02,Jaipur,Telangana,Meta Ads
C09206,2025-11-20,Ahmedabad,Maharashtra,Google Ads
C09207,2025-07-05,Gurgaon,West Bengal,Organic
C09208,2025-11-22,Gurgaon,Tamil Nadu,Organic
C09209,2025-04-23,Mumbai,West Bengal,Influencer
C09210,2025-11-09,Chennai,Gujarat,Organic
C09211,2025-06-14,Ahmedabad,Rajasthan,Google Ads
C09212,2025-03-02,Gurgaon,Haryana,Email
C09213,2025-04-02,Kolkata,Haryana,Meta Ads
C09214,2025-10-13,Pune,Telangana,Google Ads
C09215,2025-06-02,Mumbai,Karnataka,Organic
C09216,2025-08-13,Hyderabad,West Bengal,Influencer
C09217,2025-05-07,Delhi,Haryana,Organic
C09218,2025-07-12,Delhi,West Bengal,Email
C09219,2025-04-25,Gurgaon,Maharashtra,Google Ads
C09220,2025-09-19,Mumbai,Rajasthan,Google Ads
C09221,2025-01-18,Gurgaon,Rajasthan,Email
C09222,2025-01-10,Delhi,Rajasthan,Organic
C09223,2025-04-02,Jaipur,Haryana,Google Ads
C09224,2025-05-19,Bangalore,Rajasthan,Influencer
C09225,2025-11-29,Ahmedabad,Delhi,Organic
C09226,2025-12-23,Mumbai,Maharashtra,Organic
C09227,2025-12-06,Kolkata,Haryana,Organic
C09228,2025-02-21,Gurgaon,Haryana,Organic
C09229,2025-07-14,Gurgaon,Tamil Nadu,Google Ads
C09230,2025-07-25,Chennai,Gujarat,Google Ads
C09231,2025-10-14,Pune,Delhi,Email
C09232,2025-04-03,Hyderabad,Rajasthan,Google Ads
C09233,2025-11-05,Gurgaon,Telangana,Meta Ads
C09234,2025-05-25,Kolkata,Gujarat,Organic
C09235,2025-03-27,Hyderabad,Haryana,Meta Ads
C09236,2025-06-02,Pune,Delhi,Organic
C09237,2025-01-02,Chennai,Rajasthan,Meta Ads
C09238,2025-12-08,Gurgaon,Gujarat,Meta Ads
C09239,2025-09-17,Hyderabad,Haryana,Email
C09240,2025-06-13,Hyderabad,Telangana,Influencer
C09241,2025-01-06,Jaipur,Gujarat,Google Ads
C09242,2025-05-29,Hyderabad,Rajasthan,Meta Ads
C09243,2025-07-24,Delhi,West Bengal,Influencer
C09244,2025-04-28,Pune,Telangana,Email
C09245,2025-03-30,Kolkata,West Bengal,Google Ads
C09246,2025-06-03,Chennai,Tamil Nadu,Organic
C09247,2025-06-16,Pune,Karnataka,Meta Ads
C09248,2025-06-10,Bangalore,Karnataka,Organic
C09249,2025-09-27,Delhi,Delhi,Google Ads
C09250,2025-02-25,Chennai,Haryana,Influencer
C09251,2025-08-16,Bangalore,Gujarat,Google Ads
C09252,2025-12-03,Hyderabad,Tamil Nadu,Organic
C09253,2025-05-29,Pune,Gujarat,Meta Ads
C09254,2025-02-15,Kolkata,West Bengal,Meta Ads
C09255,2025-05-24,Chennai,Maharashtra,Meta Ads
C09256,2025-08-26,Ahmedabad,Gujarat,Google Ads
C09257,2025-09-29,Bangalore,Telangana,Meta Ads
C09258,2025-04-30,Jaipur,Haryana,Email
C09259,2025-12-06,Delhi,Gujarat,Influencer
C09260,2025-08-08,Delhi,Haryana,Organic
C09261,2025-01-08,Jaipur,Haryana,Influencer
C09262,2025-12-10,Delhi,Tamil Nadu,Meta Ads
C09263,2025-10-02,Mumbai,West Bengal,Influencer
C09264,2025-12-19,Mumbai,Rajasthan,Email
C09265,2025-03-07,Chennai,West Bengal,Meta Ads
C09266,2025-03-20,Ahmedabad,Tamil Nadu,Email
C09267,2025-03-27,Kolkata,Telangana,Google Ads
C09268,2025-05-04,Hyderabad,Maharashtra,Meta Ads
C09269,2025-07-21,Mumbai,Rajasthan,Google Ads
C09270,2025-05-30,Bangalore,Haryana,Email
C09271,2025-02-15,Jaipur,Haryana,Organic
C09272,2025-04-23,Pune,Karnataka,Organic
C09273,2025-04-01,Ahmedabad,Karnataka,Meta Ads
C09274,2025-05-21,Kolkata,Delhi,Meta Ads
C09275,2025-10-16,Bangalore,Haryana,Email
C09276,2025-08-06,Ahmedabad,Karnataka,Google Ads
C09277,2025-03-18,Jaipur,Maharashtra,Meta Ads
C09278,2025-11-30,Bangalore,Rajasthan,Meta Ads
C09279,2025-06-01,Jaipur,Tamil Nadu,Meta Ads
C09280,2025-11-19,Kolkata,Karnataka,Organic
C09281,2025-08-27,Delhi,West Bengal,Influencer
C09282,2025-04-25,Hyderabad,Rajasthan,Google Ads
C09283,2025-11-15,Hyderabad,Rajasthan,Meta Ads
C09284,2025-04-04,Gurgaon,Delhi,Meta Ads
C09285,2025-02-17,Mumbai,Maharashtra,Google Ads
C09286,2025-07-10,Chennai,Gujarat,Influencer
C09287,2025-01-12,Pune,Delhi,Google Ads
C09288,2025-06-05,Jaipur,Karnataka,Meta Ads
C09289,2025-06-21,Gurgaon,West Bengal,Meta Ads
C09290,2025-10-23,Gurgaon,Gujarat,Google Ads
C09291,2025-06-26,Gurgaon,Haryana,Organic
C09292,2025-12-07,Jaipur,Maharashtra,Meta Ads
C09293,2025-02-26,Kolkata,Karnataka,Organic
C09294,2025-12-09,Jaipur,Rajasthan,Google Ads
C09295,2025-12-06,Hyderabad,West Bengal,Organic
C09296,2025-07-22,Jaipur,Delhi,Influencer
C09297,2025-07-04,Kolkata,Karnataka,Google Ads
C09298,2025-05-01,Ahmedabad,Rajasthan,Email
C09299,2025-08-14,Hyderabad,West Bengal,Organic
C09300,2025-07-21,Delhi,Maharashtra,Meta Ads
C09301,2025-11-26,Bangalore,Tamil Nadu,Influencer
C09302,2025-12-29,Delhi,Rajasthan,Google Ads
C09303,2025-12-22,Chennai,Telangana,Email
C09304,2025-08-04,Delhi,Maharashtra,Google Ads
C09305,2025-02-12,Hyderabad,Karnataka,Organic
C09306,2025-01-23,Delhi,West Bengal,Email
C09307,2025-06-04,Mumbai,Telangana,Meta Ads
C09308,2025-07-05,Delhi,West Bengal,Google Ads
C09309,2025-09-06,Pune,Haryana,Influencer
C09310,2025-08-25,Chennai,Gujarat,Organic
C09311,2025-10-20,Bangalore,Gujarat,Influencer
C09312,2025-05-14,Kolkata,Haryana,Google Ads
C09313,2025-11-17,Pune,West Bengal,Google Ads
C09314,2025-01-22,Pune,Tamil Nadu,Organic
C09315,2025-12-27,Pune,Gujarat,Google Ads
C09316,2025-03-29,Kolkata,Rajasthan,Meta Ads
C09317,2025-06-02,Mumbai,Haryana,Organic
C09318,2025-05-05,Mumbai,West Bengal,Meta Ads
C09319,2025-03-20,Kolkata,Delhi,Meta Ads
C09320,2025-12-12,Ahmedabad,Gujarat,Meta Ads
C09321,2025-02-20,Jaipur,Karnataka,Organic
C09322,2025-08-04,Jaipur,Delhi,Google Ads
C09323,2025-06-25,Mumbai,Tamil Nadu,Google Ads
C09324,2025-12-24,Hyderabad,Gujarat,Google Ads
C09325,2025-09-10,Kolkata,Karnataka,Meta Ads
C09326,2025-09-03,Mumbai,Delhi,Google Ads
C09327,2025-08-15,Hyderabad,Karnataka,Meta Ads
C09328,2025-04-16,Jaipur,Haryana,Organic
C09329,2025-07-12,Delhi,Gujarat,Meta Ads
C09330,2025-11-12,Mumbai,Rajasthan,Google Ads
C09331,2025-10-29,Chennai,Rajasthan,Google Ads
C09332,2025-02-05,Delhi,Telangana,Google Ads
C09333,2025-07-23,Delhi,Gujarat,Meta Ads
C09334,2025-09-24,Mumbai,Haryana,Organic
C09335,2025-09-25,Hyderabad,Karnataka,Organic
C09336,2025-06-19,Chennai,Haryana,Influencer
C09337,2025-02-08,Hyderabad,Maharashtra,Meta Ads
C09338,2025-05-19,Pune,Tamil Nadu,Influencer
C09339,2025-10-19,Hyderabad,Delhi,Meta Ads
C09340,2025-02-21,Hyderabad,Tamil Nadu,Meta Ads
C09341,2025-10-14,Ahmedabad,Haryana,Meta Ads
C09342,2025-10-16,Gurgaon,Rajasthan,Meta Ads
C09343,2025-05-21,Bangalore,West Bengal,Organic
C09344,2025-05-26,Gurgaon,Tamil Nadu,Meta Ads
C09345,2025-11-10,Chennai,West Bengal,Organic
C09346,2025-07-03,Chennai,Haryana,Meta Ads
C09347,2025-06-01,Kolkata,Delhi,Google Ads
C09348,2025-07-20,Hyderabad,Rajasthan,Email
C09349,2025-05-08,Delhi,Haryana,Google Ads
C09350,2025-10-14,Gurgaon,Telangana,Organic
C09351,2025-11-07,Kolkata,Tamil Nadu,Meta Ads
C09352,2025-09-10,Pune,Haryana,Meta Ads
C09353,2025-09-23,Bangalore,Delhi,Google Ads
C09354,2025-07-07,Hyderabad,Maharashtra,Influencer
C09355,2025-08-18,Kolkata,Telangana,Meta Ads
C09356,2025-09-28,Gurgaon,Gujarat,Organic
C09357,2025-09-16,Pune,Haryana,Influencer
C09358,2025-10-26,Ahmedabad,West Bengal,Email
C09359,2025-07-17,Jaipur,Maharashtra,Email
C09360,2025-11-19,Bangalore,Gujarat,Influencer
C09361,2025-02-25,Chennai,Haryana,Meta Ads
C09362,2025-11-15,Ahmedabad,Telangana,Influencer
C09363,2025-07-22,Hyderabad,Rajasthan,Email
C09364,2025-09-28,Jaipur,Tamil Nadu,Organic
C09365,2025-04-19,Jaipur,Telangana,Meta Ads
C09366,2025-04-26,Bangalore,Gujarat,Google Ads
C09367,2025-04-02,Delhi,Karnataka,Meta Ads
C09368,2025-05-18,Ahmedabad,Maharashtra,Google Ads
C09369,2025-10-30,Delhi,West Bengal,Organic
C09370,2025-02-26,Mumbai,Telangana,Organic
C09371,2025-02-19,Ahmedabad,Telangana,Influencer
C09372,2025-03-12,Pune,Rajasthan,Google Ads
C09373,2025-03-23,Hyderabad,Maharashtra,Google Ads
C09374,2025-04-15,Ahmedabad,Delhi,Email
C09375,2025-03-29,Ahmedabad,West Bengal,Organic
C09376,2025-01-02,Mumbai,Gujarat,Influencer
C09377,2025-12-26,Bangalore,Karnataka,Organic
C09378,2025-03-25,Bangalore,Maharashtra,Organic
C09379,2025-02-12,Pune,Telangana,Email
C09380,2025-06-03,Bangalore,Maharashtra,Google Ads
C09381,2025-11-23,Jaipur,Maharashtra,Google Ads
C09382,2025-04-04,Gurgaon,Haryana,Google Ads
C09383,2025-10-25,Mumbai,Haryana,Influencer
C09384,2025-05-13,Gurgaon,Gujarat,Influencer
C09385,2025-03-06,Gurgaon,Rajasthan,Google Ads
C09386,2025-10-17,Mumbai,Maharashtra,Meta Ads
C09387,2025-09-14,Gurgaon,Delhi,Google Ads
C09388,2025-08-01,Gurgaon,Karnataka,Email
C09389,2025-05-28,Gurgaon,Tamil Nadu,Meta Ads
C09390,2025-03-02,Pune,Haryana,Google Ads
C09391,2025-05-29,Chennai,Gujarat,Meta Ads
C09392,2025-03-29,Pune,Gujarat,Email
C09393,2025-11-20,Delhi,Maharashtra,Organic
C09394,2025-10-05,Ahmedabad,Rajasthan,Organic
C09395,2025-03-23,Bangalore,Telangana,Meta Ads
C09396,2025-05-09,Mumbai,Delhi,Organic
C09397,2025-10-13,Jaipur,Maharashtra,Google Ads
C09398,2025-12-19,Gurgaon,Tamil Nadu,Google Ads
C09399,2025-10-07,Kolkata,Haryana,Organic
C09400,2025-09-27,Mumbai,West Bengal,Organic
C09401,2025-10-19,Hyderabad,Rajasthan,Influencer
C09402,2025-07-22,Mumbai,Tamil Nadu,Meta Ads
C09403,2025-01-24,Ahmedabad,Tamil Nadu,Meta Ads
C09404,2025-12-17,Jaipur,Maharashtra,Influencer
C09405,2025-11-07,Mumbai,West Bengal,Organic
C09406,2025-07-27,Jaipur,Maharashtra,Meta Ads
C09407,2025-10-07,Mumbai,West Bengal,Meta Ads
C09408,2025-07-24,Pune,Gujarat,Organic
C09409,2025-06-01,Pune,Delhi,Meta Ads
C09410,2025-01-26,Chennai,Rajasthan,Email
C09411,2025-07-13,Delhi,Gujarat,Organic
C09412,2025-12-02,Mumbai,Rajasthan,Influencer
C09413,2025-08-26,Gurgaon,Haryana,Influencer
C09414,2025-11-17,Mumbai,Telangana,Organic
C09415,2025-03-16,Hyderabad,Delhi,Google Ads
C09416,2025-06-12,Jaipur,Rajasthan,Google Ads
C09417,2025-10-26,Gurgaon,Telangana,Influencer
C09418,2025-01-29,Chennai,Telangana,Organic
C09419,2025-06-14,Jaipur,Telangana,Meta Ads
C09420,2025-12-03,Pune,Maharashtra,Organic
C09421,2025-07-05,Kolkata,Telangana,Google Ads
C09422,2025-02-23,Gurgaon,Maharashtra,Meta Ads
C09423,2025-10-22,Pune,Gujarat,Google Ads
C09424,2025-02-11,Hyderabad,West Bengal,Meta Ads
C09425,2025-10-12,Gurgaon,Maharashtra,Influencer
C09426,2025-05-18,Gurgaon,Maharashtra,Meta Ads
C09427,2025-07-06,Gurgaon,Maharashtra,Google Ads
C09428,2025-07-23,Delhi,Delhi,Organic
C09429,2025-02-11,Gurgaon,Tamil Nadu,Email
C09430,2025-12-16,Delhi,Tamil Nadu,Google Ads
C09431,2025-10-15,Pune,Delhi,Organic
C09432,2025-01-26,Chennai,Delhi,Google Ads
C09433,2025-02-25,Delhi,Tamil Nadu,Meta Ads
C09434,2025-09-10,Delhi,Tamil Nadu,Google Ads
C09435,2025-05-02,Gurgaon,Telangana,Organic
C09436,2025-04-16,Chennai,Karnataka,Organic
C09437,2025-05-10,Gurgaon,Rajasthan,Google Ads
C09438,2025-12-03,Pune,Tamil Nadu,Meta Ads
C09439,2025-06-07,Gurgaon,Delhi,Meta Ads
C09440,2025-08-19,Bangalore,Karnataka,Influencer
C09441,2025-11-04,Ahmedabad,Delhi,Organic
C09442,2025-04-01,Pune,Karnataka,Organic
C09443,2025-01-22,Mumbai,Maharashtra,Google Ads
C09444,2025-10-17,Jaipur,Haryana,Google Ads
C09445,2025-04-20,Jaipur,Karnataka,Meta Ads
C09446,2025-02-18,Chennai,West Bengal,Meta Ads
C09447,2025-05-09,Bangalore,Gujarat,Meta Ads
C09448,2025-03-14,Delhi,West Bengal,Email
C09449,2025-12-06,Bangalore,Maharashtra,Influencer
C09450,2025-02-22,Ahmedabad,West Bengal,Organic
C09451,2025-12-22,Pune,Karnataka,Meta Ads
C09452,2025-06-17,Chennai,West Bengal,Google Ads
C09453,2025-02-14,Bangalore,Delhi,Google Ads
C09454,2025-04-15,Hyderabad,Maharashtra,Google Ads
C09455,2025-05-30,Delhi,Delhi,Google Ads
C09456,2025-05-26,Bangalore,Rajasthan,Email
C09457,2025-07-23,Chennai,Maharashtra,Organic
C09458,2025-12-28,Hyderabad,Maharashtra,Meta Ads
C09459,2025-10-26,Mumbai,Tamil Nadu,Google Ads
C09460,2025-06-16,Pune,West Bengal,Meta Ads
C09461,2025-07-20,Pune,Maharashtra,Meta Ads
C09462,2025-05-14,Mumbai,Telangana,Email
C09463,2025-07-30,Gurgaon,Karnataka,Organic
C09464,2025-02-17,Jaipur,Haryana,Meta Ads
C09465,2025-05-06,Hyderabad,Rajasthan,Google Ads
C09466,2025-08-27,Delhi,Maharashtra,Google Ads
C09467,2025-01-07,Bangalore,Haryana,Organic
C09468,2025-09-29,Ahmedabad,Gujarat,Google Ads
C09469,2025-02-06,Jaipur,Tamil Nadu,Meta Ads
C09470,2025-07-30,Chennai,Telangana,Google Ads
C09471,2025-06-14,Gurgaon,Gujarat,Meta Ads
C09472,2025-05-05,Delhi,Karnataka,Google Ads
C09473,2025-12-03,Ahmedabad,Telangana,Meta Ads
C09474,2025-07-11,Ahmedabad,Rajasthan,Meta Ads
C09475,2025-08-06,Delhi,Haryana,Meta Ads
C09476,2025-08-02,Gurgaon,Tamil Nadu,Meta Ads
C09477,2025-03-03,Chennai,Maharashtra,Meta Ads
C09478,2025-11-24,Mumbai,Rajasthan,Influencer
C09479,2025-06-10,Jaipur,Gujarat,Google Ads
C09480,2025-03-07,Kolkata,West Bengal,Google Ads
C09481,2025-10-13,Kolkata,Rajasthan,Google Ads
C09482,2025-08-27,Gurgaon,Haryana,Meta Ads
C09483,2025-01-20,Ahmedabad,Haryana,Google Ads
C09484,2025-07-07,Bangalore,Rajasthan,Influencer
C09485,2025-03-23,Mumbai,Haryana,Meta Ads
C09486,2025-12-29,Mumbai,Rajasthan,Email
C09487,2025-07-21,Gurgaon,Delhi,Influencer
C09488,2025-05-12,Chennai,Gujarat,Influencer
C09489,2025-02-06,Gurgaon,Karnataka,Meta Ads
C09490,2025-05-12,Bangalore,Gujarat,Google Ads
C09491,2025-03-18,Pune,Haryana,Organic
C09492,2025-03-30,Kolkata,Maharashtra,Meta Ads
C09493,2025-09-10,Gurgaon,Rajasthan,Organic
C09494,2025-12-10,Mumbai,Telangana,Influencer
C09495,2025-07-13,Chennai,West Bengal,Email
C09496,2025-06-25,Kolkata,Gujarat,Meta Ads
C09497,2025-02-02,Hyderabad,West Bengal,Meta Ads
C09498,2025-02-27,Delhi,Tamil Nadu,Meta Ads
C09499,2025-07-20,Mumbai,West Bengal,Meta Ads
C09500,2025-01-28,Hyderabad,Telangana,Google Ads
C09501,2025-02-04,Chennai,Delhi,Influencer
C09502,2025-05-05,Mumbai,Haryana,Organic
C09503,2025-11-17,Gurgaon,Gujarat,Email
C09504,2025-02-11,Mumbai,Tamil Nadu,Google Ads
C09505,2025-03-26,Chennai,Haryana,Organic
C09506,2025-07-07,Mumbai,Maharashtra,Influencer
C09507,2025-04-21,Bangalore,Haryana,Email
C09508,2025-09-28,Ahmedabad,Karnataka,Influencer
C09509,2025-11-21,Hyderabad,Maharashtra,Google Ads
C09510,2025-04-15,Pune,Karnataka,Email
C09511,2025-11-16,Ahmedabad,Telangana,Google Ads
C09512,2025-02-10,Chennai,Maharashtra,Email
C09513,2025-08-03,Kolkata,Telangana,Influencer
C09514,2025-03-12,Bangalore,Telangana,Meta Ads
C09515,2025-02-25,Hyderabad,Tamil Nadu,Email
C09516,2025-08-24,Chennai,Haryana,Meta Ads
C09517,2025-10-08,Hyderabad,West Bengal,Email
C09518,2025-04-15,Mumbai,West Bengal,Organic
C09519,2025-06-11,Jaipur,Karnataka,Organic
C09520,2025-07-10,Gurgaon,Rajasthan,Meta Ads
C09521,2025-01-09,Ahmedabad,West Bengal,Meta Ads
C09522,2025-03-01,Mumbai,West Bengal,Email
C09523,2025-11-01,Delhi,Maharashtra,Google Ads
C09524,2025-08-13,Kolkata,Karnataka,Influencer
C09525,2025-11-03,Delhi,Karnataka,Organic
C09526,2025-07-07,Delhi,Tamil Nadu,Organic
C09527,2025-03-11,Bangalore,Telangana,Organic
C09528,2025-10-20,Pune,Telangana,Meta Ads
C09529,2025-10-14,Ahmedabad,Delhi,Google Ads
C09530,2025-06-18,Jaipur,Tamil Nadu,Organic
C09531,2025-03-03,Mumbai,Gujarat,Influencer
C09532,2025-12-15,Delhi,Gujarat,Organic
C09533,2025-01-14,Delhi,Gujarat,Meta Ads
C09534,2025-06-13,Kolkata,Haryana,Email
C09535,2025-09-02,Jaipur,Tamil Nadu,Organic
C09536,2025-12-01,Jaipur,Haryana,Google Ads
C09537,2025-01-08,Jaipur,Telangana,Influencer
C09538,2025-06-03,Mumbai,Telangana,Organic
C09539,2025-02-05,Ahmedabad,Telangana,Organic
C09540,2025-02-17,Ahmedabad,Telangana,Organic
C09541,2025-03-26,Mumbai,Tamil Nadu,Meta Ads
C09542,2025-01-28,Bangalore,Tamil Nadu,Organic
C09543,2025-07-15,Mumbai,Haryana,Meta Ads
C09544,2025-07-27,Gurgaon,Rajasthan,Organic
C09545,2025-07-23,Chennai,Gujarat,Meta Ads
C09546,2025-11-03,Gurgaon,Tamil Nadu,Meta Ads
C09547,2025-04-14,Bangalore,Rajasthan,Influencer
C09548,2025-08-18,Bangalore,Haryana,Google Ads
C09549,2025-04-11,Mumbai,Telangana,Organic
C09550,2025-01-29,Mumbai,Tamil Nadu,Google Ads
C09551,2025-05-07,Pune,Telangana,Google Ads
C09552,2025-12-04,Kolkata,Gujarat,Google Ads
C09553,2025-01-10,Gurgaon,West Bengal,Influencer
C09554,2025-04-16,Ahmedabad,Haryana,Meta Ads
C09555,2025-06-16,Pune,Tamil Nadu,Google Ads
C09556,2025-09-14,Jaipur,West Bengal,Meta Ads
C09557,2025-10-22,Hyderabad,Maharashtra,Google Ads
C09558,2025-10-04,Ahmedabad,Rajasthan,Email
C09559,2025-03-06,Jaipur,West Bengal,Influencer
C09560,2025-09-28,Pune,Gujarat,Google Ads
C09561,2025-07-07,Delhi,Haryana,Meta Ads
C09562,2025-11-13,Pune,Karnataka,Google Ads
C09563,2025-05-18,Pune,Maharashtra,Influencer
C09564,2025-12-09,Pune,Maharashtra,Meta Ads
C09565,2025-04-15,Mumbai,Karnataka,Influencer
C09566,2025-02-03,Gurgaon,Delhi,Organic
C09567,2025-04-20,Pune,Delhi,Meta Ads
C09568,2025-02-02,Mumbai,West Bengal,Organic
C09569,2025-12-20,Jaipur,Gujarat,Meta Ads
C09570,2025-08-19,Kolkata,Tamil Nadu,Meta Ads
C09571,2025-11-13,Gurgaon,West Bengal,Google Ads
C09572,2025-09-23,Jaipur,Delhi,Meta Ads
C09573,2025-07-01,Bangalore,Delhi,Influencer
C09574,2025-12-06,Ahmedabad,Rajasthan,Influencer
C09575,2025-03-06,Hyderabad,Haryana,Email
C09576,2025-11-29,Bangalore,West Bengal,Organic
C09577,2025-01-01,Chennai,Tamil Nadu,Meta Ads
C09578,2025-05-13,Kolkata,Telangana,Google Ads
C09579,2025-03-21,Chennai,Delhi,Influencer
C09580,2025-09-28,Delhi,Telangana,Google Ads
C09581,2025-08-29,Delhi,Gujarat,Google Ads
C09582,2025-01-28,Pune,Delhi,Google Ads
C09583,2025-08-11,Kolkata,Maharashtra,Meta Ads
C09584,2025-01-23,Jaipur,Gujarat,Meta Ads
C09585,2025-04-19,Bangalore,Maharashtra,Meta Ads
C09586,2025-04-17,Kolkata,Rajasthan,Google Ads
C09587,2025-05-25,Bangalore,Karnataka,Meta Ads
C09588,2025-12-20,Hyderabad,Karnataka,Organic
C09589,2025-05-19,Jaipur,Tamil Nadu,Organic
C09590,2025-10-11,Chennai,Karnataka,Organic
C09591,2025-10-25,Bangalore,Rajasthan,Meta Ads
C09592,2025-04-09,Hyderabad,Gujarat,Organic
C09593,2025-11-13,Kolkata,Telangana,Google Ads
C09594,2025-05-03,Hyderabad,Tamil Nadu,Influencer
C09595,2025-11-16,Ahmedabad,Gujarat,Organic
C09596,2025-10-14,Hyderabad,Telangana,Meta Ads
C09597,2025-03-22,Hyderabad,Haryana,Meta Ads
C09598,2025-01-10,Pune,West Bengal,Organic
C09599,2025-01-08,Delhi,Gujarat,Google Ads
C09600,2025-07-24,Chennai,West Bengal,Meta Ads
C09601,2025-11-11,Ahmedabad,Gujarat,Google Ads
C09602,2025-07-16,Ahmedabad,Telangana,Meta Ads
C09603,2025-07-17,Delhi,Delhi,Google Ads
C09604,2025-01-30,Gurgaon,Tamil Nadu,Google Ads
C09605,2025-01-20,Bangalore,Haryana,Influencer
C09606,2025-02-17,Hyderabad,Telangana,Meta Ads
C09607,2025-05-10,Kolkata,Maharashtra,Influencer
C09608,2025-10-20,Hyderabad,Delhi,Google Ads
C09609,2025-05-12,Kolkata,Rajasthan,Meta Ads
C09610,2025-12-22,Hyderabad,Maharashtra,Email
C09611,2025-02-23,Ahmedabad,Rajasthan,Organic
C09612,2025-10-08,Gurgaon,Tamil Nadu,Meta Ads
C09613,2025-09-22,Delhi,Tamil Nadu,Organic
C09614,2025-08-03,Jaipur,Maharashtra,Email
C09615,2025-10-17,Mumbai,Tamil Nadu,Email
C09616,2025-02-12,Chennai,Karnataka,Organic
C09617,2025-03-15,Jaipur,West Bengal,Organic
C09618,2025-12-16,Chennai,Telangana,Meta Ads
C09619,2025-10-05,Bangalore,Rajasthan,Email
C09620,2025-11-22,Delhi,Haryana,Meta Ads
C09621,2025-08-30,Kolkata,Karnataka,Meta Ads
C09622,2025-05-10,Jaipur,Delhi,Email
C09623,2025-12-16,Jaipur,Delhi,Meta Ads
C09624,2025-07-13,Chennai,Telangana,Organic
C09625,2025-02-01,Jaipur,Telangana,Google Ads
C09626,2025-04-16,Kolkata,Rajasthan,Influencer
C09627,2025-07-23,Delhi,Gujarat,Google Ads
C09628,2025-01-01,Bangalore,Telangana,Google Ads
C09629,2025-09-02,Mumbai,Tamil Nadu,Meta Ads
C09630,2025-03-13,Delhi,West Bengal,Meta Ads
C09631,2025-11-02,Pune,Gujarat,Influencer
C09632,2025-01-15,Bangalore,Telangana,Google Ads
C09633,2025-02-22,Jaipur,Delhi,Meta Ads
C09634,2025-01-08,Kolkata,Haryana,Google Ads
C09635,2025-11-26,Gurgaon,Delhi,Meta Ads
C09636,2025-02-15,Jaipur,Telangana,Organic
C09637,2025-11-21,Ahmedabad,West Bengal,Meta Ads
C09638,2025-04-24,Ahmedabad,West Bengal,Meta Ads
C09639,2025-05-27,Gurgaon,Delhi,Google Ads
C09640,2025-06-15,Mumbai,Rajasthan,Email
C09641,2025-05-19,Ahmedabad,Maharashtra,Organic
C09642,2025-04-27,Mumbai,Haryana,Google Ads
C09643,2025-10-26,Bangalore,Tamil Nadu,Meta Ads
C09644,2025-10-03,Gurgaon,Delhi,Organic
C09645,2025-10-04,Mumbai,Maharashtra,Email
C09646,2025-12-04,Pune,West Bengal,Organic
C09647,2025-11-09,Mumbai,Tamil Nadu,Meta Ads
C09648,2025-06-27,Hyderabad,Tamil Nadu,Email
C09649,2025-11-26,Bangalore,Tamil Nadu,Google Ads
C09650,2025-12-20,Pune,West Bengal,Google Ads
C09651,2025-06-03,Gurgaon,Rajasthan,Google Ads
C09652,2025-07-20,Chennai,Rajasthan,Meta Ads
C09653,2025-04-25,Jaipur,Maharashtra,Meta Ads
C09654,2025-06-08,Kolkata,Maharashtra,Email
C09655,2025-02-11,Ahmedabad,Haryana,Google Ads
C09656,2025-09-04,Hyderabad,West Bengal,Influencer
C09657,2025-03-09,Hyderabad,Karnataka,Email
C09658,2025-11-22,Chennai,Karnataka,Organic
C09659,2025-11-30,Jaipur,Telangana,Organic
C09660,2025-07-15,Jaipur,Karnataka,Email
C09661,2025-03-31,Ahmedabad,Karnataka,Google Ads
C09662,2025-04-21,Mumbai,Gujarat,Google Ads
C09663,2025-12-25,Gurgaon,West Bengal,Email
C09664,2025-05-25,Jaipur,West Bengal,Meta Ads
C09665,2025-10-02,Jaipur,Maharashtra,Meta Ads
C09666,2025-06-28,Kolkata,Rajasthan,Google Ads
C09667,2025-08-29,Pune,Tamil Nadu,Influencer
C09668,2025-11-22,Pune,Karnataka,Email
C09669,2025-11-15,Kolkata,Rajasthan,Google Ads
C09670,2025-11-27,Delhi,Rajasthan,Meta Ads
C09671,2025-06-02,Gurgaon,Tamil Nadu,Google Ads
C09672,2025-04-14,Jaipur,Tamil Nadu,Organic
C09673,2025-03-16,Ahmedabad,Gujarat,Meta Ads
C09674,2025-05-08,Gurgaon,Gujarat,Organic
C09675,2025-07-18,Chennai,Tamil Nadu,Organic
C09676,2025-06-03,Hyderabad,West Bengal,Organic
C09677,2025-02-25,Jaipur,Telangana,Organic
C09678,2025-10-05,Delhi,Delhi,Meta Ads
C09679,2025-12-11,Ahmedabad,Telangana,Organic
C09680,2025-01-19,Gurgaon,Gujarat,Meta Ads
C09681,2025-06-08,Bangalore,Gujarat,Google Ads
C09682,2025-01-26,Hyderabad,Maharashtra,Google Ads
C09683,2025-06-18,Jaipur,West Bengal,Meta Ads
C09684,2025-01-23,Gurgaon,Delhi,Meta Ads
C09685,2025-02-16,Gurgaon,Maharashtra,Meta Ads
C09686,2025-01-13,Ahmedabad,Gujarat,Google Ads
C09687,2025-08-05,Hyderabad,Telangana,Meta Ads
C09688,2025-11-18,Pune,Karnataka,Meta Ads
C09689,2025-07-13,Pune,Maharashtra,Meta Ads
C09690,2025-05-24,Bangalore,Tamil Nadu,Organic
C09691,2025-03-14,Mumbai,Telangana,Influencer
C09692,2025-06-05,Kolkata,Karnataka,Google Ads
C09693,2025-03-18,Jaipur,Karnataka,Organic
C09694,2025-06-18,Ahmedabad,Karnataka,Organic
C09695,2025-10-14,Jaipur,Gujarat,Email
C09696,2025-03-26,Ahmedabad,Rajasthan,Meta Ads
C09697,2025-07-01,Pune,Rajasthan,Google Ads
C09698,2025-11-11,Ahmedabad,Haryana,Organic
C09699,2025-10-24,Hyderabad,Delhi,Google Ads
C09700,2025-04-22,Mumbai,Haryana,Google Ads
C09701,2025-08-18,Bangalore,Delhi,Email
C09702,2025-04-06,Delhi,Rajasthan,Email
C09703,2025-06-17,Pune,Gujarat,Organic
C09704,2025-06-05,Delhi,West Bengal,Google Ads
C09705,2025-04-15,Delhi,Maharashtra,Influencer
C09706,2025-07-12,Chennai,Maharashtra,Google Ads
C09707,2025-11-26,Mumbai,Telangana,Email
C09708,2025-05-12,Kolkata,Rajasthan,Organic
C09709,2025-12-21,Gurgaon,Rajasthan,Meta Ads
C09710,2025-05-18,Hyderabad,Gujarat,Google Ads
C09711,2025-11-27,Ahmedabad,Haryana,Organic
C09712,2025-09-27,Jaipur,West Bengal,Influencer
C09713,2025-02-07,Kolkata,Rajasthan,Influencer
C09714,2025-02-14,Jaipur,Karnataka,Email
C09715,2025-06-12,Bangalore,Telangana,Google Ads
C09716,2025-11-27,Bangalore,Maharashtra,Meta Ads
C09717,2025-09-10,Hyderabad,Rajasthan,Organic
C09718,2025-06-18,Ahmedabad,West Bengal,Meta Ads
C09719,2025-10-12,Ahmedabad,Tamil Nadu,Email
C09720,2025-10-01,Pune,Haryana,Influencer
C09721,2025-01-20,Ahmedabad,West Bengal,Email
C09722,2025-08-27,Gurgaon,Karnataka,Google Ads
C09723,2025-09-27,Kolkata,Haryana,Meta Ads
C09724,2025-11-06,Kolkata,Maharashtra,Organic
C09725,2025-01-31,Jaipur,Haryana,Meta Ads
C09726,2025-11-10,Chennai,West Bengal,Organic
C09727,2025-04-14,Hyderabad,West Bengal,Google Ads
C09728,2025-06-19,Hyderabad,Rajasthan,Influencer
C09729,2025-07-05,Gurgaon,Karnataka,Meta Ads
C09730,2025-05-08,Ahmedabad,Gujarat,Influencer
C09731,2025-07-29,Chennai,Haryana,Organic
C09732,2025-10-08,Pune,West Bengal,Email
C09733,2025-09-10,Pune,Delhi,Meta Ads
C09734,2025-01-19,Kolkata,Delhi,Meta Ads
C09735,2025-07-19,Gurgaon,Telangana,Influencer
C09736,2025-08-08,Delhi,Haryana,Google Ads
C09737,2025-05-16,Delhi,Karnataka,Google Ads
C09738,2025-08-11,Ahmedabad,Tamil Nadu,Email
C09739,2025-01-03,Kolkata,Karnataka,Google Ads
C09740,2025-08-24,Gurgaon,Haryana,Meta Ads
C09741,2025-12-08,Delhi,Delhi,Meta Ads
C09742,2025-08-16,Mumbai,Karnataka,Google Ads
C09743,2025-05-22,Jaipur,West Bengal,Organic
C09744,2025-01-09,Bangalore,Karnataka,Meta Ads
C09745,2025-07-09,Jaipur,Haryana,Organic
C09746,2025-12-16,Bangalore,West Bengal,Google Ads
C09747,2025-06-14,Mumbai,Maharashtra,Influencer
C09748,2025-05-19,Mumbai,Karnataka,Meta Ads
C09749,2025-10-03,Gurgaon,Telangana,Influencer
C09750,2025-10-18,Chennai,Haryana,Email
C09751,2025-02-22,Hyderabad,Rajasthan,Influencer
C09752,2025-06-24,Delhi,Rajasthan,Google Ads
C09753,2025-04-20,Gurgaon,Telangana,Meta Ads
C09754,2025-07-22,Chennai,Rajasthan,Meta Ads
C09755,2025-05-16,Hyderabad,Telangana,Organic
C09756,2025-01-04,Gurgaon,Maharashtra,Meta Ads
C09757,2025-06-04,Ahmedabad,Delhi,Influencer
C09758,2025-06-21,Hyderabad,West Bengal,Email
C09759,2025-12-24,Jaipur,Telangana,Meta Ads
C09760,2025-02-16,Hyderabad,Gujarat,Google Ads
C09761,2025-04-04,Jaipur,Gujarat,Email
C09762,2025-02-17,Pune,Gujarat,Google Ads
C09763,2025-08-28,Bangalore,Tamil Nadu,Organic
C09764,2025-12-13,Jaipur,Rajasthan,Influencer
C09765,2025-08-01,Mumbai,Telangana,Meta Ads
C09766,2025-12-06,Ahmedabad,Haryana,Email
C09767,2025-11-20,Delhi,Telangana,Influencer
C09768,2025-05-19,Pune,Haryana,Meta Ads
C09769,2025-07-24,Pune,Maharashtra,Meta Ads
C09770,2025-03-14,Kolkata,Haryana,Email
C09771,2025-01-04,Gurgaon,Gujarat,Organic
C09772,2025-03-17,Gurgaon,Rajasthan,Meta Ads
C09773,2025-11-25,Gurgaon,West Bengal,Meta Ads
C09774,2025-03-18,Hyderabad,West Bengal,Meta Ads
C09775,2025-10-31,Delhi,Tamil Nadu,Email
C09776,2025-09-13,Bangalore,Maharashtra,Google Ads
C09777,2025-04-12,Jaipur,Rajasthan,Google Ads
C09778,2025-04-16,Gurgaon,Haryana,Email
C09779,2025-11-29,Pune,Tamil Nadu,Google Ads
C09780,2025-02-08,Jaipur,Delhi,Google Ads
C09781,2025-11-10,Delhi,Haryana,Email
C09782,2025-10-02,Pune,Tamil Nadu,Meta Ads
C09783,2025-03-29,Mumbai,Maharashtra,Email
C09784,2025-07-30,Delhi,West Bengal,Meta Ads
C09785,2025-03-18,Hyderabad,Telangana,Google Ads
C09786,2025-03-18,Gurgaon,Haryana,Google Ads
C09787,2025-01-28,Chennai,Karnataka,Email
C09788,2025-09-02,Ahmedabad,Haryana,Google Ads
C09789,2025-03-07,Pune,Telangana,Meta Ads
C09790,2025-09-23,Kolkata,Tamil Nadu,Meta Ads
C09791,2025-07-24,Kolkata,Maharashtra,Google Ads
C09792,2025-02-27,Ahmedabad,Karnataka,Organic
C09793,2025-07-20,Bangalore,Delhi,Organic
C09794,2025-08-13,Bangalore,West Bengal,Influencer
C09795,2025-05-22,Ahmedabad,Rajasthan,Influencer
C09796,2025-03-25,Chennai,Maharashtra,Organic
C09797,2025-05-23,Hyderabad,West Bengal,Organic
C09798,2025-12-18,Delhi,Karnataka,Meta Ads
C09799,2025-02-02,Chennai,Haryana,Email
C09800,2025-06-01,Jaipur,Tamil Nadu,Meta Ads
C09801,2025-06-07,Gurgaon,Gujarat,Google Ads
C09802,2025-05-21,Bangalore,Telangana,Organic
C09803,2025-09-08,Pune,Maharashtra,Email
C09804,2025-10-30,Bangalore,Karnataka,Google Ads
C09805,2025-04-22,Kolkata,Gujarat,Email
C09806,2025-05-24,Pune,West Bengal,Meta Ads
C09807,2025-07-28,Jaipur,Tamil Nadu,Organic
C09808,2025-08-12,Jaipur,Haryana,Google Ads
C09809,2025-02-12,Gurgaon,Haryana,Influencer
C09810,2025-09-21,Mumbai,Delhi,Google Ads
C09811,2025-09-01,Kolkata,Tamil Nadu,Google Ads
C09812,2025-01-03,Ahmedabad,Rajasthan,Meta Ads
C09813,2025-05-05,Bangalore,Gujarat,Google Ads
C09814,2025-09-25,Gurgaon,Delhi,Meta Ads
C09815,2025-03-25,Gurgaon,Tamil Nadu,Meta Ads
C09816,2025-01-16,Mumbai,Karnataka,Meta Ads
C09817,2025-11-30,Jaipur,Tamil Nadu,Google Ads
C09818,2025-02-28,Kolkata,Rajasthan,Meta Ads
C09819,2025-06-26,Pune,Tamil Nadu,Meta Ads
C09820,2025-03-04,Kolkata,Gujarat,Meta Ads
C09821,2025-02-18,Kolkata,Tamil Nadu,Google Ads
C09822,2025-11-03,Bangalore,Tamil Nadu,Google Ads
C09823,2025-09-03,Pune,West Bengal,Influencer
C09824,2025-10-16,Chennai,Telangana,Organic
C09825,2025-10-13,Pune,Gujarat,Meta Ads
C09826,2025-11-28,Gurgaon,Telangana,Organic
C09827,2025-01-15,Mumbai,West Bengal,Meta Ads
C09828,2025-12-04,Kolkata,Delhi,Influencer
C09829,2025-09-12,Pune,Rajasthan,Google Ads
C09830,2025-04-02,Gurgaon,Rajasthan,Google Ads
C09831,2025-10-06,Delhi,West Bengal,Google Ads
C09832,2025-07-25,Jaipur,Gujarat,Email
C09833,2025-04-04,Mumbai,Maharashtra,Meta Ads
C09834,2025-08-13,Hyderabad,West Bengal,Email
C09835,2025-10-28,Ahmedabad,Delhi,Organic
C09836,2025-11-14,Gurgaon,Karnataka,Email
C09837,2025-07-18,Kolkata,Tamil Nadu,Organic
C09838,2025-09-28,Mumbai,Haryana,Organic
C09839,2025-08-22,Jaipur,Haryana,Influencer
C09840,2025-02-15,Pune,Rajasthan,Influencer
C09841,2025-03-05,Delhi,Tamil Nadu,Google Ads
C09842,2025-08-18,Hyderabad,Karnataka,Organic
C09843,2025-09-06,Jaipur,Maharashtra,Organic
C09844,2025-09-03,Delhi,Rajasthan,Google Ads
C09845,2025-03-16,Ahmedabad,Telangana,Influencer
C09846,2025-06-06,Mumbai,Haryana,Meta Ads
C09847,2025-08-11,Chennai,Rajasthan,Meta Ads
C09848,2025-07-09,Bangalore,Haryana,Organic
C09849,2025-02-21,Mumbai,West Bengal,Organic
C09850,2025-03-29,Hyderabad,Maharashtra,Google Ads
C09851,2025-11-09,Chennai,Maharashtra,Organic
C09852,2025-12-05,Chennai,Telangana,Influencer
C09853,2025-03-07,Ahmedabad,Gujarat,Meta Ads
C09854,2025-05-30,Bangalore,Maharashtra,Organic
C09855,2025-01-20,Chennai,West Bengal,Influencer
C09856,2025-02-02,Gurgaon,Delhi,Google Ads
C09857,2025-11-24,Jaipur,Rajasthan,Organic
C09858,2025-10-08,Chennai,Tamil Nadu,Meta Ads
C09859,2025-02-15,Chennai,Delhi,Influencer
C09860,2025-03-14,Jaipur,Tamil Nadu,Influencer
C09861,2025-12-20,Pune,Haryana,Google Ads
C09862,2025-11-09,Ahmedabad,Haryana,Meta Ads
C09863,2025-12-09,Chennai,Haryana,Organic
C09864,2025-05-13,Chennai,Telangana,Organic
C09865,2025-02-24,Bangalore,West Bengal,Email
C09866,2025-03-02,Delhi,Rajasthan,Meta Ads
C09867,2025-12-11,Pune,Telangana,Meta Ads
C09868,2025-01-08,Kolkata,Maharashtra,Meta Ads
C09869,2025-09-29,Pune,Maharashtra,Google Ads
C09870,2025-09-03,Jaipur,Maharashtra,Meta Ads
C09871,2025-06-25,Bangalore,West Bengal,Email
C09872,2025-04-26,Ahmedabad,Telangana,Meta Ads
C09873,2025-11-13,Mumbai,Telangana,Organic
C09874,2025-09-28,Bangalore,Delhi,Google Ads
C09875,2025-07-12,Hyderabad,Telangana,Organic
C09876,2025-05-30,Jaipur,Tamil Nadu,Email
C09877,2025-05-11,Delhi,Maharashtra,Organic
C09878,2025-04-12,Hyderabad,Telangana,Google Ads
C09879,2025-11-06,Hyderabad,West Bengal,Meta Ads
C09880,2025-09-27,Ahmedabad,Rajasthan,Email
C09881,2025-10-19,Kolkata,Maharashtra,Email
C09882,2025-07-29,Mumbai,Gujarat,Meta Ads
C09883,2025-12-27,Chennai,Tamil Nadu,Organic
C09884,2025-12-04,Gurgaon,Gujarat,Google Ads
C09885,2025-03-08,Chennai,Maharashtra,Organic
C09886,2025-01-10,Hyderabad,Delhi,Email
C09887,2025-02-18,Pune,West Bengal,Meta Ads
C09888,2025-04-21,Gurgaon,Rajasthan,Organic
C09889,2025-11-17,Ahmedabad,Rajasthan,Google Ads
C09890,2025-08-07,Mumbai,Maharashtra,Organic
C09891,2025-02-26,Ahmedabad,Telangana,Google Ads
C09892,2025-10-10,Jaipur,Delhi,Organic
C09893,2025-04-23,Delhi,West Bengal,Google Ads
C09894,2025-05-13,Hyderabad,Maharashtra,Google Ads
C09895,2025-03-12,Pune,Telangana,Organic
C09896,2025-03-24,Ahmedabad,Maharashtra,Meta Ads
C09897,2025-02-26,Gurgaon,Delhi,Google Ads
C09898,2025-12-15,Hyderabad,West Bengal,Organic
C09899,2025-09-28,Mumbai,Tamil Nadu,Meta Ads
C09900,2025-04-21,Pune,Maharashtra,Organic
C09901,2025-12-23,Kolkata,Telangana,Influencer
C09902,2025-03-17,Kolkata,Karnataka,Meta Ads
C09903,2025-06-07,Gurgaon,Karnataka,Organic
C09904,2025-01-20,Delhi,Karnataka,Organic
C09905,2025-05-11,Kolkata,Telangana,Google Ads
C09906,2025-11-25,Hyderabad,Delhi,Meta Ads
C09907,2025-05-02,Mumbai,Delhi,Email
C09908,2025-02-10,Delhi,West Bengal,Google Ads
C09909,2025-06-16,Chennai,Haryana,Meta Ads
C09910,2025-05-10,Mumbai,Karnataka,Organic
C09911,2025-01-23,Hyderabad,Rajasthan,Organic
C09912,2025-10-06,Hyderabad,Haryana,Influencer
C09913,2025-09-08,Jaipur,Karnataka,Email
C09914,2025-01-09,Delhi,Rajasthan,Meta Ads
C09915,2025-01-13,Mumbai,Delhi,Organic
C09916,2025-11-03,Delhi,Rajasthan,Email
C09917,2025-11-16,Gurgaon,Haryana,Organic
C09918,2025-02-21,Bangalore,Tamil Nadu,Organic
C09919,2025-07-28,Delhi,Maharashtra,Google Ads
C09920,2025-02-07,Kolkata,Gujarat,Google Ads
C09921,2025-04-10,Hyderabad,Karnataka,Organic
C09922,2025-07-12,Jaipur,Delhi,Email
C09923,2025-07-10,Chennai,West Bengal,Meta Ads
C09924,2025-02-20,Jaipur,Karnataka,Google Ads
C09925,2025-05-21,Mumbai,Telangana,Email
C09926,2025-06-17,Gurgaon,Haryana,Meta Ads
C09927,2025-11-07,Gurgaon,Delhi,Organic
C09928,2025-04-19,Chennai,Rajasthan,Google Ads
C09929,2025-07-26,Delhi,West Bengal,Google Ads
C09930,2025-10-27,Delhi,Maharashtra,Meta Ads
C09931,2025-04-20,Mumbai,Delhi,Meta Ads
C09932,2025-07-15,Mumbai,Maharashtra,Google Ads
C09933,2025-06-01,Pune,Karnataka,Google Ads
C09934,2025-08-31,Delhi,Karnataka,Google Ads
C09935,2025-05-08,Mumbai,Gujarat,Meta Ads
C09936,2025-04-15,Gurgaon,Haryana,Google Ads
C09937,2025-01-10,Bangalore,Rajasthan,Email
C09938,2025-12-22,Hyderabad,Karnataka,Google Ads
C09939,2025-05-28,Delhi,Tamil Nadu,Google Ads
C09940,2025-12-31,Pune,Telangana,Meta Ads
C09941,2025-12-30,Hyderabad,Gujarat,Google Ads
C09942,2025-05-20,Kolkata,Delhi,Influencer
C09943,2025-07-09,Bangalore,Telangana,Google Ads
C09944,2025-04-04,Jaipur,West Bengal,Organic
C09945,2025-08-17,Delhi,Rajasthan,Organic
C09946,2025-03-04,Jaipur,Delhi,Meta Ads
C09947,2025-12-06,Pune,Gujarat,Google Ads
C09948,2025-01-25,Delhi,Maharashtra,Organic
C09949,2025-09-25,Pune,Telangana,Organic
C09950,2025-10-08,Ahmedabad,Telangana,Organic
C09951,2025-01-11,Pune,Gujarat,Google Ads
C09952,2025-11-16,Mumbai,Maharashtra,Meta Ads
C09953,2025-07-20,Mumbai,West Bengal,Influencer
C09954,2025-05-06,Jaipur,Karnataka,Google Ads
C09955,2025-11-02,Ahmedabad,Rajasthan,Organic
C09956,2025-07-09,Pune,Haryana,Google Ads
C09957,2025-03-30,Kolkata,Gujarat,Email
C09958,2025-12-21,Jaipur,Haryana,Email
C09959,2025-04-26,Hyderabad,Delhi,Organic
C09960,2025-12-18,Mumbai,Rajasthan,Organic
C09961,2025-06-26,Hyderabad,West Bengal,Influencer
C09962,2025-01-14,Hyderabad,Telangana,Google Ads
C09963,2025-09-14,Ahmedabad,West Bengal,Influencer
C09964,2025-07-28,Jaipur,Haryana,Google Ads
C09965,2025-10-08,Gurgaon,Rajasthan,Meta Ads
C09966,2025-11-24,Jaipur,Maharashtra,Email
C09967,2025-11-21,Gurgaon,Telangana,Organic
C09968,2025-04-15,Pune,Tamil Nadu,Google Ads
C09969,2025-05-27,Gurgaon,Haryana,Email
C09970,2025-10-06,Delhi,Delhi,Email
C09971,2025-01-09,Pune,Rajasthan,Meta Ads
C09972,2025-04-28,Gurgaon,Rajasthan,Organic
C09973,2025-04-04,Kolkata,Karnataka,Organic
C09974,2025-05-24,Hyderabad,Telangana,Influencer
C09975,2025-10-16,Pune,Telangana,Google Ads
C09976,2025-01-14,Hyderabad,Gujarat,Meta Ads
C09977,2025-09-14,Chennai,Tamil Nadu,Meta Ads
C09978,2025-12-12,Jaipur,Maharashtra,Meta Ads
C09979,2025-07-05,Gurgaon,Telangana,Meta Ads
C09980,2025-12-11,Hyderabad,Delhi,Google Ads
C09981,2025-07-26,Gurgaon,Karnataka,Organic
C09982,2025-12-12,Hyderabad,Telangana,Meta Ads
C09983,2025-06-21,Kolkata,Gujarat,Google Ads
C09984,2025-09-27,Bangalore,Karnataka,Google Ads
C09985,2025-08-09,Kolkata,Haryana,Organic
C09986,2025-06-01,Mumbai,Delhi,Google Ads
C09987,2025-04-21,Gurgaon,Telangana,Meta Ads
C09988,2025-07-02,Kolkata,Maharashtra,Google Ads
C09989,2025-12-05,Delhi,Telangana,Organic
C09990,2025-03-13,Gurgaon,Haryana,Meta Ads
C09991,2025-10-10,Ahmedabad,Karnataka,Meta Ads
C09992,2025-03-15,Jaipur,Tamil Nadu,Influencer
C09993,2025-12-21,Jaipur,Maharashtra,Google Ads
C09994,2025-08-03,Mumbai,Haryana,Email
C09995,2025-11-24,Delhi,Telangana,Influencer
C09996,2025-01-23,Mumbai,Haryana,Google Ads
C09997,2025-03-09,Pune,Rajasthan,Organic
C09998,2025-12-28,Gurgaon,Tamil Nadu,Meta Ads
C09999,2025-04-03,Delhi,West Bengal,Meta Ads
C10000,2025-11-17,Chennai,Gujarat,Email
C10001,2025-11-20,Hyderabad,Rajasthan,Google Ads
C10002,2025-03-04,Ahmedabad,Haryana,Meta Ads
C10003,2025-08-12,Gurgaon,Gujarat,Email
C10004,2025-08-13,Ahmedabad,Maharashtra,Meta Ads
C10005,2025-12-12,Delhi,Rajasthan,Google Ads
C10006,2025-12-03,Hyderabad,Maharashtra,Meta Ads
C10007,2025-04-13,Mumbai,Haryana,Google Ads
C10008,2025-08-03,Gurgaon,Tamil Nadu,Google Ads
C10009,2025-07-11,Hyderabad,Telangana,Organic
C10010,2025-06-09,Ahmedabad,Gujarat,Email
C10011,2025-07-26,Bangalore,Karnataka,Google Ads
C10012,2025-09-26,Delhi,Haryana,Meta Ads
C10013,2025-07-13,Delhi,Maharashtra,Influencer
C10014,2025-06-01,Ahmedabad,Karnataka,Organic
C10015,2025-08-25,Ahmedabad,Gujarat,Organic
C10016,2025-03-29,Pune,Haryana,Meta Ads
C10017,2025-01-11,Mumbai,Karnataka,Meta Ads
C10018,2025-07-06,Ahmedabad,Haryana,Google Ads
C10019,2025-08-02,Kolkata,Rajasthan,Organic
C10020,2025-01-15,Jaipur,Karnataka,Meta Ads
C10021,2025-09-23,Jaipur,West Bengal,Meta Ads
C10022,2025-10-24,Gurgaon,Gujarat,Meta Ads
C10023,2025-03-14,Chennai,Haryana,Meta Ads
C10024,2025-02-21,Gurgaon,Karnataka,Meta Ads
C10025,2025-05-08,Pune,Tamil Nadu,Google Ads
C10026,2025-01-28,Hyderabad,Karnataka,Influencer
C10027,2025-03-06,Chennai,Rajasthan,Organic
C10028,2025-01-17,Hyderabad,Maharashtra,Organic
C10029,2025-12-17,Jaipur,Karnataka,Meta Ads
C10030,2025-05-18,Jaipur,West Bengal,Meta Ads
C10031,2025-11-15,Jaipur,Gujarat,Google Ads
C10032,2025-08-17,Ahmedabad,Haryana,Google Ads
C10033,2025-09-11,Pune,Haryana,Email
C10034,2025-07-29,Kolkata,Haryana,Meta Ads
C10035,2025-10-21,Gurgaon,Telangana,Influencer
C10036,2025-08-19,Hyderabad,Rajasthan,Google Ads
C10037,2025-08-29,Bangalore,Tamil Nadu,Influencer
C10038,2025-03-11,Gurgaon,Gujarat,Google Ads
C10039,2025-04-14,Delhi,Gujarat,Influencer
C10040,2025-07-23,Mumbai,Haryana,Google Ads
C10041,2025-02-22,Chennai,Rajasthan,Google Ads
C10042,2025-11-26,Hyderabad,Maharashtra,Email
C10043,2025-02-23,Pune,Gujarat,Google Ads
C10044,2025-10-03,Jaipur,Karnataka,Influencer
C10045,2025-12-01,Delhi,West Bengal,Meta Ads
C10046,2025-01-31,Mumbai,Rajasthan,Meta Ads
C10047,2025-05-15,Hyderabad,Haryana,Google Ads
C10048,2025-02-27,Kolkata,Gujarat,Organic
C10049,2025-04-15,Jaipur,Telangana,Organic
C10050,2025-09-23,Hyderabad,Delhi,Meta Ads
C10051,2025-01-10,Bangalore,Delhi,Organic
C10052,2025-09-10,Bangalore,Tamil Nadu,Meta Ads
C10053,2025-10-22,Pune,Gujarat,Email
C10054,2025-06-05,Bangalore,Maharashtra,Google Ads
C10055,2025-06-07,Kolkata,Telangana,Meta Ads
C10056,2025-02-06,Pune,Karnataka,Meta Ads
C10057,2025-04-29,Chennai,Rajasthan,Email
C10058,2025-03-08,Kolkata,Karnataka,Google Ads
C10059,2025-08-30,Pune,Gujarat,Google Ads
C10060,2025-10-26,Kolkata,West Bengal,Organic
C10061,2025-08-01,Bangalore,Delhi,Email
C10062,2025-11-04,Chennai,Gujarat,Google Ads
C10063,2025-04-11,Kolkata,Rajasthan,Meta Ads
C10064,2025-02-25,Chennai,Gujarat,Organic
C10065,2025-11-28,Mumbai,Delhi,Google Ads
C10066,2025-11-20,Kolkata,West Bengal,Meta Ads
C10067,2025-08-27,Gurgaon,Rajasthan,Organic
C10068,2025-08-19,Jaipur,Haryana,Organic
C10069,2025-12-28,Bangalore,Maharashtra,Organic
C10070,2025-04-02,Hyderabad,Gujarat,Email
C10071,2025-10-06,Chennai,Rajasthan,Google Ads
C10072,2025-04-19,Bangalore,West Bengal,Google Ads
C10073,2025-11-13,Delhi,Haryana,Meta Ads
C10074,2025-06-17,Gurgaon,Gujarat,Influencer
C10075,2025-10-27,Bangalore,Tamil Nadu,Meta Ads
C10076,2025-08-06,Jaipur,Telangana,Email
C10077,2025-08-10,Gurgaon,Delhi,Google Ads
C10078,2025-06-10,Jaipur,Tamil Nadu,Google Ads
C10079,2025-01-16,Bangalore,Gujarat,Google Ads
C10080,2025-10-05,Gurgaon,Karnataka,Email
C10081,2025-02-26,Hyderabad,West Bengal,Email
C10082,2025-03-03,Hyderabad,West Bengal,Email
C10083,2025-12-29,Jaipur,Rajasthan,Organic
C10084,2025-11-23,Jaipur,Delhi,Meta Ads
C10085,2025-08-30,Mumbai,Haryana,Google Ads
C10086,2025-03-31,Hyderabad,Gujarat,Meta Ads
C10087,2025-03-13,Hyderabad,Karnataka,Organic
C10088,2025-11-22,Chennai,Haryana,Google Ads
C10089,2025-01-30,Pune,Delhi,Organic
C10090,2025-12-25,Kolkata,Rajasthan,Meta Ads
C10091,2025-10-15,Chennai,Telangana,Influencer
C10092,2025-03-27,Jaipur,Haryana,Email
C10093,2025-08-22,Ahmedabad,Karnataka,Organic
C10094,2025-08-23,Kolkata,Maharashtra,Influencer
C10095,2025-11-09,Ahmedabad,West Bengal,Google Ads
C10096,2025-12-31,Delhi,Haryana,Meta Ads
C10097,2025-09-22,Jaipur,Karnataka,Email
C10098,2025-10-14,Bangalore,Maharashtra,Meta Ads
C10099,2025-11-23,Pune,Tamil Nadu,Meta Ads
C10100,2025-09-26,Ahmedabad,Tamil Nadu,Meta Ads
C10101,2025-07-05,Kolkata,Karnataka,Organic
C10102,2025-05-11,Jaipur,Rajasthan,Organic
C10103,2025-10-18,Chennai,Delhi,Meta Ads
C10104,2025-10-04,Mumbai,Karnataka,Email
C10105,2025-11-16,Gurgaon,Delhi,Email
C10106,2025-12-17,Hyderabad,West Bengal,Meta Ads
C10107,2025-06-29,Pune,Maharashtra,Organic
C10108,2025-10-17,Pune,Telangana,Influencer
C10109,2025-06-12,Hyderabad,Telangana,Google Ads
C10110,2025-09-28,Hyderabad,Gujarat,Meta Ads
C10111,2025-04-06,Hyderabad,Telangana,Meta Ads
C10112,2025-09-19,Mumbai,Karnataka,Influencer
C10113,2025-12-31,Delhi,Karnataka,Google Ads
C10114,2025-12-19,Mumbai,Haryana,Organic
C10115,2025-10-15,Chennai,Tamil Nadu,Organic
C10116,2025-03-24,Delhi,West Bengal,Google Ads
C10117,2025-08-13,Gurgaon,Haryana,Meta Ads
C10118,2025-08-11,Hyderabad,West Bengal,Meta Ads
C10119,2025-04-28,Mumbai,Telangana,Meta Ads
C10120,2025-07-11,Bangalore,Haryana,Meta Ads
C10121,2025-03-20,Chennai,Tamil Nadu,Meta Ads
C10122,2025-03-19,Gurgaon,Rajasthan,Organic
C10123,2025-05-27,Gurgaon,Tamil Nadu,Meta Ads
C10124,2025-04-17,Kolkata,Delhi,Organic
C10125,2025-09-28,Kolkata,West Bengal,Meta Ads
C10126,2025-09-01,Gurgaon,Karnataka,Google Ads
C10127,2025-03-14,Delhi,Tamil Nadu,Influencer
C10128,2025-12-23,Jaipur,Maharashtra,Meta Ads
C10129,2025-12-20,Chennai,West Bengal,Google Ads
C10130,2025-01-26,Kolkata,Delhi,Organic
C10131,2025-07-29,Pune,Maharashtra,Organic
C10132,2025-04-02,Hyderabad,Rajasthan,Meta Ads
C10133,2025-05-05,Chennai,Rajasthan,Influencer
C10134,2025-03-14,Gurgaon,West Bengal,Meta Ads
C10135,2025-05-03,Gurgaon,Maharashtra,Google Ads
C10136,2025-11-05,Bangalore,Haryana,Meta Ads
C10137,2025-07-03,Jaipur,Telangana,Organic
C10138,2025-07-06,Hyderabad,Maharashtra,Organic
C10139,2025-07-17,Pune,Maharashtra,Influencer
C10140,2025-03-19,Ahmedabad,Gujarat,Email
C10141,2025-12-14,Kolkata,Haryana,Google Ads
C10142,2025-07-05,Bangalore,Gujarat,Email
C10143,2025-12-10,Gurgaon,Maharashtra,Organic
C10144,2025-09-10,Jaipur,Maharashtra,Google Ads
C10145,2025-01-13,Delhi,Karnataka,Email
C10146,2025-10-26,Bangalore,Gujarat,Organic
C10147,2025-03-17,Jaipur,Gujarat,Google Ads
C10148,2025-02-20,Chennai,Karnataka,Meta Ads
C10149,2025-10-02,Chennai,Delhi,Organic
C10150,2025-05-29,Mumbai,West Bengal,Meta Ads
C10151,2025-08-07,Bangalore,Telangana,Meta Ads
C10152,2025-05-02,Chennai,Karnataka,Email
C10153,2025-07-30,Gurgaon,Haryana,Meta Ads
C10154,2025-10-07,Chennai,Tamil Nadu,Google Ads
C10155,2025-01-26,Jaipur,Delhi,Email
C10156,2025-06-22,Ahmedabad,Rajasthan,Google Ads
C10157,2025-06-05,Kolkata,Tamil Nadu,Google Ads
C10158,2025-08-26,Gurgaon,Karnataka,Organic
C10159,2025-03-23,Hyderabad,Delhi,Meta Ads
C10160,2025-12-22,Jaipur,Rajasthan,Email
C10161,2025-09-30,Ahmedabad,Maharashtra,Meta Ads
C10162,2025-03-09,Chennai,Tamil Nadu,Influencer
C10163,2025-02-13,Pune,Tamil Nadu,Meta Ads
C10164,2025-03-02,Mumbai,Karnataka,Meta Ads
C10165,2025-05-03,Ahmedabad,Tamil Nadu,Meta Ads
C10166,2025-12-15,Chennai,Maharashtra,Meta Ads
C10167,2025-07-15,Ahmedabad,Gujarat,Organic
C10168,2025-11-26,Ahmedabad,Delhi,Organic
C10169,2025-11-19,Jaipur,Tamil Nadu,Influencer
C10170,2025-04-21,Pune,Delhi,Meta Ads
C10171,2025-09-15,Chennai,Rajasthan,Google Ads
C10172,2025-03-30,Pune,Rajasthan,Meta Ads
C10173,2025-07-17,Bangalore,Tamil Nadu,Google Ads
C10174,2025-10-09,Jaipur,Tamil Nadu,Google Ads
C10175,2025-07-19,Kolkata,Rajasthan,Google Ads
C10176,2025-04-09,Kolkata,Haryana,Google Ads
C10177,2025-01-27,Ahmedabad,Rajasthan,Influencer
C10178,2025-03-30,Gurgaon,Haryana,Organic
C10179,2025-05-26,Mumbai,Telangana,Google Ads
C10180,2025-07-01,Bangalore,Maharashtra,Meta Ads
C10181,2025-09-14,Jaipur,Maharashtra,Google Ads
C10182,2025-07-08,Gurgaon,Delhi,Email
C10183,2025-08-28,Delhi,Karnataka,Meta Ads
C10184,2025-12-25,Mumbai,Delhi,Influencer
C10185,2025-07-15,Kolkata,Tamil Nadu,Organic
C10186,2025-10-24,Kolkata,West Bengal,Organic
C10187,2025-06-14,Gurgaon,Rajasthan,Email
C10188,2025-11-03,Bangalore,West Bengal,Email
C10189,2025-09-28,Mumbai,Telangana,Meta Ads
C10190,2025-01-08,Gurgaon,Telangana,Influencer
C10191,2025-02-07,Delhi,Gujarat,Organic
C10192,2025-04-24,Jaipur,Telangana,Google Ads
C10193,2025-12-05,Gurgaon,Delhi,Organic
C10194,2025-02-25,Ahmedabad,Rajasthan,Email
C10195,2025-12-25,Chennai,Karnataka,Google Ads
C10196,2025-05-18,Ahmedabad,Delhi,Email
C10197,2025-04-12,Mumbai,Rajasthan,Organic
C10198,2025-11-30,Pune,Haryana,Google Ads
C10199,2025-06-26,Ahmedabad,Rajasthan,Organic
C10200,2025-06-18,Chennai,Karnataka,Organic
C10201,2025-12-05,Ahmedabad,Tamil Nadu,Google Ads
C10202,2025-10-13,Gurgaon,West Bengal,Organic
C10203,2025-09-18,Chennai,Haryana,Organic
C10204,2025-08-11,Jaipur,Gujarat,Influencer
C10205,2025-07-18,Pune,Tamil Nadu,Google Ads
C10206,2025-07-30,Gurgaon,Tamil Nadu,Meta Ads
C10207,2025-10-14,Delhi,West Bengal,Organic
C10208,2025-06-29,Delhi,Gujarat,Google Ads
C10209,2025-09-07,Mumbai,Maharashtra,Meta Ads
C10210,2025-08-19,Hyderabad,West Bengal,Organic
C10211,2025-01-23,Ahmedabad,Rajasthan,Email
C10212,2025-02-17,Chennai,Delhi,Google Ads
C10213,2025-04-19,Gurgaon,Delhi,Email
C10214,2025-10-23,Delhi,West Bengal,Influencer
C10215,2025-01-06,Pune,Haryana,Meta Ads
C10216,2025-02-07,Hyderabad,Delhi,Influencer
C10217,2025-06-18,Pune,Delhi,Google Ads
C10218,2025-12-22,Ahmedabad,Maharashtra,Email
C10219,2025-10-10,Bangalore,Rajasthan,Meta Ads
C10220,2025-07-22,Hyderabad,Karnataka,Meta Ads
C10221,2025-11-21,Kolkata,Rajasthan,Meta Ads
C10222,2025-11-09,Bangalore,Tamil Nadu,Meta Ads
C10223,2025-09-30,Bangalore,Tamil Nadu,Google Ads
C10224,2025-09-01,Ahmedabad,West Bengal,Meta Ads
C10225,2025-11-23,Pune,Gujarat,Google Ads
C10226,2025-02-16,Jaipur,Karnataka,Google Ads
C10227,2025-09-06,Delhi,Gujarat,Meta Ads
C10228,2025-03-20,Chennai,Tamil Nadu,Organic
C10229,2025-04-20,Chennai,Tamil Nadu,Meta Ads
C10230,2025-01-13,Gurgaon,Karnataka,Meta Ads
C10231,2025-12-31,Gurgaon,Tamil Nadu,Organic
C10232,2025-03-31,Bangalore,Gujarat,Meta Ads
C10233,2025-12-08,Bangalore,West Bengal,Google Ads
C10234,2025-12-14,Jaipur,West Bengal,Meta Ads
C10235,2025-10-07,Ahmedabad,Karnataka,Email
C10236,2025-08-09,Delhi,Karnataka,Influencer
C10237,2025-03-14,Chennai,Haryana,Meta Ads
C10238,2025-08-22,Jaipur,Haryana,Organic
C10239,2025-09-17,Chennai,Rajasthan,Meta Ads
C10240,2025-04-23,Kolkata,Rajasthan,Meta Ads
C10241,2025-02-15,Gurgaon,Haryana,Google Ads
C10242,2025-10-01,Kolkata,Haryana,Influencer
C10243,2025-02-12,Delhi,Tamil Nadu,Meta Ads
C10244,2025-07-27,Delhi,Gujarat,Organic
C10245,2025-12-15,Ahmedabad,Tamil Nadu,Email
C10246,2025-04-13,Hyderabad,Tamil Nadu,Google Ads
C10247,2025-05-04,Bangalore,Rajasthan,Email
C10248,2025-01-10,Gurgaon,Delhi,Email
C10249,2025-11-25,Jaipur,Telangana,Organic
C10250,2025-07-06,Ahmedabad,Maharashtra,Google Ads
C10251,2025-01-31,Jaipur,Rajasthan,Organic
C10252,2025-06-05,Hyderabad,Karnataka,Email
C10253,2025-03-01,Ahmedabad,Maharashtra,Organic
C10254,2025-09-06,Pune,Gujarat,Meta Ads
C10255,2025-09-27,Chennai,Telangana,Influencer
C10256,2025-08-05,Bangalore,Maharashtra,Email
C10257,2025-01-02,Bangalore,Telangana,Google Ads
C10258,2025-01-24,Bangalore,West Bengal,Organic
C10259,2025-07-25,Kolkata,West Bengal,Google Ads
C10260,2025-11-16,Gurgaon,Delhi,Meta Ads
C10261,2025-07-18,Ahmedabad,Delhi,Google Ads
C10262,2025-12-22,Ahmedabad,Karnataka,Meta Ads
C10263,2025-04-24,Kolkata,Maharashtra,Organic
C10264,2025-10-07,Delhi,Karnataka,Organic
C10265,2025-06-04,Gurgaon,Telangana,Meta Ads
C10266,2025-06-14,Hyderabad,West Bengal,Meta Ads
C10267,2025-08-10,Hyderabad,Maharashtra,Meta Ads
C10268,2025-04-01,Bangalore,West Bengal,Influencer
C10269,2025-06-16,Ahmedabad,Haryana,Meta Ads
C10270,2025-07-26,Mumbai,Gujarat,Meta Ads
C10271,2025-10-09,Delhi,Gujarat,Email
C10272,2025-03-06,Jaipur,Haryana,Organic
C10273,2025-01-04,Bangalore,Gujarat,Organic
C10274,2025-06-06,Hyderabad,Rajasthan,Google Ads
C10275,2025-09-06,Hyderabad,West Bengal,Meta Ads
C10276,2025-09-14,Gurgaon,Tamil Nadu,Meta Ads
C10277,2025-08-23,Delhi,West Bengal,Organic
C10278,2025-11-02,Delhi,West Bengal,Google Ads
C10279,2025-03-15,Mumbai,Karnataka,Google Ads
C10280,2025-07-06,Hyderabad,Tamil Nadu,Organic
C10281,2025-03-03,Chennai,Tamil Nadu,Google Ads
C10282,2025-12-03,Gurgaon,Rajasthan,Meta Ads
C10283,2025-06-13,Ahmedabad,Delhi,Influencer
C10284,2025-02-25,Chennai,West Bengal,Google Ads
C10285,2025-04-21,Pune,Delhi,Email
C10286,2025-08-06,Gurgaon,Telangana,Influencer
C10287,2025-08-28,Jaipur,West Bengal,Meta Ads
C10288,2025-01-21,Ahmedabad,Tamil Nadu,Email
C10289,2025-05-21,Delhi,Tamil Nadu,Influencer
C10290,2025-09-22,Ahmedabad,Haryana,Email
C10291,2025-05-19,Gurgaon,West Bengal,Organic
C10292,2025-03-11,Hyderabad,Rajasthan,Email
C10293,2025-04-28,Pune,Tamil Nadu,Organic
C10294,2025-07-17,Delhi,West Bengal,Influencer
C10295,2025-07-24,Chennai,Rajasthan,Organic
C10296,2025-08-02,Kolkata,West Bengal,Email
C10297,2025-02-25,Pune,Tamil Nadu,Google Ads
C10298,2025-10-14,Mumbai,Karnataka,Organic
C10299,2025-10-20,Kolkata,Delhi,Email
C10300,2025-06-24,Jaipur,Rajasthan,Google Ads
C10301,2025-12-13,Chennai,West Bengal,Meta Ads
C10302,2025-05-08,Jaipur,Karnataka,Meta Ads
C10303,2025-11-21,Ahmedabad,Rajasthan,Email
C10304,2025-10-19,Hyderabad,Karnataka,Influencer
C10305,2025-10-15,Ahmedabad,Karnataka,Google Ads
C10306,2025-08-14,Hyderabad,West Bengal,Email
C10307,2025-03-05,Bangalore,Maharashtra,Meta Ads
C10308,2025-02-17,Bangalore,West Bengal,Meta Ads
C10309,2025-07-21,Jaipur,West Bengal,Organic
C10310,2025-12-03,Mumbai,Delhi,Google Ads
C10311,2025-03-01,Jaipur,Maharashtra,Google Ads
C10312,2025-09-14,Bangalore,Haryana,Organic
C10313,2025-03-06,Kolkata,Telangana,Meta Ads
C10314,2025-08-27,Kolkata,Karnataka,Influencer
C10315,2025-10-16,Mumbai,Gujarat,Google Ads
C10316,2025-02-07,Mumbai,West Bengal,Email
C10317,2025-01-25,Mumbai,Rajasthan,Influencer
C10318,2025-02-28,Jaipur,Karnataka,Organic
C10319,2025-12-23,Chennai,Delhi,Meta Ads
C10320,2025-10-24,Gurgaon,Rajasthan,Email
C10321,2025-06-07,Delhi,Rajasthan,Meta Ads
C10322,2025-02-26,Mumbai,Delhi,Meta Ads
C10323,2025-02-17,Delhi,Gujarat,Meta Ads
C10324,2025-11-24,Chennai,Delhi,Email
C10325,2025-02-25,Gurgaon,Tamil Nadu,Influencer
C10326,2025-03-06,Mumbai,Rajasthan,Email
C10327,2025-09-25,Mumbai,Karnataka,Organic
C10328,2025-03-10,Mumbai,Tamil Nadu,Meta Ads
C10329,2025-08-04,Kolkata,Karnataka,Email
C10330,2025-03-30,Chennai,Haryana,Google Ads
C10331,2025-10-08,Delhi,West Bengal,Google Ads
C10332,2025-09-14,Hyderabad,Telangana,Meta Ads
C10333,2025-06-09,Hyderabad,Telangana,Meta Ads
C10334,2025-08-22,Chennai,West Bengal,Influencer
C10335,2025-05-11,Mumbai,Haryana,Meta Ads
C10336,2025-02-18,Hyderabad,Delhi,Meta Ads
C10337,2025-05-27,Delhi,Maharashtra,Organic
C10338,2025-11-12,Hyderabad,Tamil Nadu,Meta Ads
C10339,2025-01-02,Delhi,Rajasthan,Meta Ads
C10340,2025-11-25,Mumbai,West Bengal,Email
C10341,2025-05-25,Mumbai,Telangana,Google Ads
C10342,2025-03-02,Jaipur,Maharashtra,Influencer
C10343,2025-09-30,Bangalore,Telangana,Google Ads
C10344,2025-02-18,Kolkata,Haryana,Meta Ads
C10345,2025-11-28,Gurgaon,Maharashtra,Organic
C10346,2025-05-11,Gurgaon,Delhi,Meta Ads
C10347,2025-02-12,Ahmedabad,Telangana,Meta Ads
C10348,2025-02-26,Kolkata,Tamil Nadu,Meta Ads
C10349,2025-02-19,Mumbai,Delhi,Meta Ads
C10350,2025-06-27,Gurgaon,Delhi,Google Ads
C10351,2025-10-20,Delhi,Rajasthan,Meta Ads
C10352,2025-02-15,Ahmedabad,Haryana,Meta Ads
C10353,2025-06-19,Hyderabad,Maharashtra,Email
C10354,2025-09-28,Hyderabad,Maharashtra,Meta Ads
C10355,2025-12-02,Ahmedabad,Telangana,Meta Ads
C10356,2025-05-19,Bangalore,Maharashtra,Organic
C10357,2025-09-04,Pune,Telangana,Email
C10358,2025-05-28,Delhi,Tamil Nadu,Meta Ads
C10359,2025-08-18,Gurgaon,West Bengal,Meta Ads
C10360,2025-10-07,Bangalore,Tamil Nadu,Google Ads
C10361,2025-05-05,Delhi,Telangana,Google Ads
C10362,2025-07-11,Jaipur,Karnataka,Meta Ads
C10363,2025-03-21,Gurgaon,Telangana,Meta Ads
C10364,2025-04-04,Jaipur,Haryana,Meta Ads
C10365,2025-08-14,Mumbai,Telangana,Meta Ads
C10366,2025-03-06,Kolkata,Karnataka,Meta Ads
C10367,2025-03-29,Mumbai,Delhi,Organic
C10368,2025-03-29,Hyderabad,Karnataka,Meta Ads
C10369,2025-07-20,Bangalore,Haryana,Google Ads
C10370,2025-08-02,Ahmedabad,Tamil Nadu,Google Ads
C10371,2025-07-23,Mumbai,Telangana,Meta Ads
C10372,2025-03-30,Bangalore,Delhi,Influencer
C10373,2025-03-02,Chennai,West Bengal,Email
C10374,2025-09-28,Hyderabad,Rajasthan,Meta Ads
C10375,2025-04-04,Gurgaon,Tamil Nadu,Meta Ads
C10376,2025-11-03,Bangalore,Tamil Nadu,Organic
C10377,2025-01-27,Delhi,Rajasthan,Meta Ads
C10378,2025-08-02,Gurgaon,Telangana,Email
C10379,2025-03-15,Hyderabad,Haryana,Meta Ads
C10380,2025-03-02,Mumbai,Haryana,Organic
C10381,2025-07-05,Chennai,Haryana,Meta Ads
C10382,2025-01-31,Jaipur,Gujarat,Google Ads
C10383,2025-08-07,Pune,Delhi,Meta Ads
C10384,2025-01-12,Gurgaon,Karnataka,Organic
C10385,2025-10-29,Gurgaon,Gujarat,Influencer
C10386,2025-02-01,Ahmedabad,Rajasthan,Email
C10387,2025-06-09,Mumbai,Maharashtra,Google Ads
C10388,2025-08-25,Gurgaon,Telangana,Organic
C10389,2025-08-15,Ahmedabad,Gujarat,Google Ads
C10390,2025-06-30,Hyderabad,Haryana,Organic
C10391,2025-11-13,Gurgaon,Delhi,Meta Ads
C10392,2025-02-15,Chennai,Tamil Nadu,Organic
C10393,2025-12-07,Delhi,Rajasthan,Influencer
C10394,2025-03-21,Pune,Rajasthan,Influencer
C10395,2025-05-15,Hyderabad,Delhi,Google Ads
C10396,2025-09-17,Jaipur,Telangana,Meta Ads
C10397,2025-11-04,Mumbai,Delhi,Influencer
C10398,2025-09-04,Mumbai,West Bengal,Email
C10399,2025-06-08,Mumbai,Karnataka,Google Ads
C10400,2025-07-22,Chennai,Maharashtra,Email
C10401,2025-04-22,Hyderabad,Gujarat,Email
C10402,2025-10-19,Gurgaon,Rajasthan,Google Ads
C10403,2025-11-06,Chennai,West Bengal,Organic
C10404,2025-04-29,Ahmedabad,Tamil Nadu,Organic
C10405,2025-01-17,Mumbai,Tamil Nadu,Organic
C10406,2025-11-27,Jaipur,Rajasthan,Meta Ads
C10407,2025-08-15,Ahmedabad,Haryana,Google Ads
C10408,2025-12-27,Pune,Haryana,Meta Ads
C10409,2025-04-27,Gurgaon,Maharashtra,Organic
C10410,2025-02-12,Gurgaon,Tamil Nadu,Email
C10411,2025-04-25,Bangalore,Tamil Nadu,Organic
C10412,2025-10-10,Jaipur,Tamil Nadu,Meta Ads
C10413,2025-02-06,Chennai,Telangana,Email
C10414,2025-10-29,Chennai,West Bengal,Meta Ads
C10415,2025-04-23,Kolkata,Rajasthan,Email
C10416,2025-02-04,Pune,Delhi,Organic
C10417,2025-05-12,Mumbai,Karnataka,Organic
C10418,2025-12-02,Bangalore,Rajasthan,Organic
C10419,2025-12-02,Ahmedabad,Haryana,Meta Ads
C10420,2025-08-16,Gurgaon,Tamil Nadu,Google Ads
C10421,2025-05-27,Kolkata,Gujarat,Meta Ads
C10422,2025-05-02,Kolkata,Rajasthan,Organic
C10423,2025-03-22,Pune,Gujarat,Google Ads
C10424,2025-06-22,Delhi,Karnataka,Organic
C10425,2025-06-03,Gurgaon,Delhi,Email
C10426,2025-05-30,Chennai,Haryana,Google Ads
C10427,2025-02-27,Ahmedabad,West Bengal,Organic
C10428,2025-03-04,Mumbai,Maharashtra,Influencer
C10429,2025-06-05,Mumbai,Delhi,Meta Ads
C10430,2025-12-22,Jaipur,Telangana,Influencer
C10431,2025-11-18,Delhi,Karnataka,Meta Ads
C10432,2025-06-17,Pune,Telangana,Organic
C10433,2025-06-15,Mumbai,Delhi,Email
C10434,2025-03-26,Bangalore,Maharashtra,Email
C10435,2025-05-17,Mumbai,Delhi,Google Ads
C10436,2025-07-08,Hyderabad,Karnataka,Meta Ads
C10437,2025-01-02,Bangalore,Telangana,Email
C10438,2025-04-16,Ahmedabad,Delhi,Email
C10439,2025-12-30,Jaipur,Tamil Nadu,Organic
C10440,2025-03-13,Mumbai,Maharashtra,Meta Ads
C10441,2025-05-06,Chennai,Haryana,Influencer
C10442,2025-06-19,Bangalore,Gujarat,Meta Ads
C10443,2025-07-24,Jaipur,Telangana,Email
C10444,2025-11-09,Kolkata,Haryana,Google Ads
C10445,2025-12-03,Hyderabad,Rajasthan,Organic
C10446,2025-07-14,Hyderabad,Maharashtra,Meta Ads
C10447,2025-06-07,Ahmedabad,Maharashtra,Google Ads
C10448,2025-05-21,Bangalore,Tamil Nadu,Influencer
C10449,2025-10-02,Chennai,Tamil Nadu,Google Ads
C10450,2025-01-07,Delhi,Karnataka,Influencer
C10451,2025-02-23,Chennai,Rajasthan,Organic
C10452,2025-04-14,Jaipur,Delhi,Meta Ads
C10453,2025-12-08,Mumbai,Karnataka,Organic
C10454,2025-12-04,Gurgaon,Gujarat,Organic
C10455,2025-03-02,Ahmedabad,Gujarat,Google Ads
C10456,2025-03-28,Gurgaon,Telangana,Google Ads
C10457,2025-09-15,Bangalore,Gujarat,Meta Ads
C10458,2025-06-27,Delhi,Gujarat,Google Ads
C10459,2025-08-30,Hyderabad,Delhi,Google Ads
C10460,2025-07-22,Hyderabad,Karnataka,Email
C10461,2025-01-31,Kolkata,Delhi,Organic
C10462,2025-10-16,Jaipur,Maharashtra,Google Ads
C10463,2025-03-21,Jaipur,Telangana,Influencer
C10464,2025-01-11,Chennai,Karnataka,Influencer
C10465,2025-09-11,Jaipur,Tamil Nadu,Google Ads
C10466,2025-10-14,Chennai,Haryana,Meta Ads
C10467,2025-06-25,Chennai,Haryana,Influencer
C10468,2025-05-06,Mumbai,West Bengal,Meta Ads
C10469,2025-02-16,Ahmedabad,West Bengal,Influencer
C10470,2025-07-25,Gurgaon,Rajasthan,Google Ads
C10471,2025-04-17,Mumbai,Gujarat,Organic
C10472,2025-10-02,Delhi,Karnataka,Influencer
C10473,2025-12-03,Delhi,Maharashtra,Meta Ads
C10474,2025-05-03,Delhi,Delhi,Google Ads
C10475,2025-05-14,Hyderabad,Tamil Nadu,Organic
C10476,2025-04-17,Hyderabad,Telangana,Influencer
C10477,2025-11-01,Ahmedabad,Karnataka,Organic
C10478,2025-11-25,Delhi,Maharashtra,Email
C10479,2025-02-19,Bangalore,Maharashtra,Meta Ads
C10480,2025-12-03,Bangalore,Telangana,Meta Ads
C10481,2025-04-05,Kolkata,Delhi,Organic
C10482,2025-09-25,Mumbai,Tamil Nadu,Google Ads
C10483,2025-01-23,Gurgaon,Haryana,Google Ads
C10484,2025-02-23,Hyderabad,Rajasthan,Organic
C10485,2025-09-11,Jaipur,Maharashtra,Email
C10486,2025-08-23,Gurgaon,Rajasthan,Meta Ads
C10487,2025-02-28,Pune,Rajasthan,Meta Ads
C10488,2025-06-13,Ahmedabad,Rajasthan,Influencer
C10489,2025-09-16,Ahmedabad,Telangana,Meta Ads
C10490,2025-11-10,Delhi,Haryana,Google Ads
C10491,2025-08-04,Bangalore,Gujarat,Influencer
C10492,2025-07-02,Delhi,Gujarat,Meta Ads
C10493,2025-02-26,Gurgaon,Delhi,Meta Ads
C10494,2025-05-25,Bangalore,Delhi,Google Ads
C10495,2025-03-31,Delhi,Tamil Nadu,Meta Ads
C10496,2025-11-07,Gurgaon,West Bengal,Organic
C10497,2025-02-14,Pune,Maharashtra,Meta Ads
C10498,2025-09-14,Kolkata,Maharashtra,Meta Ads
C10499,2025-01-21,Mumbai,Haryana,Organic
C10500,2025-01-21,Kolkata,Rajasthan,Email
C10501,2025-02-21,Pune,Haryana,Email
C10502,2025-12-04,Kolkata,Gujarat,Influencer
C10503,2025-06-20,Jaipur,Gujarat,Organic
C10504,2025-03-08,Hyderabad,Haryana,Meta Ads
C10505,2025-04-23,Hyderabad,Gujarat,Organic
C10506,2025-10-27,Jaipur,Gujarat,Google Ads
C10507,2025-06-09,Hyderabad,Haryana,Influencer
C10508,2025-09-23,Gurgaon,Haryana,Meta Ads
C10509,2025-11-16,Hyderabad,Telangana,Organic
C10510,2025-08-20,Ahmedabad,Delhi,Google Ads
C10511,2025-11-21,Ahmedabad,Rajasthan,Meta Ads
C10512,2025-03-09,Bangalore,Maharashtra,Organic
C10513,2025-01-28,Chennai,Delhi,Organic
C10514,2025-04-26,Pune,Tamil Nadu,Meta Ads
C10515,2025-02-20,Ahmedabad,Haryana,Email
C10516,2025-06-30,Mumbai,Delhi,Google Ads
C10517,2025-09-17,Bangalore,West Bengal,Email
C10518,2025-03-20,Jaipur,West Bengal,Organic
C10519,2025-09-30,Pune,Karnataka,Organic
C10520,2025-04-18,Pune,Gujarat,Email
C10521,2025-03-15,Jaipur,Tamil Nadu,Influencer
C10522,2025-06-24,Chennai,Telangana,Meta Ads
C10523,2025-07-03,Kolkata,Karnataka,Meta Ads
C10524,2025-01-23,Kolkata,Delhi,Google Ads
C10525,2025-10-01,Delhi,Maharashtra,Google Ads
C10526,2025-05-09,Delhi,Maharashtra,Organic
C10527,2025-10-18,Bangalore,Haryana,Organic
C10528,2025-11-16,Delhi,Telangana,Google Ads
C10529,2025-07-05,Delhi,Maharashtra,Organic
C10530,2025-02-28,Jaipur,Rajasthan,Organic
C10531,2025-01-01,Kolkata,West Bengal,Google Ads
C10532,2025-05-11,Delhi,Gujarat,Organic
C10533,2025-03-08,Ahmedabad,Gujarat,Google Ads
C10534,2025-10-20,Mumbai,Maharashtra,Organic
C10535,2025-10-12,Ahmedabad,Haryana,Email
C10536,2025-03-30,Chennai,Karnataka,Google Ads
C10537,2025-04-10,Ahmedabad,Rajasthan,Influencer
C10538,2025-07-08,Bangalore,Rajasthan,Google Ads
C10539,2025-12-12,Delhi,Tamil Nadu,Google Ads
C10540,2025-08-29,Delhi,Telangana,Email
C10541,2025-09-27,Jaipur,Gujarat,Organic
C10542,2025-08-07,Gurgaon,Haryana,Email
C10543,2025-06-25,Chennai,Karnataka,Email
C10544,2025-12-07,Ahmedabad,Gujarat,Meta Ads
C10545,2025-08-21,Gurgaon,Tamil Nadu,Email
C10546,2025-05-31,Pune,Haryana,Meta Ads
C10547,2025-10-04,Mumbai,Delhi,Meta Ads
C10548,2025-08-17,Mumbai,Karnataka,Influencer
C10549,2025-06-20,Kolkata,West Bengal,Google Ads
C10550,2025-08-11,Delhi,Karnataka,Email
C10551,2025-08-01,Kolkata,Delhi,Organic
C10552,2025-10-09,Jaipur,Gujarat,Google Ads
C10553,2025-02-10,Chennai,West Bengal,Meta Ads
C10554,2025-05-02,Chennai,Haryana,Google Ads
C10555,2025-08-15,Pune,Haryana,Meta Ads
C10556,2025-10-21,Bangalore,Tamil Nadu,Meta Ads
C10557,2025-03-29,Chennai,West Bengal,Organic
C10558,2025-09-24,Chennai,Karnataka,Email
C10559,2025-01-29,Chennai,Telangana,Google Ads
C10560,2025-09-04,Mumbai,Delhi,Meta Ads
C10561,2025-11-12,Bangalore,West Bengal,Meta Ads
C10562,2025-09-01,Bangalore,Maharashtra,Meta Ads
C10563,2025-03-02,Hyderabad,West Bengal,Meta Ads
C10564,2025-05-27,Ahmedabad,Tamil Nadu,Google Ads
C10565,2025-06-23,Jaipur,Telangana,Organic
C10566,2025-10-05,Delhi,Maharashtra,Meta Ads
C10567,2025-11-30,Chennai,West Bengal,Meta Ads
C10568,2025-05-22,Chennai,West Bengal,Email
C10569,2025-02-13,Hyderabad,Haryana,Influencer
C10570,2025-05-24,Delhi,Rajasthan,Meta Ads
C10571,2025-12-19,Bangalore,Karnataka,Organic
C10572,2025-11-29,Pune,Rajasthan,Organic
C10573,2025-02-24,Mumbai,Haryana,Influencer
C10574,2025-11-03,Chennai,Maharashtra,Influencer
C10575,2025-12-24,Jaipur,Rajasthan,Google Ads
C10576,2025-06-10,Jaipur,Delhi,Organic
C10577,2025-10-12,Chennai,Delhi,Influencer
C10578,2025-11-21,Jaipur,West Bengal,Organic
C10579,2025-07-17,Pune,Karnataka,Email
C10580,2025-06-08,Jaipur,Gujarat,Google Ads
C10581,2025-03-21,Gurgaon,West Bengal,Influencer
C10582,2025-01-31,Delhi,West Bengal,Email
C10583,2025-04-22,Hyderabad,Delhi,Organic
C10584,2025-02-15,Hyderabad,Delhi,Meta Ads
C10585,2025-12-19,Kolkata,Maharashtra,Influencer
C10586,2025-07-24,Mumbai,Maharashtra,Influencer
C10587,2025-02-21,Delhi,Haryana,Google Ads
C10588,2025-05-18,Chennai,Rajasthan,Meta Ads
C10589,2025-03-15,Gurgaon,West Bengal,Email
C10590,2025-02-10,Pune,Maharashtra,Organic
C10591,2025-03-18,Kolkata,Haryana,Google Ads
C10592,2025-07-06,Mumbai,Haryana,Email
C10593,2025-02-21,Mumbai,Gujarat,Google Ads
C10594,2025-03-28,Ahmedabad,Rajasthan,Influencer
C10595,2025-04-19,Delhi,Gujarat,Organic
C10596,2025-08-13,Gurgaon,Maharashtra,Email
C10597,2025-09-05,Bangalore,Telangana,Google Ads
C10598,2025-03-10,Pune,Maharashtra,Email
C10599,2025-04-30,Kolkata,Tamil Nadu,Organic
C10600,2025-03-08,Chennai,Telangana,Google Ads
C10601,2025-03-02,Hyderabad,West Bengal,Google Ads
C10602,2025-11-23,Kolkata,Maharashtra,Organic
C10603,2025-07-10,Jaipur,Rajasthan,Organic
C10604,2025-07-08,Mumbai,Haryana,Email
C10605,2025-05-31,Chennai,Delhi,Organic
C10606,2025-10-13,Pune,Karnataka,Influencer
C10607,2025-04-06,Gurgaon,Telangana,Influencer
C10608,2025-11-08,Bangalore,Karnataka,Meta Ads
C10609,2025-11-05,Jaipur,Tamil Nadu,Meta Ads
C10610,2025-09-20,Chennai,Tamil Nadu,Meta Ads
C10611,2025-04-07,Chennai,West Bengal,Meta Ads
C10612,2025-04-23,Mumbai,Rajasthan,Google Ads
C10613,2025-05-05,Delhi,Rajasthan,Organic
C10614,2025-05-12,Jaipur,West Bengal,Organic
C10615,2025-05-01,Mumbai,Delhi,Organic
C10616,2025-07-16,Kolkata,Karnataka,Google Ads
C10617,2025-10-21,Jaipur,Haryana,Meta Ads
C10618,2025-05-02,Bangalore,Tamil Nadu,Meta Ads
C10619,2025-10-09,Hyderabad,Tamil Nadu,Organic
C10620,2025-09-17,Kolkata,Haryana,Meta Ads
C10621,2025-02-08,Bangalore,Tamil Nadu,Google Ads
C10622,2025-02-23,Gurgaon,Rajasthan,Meta Ads
C10623,2025-06-10,Mumbai,Delhi,Organic
C10624,2025-10-16,Bangalore,Delhi,Organic
C10625,2025-07-19,Delhi,Rajasthan,Google Ads
C10626,2025-10-03,Ahmedabad,Gujarat,Meta Ads
C10627,2025-01-16,Hyderabad,Rajasthan,Meta Ads
C10628,2025-06-22,Gurgaon,West Bengal,Google Ads
C10629,2025-09-05,Chennai,Tamil Nadu,Email
C10630,2025-08-06,Mumbai,Rajasthan,Meta Ads
C10631,2025-03-28,Kolkata,Maharashtra,Meta Ads
C10632,2025-03-23,Ahmedabad,Telangana,Meta Ads
C10633,2025-03-03,Jaipur,Maharashtra,Organic
C10634,2025-10-14,Mumbai,Tamil Nadu,Email
C10635,2025-02-11,Pune,Delhi,Meta Ads
C10636,2025-01-12,Mumbai,West Bengal,Influencer
C10637,2025-11-17,Pune,West Bengal,Google Ads
C10638,2025-08-22,Chennai,West Bengal,Influencer
C10639,2025-11-25,Gurgaon,Telangana,Google Ads
C10640,2025-05-11,Hyderabad,Gujarat,Meta Ads
C10641,2025-04-25,Mumbai,Haryana,Organic
C10642,2025-08-06,Chennai,Maharashtra,Influencer
C10643,2025-05-17,Jaipur,Haryana,Email
C10644,2025-04-16,Ahmedabad,Rajasthan,Organic
C10645,2025-06-28,Delhi,Delhi,Meta Ads
C10646,2025-01-16,Bangalore,Maharashtra,Google Ads
C10647,2025-08-30,Chennai,Gujarat,Influencer
C10648,2025-11-30,Ahmedabad,Haryana,Google Ads
C10649,2025-08-14,Pune,Rajasthan,Organic
C10650,2025-08-30,Chennai,Tamil Nadu,Meta Ads
C10651,2025-05-21,Jaipur,Gujarat,Meta Ads
C10652,2025-07-18,Chennai,Delhi,Organic
C10653,2025-04-22,Hyderabad,Rajasthan,Meta Ads
C10654,2025-05-07,Pune,Rajasthan,Google Ads
C10655,2025-01-21,Mumbai,Karnataka,Organic
C10656,2025-05-27,Kolkata,Delhi,Meta Ads
C10657,2025-03-30,Delhi,Gujarat,Influencer
C10658,2025-10-30,Mumbai,Gujarat,Meta Ads
C10659,2025-07-22,Bangalore,Rajasthan,Organic
C10660,2025-03-26,Chennai,Tamil Nadu,Meta Ads
C10661,2025-06-16,Gurgaon,Rajasthan,Meta Ads
C10662,2025-03-13,Chennai,Rajasthan,Influencer
C10663,2025-10-25,Pune,Telangana,Organic
C10664,2025-01-09,Hyderabad,Haryana,Meta Ads
C10665,2025-10-08,Chennai,Tamil Nadu,Meta Ads
C10666,2025-09-15,Bangalore,Tamil Nadu,Email
C10667,2025-10-02,Jaipur,Maharashtra,Google Ads
C10668,2025-08-26,Chennai,Telangana,Google Ads
C10669,2025-01-20,Mumbai,Rajasthan,Meta Ads
C10670,2025-08-21,Kolkata,West Bengal,Email
C10671,2025-08-09,Gurgaon,Rajasthan,Meta Ads
C10672,2025-11-22,Bangalore,Tamil Nadu,Google Ads
C10673,2025-01-17,Bangalore,West Bengal,Google Ads
C10674,2025-03-30,Pune,Rajasthan,Influencer
C10675,2025-07-15,Bangalore,Telangana,Google Ads
C10676,2025-12-16,Gurgaon,Rajasthan,Organic
C10677,2025-03-25,Mumbai,Karnataka,Google Ads
C10678,2025-03-28,Kolkata,Gujarat,Google Ads
C10679,2025-11-03,Ahmedabad,Karnataka,Email
C10680,2025-12-04,Chennai,Karnataka,Influencer
C10681,2025-06-03,Bangalore,Karnataka,Meta Ads
C10682,2025-08-16,Jaipur,Rajasthan,Organic
C10683,2025-09-21,Hyderabad,Karnataka,Influencer
C10684,2025-08-11,Jaipur,Tamil Nadu,Organic
C10685,2025-05-01,Mumbai,Telangana,Google Ads
C10686,2025-06-22,Ahmedabad,Maharashtra,Meta Ads
C10687,2025-01-04,Pune,Karnataka,Meta Ads
C10688,2025-12-08,Mumbai,Haryana,Meta Ads
C10689,2025-05-08,Jaipur,Telangana,Google Ads
C10690,2025-04-20,Gurgaon,Haryana,Email
C10691,2025-12-21,Chennai,Delhi,Influencer
C10692,2025-02-06,Mumbai,Telangana,Meta Ads
C10693,2025-03-12,Delhi,Karnataka,Organic
C10694,2025-10-16,Chennai,Maharashtra,Influencer
C10695,2025-01-31,Delhi,West Bengal,Google Ads
C10696,2025-09-25,Bangalore,Rajasthan,Google Ads
C10697,2025-01-11,Hyderabad,Delhi,Organic
C10698,2025-12-10,Mumbai,West Bengal,Google Ads
C10699,2025-11-24,Chennai,Delhi,Meta Ads
C10700,2025-02-01,Pune,Haryana,Google Ads
C10701,2025-02-26,Delhi,Delhi,Organic
C10702,2025-06-15,Kolkata,Karnataka,Organic
C10703,2025-07-07,Jaipur,Gujarat,Organic
C10704,2025-12-08,Chennai,Telangana,Influencer
C10705,2025-01-19,Hyderabad,Delhi,Meta Ads
C10706,2025-04-26,Mumbai,Delhi,Google Ads
C10707,2025-07-03,Chennai,Gujarat,Influencer
C10708,2025-09-27,Mumbai,Gujarat,Organic
C10709,2025-02-02,Gurgaon,Telangana,Email
C10710,2025-01-10,Delhi,Telangana,Organic
C10711,2025-03-21,Chennai,Maharashtra,Organic
C10712,2025-07-11,Chennai,Maharashtra,Organic
C10713,2025-11-16,Hyderabad,Tamil Nadu,Meta Ads
C10714,2025-07-09,Hyderabad,Gujarat,Influencer
C10715,2025-03-09,Jaipur,West Bengal,Meta Ads
C10716,2025-12-14,Pune,West Bengal,Google Ads
C10717,2025-05-05,Mumbai,Karnataka,Meta Ads
C10718,2025-12-02,Ahmedabad,Maharashtra,Influencer
C10719,2025-02-28,Jaipur,West Bengal,Email
C10720,2025-04-07,Hyderabad,Telangana,Meta Ads
C10721,2025-10-02,Ahmedabad,Delhi,Organic
C10722,2025-05-29,Bangalore,Delhi,Email
C10723,2025-10-05,Ahmedabad,Telangana,Organic
C10724,2025-09-22,Delhi,Haryana,Influencer
C10725,2025-01-09,Chennai,Haryana,Meta Ads
C10726,2025-10-10,Hyderabad,Delhi,Meta Ads
C10727,2025-09-30,Chennai,Karnataka,Google Ads
C10728,2025-10-28,Jaipur,Tamil Nadu,Email
C10729,2025-01-08,Gurgaon,West Bengal,Influencer
C10730,2025-07-27,Hyderabad,Delhi,Email
C10731,2025-05-05,Hyderabad,Gujarat,Google Ads
C10732,2025-05-03,Kolkata,Telangana,Organic
C10733,2025-02-02,Chennai,Rajasthan,Organic
C10734,2025-01-01,Hyderabad,Tamil Nadu,Organic
C10735,2025-07-23,Gurgaon,Delhi,Influencer
C10736,2025-01-06,Gurgaon,Maharashtra,Meta Ads
C10737,2025-10-24,Delhi,Karnataka,Meta Ads
C10738,2025-01-05,Mumbai,Maharashtra,Google Ads
C10739,2025-03-21,Hyderabad,West Bengal,Meta Ads
C10740,2025-10-01,Gurgaon,Delhi,Meta Ads
C10741,2025-06-26,Gurgaon,Rajasthan,Google Ads
C10742,2025-12-04,Delhi,Maharashtra,Meta Ads
C10743,2025-11-17,Kolkata,Telangana,Influencer
C10744,2025-12-05,Mumbai,Gujarat,Organic
C10745,2025-05-16,Pune,Karnataka,Google Ads
C10746,2025-01-25,Hyderabad,Rajasthan,Meta Ads
C10747,2025-11-21,Pune,West Bengal,Organic
C10748,2025-07-02,Pune,Karnataka,Google Ads
C10749,2025-06-17,Jaipur,Karnataka,Meta Ads
C10750,2025-12-04,Kolkata,Haryana,Organic
C10751,2025-06-27,Jaipur,Haryana,Google Ads
C10752,2025-04-05,Chennai,Haryana,Meta Ads
C10753,2025-02-02,Ahmedabad,Rajasthan,Meta Ads
C10754,2025-04-21,Delhi,Rajasthan,Google Ads
C10755,2025-05-26,Gurgaon,Tamil Nadu,Influencer
C10756,2025-08-19,Gurgaon,West Bengal,Google Ads
C10757,2025-09-29,Mumbai,Gujarat,Influencer
C10758,2025-12-02,Kolkata,Rajasthan,Google Ads
C10759,2025-02-07,Gurgaon,Tamil Nadu,Influencer
C10760,2025-05-15,Jaipur,Gujarat,Email
C10761,2025-11-30,Ahmedabad,Maharashtra,Meta Ads
C10762,2025-08-23,Jaipur,Gujarat,Meta Ads
C10763,2025-11-15,Pune,Maharashtra,Meta Ads
C10764,2025-12-11,Chennai,Gujarat,Meta Ads
C10765,2025-06-09,Gurgaon,Maharashtra,Google Ads
C10766,2025-02-07,Pune,Karnataka,Influencer
C10767,2025-05-30,Gurgaon,West Bengal,Email
C10768,2025-11-04,Hyderabad,Rajasthan,Google Ads
C10769,2025-01-29,Bangalore,Karnataka,Organic
C10770,2025-05-24,Delhi,Haryana,Organic
C10771,2025-03-17,Delhi,Rajasthan,Google Ads
C10772,2025-05-25,Gurgaon,West Bengal,Organic
C10773,2025-08-17,Ahmedabad,Maharashtra,Organic
C10774,2025-03-05,Kolkata,Haryana,Influencer
C10775,2025-12-13,Mumbai,Haryana,Meta Ads
C10776,2025-12-11,Ahmedabad,Rajasthan,Google Ads
C10777,2025-09-26,Kolkata,Maharashtra,Organic
C10778,2025-11-24,Ahmedabad,Delhi,Meta Ads
C10779,2025-07-03,Hyderabad,Telangana,Influencer
C10780,2025-09-18,Ahmedabad,Telangana,Meta Ads
C10781,2025-09-25,Mumbai,Delhi,Google Ads
C10782,2025-06-18,Delhi,West Bengal,Meta Ads
C10783,2025-09-16,Ahmedabad,Maharashtra,Meta Ads
C10784,2025-08-15,Jaipur,Rajasthan,Meta Ads
C10785,2025-02-02,Kolkata,West Bengal,Email
C10786,2025-08-02,Chennai,West Bengal,Meta Ads
C10787,2025-02-19,Kolkata,Delhi,Meta Ads
C10788,2025-07-29,Delhi,Rajasthan,Organic
C10789,2025-01-29,Ahmedabad,Rajasthan,Google Ads
C10790,2025-02-08,Jaipur,Maharashtra,Meta Ads
C10791,2025-12-13,Ahmedabad,Rajasthan,Google Ads
C10792,2025-04-10,Ahmedabad,Maharashtra,Meta Ads
C10793,2025-06-22,Gurgaon,Maharashtra,Google Ads
C10794,2025-01-17,Hyderabad,Gujarat,Organic
C10795,2025-02-25,Mumbai,Karnataka,Meta Ads
C10796,2025-08-14,Hyderabad,Karnataka,Email
C10797,2025-02-15,Chennai,West Bengal,Meta Ads
C10798,2025-03-08,Delhi,Tamil Nadu,Influencer
C10799,2025-07-16,Ahmedabad,West Bengal,Organic
C10800,2025-05-22,Bangalore,Tamil Nadu,Meta Ads
C10801,2025-11-19,Hyderabad,Rajasthan,Meta Ads
C10802,2025-01-23,Pune,Maharashtra,Influencer
C10803,2025-04-04,Bangalore,Gujarat,Organic
C10804,2025-08-30,Hyderabad,Tamil Nadu,Meta Ads
C10805,2025-08-25,Pune,Telangana,Meta Ads
C10806,2025-02-23,Delhi,Tamil Nadu,Email
C10807,2025-05-18,Ahmedabad,Tamil Nadu,Google Ads
C10808,2025-11-29,Jaipur,Karnataka,Meta Ads
C10809,2025-09-29,Jaipur,Gujarat,Email
C10810,2025-02-10,Hyderabad,Haryana,Google Ads
C10811,2025-04-08,Ahmedabad,Telangana,Google Ads
C10812,2025-07-02,Hyderabad,Maharashtra,Organic
C10813,2025-05-08,Delhi,Delhi,Influencer
C10814,2025-08-17,Pune,West Bengal,Meta Ads
C10815,2025-11-13,Ahmedabad,Karnataka,Email
C10816,2025-03-27,Bangalore,Karnataka,Email
C10817,2025-09-13,Pune,Karnataka,Meta Ads
C10818,2025-07-28,Bangalore,Karnataka,Google Ads
C10819,2025-08-03,Bangalore,Maharashtra,Influencer
C10820,2025-04-10,Delhi,Tamil Nadu,Google Ads
C10821,2025-02-18,Mumbai,Karnataka,Google Ads
C10822,2025-07-20,Mumbai,Delhi,Organic
C10823,2025-09-15,Ahmedabad,Rajasthan,Influencer
C10824,2025-06-27,Chennai,Tamil Nadu,Organic
C10825,2025-09-02,Kolkata,Tamil Nadu,Organic
C10826,2025-05-03,Mumbai,Rajasthan,Google Ads
C10827,2025-12-08,Ahmedabad,Maharashtra,Organic
C10828,2025-06-20,Bangalore,Rajasthan,Meta Ads
C10829,2025-11-29,Jaipur,Karnataka,Google Ads
C10830,2025-05-16,Mumbai,Karnataka,Meta Ads
C10831,2025-02-28,Delhi,Karnataka,Organic
C10832,2025-07-12,Ahmedabad,Delhi,Meta Ads
C10833,2025-09-25,Kolkata,West Bengal,Google Ads
C10834,2025-09-17,Hyderabad,West Bengal,Influencer
C10835,2025-04-05,Chennai,Maharashtra,Google Ads
C10836,2025-05-05,Bangalore,Tamil Nadu,Meta Ads
C10837,2025-02-10,Bangalore,Telangana,Meta Ads
C10838,2025-09-11,Hyderabad,West Bengal,Email
C10839,2025-01-07,Mumbai,West Bengal,Influencer
C10840,2025-08-04,Jaipur,Telangana,Meta Ads
C10841,2025-03-10,Hyderabad,Karnataka,Email
C10842,2025-03-10,Jaipur,West Bengal,Meta Ads
C10843,2025-03-22,Bangalore,Rajasthan,Organic
C10844,2025-01-30,Kolkata,Telangana,Organic
C10845,2025-03-14,Mumbai,Tamil Nadu,Meta Ads
C10846,2025-09-19,Ahmedabad,West Bengal,Meta Ads
C10847,2025-03-30,Bangalore,Karnataka,Influencer
C10848,2025-07-27,Hyderabad,Haryana,Google Ads
C10849,2025-08-01,Jaipur,Delhi,Google Ads
C10850,2025-11-18,Jaipur,Tamil Nadu,Organic
C10851,2025-09-23,Bangalore,Haryana,Meta Ads
C10852,2025-10-20,Bangalore,West Bengal,Influencer
C10853,2025-07-26,Kolkata,Rajasthan,Meta Ads
C10854,2025-11-29,Kolkata,Telangana,Meta Ads
C10855,2025-03-18,Gurgaon,Rajasthan,Influencer
C10856,2025-10-15,Hyderabad,Tamil Nadu,Email
C10857,2025-02-16,Delhi,Haryana,Influencer
C10858,2025-04-20,Hyderabad,Maharashtra,Meta Ads
C10859,2025-07-19,Kolkata,Delhi,Email
C10860,2025-07-29,Gurgaon,Gujarat,Google Ads
C10861,2025-06-03,Mumbai,Tamil Nadu,Google Ads
C10862,2025-01-10,Bangalore,West Bengal,Influencer
C10863,2025-12-19,Chennai,Tamil Nadu,Meta Ads
C10864,2025-06-06,Hyderabad,West Bengal,Organic
C10865,2025-09-18,Hyderabad,Rajasthan,Email
C10866,2025-03-18,Pune,Haryana,Meta Ads
C10867,2025-09-14,Kolkata,Delhi,Organic
C10868,2025-05-11,Chennai,Delhi,Meta Ads
C10869,2025-03-08,Ahmedabad,Rajasthan,Email
C10870,2025-08-16,Pune,Haryana,Organic
C10871,2025-06-12,Delhi,Maharashtra,Meta Ads
C10872,2025-01-15,Hyderabad,Karnataka,Google Ads
C10873,2025-08-20,Gurgaon,Delhi,Google Ads
C10874,2025-07-14,Gurgaon,Tamil Nadu,Organic
C10875,2025-12-15,Ahmedabad,Tamil Nadu,Google Ads
C10876,2025-01-30,Jaipur,Karnataka,Meta Ads
C10877,2025-12-25,Pune,Karnataka,Organic
C10878,2025-12-04,Pune,West Bengal,Meta Ads
C10879,2025-11-27,Gurgaon,Delhi,Influencer
C10880,2025-11-12,Gurgaon,Haryana,Google Ads
C10881,2025-10-23,Bangalore,Karnataka,Organic
C10882,2025-11-26,Gurgaon,Haryana,Google Ads
C10883,2025-08-08,Kolkata,Telangana,Organic
C10884,2025-05-27,Gurgaon,Tamil Nadu,Email
C10885,2025-09-16,Pune,Rajasthan,Organic
C10886,2025-10-19,Bangalore,Maharashtra,Organic
C10887,2025-10-26,Delhi,Gujarat,Influencer
C10888,2025-05-23,Pune,Maharashtra,Google Ads
C10889,2025-08-23,Gurgaon,Telangana,Meta Ads
C10890,2025-04-25,Gurgaon,Rajasthan,Influencer
C10891,2025-12-31,Gurgaon,Telangana,Organic
C10892,2025-03-31,Bangalore,West Bengal,Google Ads
C10893,2025-07-27,Hyderabad,Haryana,Meta Ads
C10894,2025-06-13,Bangalore,Maharashtra,Google Ads
C10895,2025-03-25,Mumbai,Gujarat,Meta Ads
C10896,2025-03-18,Kolkata,Maharashtra,Influencer
C10897,2025-06-10,Chennai,Karnataka,Influencer
C10898,2025-01-05,Kolkata,West Bengal,Google Ads
C10899,2025-03-19,Gurgaon,Haryana,Meta Ads
C10900,2025-04-01,Chennai,Karnataka,Meta Ads
C10901,2025-03-28,Delhi,Maharashtra,Meta Ads
C10902,2025-09-27,Jaipur,Tamil Nadu,Meta Ads
C10903,2025-04-14,Pune,Delhi,Influencer
C10904,2025-12-05,Hyderabad,Gujarat,Google Ads
C10905,2025-06-24,Jaipur,Haryana,Google Ads
C10906,2025-02-23,Bangalore,Haryana,Meta Ads
C10907,2025-07-30,Mumbai,Maharashtra,Influencer
C10908,2025-04-05,Ahmedabad,West Bengal,Influencer
C10909,2025-08-11,Kolkata,Haryana,Google Ads
C10910,2025-01-09,Jaipur,Gujarat,Meta Ads
C10911,2025-02-22,Mumbai,Haryana,Email
C10912,2025-03-18,Gurgaon,Rajasthan,Google Ads
C10913,2025-07-25,Bangalore,Haryana,Influencer
C10914,2025-11-12,Bangalore,Karnataka,Google Ads
C10915,2025-10-29,Pune,Maharashtra,Influencer
C10916,2025-11-06,Chennai,Haryana,Google Ads
C10917,2025-11-26,Chennai,Haryana,Email
C10918,2025-04-22,Jaipur,Tamil Nadu,Influencer
C10919,2025-12-17,Delhi,Maharashtra,Meta Ads
C10920,2025-06-14,Chennai,Haryana,Google Ads
C10921,2025-10-06,Chennai,Delhi,Meta Ads
C10922,2025-01-27,Gurgaon,Karnataka,Email
C10923,2025-03-11,Gurgaon,Karnataka,Meta Ads
C10924,2025-08-06,Mumbai,Karnataka,Meta Ads
C10925,2025-12-31,Bangalore,Karnataka,Google Ads
C10926,2025-07-08,Bangalore,Gujarat,Organic
C10927,2025-11-29,Bangalore,Delhi,Meta Ads
C10928,2025-11-02,Mumbai,Tamil Nadu,Organic
C10929,2025-05-04,Ahmedabad,Tamil Nadu,Email
C10930,2025-01-19,Gurgaon,Delhi,Organic
C10931,2025-09-14,Mumbai,Delhi,Google Ads
C10932,2025-10-23,Bangalore,Karnataka,Meta Ads
C10933,2025-01-22,Jaipur,Gujarat,Meta Ads
C10934,2025-02-09,Gurgaon,Tamil Nadu,Google Ads
C10935,2025-02-07,Hyderabad,Telangana,Google Ads
C10936,2025-02-17,Chennai,Haryana,Organic
C10937,2025-07-02,Gurgaon,Karnataka,Google Ads
C10938,2025-03-16,Gurgaon,Tamil Nadu,Google Ads
C10939,2025-07-28,Bangalore,Tamil Nadu,Organic
C10940,2025-07-02,Kolkata,Tamil Nadu,Meta Ads
C10941,2025-04-17,Ahmedabad,Rajasthan,Influencer
C10942,2025-07-07,Gurgaon,Gujarat,Meta Ads
C10943,2025-09-21,Mumbai,Tamil Nadu,Google Ads
C10944,2025-03-27,Delhi,Maharashtra,Meta Ads
C10945,2025-11-20,Bangalore,Telangana,Organic
C10946,2025-11-27,Bangalore,Tamil Nadu,Google Ads
C10947,2025-05-17,Kolkata,Rajasthan,Google Ads
C10948,2025-12-12,Pune,Maharashtra,Google Ads
C10949,2025-12-02,Delhi,Tamil Nadu,Google Ads
C10950,2025-04-05,Hyderabad,West Bengal,Influencer
C10951,2025-11-22,Chennai,Gujarat,Meta Ads
C10952,2025-09-02,Pune,Rajasthan,Influencer
C10953,2025-03-31,Jaipur,Haryana,Organic
C10954,2025-02-28,Gurgaon,Rajasthan,Google Ads
C10955,2025-01-28,Jaipur,Rajasthan,Email
C10956,2025-03-13,Hyderabad,West Bengal,Meta Ads
C10957,2025-09-27,Mumbai,Maharashtra,Google Ads
C10958,2025-01-24,Ahmedabad,Gujarat,Google Ads
C10959,2025-04-22,Mumbai,Haryana,Organic
C10960,2025-10-27,Mumbai,Gujarat,Email
C10961,2025-02-25,Mumbai,Maharashtra,Organic
C10962,2025-08-11,Delhi,West Bengal,Influencer
C10963,2025-04-30,Bangalore,Haryana,Email
C10964,2025-06-28,Gurgaon,Telangana,Google Ads
C10965,2025-10-15,Chennai,Tamil Nadu,Google Ads
C10966,2025-10-08,Delhi,Haryana,Meta Ads
C10967,2025-07-08,Pune,Tamil Nadu,Organic
C10968,2025-03-07,Pune,Rajasthan,Meta Ads
C10969,2025-10-25,Delhi,Delhi,Organic
C10970,2025-09-06,Hyderabad,Delhi,Email
C10971,2025-03-17,Jaipur,Tamil Nadu,Influencer
C10972,2025-05-17,Delhi,Maharashtra,Organic
C10973,2025-06-13,Delhi,Gujarat,Influencer
C10974,2025-08-21,Chennai,West Bengal,Organic
C10975,2025-09-12,Chennai,Tamil Nadu,Organic
C10976,2025-10-21,Bangalore,Telangana,Organic
C10977,2025-06-19,Chennai,Rajasthan,Meta Ads
C10978,2025-11-13,Bangalore,West Bengal,Google Ads
C10979,2025-06-23,Mumbai,West Bengal,Organic
C10980,2025-12-11,Jaipur,Haryana,Google Ads
C10981,2025-01-18,Hyderabad,Delhi,Influencer
C10982,2025-03-11,Jaipur,Maharashtra,Meta Ads
C10983,2025-12-04,Bangalore,Gujarat,Influencer
C10984,2025-04-26,Chennai,Haryana,Influencer
C10985,2025-03-21,Delhi,Maharashtra,Email
C10986,2025-01-15,Gurgaon,Haryana,Google Ads
C10987,2025-06-25,Mumbai,Gujarat,Meta Ads
C10988,2025-09-26,Kolkata,Telangana,Influencer
C10989,2025-04-29,Pune,Karnataka,Organic
C10990,2025-10-26,Bangalore,Haryana,Organic
C10991,2025-07-07,Jaipur,West Bengal,Email
C10992,2025-02-26,Chennai,Maharashtra,Meta Ads
C10993,2025-07-18,Mumbai,Delhi,Google Ads
C10994,2025-01-17,Pune,Haryana,Meta Ads
C10995,2025-10-15,Kolkata,West Bengal,Influencer
C10996,2025-02-24,Delhi,Gujarat,Meta Ads
C10997,2025-09-26,Delhi,Gujarat,Meta Ads
C10998,2025-10-30,Bangalore,Rajasthan,Meta Ads
C10999,2025-03-28,Bangalore,Delhi,Influencer
C11000,2025-11-14,Chennai,West Bengal,Organic
C11001,2025-01-29,Gurgaon,Gujarat,Google Ads
C11002,2025-01-22,Chennai,Tamil Nadu,Meta Ads
C11003,2025-11-17,Hyderabad,Telangana,Google Ads
C11004,2025-10-12,Mumbai,West Bengal,Influencer
C11005,2025-02-17,Mumbai,Karnataka,Google Ads
C11006,2025-01-05,Jaipur,Maharashtra,Google Ads
C11007,2025-09-07,Delhi,Tamil Nadu,Organic
C11008,2025-06-12,Ahmedabad,Maharashtra,Email
C11009,2025-07-21,Chennai,Tamil Nadu,Meta Ads
C11010,2025-04-11,Jaipur,Karnataka,Google Ads
C11011,2025-03-12,Bangalore,Maharashtra,Google Ads
C11012,2025-06-12,Mumbai,Gujarat,Google Ads
C11013,2025-06-22,Bangalore,Telangana,Organic
C11014,2025-05-21,Chennai,Telangana,Google Ads
C11015,2025-05-18,Pune,West Bengal,Influencer
C11016,2025-03-07,Bangalore,Gujarat,Organic
C11017,2025-07-17,Ahmedabad,Rajasthan,Google Ads
C11018,2025-11-24,Mumbai,Gujarat,Influencer
C11019,2025-08-16,Chennai,Telangana,Google Ads
C11020,2025-10-08,Jaipur,Maharashtra,Google Ads
C11021,2025-06-21,Gurgaon,Haryana,Email
C11022,2025-11-12,Gurgaon,West Bengal,Influencer
C11023,2025-02-09,Chennai,Maharashtra,Influencer
C11024,2025-01-07,Gurgaon,Telangana,Organic
C11025,2025-06-23,Mumbai,Tamil Nadu,Google Ads
C11026,2025-05-31,Pune,Gujarat,Email
C11027,2025-07-30,Bangalore,Tamil Nadu,Meta Ads
C11028,2025-10-29,Ahmedabad,Tamil Nadu,Influencer
C11029,2025-03-27,Kolkata,Tamil Nadu,Email
C11030,2025-09-10,Jaipur,Telangana,Influencer
C11031,2025-01-21,Mumbai,Karnataka,Meta Ads
C11032,2025-09-14,Delhi,Delhi,Influencer
C11033,2025-02-02,Hyderabad,Maharashtra,Organic
C11034,2025-09-17,Hyderabad,Maharashtra,Organic
C11035,2025-08-22,Jaipur,West Bengal,Influencer
C11036,2025-01-03,Mumbai,Tamil Nadu,Google Ads
C11037,2025-12-13,Chennai,Gujarat,Meta Ads
C11038,2025-11-04,Bangalore,Rajasthan,Organic
C11039,2025-08-15,Chennai,Haryana,Meta Ads
C11040,2025-10-11,Chennai,Karnataka,Organic
C11041,2025-03-11,Delhi,Telangana,Google Ads
C11042,2025-11-09,Gurgaon,Gujarat,Google Ads
C11043,2025-12-30,Hyderabad,Karnataka,Meta Ads
C11044,2025-09-11,Kolkata,Maharashtra,Meta Ads
C11045,2025-05-24,Kolkata,West Bengal,Organic
C11046,2025-01-24,Bangalore,Telangana,Organic
C11047,2025-08-22,Hyderabad,Gujarat,Google Ads
C11048,2025-11-29,Delhi,Delhi,Influencer
C11049,2025-06-24,Jaipur,Gujarat,Organic
C11050,2025-11-28,Mumbai,Haryana,Influencer
C11051,2025-11-21,Chennai,Maharashtra,Meta Ads
C11052,2025-12-23,Chennai,Delhi,Meta Ads
C11053,2025-06-08,Ahmedabad,Tamil Nadu,Meta Ads
C11054,2025-12-14,Jaipur,Rajasthan,Meta Ads
C11055,2025-12-14,Ahmedabad,Rajasthan,Email
C11056,2025-10-13,Ahmedabad,Rajasthan,Email
C11057,2025-01-18,Gurgaon,Telangana,Influencer
C11058,2025-02-13,Kolkata,Tamil Nadu,Google Ads
C11059,2025-06-04,Ahmedabad,Tamil Nadu,Google Ads
C11060,2025-12-21,Chennai,Haryana,Influencer
C11061,2025-08-19,Hyderabad,Maharashtra,Google Ads
C11062,2025-11-12,Hyderabad,West Bengal,Email
C11063,2025-08-13,Gurgaon,Delhi,Meta Ads
C11064,2025-08-05,Hyderabad,Tamil Nadu,Google Ads
C11065,2025-02-25,Chennai,Haryana,Email
C11066,2025-01-31,Kolkata,Haryana,Email
C11067,2025-12-23,Kolkata,Gujarat,Email
C11068,2025-02-28,Kolkata,Rajasthan,Google Ads
C11069,2025-12-19,Mumbai,West Bengal,Influencer
C11070,2025-08-23,Jaipur,Gujarat,Meta Ads
C11071,2025-04-17,Mumbai,Maharashtra,Meta Ads
C11072,2025-07-10,Mumbai,Maharashtra,Organic
C11073,2025-01-18,Mumbai,Gujarat,Influencer
C11074,2025-08-14,Hyderabad,Tamil Nadu,Meta Ads
C11075,2025-06-16,Pune,Gujarat,Organic
C11076,2025-03-12,Hyderabad,Rajasthan,Organic
C11077,2025-12-28,Pune,Rajasthan,Organic
C11078,2025-02-23,Hyderabad,Tamil Nadu,Meta Ads
C11079,2025-09-02,Chennai,Gujarat,Meta Ads
C11080,2025-12-16,Jaipur,Maharashtra,Email
C11081,2025-03-17,Delhi,Gujarat,Organic
C11082,2025-02-04,Delhi,Karnataka,Influencer
C11083,2025-09-24,Mumbai,Delhi,Google Ads
C11084,2025-11-13,Delhi,West Bengal,Meta Ads
C11085,2025-10-27,Jaipur,Delhi,Meta Ads
C11086,2025-05-01,Jaipur,Delhi,Meta Ads
C11087,2025-11-20,Bangalore,Delhi,Meta Ads
C11088,2025-01-25,Gurgaon,Telangana,Meta Ads
C11089,2025-06-09,Jaipur,Telangana,Organic
C11090,2025-03-25,Gurgaon,Tamil Nadu,Influencer
C11091,2025-04-24,Delhi,Karnataka,Influencer
C11092,2025-08-11,Gurgaon,Tamil Nadu,Email
C11093,2025-06-15,Pune,West Bengal,Organic
C11094,2025-07-10,Chennai,Delhi,Meta Ads
C11095,2025-06-24,Gurgaon,Tamil Nadu,Google Ads
C11096,2025-01-01,Chennai,Delhi,Meta Ads
C11097,2025-08-17,Mumbai,West Bengal,Influencer
C11098,2025-03-27,Delhi,Haryana,Meta Ads
C11099,2025-03-03,Chennai,Telangana,Meta Ads
C11100,2025-11-16,Ahmedabad,Delhi,Meta Ads
C11101,2025-07-25,Mumbai,Rajasthan,Email
C11102,2025-04-15,Chennai,West Bengal,Influencer
C11103,2025-11-14,Bangalore,Maharashtra,Google Ads
C11104,2025-10-18,Gurgaon,Telangana,Google Ads
C11105,2025-09-07,Bangalore,Telangana,Meta Ads
C11106,2025-01-13,Jaipur,Gujarat,Meta Ads
C11107,2025-06-12,Pune,Maharashtra,Google Ads
C11108,2025-02-12,Mumbai,Haryana,Google Ads
C11109,2025-04-21,Kolkata,Gujarat,Organic
C11110,2025-07-24,Kolkata,Tamil Nadu,Google Ads
C11111,2025-09-13,Chennai,Telangana,Email
C11112,2025-11-03,Gurgaon,Haryana,Google Ads
C11113,2025-05-24,Delhi,Maharashtra,Email
C11114,2025-05-26,Kolkata,Haryana,Organic
C11115,2025-10-28,Delhi,Karnataka,Email
C11116,2025-06-13,Kolkata,Karnataka,Organic
C11117,2025-06-18,Mumbai,West Bengal,Organic
C11118,2025-10-25,Kolkata,Karnataka,Google Ads
C11119,2025-08-21,Jaipur,Telangana,Meta Ads
C11120,2025-09-28,Hyderabad,West Bengal,Meta Ads
C11121,2025-03-01,Chennai,Karnataka,Meta Ads
C11122,2025-10-23,Pune,Maharashtra,Google Ads
C11123,2025-08-23,Kolkata,West Bengal,Meta Ads
C11124,2025-06-14,Gurgaon,Haryana,Google Ads
C11125,2025-07-13,Pune,Delhi,Influencer
C11126,2025-08-22,Delhi,Gujarat,Influencer
C11127,2025-07-02,Bangalore,Karnataka,Organic
C11128,2025-11-29,Jaipur,West Bengal,Meta Ads
C11129,2025-08-20,Ahmedabad,Tamil Nadu,Meta Ads
C11130,2025-12-27,Ahmedabad,Tamil Nadu,Meta Ads
C11131,2025-04-17,Pune,Gujarat,Google Ads
C11132,2025-08-11,Bangalore,Telangana,Email
C11133,2025-03-21,Gurgaon,Telangana,Meta Ads
C11134,2025-08-22,Pune,Karnataka,Google Ads
C11135,2025-07-03,Delhi,Delhi,Organic
C11136,2025-07-04,Mumbai,Karnataka,Meta Ads
C11137,2025-05-14,Pune,Delhi,Email
C11138,2025-08-08,Ahmedabad,Tamil Nadu,Google Ads
C11139,2025-10-15,Hyderabad,Gujarat,Email
C11140,2025-12-30,Ahmedabad,Karnataka,Organic
C11141,2025-07-21,Bangalore,Telangana,Meta Ads
C11142,2025-05-26,Delhi,Haryana,Google Ads
C11143,2025-11-20,Gurgaon,West Bengal,Meta Ads
C11144,2025-05-07,Jaipur,Tamil Nadu,Google Ads
C11145,2025-05-15,Chennai,Maharashtra,Email
C11146,2025-04-24,Hyderabad,West Bengal,Influencer
C11147,2025-09-21,Jaipur,Gujarat,Organic
C11148,2025-03-05,Pune,Delhi,Organic
C11149,2025-05-15,Hyderabad,Tamil Nadu,Google Ads
C11150,2025-02-10,Bangalore,Rajasthan,Meta Ads
C11151,2025-10-23,Delhi,West Bengal,Meta Ads
C11152,2025-01-03,Gurgaon,Haryana,Meta Ads
C11153,2025-07-13,Jaipur,Rajasthan,Google Ads
C11154,2025-04-20,Pune,Maharashtra,Google Ads
C11155,2025-08-09,Delhi,West Bengal,Meta Ads
C11156,2025-01-04,Pune,Rajasthan,Email
C11157,2025-09-01,Gurgaon,Maharashtra,Meta Ads
C11158,2025-06-15,Jaipur,Tamil Nadu,Meta Ads
C11159,2025-01-26,Pune,Rajasthan,Organic
C11160,2025-01-17,Delhi,Karnataka,Influencer
C11161,2025-08-04,Pune,Gujarat,Email
C11162,2025-04-02,Jaipur,Haryana,Organic
C11163,2025-01-31,Delhi,West Bengal,Meta Ads
C11164,2025-07-24,Bangalore,Karnataka,Email
C11165,2025-07-26,Mumbai,Gujarat,Email
C11166,2025-04-17,Delhi,Maharashtra,Email
C11167,2025-05-26,Hyderabad,Gujarat,Influencer
C11168,2025-04-11,Mumbai,Maharashtra,Meta Ads
C11169,2025-11-14,Pune,West Bengal,Influencer
C11170,2025-08-29,Jaipur,Maharashtra,Email
C11171,2025-09-04,Delhi,West Bengal,Organic
C11172,2025-06-12,Jaipur,Delhi,Influencer
C11173,2025-06-22,Delhi,Tamil Nadu,Organic
C11174,2025-02-04,Jaipur,West Bengal,Meta Ads
C11175,2025-10-11,Hyderabad,Telangana,Organic
C11176,2025-12-25,Chennai,Delhi,Email
C11177,2025-12-24,Mumbai,Tamil Nadu,Google Ads
C11178,2025-01-21,Mumbai,Telangana,Organic
C11179,2025-11-04,Delhi,Karnataka,Organic
C11180,2025-06-12,Pune,Telangana,Meta Ads
C11181,2025-04-07,Gurgaon,Tamil Nadu,Organic
C11182,2025-11-03,Gurgaon,Haryana,Google Ads
C11183,2025-12-05,Mumbai,Maharashtra,Meta Ads
C11184,2025-02-24,Chennai,Maharashtra,Email
C11185,2025-11-29,Gurgaon,Karnataka,Email
C11186,2025-05-07,Kolkata,Tamil Nadu,Meta Ads
C11187,2025-07-12,Gurgaon,Delhi,Organic
C11188,2025-08-31,Ahmedabad,West Bengal,Google Ads
C11189,2025-12-15,Jaipur,Gujarat,Organic
C11190,2025-03-29,Mumbai,West Bengal,Google Ads
C11191,2025-12-02,Chennai,Karnataka,Google Ads
C11192,2025-08-03,Pune,Tamil Nadu,Google Ads
C11193,2025-04-02,Delhi,Telangana,Meta Ads
C11194,2025-10-30,Bangalore,Haryana,Google Ads
C11195,2025-08-23,Hyderabad,Karnataka,Organic
C11196,2025-07-03,Mumbai,Haryana,Meta Ads
C11197,2025-02-07,Chennai,Tamil Nadu,Google Ads
C11198,2025-05-19,Delhi,Gujarat,Meta Ads
C11199,2025-07-14,Bangalore,Tamil Nadu,Google Ads
C11200,2025-01-15,Ahmedabad,Rajasthan,Meta Ads
C11201,2025-09-14,Mumbai,Telangana,Google Ads
C11202,2025-05-15,Pune,Maharashtra,Influencer
C11203,2025-01-01,Hyderabad,Rajasthan,Organic
C11204,2025-02-18,Bangalore,Karnataka,Organic
C11205,2025-04-06,Pune,West Bengal,Google Ads
C11206,2025-07-20,Gurgaon,Telangana,Email
C11207,2025-01-26,Delhi,Delhi,Organic
C11208,2025-12-09,Mumbai,Gujarat,Meta Ads
C11209,2025-08-23,Delhi,Telangana,Email
C11210,2025-12-15,Bangalore,Tamil Nadu,Meta Ads
C11211,2025-09-01,Kolkata,West Bengal,Email
C11212,2025-12-24,Kolkata,Gujarat,Google Ads
C11213,2025-11-23,Hyderabad,Maharashtra,Meta Ads
C11214,2025-12-17,Gurgaon,Rajasthan,Influencer
C11215,2025-02-20,Ahmedabad,Karnataka,Meta Ads
C11216,2025-03-22,Chennai,Delhi,Meta Ads
C11217,2025-02-05,Mumbai,Maharashtra,Google Ads
C11218,2025-03-08,Mumbai,Gujarat,Organic
C11219,2025-05-09,Bangalore,Tamil Nadu,Meta Ads
C11220,2025-06-04,Kolkata,Delhi,Organic
C11221,2025-09-02,Jaipur,Rajasthan,Influencer
C11222,2025-04-21,Ahmedabad,West Bengal,Meta Ads
C11223,2025-06-17,Bangalore,Karnataka,Organic
C11224,2025-05-22,Ahmedabad,West Bengal,Email
C11225,2025-12-22,Jaipur,Tamil Nadu,Email
C11226,2025-07-16,Kolkata,Karnataka,Meta Ads
C11227,2025-04-19,Pune,Gujarat,Influencer
C11228,2025-03-20,Jaipur,Delhi,Influencer
C11229,2025-06-10,Bangalore,Haryana,Email
C11230,2025-01-19,Chennai,Gujarat,Google Ads
C11231,2025-05-07,Ahmedabad,Karnataka,Meta Ads
C11232,2025-07-24,Gurgaon,Tamil Nadu,Meta Ads
C11233,2025-01-29,Bangalore,Maharashtra,Google Ads
C11234,2025-07-26,Pune,Rajasthan,Meta Ads
C11235,2025-10-07,Chennai,Maharashtra,Influencer
C11236,2025-05-31,Kolkata,Haryana,Meta Ads
C11237,2025-08-28,Hyderabad,Karnataka,Influencer
C11238,2025-09-23,Mumbai,Rajasthan,Meta Ads
C11239,2025-07-01,Jaipur,Rajasthan,Google Ads
C11240,2025-04-15,Mumbai,West Bengal,Google Ads
C11241,2025-08-24,Bangalore,Haryana,Organic
C11242,2025-06-22,Kolkata,Rajasthan,Google Ads
C11243,2025-06-07,Delhi,West Bengal,Organic
C11244,2025-06-21,Chennai,Maharashtra,Meta Ads
C11245,2025-11-07,Gurgaon,Delhi,Meta Ads
C11246,2025-06-06,Mumbai,Telangana,Google Ads
C11247,2025-09-15,Ahmedabad,Gujarat,Meta Ads
C11248,2025-06-13,Pune,Tamil Nadu,Meta Ads
C11249,2025-05-27,Mumbai,Maharashtra,Meta Ads
C11250,2025-06-03,Bangalore,Haryana,Influencer
C11251,2025-02-07,Chennai,Rajasthan,Organic
C11252,2025-05-11,Chennai,Tamil Nadu,Meta Ads
C11253,2025-12-24,Jaipur,Tamil Nadu,Meta Ads
C11254,2025-09-12,Delhi,West Bengal,Google Ads
C11255,2025-07-27,Jaipur,Haryana,Google Ads
C11256,2025-04-05,Hyderabad,Karnataka,Organic
C11257,2025-12-14,Gurgaon,Karnataka,Email
C11258,2025-11-23,Kolkata,Haryana,Google Ads
C11259,2025-06-20,Bangalore,Telangana,Organic
C11260,2025-09-07,Bangalore,Haryana,Organic
C11261,2025-07-09,Kolkata,Rajasthan,Google Ads
C11262,2025-07-18,Kolkata,Haryana,Meta Ads
C11263,2025-08-09,Kolkata,Telangana,Google Ads
C11264,2025-01-24,Delhi,Telangana,Google Ads
C11265,2025-09-01,Kolkata,Delhi,Organic
C11266,2025-11-20,Kolkata,Telangana,Meta Ads
C11267,2025-05-08,Mumbai,Telangana,Organic
C11268,2025-04-03,Ahmedabad,Rajasthan,Influencer
C11269,2025-10-27,Chennai,Telangana,Google Ads
C11270,2025-05-13,Kolkata,West Bengal,Meta Ads
C11271,2025-02-24,Mumbai,Delhi,Organic
C11272,2025-06-07,Hyderabad,West Bengal,Email
C11273,2025-01-29,Chennai,Maharashtra,Organic
C11274,2025-07-30,Gurgaon,Gujarat,Meta Ads
C11275,2025-06-03,Chennai,Delhi,Google Ads
C11276,2025-10-20,Delhi,Karnataka,Email
C11277,2025-08-10,Kolkata,Gujarat,Organic
C11278,2025-04-25,Chennai,Gujarat,Meta Ads
C11279,2025-06-07,Hyderabad,Haryana,Organic
C11280,2025-09-16,Delhi,Haryana,Google Ads
C11281,2025-09-08,Kolkata,Gujarat,Google Ads
C11282,2025-05-02,Jaipur,Haryana,Google Ads
C11283,2025-10-26,Chennai,Rajasthan,Organic
C11284,2025-09-20,Kolkata,Delhi,Meta Ads
C11285,2025-02-18,Jaipur,Haryana,Google Ads
C11286,2025-11-25,Delhi,Karnataka,Influencer
C11287,2025-10-24,Pune,Karnataka,Organic
C11288,2025-12-28,Ahmedabad,Maharashtra,Meta Ads
C11289,2025-03-18,Pune,Karnataka,Google Ads
C11290,2025-05-07,Jaipur,West Bengal,Meta Ads
C11291,2025-07-16,Bangalore,Gujarat,Organic
C11292,2025-08-09,Ahmedabad,Gujarat,Meta Ads
C11293,2025-04-01,Ahmedabad,Gujarat,Meta Ads
C11294,2025-01-08,Hyderabad,Delhi,Google Ads
C11295,2025-02-01,Hyderabad,West Bengal,Email
C11296,2025-11-16,Kolkata,Maharashtra,Email
C11297,2025-09-26,Chennai,Telangana,Google Ads
C11298,2025-07-10,Pune,Haryana,Google Ads
C11299,2025-12-15,Gurgaon,Delhi,Meta Ads
C11300,2025-06-12,Bangalore,Telangana,Meta Ads
C11301,2025-03-02,Gurgaon,Telangana,Organic
C11302,2025-09-21,Kolkata,Rajasthan,Influencer
C11303,2025-10-12,Jaipur,Rajasthan,Email
C11304,2025-04-05,Ahmedabad,Delhi,Email
C11305,2025-02-10,Bangalore,Gujarat,Email
C11306,2025-05-29,Kolkata,Telangana,Meta Ads
C11307,2025-07-23,Bangalore,Telangana,Email
C11308,2025-09-24,Mumbai,Haryana,Google Ads
C11309,2025-01-02,Pune,Maharashtra,Email
C11310,2025-06-27,Hyderabad,Delhi,Google Ads
C11311,2025-07-13,Pune,Haryana,Google Ads
C11312,2025-12-02,Gurgaon,West Bengal,Meta Ads
C11313,2025-07-15,Bangalore,Rajasthan,Meta Ads
C11314,2025-12-09,Delhi,Maharashtra,Organic
C11315,2025-09-06,Hyderabad,Gujarat,Email
C11316,2025-07-31,Gurgaon,West Bengal,Meta Ads
C11317,2025-06-02,Mumbai,Maharashtra,Meta Ads
C11318,2025-06-07,Mumbai,Haryana,Meta Ads
C11319,2025-12-28,Delhi,West Bengal,Meta Ads
C11320,2025-05-19,Ahmedabad,Karnataka,Meta Ads
C11321,2025-08-09,Bangalore,Maharashtra,Meta Ads
C11322,2025-09-30,Mumbai,Tamil Nadu,Meta Ads
C11323,2025-06-03,Hyderabad,Tamil Nadu,Email
C11324,2025-09-06,Gurgaon,Telangana,Email
C11325,2025-10-06,Delhi,Delhi,Google Ads
C11326,2025-10-31,Ahmedabad,Haryana,Email
C11327,2025-10-03,Ahmedabad,Delhi,Meta Ads
C11328,2025-01-02,Kolkata,Gujarat,Organic
C11329,2025-03-29,Gurgaon,Maharashtra,Organic
C11330,2025-10-14,Hyderabad,Rajasthan,Meta Ads
C11331,2025-05-10,Mumbai,Rajasthan,Google Ads
C11332,2025-03-19,Kolkata,Karnataka,Email
C11333,2025-09-17,Chennai,Tamil Nadu,Meta Ads
C11334,2025-08-29,Hyderabad,Rajasthan,Meta Ads
C11335,2025-05-21,Bangalore,West Bengal,Email
C11336,2025-08-16,Gurgaon,Telangana,Meta Ads
C11337,2025-06-12,Delhi,Karnataka,Google Ads
C11338,2025-08-24,Mumbai,Maharashtra,Email
C11339,2025-05-08,Chennai,Delhi,Email
C11340,2025-07-19,Bangalore,Delhi,Email
C11341,2025-01-31,Delhi,Telangana,Google Ads
C11342,2025-05-18,Mumbai,Telangana,Meta Ads
C11343,2025-01-21,Jaipur,Rajasthan,Influencer
C11344,2025-08-22,Jaipur,Delhi,Organic
C11345,2025-07-21,Ahmedabad,Telangana,Organic
C11346,2025-10-06,Chennai,Karnataka,Email
C11347,2025-05-11,Chennai,Rajasthan,Email
C11348,2025-05-28,Jaipur,Haryana,Organic
C11349,2025-01-29,Kolkata,Rajasthan,Meta Ads
C11350,2025-12-27,Kolkata,Tamil Nadu,Meta Ads
C11351,2025-11-04,Ahmedabad,Rajasthan,Google Ads
C11352,2025-06-11,Mumbai,Delhi,Meta Ads
C11353,2025-12-23,Kolkata,Telangana,Meta Ads
C11354,2025-12-06,Kolkata,Telangana,Organic
C11355,2025-03-02,Pune,Tamil Nadu,Organic
C11356,2025-05-05,Pune,Delhi,Organic
C11357,2025-03-12,Hyderabad,Haryana,Meta Ads
C11358,2025-11-22,Pune,Karnataka,Google Ads
C11359,2025-12-30,Mumbai,Delhi,Meta Ads
C11360,2025-08-31,Mumbai,Tamil Nadu,Organic
C11361,2025-09-06,Pune,Karnataka,Organic
C11362,2025-08-09,Bangalore,Telangana,Google Ads
C11363,2025-01-21,Delhi,Rajasthan,Meta Ads
C11364,2025-03-23,Ahmedabad,Maharashtra,Meta Ads
C11365,2025-12-10,Mumbai,Delhi,Email
C11366,2025-01-10,Jaipur,Tamil Nadu,Meta Ads
C11367,2025-01-12,Mumbai,Delhi,Organic
C11368,2025-09-20,Hyderabad,Delhi,Meta Ads
C11369,2025-05-25,Mumbai,West Bengal,Meta Ads
C11370,2025-07-11,Chennai,Maharashtra,Meta Ads
C11371,2025-09-07,Jaipur,Telangana,Email
C11372,2025-04-24,Delhi,Telangana,Meta Ads
C11373,2025-01-26,Mumbai,Maharashtra,Email
C11374,2025-09-28,Pune,Tamil Nadu,Influencer
C11375,2025-02-02,Mumbai,Maharashtra,Organic
C11376,2025-03-03,Ahmedabad,Gujarat,Google Ads
C11377,2025-08-17,Hyderabad,Telangana,Email
C11378,2025-10-30,Ahmedabad,Delhi,Organic
C11379,2025-04-05,Delhi,West Bengal,Google Ads
C11380,2025-02-04,Delhi,Tamil Nadu,Organic
C11381,2025-07-12,Delhi,Tamil Nadu,Meta Ads
C11382,2025-03-17,Hyderabad,Karnataka,Meta Ads
C11383,2025-09-06,Ahmedabad,West Bengal,Email
C11384,2025-03-24,Kolkata,Tamil Nadu,Influencer
C11385,2025-01-25,Chennai,Rajasthan,Google Ads
C11386,2025-02-26,Delhi,Karnataka,Google Ads
C11387,2025-02-01,Bangalore,Karnataka,Influencer
C11388,2025-11-15,Ahmedabad,Telangana,Organic
C11389,2025-01-12,Ahmedabad,Karnataka,Google Ads
C11390,2025-11-15,Pune,Telangana,Google Ads
C11391,2025-11-29,Gurgaon,Tamil Nadu,Meta Ads
C11392,2025-04-02,Gurgaon,Delhi,Meta Ads
C11393,2025-01-01,Jaipur,Maharashtra,Email
C11394,2025-11-22,Hyderabad,Tamil Nadu,Email
C11395,2025-05-16,Delhi,Tamil Nadu,Google Ads
C11396,2025-07-15,Pune,Delhi,Google Ads
C11397,2025-05-13,Delhi,Tamil Nadu,Influencer
C11398,2025-03-27,Delhi,Rajasthan,Organic
C11399,2025-10-22,Pune,Gujarat,Meta Ads
C11400,2025-10-06,Pune,Haryana,Google Ads
C11401,2025-11-20,Chennai,Telangana,Meta Ads
C11402,2025-06-29,Mumbai,Tamil Nadu,Email
C11403,2025-01-04,Gurgaon,Haryana,Influencer
C11404,2025-05-06,Mumbai,Tamil Nadu,Meta Ads
C11405,2025-06-24,Jaipur,Karnataka,Email
C11406,2025-09-08,Pune,West Bengal,Email
C11407,2025-01-21,Hyderabad,Gujarat,Google Ads
C11408,2025-04-15,Jaipur,Haryana,Organic
C11409,2025-03-07,Pune,Haryana,Organic
C11410,2025-09-20,Mumbai,Telangana,Organic
C11411,2025-02-18,Kolkata,Haryana,Organic
C11412,2025-01-16,Kolkata,Gujarat,Organic
C11413,2025-05-25,Gurgaon,Haryana,Email
C11414,2025-12-06,Bangalore,Rajasthan,Google Ads
C11415,2025-09-07,Hyderabad,Delhi,Meta Ads
C11416,2025-12-09,Delhi,West Bengal,Meta Ads
C11417,2025-12-20,Ahmedabad,Haryana,Meta Ads
C11418,2025-03-16,Jaipur,Telangana,Google Ads
C11419,2025-10-17,Pune,Karnataka,Meta Ads
C11420,2025-10-09,Kolkata,West Bengal,Email
C11421,2025-03-07,Bangalore,Maharashtra,Influencer
C11422,2025-05-05,Hyderabad,Haryana,Influencer
C11423,2025-11-15,Hyderabad,Maharashtra,Influencer
C11424,2025-03-28,Kolkata,West Bengal,Meta Ads
C11425,2025-02-10,Ahmedabad,Tamil Nadu,Google Ads
C11426,2025-07-05,Bangalore,West Bengal,Google Ads
C11427,2025-12-20,Chennai,Rajasthan,Meta Ads
C11428,2025-12-01,Ahmedabad,Maharashtra,Email
C11429,2025-09-23,Mumbai,Rajasthan,Organic
C11430,2025-09-28,Hyderabad,West Bengal,Meta Ads
C11431,2025-02-11,Bangalore,Maharashtra,Meta Ads
C11432,2025-04-03,Kolkata,Maharashtra,Google Ads
C11433,2025-07-04,Hyderabad,Telangana,Meta Ads
C11434,2025-08-03,Ahmedabad,Maharashtra,Meta Ads
C11435,2025-01-17,Delhi,Delhi,Organic
C11436,2025-09-22,Delhi,Tamil Nadu,Email
C11437,2025-04-24,Hyderabad,Haryana,Email
C11438,2025-10-19,Bangalore,Karnataka,Organic
C11439,2025-10-19,Bangalore,Delhi,Google Ads
C11440,2025-02-17,Jaipur,Rajasthan,Email
C11441,2025-11-03,Mumbai,Gujarat,Influencer
C11442,2025-04-07,Jaipur,Tamil Nadu,Organic
C11443,2025-04-05,Jaipur,Tamil Nadu,Influencer
C11444,2025-11-22,Mumbai,Telangana,Google Ads
C11445,2025-03-15,Kolkata,Maharashtra,Meta Ads
C11446,2025-12-02,Delhi,Telangana,Email
C11447,2025-03-09,Kolkata,Maharashtra,Organic
C11448,2025-09-03,Jaipur,West Bengal,Organic
C11449,2025-03-18,Bangalore,Rajasthan,Google Ads
C11450,2025-07-27,Mumbai,Maharashtra,Meta Ads
C11451,2025-09-11,Ahmedabad,Rajasthan,Meta Ads
C11452,2025-08-09,Pune,Rajasthan,Meta Ads
C11453,2025-09-19,Pune,Gujarat,Meta Ads
C11454,2025-11-27,Gurgaon,Delhi,Meta Ads
C11455,2025-12-10,Hyderabad,Haryana,Organic
C11456,2025-09-16,Chennai,Telangana,Email
C11457,2025-11-04,Chennai,West Bengal,Influencer
C11458,2025-03-15,Ahmedabad,Gujarat,Meta Ads
C11459,2025-05-05,Gurgaon,Gujarat,Influencer
C11460,2025-07-07,Delhi,Maharashtra,Organic
C11461,2025-09-11,Ahmedabad,Karnataka,Organic
C11462,2025-11-17,Jaipur,West Bengal,Meta Ads
C11463,2025-11-04,Ahmedabad,Telangana,Google Ads
C11464,2025-08-23,Pune,Tamil Nadu,Email
C11465,2025-09-07,Chennai,Gujarat,Google Ads
C11466,2025-11-28,Delhi,Gujarat,Meta Ads
C11467,2025-12-11,Hyderabad,West Bengal,Google Ads
C11468,2025-03-13,Jaipur,Maharashtra,Meta Ads
C11469,2025-08-23,Hyderabad,Maharashtra,Organic
C11470,2025-11-20,Pune,Karnataka,Email
C11471,2025-06-05,Gurgaon,Telangana,Organic
C11472,2025-04-25,Hyderabad,Delhi,Influencer
C11473,2025-11-09,Gurgaon,Haryana,Influencer
C11474,2025-08-16,Jaipur,West Bengal,Meta Ads
C11475,2025-11-18,Chennai,Haryana,Meta Ads
C11476,2025-12-12,Bangalore,West Bengal,Google Ads
C11477,2025-09-02,Ahmedabad,Haryana,Meta Ads
C11478,2025-11-02,Kolkata,Gujarat,Organic
C11479,2025-01-14,Delhi,West Bengal,Meta Ads
C11480,2025-01-16,Mumbai,Delhi,Google Ads
C11481,2025-02-11,Mumbai,Delhi,Google Ads
C11482,2025-04-20,Jaipur,Haryana,Organic
C11483,2025-10-05,Ahmedabad,Maharashtra,Organic
C11484,2025-11-20,Ahmedabad,Rajasthan,Email
C11485,2025-01-19,Ahmedabad,Maharashtra,Meta Ads
C11486,2025-03-07,Delhi,Rajasthan,Organic
C11487,2025-06-16,Chennai,Maharashtra,Meta Ads
C11488,2025-03-14,Bangalore,Telangana,Meta Ads
C11489,2025-11-06,Ahmedabad,Karnataka,Meta Ads
C11490,2025-04-22,Kolkata,Tamil Nadu,Google Ads
C11491,2025-10-01,Bangalore,Telangana,Organic
C11492,2025-03-26,Delhi,Rajasthan,Meta Ads
C11493,2025-05-19,Ahmedabad,Rajasthan,Google Ads
C11494,2025-02-08,Jaipur,Rajasthan,Meta Ads
C11495,2025-04-15,Delhi,Karnataka,Organic
C11496,2025-11-20,Bangalore,Karnataka,Organic
C11497,2025-10-08,Gurgaon,Telangana,Influencer
C11498,2025-05-03,Gurgaon,Rajasthan,Organic
C11499,2025-08-06,Jaipur,Tamil Nadu,Organic
C11500,2025-03-02,Hyderabad,Rajasthan,Meta Ads
C11501,2025-04-10,Mumbai,Gujarat,Meta Ads
C11502,2025-11-03,Jaipur,West Bengal,Organic
C11503,2025-12-20,Gurgaon,Haryana,Organic
C11504,2025-07-23,Jaipur,Rajasthan,Email
C11505,2025-09-15,Pune,Telangana,Email
C11506,2025-01-05,Gurgaon,Telangana,Influencer
C11507,2025-07-16,Chennai,Gujarat,Email
C11508,2025-06-29,Ahmedabad,Telangana,Organic
C11509,2025-12-08,Chennai,West Bengal,Meta Ads
C11510,2025-05-13,Hyderabad,Telangana,Meta Ads
C11511,2025-11-20,Jaipur,Delhi,Influencer
C11512,2025-09-10,Pune,Rajasthan,Meta Ads
C11513,2025-09-22,Gurgaon,Telangana,Meta Ads
C11514,2025-04-03,Ahmedabad,Karnataka,Google Ads
C11515,2025-05-30,Pune,Karnataka,Google Ads
C11516,2025-05-18,Pune,Rajasthan,Organic
C11517,2025-07-27,Chennai,Gujarat,Organic
C11518,2025-05-05,Mumbai,West Bengal,Organic
C11519,2025-08-22,Bangalore,West Bengal,Organic
C11520,2025-03-02,Mumbai,Telangana,Google Ads
C11521,2025-11-03,Jaipur,Karnataka,Meta Ads
C11522,2025-09-23,Jaipur,Telangana,Email
C11523,2025-05-14,Mumbai,Tamil Nadu,Google Ads
C11524,2025-11-14,Bangalore,Telangana,Google Ads
C11525,2025-04-23,Gurgaon,Telangana,Organic
C11526,2025-07-10,Pune,Maharashtra,Google Ads
C11527,2025-07-06,Pune,West Bengal,Google Ads
C11528,2025-11-15,Mumbai,Tamil Nadu,Meta Ads
C11529,2025-03-30,Mumbai,Maharashtra,Meta Ads
C11530,2025-07-06,Delhi,Haryana,Meta Ads
C11531,2025-11-03,Bangalore,Tamil Nadu,Email
C11532,2025-05-12,Chennai,Haryana,Organic
C11533,2025-12-26,Pune,Telangana,Meta Ads
C11534,2025-05-03,Chennai,Rajasthan,Organic
C11535,2025-02-17,Ahmedabad,Karnataka,Meta Ads
C11536,2025-10-15,Gurgaon,Maharashtra,Google Ads
C11537,2025-06-28,Mumbai,Rajasthan,Influencer
C11538,2025-06-29,Delhi,Gujarat,Email
C11539,2025-04-09,Delhi,Rajasthan,Organic
C11540,2025-11-26,Jaipur,Karnataka,Email
C11541,2025-02-03,Ahmedabad,Delhi,Email
C11542,2025-03-11,Gurgaon,Delhi,Organic
C11543,2025-06-20,Gurgaon,Karnataka,Email
C11544,2025-09-29,Hyderabad,Telangana,Organic
C11545,2025-02-28,Mumbai,Maharashtra,Meta Ads
C11546,2025-06-30,Jaipur,Gujarat,Influencer
C11547,2025-01-19,Bangalore,Karnataka,Meta Ads
C11548,2025-08-14,Bangalore,Telangana,Google Ads
C11549,2025-04-05,Kolkata,Tamil Nadu,Google Ads
C11550,2025-10-24,Gurgaon,Tamil Nadu,Influencer
C11551,2025-03-22,Chennai,Maharashtra,Meta Ads
C11552,2025-06-24,Ahmedabad,Tamil Nadu,Google Ads
C11553,2025-08-10,Delhi,Telangana,Google Ads
C11554,2025-04-13,Mumbai,Haryana,Organic
C11555,2025-02-23,Ahmedabad,West Bengal,Google Ads
C11556,2025-07-02,Pune,West Bengal,Organic
C11557,2025-12-17,Hyderabad,Tamil Nadu,Email
C11558,2025-11-14,Delhi,Tamil Nadu,Meta Ads
C11559,2025-12-21,Ahmedabad,Tamil Nadu,Influencer
C11560,2025-12-15,Ahmedabad,Telangana,Google Ads
C11561,2025-11-17,Hyderabad,Karnataka,Google Ads
C11562,2025-03-09,Ahmedabad,Delhi,Influencer
C11563,2025-01-28,Jaipur,Karnataka,Email
C11564,2025-10-01,Delhi,Karnataka,Meta Ads
C11565,2025-10-09,Pune,Rajasthan,Organic
C11566,2025-12-26,Delhi,Karnataka,Meta Ads
C11567,2025-11-07,Hyderabad,Gujarat,Organic
C11568,2025-04-29,Pune,Gujarat,Influencer
C11569,2025-05-14,Bangalore,Karnataka,Meta Ads
C11570,2025-05-09,Mumbai,Tamil Nadu,Influencer
C11571,2025-01-08,Gurgaon,Gujarat,Google Ads
C11572,2025-02-20,Bangalore,Gujarat,Organic
C11573,2025-12-07,Jaipur,Rajasthan,Organic
C11574,2025-10-08,Delhi,Rajasthan,Organic
C11575,2025-06-24,Pune,Gujarat,Meta Ads
C11576,2025-07-02,Mumbai,West Bengal,Meta Ads
C11577,2025-07-11,Mumbai,Karnataka,Influencer
C11578,2025-09-06,Hyderabad,West Bengal,Email
C11579,2025-08-23,Hyderabad,Telangana,Organic
C11580,2025-03-24,Hyderabad,Maharashtra,Organic
C11581,2025-04-03,Chennai,Gujarat,Influencer
C11582,2025-11-08,Delhi,Maharashtra,Google Ads
C11583,2025-09-25,Kolkata,Delhi,Google Ads
C11584,2025-04-30,Jaipur,Haryana,Influencer
C11585,2025-03-12,Ahmedabad,Rajasthan,Meta Ads
C11586,2025-01-17,Jaipur,Haryana,Email
C11587,2025-09-10,Gurgaon,Maharashtra,Google Ads
C11588,2025-05-02,Hyderabad,Telangana,Google Ads
C11589,2025-01-10,Gurgaon,Gujarat,Organic
C11590,2025-10-14,Jaipur,West Bengal,Meta Ads
C11591,2025-11-12,Chennai,Haryana,Organic
C11592,2025-11-22,Gurgaon,Telangana,Organic
C11593,2025-09-30,Delhi,Haryana,Meta Ads
C11594,2025-11-02,Pune,West Bengal,Organic
C11595,2025-10-20,Kolkata,Haryana,Google Ads
C11596,2025-07-29,Kolkata,Gujarat,Organic
C11597,2025-08-06,Jaipur,West Bengal,Meta Ads
C11598,2025-08-29,Ahmedabad,West Bengal,Influencer
C11599,2025-07-19,Hyderabad,Rajasthan,Meta Ads
C11600,2025-08-04,Jaipur,Gujarat,Organic
C11601,2025-07-24,Gurgaon,Gujarat,Influencer
C11602,2025-08-04,Chennai,Tamil Nadu,Influencer
C11603,2025-03-21,Pune,West Bengal,Influencer
C11604,2025-09-24,Kolkata,Gujarat,Google Ads
C11605,2025-02-04,Bangalore,Haryana,Email
C11606,2025-10-16,Kolkata,Maharashtra,Meta Ads
C11607,2025-01-18,Pune,West Bengal,Google Ads
C11608,2025-06-14,Delhi,Karnataka,Meta Ads
C11609,2025-01-13,Gurgaon,Gujarat,Organic
C11610,2025-07-21,Mumbai,Tamil Nadu,Influencer
C11611,2025-08-17,Chennai,Telangana,Influencer
C11612,2025-12-12,Ahmedabad,Maharashtra,Meta Ads
C11613,2025-01-01,Bangalore,West Bengal,Meta Ads
C11614,2025-11-15,Jaipur,Delhi,Organic
C11615,2025-08-05,Hyderabad,West Bengal,Email
C11616,2025-02-03,Hyderabad,West Bengal,Meta Ads
C11617,2025-12-25,Hyderabad,Karnataka,Email
C11618,2025-09-23,Bangalore,Telangana,Organic
C11619,2025-05-08,Pune,Telangana,Organic
C11620,2025-07-31,Ahmedabad,Telangana,Google Ads
C11621,2025-09-20,Kolkata,Rajasthan,Influencer
C11622,2025-11-08,Jaipur,Tamil Nadu,Email
C11623,2025-03-21,Mumbai,Rajasthan,Meta Ads
C11624,2025-06-14,Ahmedabad,Telangana,Google Ads
C11625,2025-09-09,Jaipur,West Bengal,Influencer
C11626,2025-01-12,Mumbai,Rajasthan,Meta Ads
C11627,2025-10-31,Chennai,Karnataka,Google Ads
C11628,2025-07-31,Pune,Karnataka,Meta Ads
C11629,2025-10-09,Chennai,Tamil Nadu,Organic
C11630,2025-04-22,Pune,Gujarat,Meta Ads
C11631,2025-07-30,Gurgaon,Delhi,Google Ads
C11632,2025-08-27,Kolkata,Telangana,Google Ads
C11633,2025-09-25,Delhi,Gujarat,Meta Ads
C11634,2025-10-25,Delhi,Tamil Nadu,Organic
C11635,2025-11-13,Pune,Maharashtra,Meta Ads
C11636,2025-02-27,Delhi,Gujarat,Influencer
C11637,2025-02-03,Bangalore,Delhi,Google Ads
C11638,2025-09-20,Jaipur,Delhi,Organic
C11639,2025-12-31,Ahmedabad,West Bengal,Organic
C11640,2025-02-04,Chennai,Karnataka,Meta Ads
C11641,2025-09-28,Gurgaon,Gujarat,Influencer
C11642,2025-08-15,Kolkata,Rajasthan,Email
C11643,2025-01-25,Kolkata,Gujarat,Google Ads
C11644,2025-08-22,Gurgaon,Delhi,Google Ads
C11645,2025-02-28,Hyderabad,Delhi,Influencer
C11646,2025-09-08,Hyderabad,Tamil Nadu,Organic
C11647,2025-12-01,Hyderabad,Delhi,Organic
C11648,2025-03-27,Gurgaon,Gujarat,Email
C11649,2025-09-08,Delhi,Tamil Nadu,Organic
C11650,2025-06-29,Mumbai,Haryana,Meta Ads
C11651,2025-07-26,Gurgaon,Tamil Nadu,Meta Ads
C11652,2025-12-10,Delhi,Telangana,Google Ads
C11653,2025-05-29,Ahmedabad,Delhi,Organic
C11654,2025-03-12,Gurgaon,West Bengal,Meta Ads
C11655,2025-05-01,Chennai,Rajasthan,Meta Ads
C11656,2025-09-10,Delhi,Telangana,Email
C11657,2025-04-03,Kolkata,Telangana,Google Ads
C11658,2025-09-13,Pune,Rajasthan,Google Ads
C11659,2025-09-11,Pune,Telangana,Meta Ads
C11660,2025-12-18,Gurgaon,Telangana,Google Ads
C11661,2025-10-15,Chennai,Gujarat,Google Ads
C11662,2025-11-05,Chennai,Telangana,Email
C11663,2025-02-28,Pune,Rajasthan,Influencer
C11664,2025-03-10,Delhi,Gujarat,Meta Ads
C11665,2025-03-27,Ahmedabad,Haryana,Organic
C11666,2025-10-01,Gurgaon,Rajasthan,Organic
C11667,2025-08-15,Ahmedabad,Gujarat,Meta Ads
C11668,2025-03-22,Hyderabad,Telangana,Google Ads
C11669,2025-04-24,Mumbai,Telangana,Email
C11670,2025-07-03,Bangalore,Delhi,Influencer
C11671,2025-10-07,Hyderabad,Telangana,Google Ads
C11672,2025-11-18,Jaipur,Gujarat,Organic
C11673,2025-11-14,Kolkata,Haryana,Organic
C11674,2025-02-23,Bangalore,Tamil Nadu,Google Ads
C11675,2025-07-16,Kolkata,Telangana,Google Ads
C11676,2025-10-20,Gurgaon,Haryana,Google Ads
C11677,2025-10-20,Hyderabad,Gujarat,Meta Ads
C11678,2025-10-18,Chennai,Rajasthan,Email
C11679,2025-06-29,Pune,Karnataka,Meta Ads
C11680,2025-08-10,Pune,Telangana,Organic
C11681,2025-10-01,Ahmedabad,Delhi,Email
C11682,2025-09-01,Bangalore,Haryana,Google Ads
C11683,2025-06-03,Jaipur,Telangana,Meta Ads
C11684,2025-10-31,Hyderabad,Tamil Nadu,Email
C11685,2025-09-30,Pune,Tamil Nadu,Influencer
C11686,2025-05-15,Delhi,Tamil Nadu,Organic
C11687,2025-11-09,Chennai,Karnataka,Organic
C11688,2025-01-08,Kolkata,West Bengal,Google Ads
C11689,2025-05-08,Gurgaon,Karnataka,Organic
C11690,2025-02-25,Ahmedabad,Tamil Nadu,Organic
C11691,2025-05-06,Bangalore,Delhi,Meta Ads
C11692,2025-06-08,Mumbai,Gujarat,Meta Ads
C11693,2025-02-28,Pune,West Bengal,Google Ads
C11694,2025-02-27,Ahmedabad,Rajasthan,Google Ads
C11695,2025-05-20,Delhi,Karnataka,Email
C11696,2025-06-25,Delhi,Gujarat,Organic
C11697,2025-04-18,Jaipur,Maharashtra,Google Ads
C11698,2025-07-30,Bangalore,Rajasthan,Influencer
C11699,2025-03-15,Jaipur,Delhi,Google Ads
C11700,2025-06-16,Bangalore,West Bengal,Email
C11701,2025-12-23,Pune,Delhi,Influencer
C11702,2025-10-31,Hyderabad,Tamil Nadu,Influencer
C11703,2025-08-21,Gurgaon,Delhi,Meta Ads
C11704,2025-11-23,Kolkata,Telangana,Meta Ads
C11705,2025-07-01,Kolkata,West Bengal,Google Ads
C11706,2025-05-02,Hyderabad,Maharashtra,Google Ads
C11707,2025-11-30,Delhi,Karnataka,Influencer
C11708,2025-07-22,Chennai,Telangana,Meta Ads
C11709,2025-01-29,Gurgaon,Tamil Nadu,Organic
C11710,2025-07-21,Pune,Rajasthan,Organic
C11711,2025-04-03,Hyderabad,Telangana,Google Ads
C11712,2025-11-25,Gurgaon,Tamil Nadu,Meta Ads
C11713,2025-12-22,Kolkata,West Bengal,Email
C11714,2025-06-25,Gurgaon,Telangana,Meta Ads
C11715,2025-11-26,Bangalore,Tamil Nadu,Google Ads
C11716,2025-07-30,Ahmedabad,Karnataka,Influencer
C11717,2025-07-03,Bangalore,Haryana,Organic
C11718,2025-04-05,Hyderabad,Telangana,Organic
C11719,2025-09-30,Pune,West Bengal,Influencer
C11720,2025-05-17,Mumbai,Tamil Nadu,Email
C11721,2025-08-25,Jaipur,West Bengal,Google Ads
C11722,2025-12-19,Jaipur,Tamil Nadu,Google Ads
C11723,2025-09-22,Mumbai,Maharashtra,Organic
C11724,2025-05-15,Gurgaon,West Bengal,Influencer
C11725,2025-05-24,Mumbai,Gujarat,Organic
C11726,2025-01-19,Jaipur,West Bengal,Google Ads
C11727,2025-08-19,Delhi,Telangana,Organic
C11728,2025-05-14,Kolkata,Telangana,Google Ads
C11729,2025-04-24,Jaipur,Haryana,Email
C11730,2025-05-19,Jaipur,Rajasthan,Meta Ads
C11731,2025-05-05,Delhi,Haryana,Email
C11732,2025-07-23,Jaipur,Maharashtra,Organic
C11733,2025-03-02,Gurgaon,Haryana,Organic
C11734,2025-09-07,Delhi,Karnataka,Google Ads
C11735,2025-10-25,Kolkata,Gujarat,Meta Ads
C11736,2025-01-13,Pune,Maharashtra,Influencer
C11737,2025-09-12,Bangalore,Telangana,Meta Ads
C11738,2025-03-26,Pune,Haryana,Meta Ads
C11739,2025-01-20,Delhi,Telangana,Meta Ads
C11740,2025-02-19,Delhi,Haryana,Meta Ads
C11741,2025-06-13,Hyderabad,Telangana,Google Ads
C11742,2025-04-02,Ahmedabad,Karnataka,Meta Ads
C11743,2025-03-29,Ahmedabad,Delhi,Organic
C11744,2025-03-10,Delhi,Telangana,Organic
C11745,2025-02-06,Bangalore,Rajasthan,Email
C11746,2025-09-10,Hyderabad,Delhi,Meta Ads
C11747,2025-09-09,Mumbai,West Bengal,Google Ads
C11748,2025-05-20,Chennai,Karnataka,Meta Ads
C11749,2025-12-21,Bangalore,Gujarat,Influencer
C11750,2025-06-17,Delhi,Tamil Nadu,Google Ads
C11751,2025-02-23,Delhi,Delhi,Organic
C11752,2025-06-27,Bangalore,Haryana,Google Ads
C11753,2025-10-24,Gurgaon,Gujarat,Meta Ads
C11754,2025-10-28,Hyderabad,Karnataka,Meta Ads
C11755,2025-12-25,Delhi,Telangana,Influencer
C11756,2025-04-16,Chennai,West Bengal,Meta Ads
C11757,2025-05-17,Mumbai,Tamil Nadu,Email
C11758,2025-07-09,Pune,West Bengal,Email
C11759,2025-05-08,Kolkata,Rajasthan,Google Ads
C11760,2025-12-08,Chennai,Rajasthan,Email
C11761,2025-02-16,Kolkata,Maharashtra,Meta Ads
C11762,2025-01-05,Jaipur,Karnataka,Meta Ads
C11763,2025-09-14,Gurgaon,Telangana,Meta Ads
C11764,2025-10-27,Chennai,Tamil Nadu,Meta Ads
C11765,2025-05-30,Ahmedabad,Haryana,Meta Ads
C11766,2025-10-21,Gurgaon,Tamil Nadu,Google Ads
C11767,2025-08-31,Ahmedabad,Gujarat,Meta Ads
C11768,2025-10-02,Mumbai,Maharashtra,Organic
C11769,2025-07-27,Mumbai,Tamil Nadu,Google Ads
C11770,2025-04-25,Mumbai,Rajasthan,Meta Ads
C11771,2025-07-14,Gurgaon,Haryana,Influencer
C11772,2025-12-09,Mumbai,Delhi,Organic
C11773,2025-06-19,Bangalore,Gujarat,Influencer
C11774,2025-03-23,Kolkata,Telangana,Email
C11775,2025-06-03,Kolkata,Gujarat,Organic
C11776,2025-05-21,Hyderabad,Telangana,Influencer
C11777,2025-11-10,Ahmedabad,Gujarat,Meta Ads
C11778,2025-05-26,Kolkata,Rajasthan,Google Ads
C11779,2025-11-19,Delhi,Haryana,Organic
C11780,2025-05-02,Kolkata,Haryana,Organic
C11781,2025-09-09,Delhi,Maharashtra,Organic
C11782,2025-12-09,Hyderabad,Rajasthan,Influencer
C11783,2025-11-07,Jaipur,Telangana,Organic
C11784,2025-03-30,Gurgaon,Karnataka,Meta Ads
C11785,2025-02-27,Chennai,Maharashtra,Google Ads
C11786,2025-03-04,Jaipur,Karnataka,Organic
C11787,2025-12-13,Hyderabad,Telangana,Google Ads
C11788,2025-11-04,Kolkata,Rajasthan,Meta Ads
C11789,2025-10-07,Kolkata,Tamil Nadu,Email
C11790,2025-03-13,Ahmedabad,Haryana,Email
C11791,2025-01-09,Gurgaon,Rajasthan,Influencer
C11792,2025-04-04,Hyderabad,Gujarat,Meta Ads
C11793,2025-12-05,Mumbai,Tamil Nadu,Google Ads
C11794,2025-12-02,Chennai,Karnataka,Google Ads
C11795,2025-06-01,Jaipur,West Bengal,Organic
C11796,2025-12-22,Bangalore,Tamil Nadu,Meta Ads
C11797,2025-02-09,Bangalore,Gujarat,Google Ads
C11798,2025-12-25,Bangalore,Tamil Nadu,Influencer
C11799,2025-03-03,Hyderabad,Telangana,Email
C11800,2025-09-11,Mumbai,West Bengal,Organic
C11801,2025-03-10,Pune,West Bengal,Email
C11802,2025-09-02,Bangalore,Gujarat,Email
C11803,2025-12-31,Jaipur,Maharashtra,Google Ads
C11804,2025-06-19,Pune,Tamil Nadu,Organic
C11805,2025-06-27,Chennai,Karnataka,Meta Ads
C11806,2025-07-08,Ahmedabad,Gujarat,Google Ads
C11807,2025-09-17,Mumbai,Telangana,Meta Ads
C11808,2025-03-13,Ahmedabad,Telangana,Meta Ads
C11809,2025-01-17,Jaipur,Maharashtra,Email
C11810,2025-12-07,Gurgaon,Tamil Nadu,Influencer
C11811,2025-02-26,Gurgaon,Tamil Nadu,Google Ads
C11812,2025-08-06,Bangalore,Delhi,Google Ads
C11813,2025-04-17,Jaipur,Gujarat,Google Ads
C11814,2025-10-31,Ahmedabad,Karnataka,Organic
C11815,2025-06-22,Hyderabad,Delhi,Meta Ads
C11816,2025-08-07,Pune,Delhi,Influencer
C11817,2025-09-04,Bangalore,Delhi,Google Ads
C11818,2025-08-06,Pune,Haryana,Meta Ads
C11819,2025-01-31,Kolkata,Haryana,Organic
C11820,2025-02-16,Kolkata,Delhi,Influencer
C11821,2025-05-14,Kolkata,Haryana,Email
C11822,2025-04-18,Gurgaon,West Bengal,Organic
C11823,2025-03-13,Delhi,Haryana,Meta Ads
C11824,2025-11-23,Jaipur,Rajasthan,Organic
C11825,2025-04-18,Gurgaon,Telangana,Email
C11826,2025-11-05,Jaipur,Rajasthan,Google Ads
C11827,2025-09-29,Chennai,Gujarat,Email
C11828,2025-06-20,Ahmedabad,Delhi,Meta Ads
C11829,2025-04-26,Kolkata,Telangana,Organic
C11830,2025-11-25,Kolkata,West Bengal,Meta Ads
C11831,2025-03-15,Chennai,Delhi,Influencer
C11832,2025-09-13,Mumbai,Gujarat,Meta Ads
C11833,2025-03-22,Delhi,Maharashtra,Google Ads
C11834,2025-09-25,Mumbai,Gujarat,Influencer
C11835,2025-05-08,Gurgaon,Telangana,Google Ads
C11836,2025-11-22,Mumbai,Gujarat,Email
C11837,2025-08-23,Jaipur,Delhi,Google Ads
C11838,2025-02-10,Hyderabad,Haryana,Email
C11839,2025-06-30,Jaipur,Rajasthan,Meta Ads
C11840,2025-06-06,Bangalore,West Bengal,Organic
C11841,2025-02-28,Gurgaon,Karnataka,Email
C11842,2025-12-11,Kolkata,Telangana,Organic
C11843,2025-09-06,Gurgaon,West Bengal,Email
C11844,2025-07-11,Mumbai,Tamil Nadu,Organic
C11845,2025-01-24,Pune,Telangana,Google Ads
C11846,2025-03-21,Gurgaon,Karnataka,Google Ads
C11847,2025-05-14,Ahmedabad,Maharashtra,Influencer
C11848,2025-08-01,Gurgaon,Rajasthan,Email
C11849,2025-12-14,Jaipur,Karnataka,Organic
C11850,2025-06-15,Pune,West Bengal,Google Ads
C11851,2025-12-14,Delhi,Delhi,Meta Ads
C11852,2025-12-03,Jaipur,Gujarat,Google Ads
C11853,2025-03-12,Pune,Delhi,Meta Ads
C11854,2025-08-02,Pune,Maharashtra,Google Ads
C11855,2025-03-06,Gurgaon,Delhi,Influencer
C11856,2025-08-09,Chennai,Telangana,Google Ads
C11857,2025-11-04,Hyderabad,Maharashtra,Organic
C11858,2025-10-13,Chennai,Delhi,Meta Ads
C11859,2025-07-04,Pune,Delhi,Influencer
C11860,2025-07-26,Gurgaon,Maharashtra,Google Ads
C11861,2025-04-09,Hyderabad,Tamil Nadu,Google Ads
C11862,2025-08-30,Kolkata,Maharashtra,Organic
C11863,2025-06-07,Ahmedabad,Maharashtra,Meta Ads
C11864,2025-04-08,Mumbai,Gujarat,Google Ads
C11865,2025-02-11,Hyderabad,Haryana,Influencer
C11866,2025-05-19,Kolkata,Gujarat,Meta Ads
C11867,2025-10-10,Kolkata,Gujarat,Email
C11868,2025-08-15,Ahmedabad,Maharashtra,Organic
C11869,2025-03-13,Bangalore,West Bengal,Organic
C11870,2025-08-31,Delhi,Rajasthan,Google Ads
C11871,2025-01-18,Ahmedabad,Gujarat,Influencer
C11872,2025-03-18,Delhi,Rajasthan,Organic
C11873,2025-02-14,Bangalore,Gujarat,Influencer
C11874,2025-12-09,Bangalore,Telangana,Google Ads
C11875,2025-05-20,Ahmedabad,West Bengal,Organic
C11876,2025-06-26,Delhi,Rajasthan,Email
C11877,2025-08-10,Chennai,Rajasthan,Meta Ads
C11878,2025-04-02,Mumbai,Telangana,Email
C11879,2025-01-22,Chennai,West Bengal,Google Ads
C11880,2025-06-21,Delhi,Tamil Nadu,Meta Ads
C11881,2025-04-02,Jaipur,Karnataka,Google Ads
C11882,2025-07-11,Jaipur,Tamil Nadu,Meta Ads
C11883,2025-03-18,Kolkata,Gujarat,Google Ads
C11884,2025-10-08,Jaipur,Maharashtra,Meta Ads
C11885,2025-12-30,Jaipur,Karnataka,Meta Ads
C11886,2025-06-28,Mumbai,Gujarat,Meta Ads
C11887,2025-08-26,Bangalore,Telangana,Meta Ads
C11888,2025-05-15,Kolkata,Telangana,Meta Ads
C11889,2025-12-31,Bangalore,Maharashtra,Email
C11890,2025-10-07,Delhi,Delhi,Email
C11891,2025-01-19,Ahmedabad,West Bengal,Influencer
C11892,2025-03-24,Kolkata,Telangana,Meta Ads
C11893,2025-08-16,Hyderabad,Tamil Nadu,Meta Ads
C11894,2025-09-22,Kolkata,Gujarat,Meta Ads
C11895,2025-04-22,Pune,West Bengal,Google Ads
C11896,2025-09-08,Bangalore,West Bengal,Email
C11897,2025-06-13,Delhi,Tamil Nadu,Email
C11898,2025-12-24,Jaipur,Telangana,Meta Ads
C11899,2025-06-17,Pune,Telangana,Google Ads
C11900,2025-08-09,Gurgaon,Rajasthan,Influencer
C11901,2025-10-31,Hyderabad,Haryana,Influencer
C11902,2025-07-10,Chennai,Rajasthan,Meta Ads
C11903,2025-11-21,Bangalore,Rajasthan,Meta Ads
C11904,2025-06-19,Chennai,Telangana,Organic
C11905,2025-02-14,Delhi,Maharashtra,Meta Ads
C11906,2025-01-14,Chennai,Maharashtra,Influencer
C11907,2025-08-19,Delhi,Rajasthan,Meta Ads
C11908,2025-06-06,Delhi,Rajasthan,Meta Ads
C11909,2025-05-14,Mumbai,Karnataka,Meta Ads
C11910,2025-02-06,Mumbai,Haryana,Meta Ads
C11911,2025-02-22,Hyderabad,Haryana,Organic
C11912,2025-01-18,Delhi,Maharashtra,Meta Ads
C11913,2025-02-07,Hyderabad,Maharashtra,Meta Ads
C11914,2025-07-06,Mumbai,Delhi,Influencer
C11915,2025-07-15,Hyderabad,Maharashtra,Meta Ads
C11916,2025-08-31,Hyderabad,West Bengal,Meta Ads
C11917,2025-10-27,Ahmedabad,Delhi,Meta Ads
C11918,2025-10-30,Ahmedabad,Delhi,Meta Ads
C11919,2025-02-04,Delhi,Rajasthan,Organic
C11920,2025-08-03,Pune,Maharashtra,Meta Ads
C11921,2025-08-07,Chennai,Telangana,Organic
C11922,2025-11-12,Hyderabad,Karnataka,Google Ads
C11923,2025-03-31,Pune,Telangana,Organic
C11924,2025-11-04,Mumbai,West Bengal,Email
C11925,2025-09-09,Bangalore,Maharashtra,Meta Ads
C11926,2025-01-08,Chennai,Maharashtra,Organic
C11927,2025-09-13,Jaipur,Rajasthan,Influencer
C11928,2025-12-29,Chennai,Tamil Nadu,Email
C11929,2025-07-27,Hyderabad,West Bengal,Organic
C11930,2025-05-11,Delhi,Haryana,Meta Ads
C11931,2025-08-12,Delhi,Haryana,Meta Ads
C11932,2025-07-16,Hyderabad,Telangana,Meta Ads
C11933,2025-05-22,Hyderabad,Gujarat,Email
C11934,2025-09-09,Gurgaon,West Bengal,Organic
C11935,2025-04-06,Chennai,Maharashtra,Organic
C11936,2025-01-26,Ahmedabad,Maharashtra,Organic
C11937,2025-04-21,Ahmedabad,Tamil Nadu,Google Ads
C11938,2025-05-03,Jaipur,Delhi,Meta Ads
C11939,2025-07-05,Pune,West Bengal,Email
C11940,2025-06-17,Jaipur,Gujarat,Influencer
C11941,2025-02-20,Bangalore,Gujarat,Google Ads
C11942,2025-01-05,Bangalore,Karnataka,Google Ads
C11943,2025-03-18,Gurgaon,West Bengal,Google Ads
C11944,2025-06-09,Delhi,Delhi,Meta Ads
C11945,2025-07-27,Chennai,Karnataka,Meta Ads
C11946,2025-09-14,Bangalore,Tamil Nadu,Meta Ads
C11947,2025-07-24,Pune,Rajasthan,Google Ads
C11948,2025-09-12,Chennai,Haryana,Meta Ads
C11949,2025-01-11,Chennai,Haryana,Meta Ads
C11950,2025-01-08,Ahmedabad,Rajasthan,Influencer
C11951,2025-02-01,Delhi,Rajasthan,Email
C11952,2025-01-28,Bangalore,Tamil Nadu,Meta Ads
C11953,2025-07-25,Ahmedabad,Haryana,Meta Ads
C11954,2025-08-16,Kolkata,Maharashtra,Influencer
C11955,2025-05-08,Mumbai,Gujarat,Influencer
C11956,2025-09-12,Kolkata,Gujarat,Google Ads
C11957,2025-07-31,Kolkata,West Bengal,Organic
C11958,2025-08-27,Mumbai,Gujarat,Meta Ads
C11959,2025-07-26,Kolkata,Karnataka,Influencer
C11960,2025-11-14,Bangalore,Karnataka,Influencer
C11961,2025-10-10,Chennai,Maharashtra,Organic
C11962,2025-09-02,Ahmedabad,Delhi,Email
C11963,2025-02-14,Hyderabad,Karnataka,Meta Ads
C11964,2025-04-15,Gurgaon,Karnataka,Meta Ads
C11965,2025-12-14,Ahmedabad,West Bengal,Google Ads
C11966,2025-10-08,Pune,Rajasthan,Meta Ads
C11967,2025-08-22,Delhi,Delhi,Influencer
C11968,2025-07-08,Bangalore,Gujarat,Influencer
C11969,2025-02-13,Ahmedabad,Delhi,Influencer
C11970,2025-08-13,Bangalore,Karnataka,Meta Ads
C11971,2025-05-22,Jaipur,Telangana,Influencer
C11972,2025-05-16,Mumbai,Gujarat,Meta Ads
C11973,2025-06-25,Hyderabad,Delhi,Meta Ads
C11974,2025-05-22,Pune,Maharashtra,Organic
C11975,2025-03-21,Chennai,Haryana,Meta Ads
C11976,2025-03-23,Chennai,Tamil Nadu,Email
C11977,2025-05-15,Ahmedabad,Haryana,Google Ads
C11978,2025-07-26,Kolkata,Karnataka,Google Ads
C11979,2025-12-10,Mumbai,West Bengal,Influencer
C11980,2025-06-26,Kolkata,Delhi,Google Ads
C11981,2025-08-31,Kolkata,Maharashtra,Google Ads
C11982,2025-02-24,Pune,Rajasthan,Google Ads
C11983,2025-05-21,Bangalore,Telangana,Google Ads
C11984,2025-02-25,Ahmedabad,Gujarat,Google Ads
C11985,2025-01-15,Chennai,Rajasthan,Email
C11986,2025-07-04,Delhi,West Bengal,Email
C11987,2025-11-10,Kolkata,Delhi,Organic
C11988,2025-03-29,Jaipur,Haryana,Google Ads
C11989,2025-04-07,Pune,Tamil Nadu,Influencer
C11990,2025-05-24,Gurgaon,Gujarat,Organic
C11991,2025-01-08,Ahmedabad,Gujarat,Email
C11992,2025-08-03,Jaipur,Rajasthan,Organic
C11993,2025-06-22,Kolkata,Rajasthan,Email
C11994,2025-08-11,Bangalore,Telangana,Email
C11995,2025-02-09,Pune,Tamil Nadu,Influencer
C11996,2025-07-01,Hyderabad,Karnataka,Google Ads
C11997,2025-09-27,Delhi,Delhi,Google Ads
C11998,2025-07-06,Pune,Tamil Nadu,Influencer
C11999,2025-09-02,Jaipur,Delhi,Meta Ads
C12000,2025-11-05,Chennai,Rajasthan,Google Ads
