date,brand,channel,impressions,clicks,ad_spend
2025-01-01,AuraGlow,Meta Ads,22176,539,385.95
2025-01-01,AuraGlow,Google Ads,16015,340,332.86
2025-01-01,AuraGlow,Organic,2195,68,42.07
2025-01-01,AuraGlow,Influencer,12775,437,213.5
2025-01-01,AuraGlow,Email,3407,101,82.32
2025-01-01,UrbanThread,Meta Ads,23732,604,514.64
2025-01-01,UrbanThread,Google Ads,29357,994,591.27
2025-01-01,UrbanThread,Organic,2289,53,52.05
2025-01-01,UrbanThread,Influencer,7588,196,201.22
2025-01-01,UrbanThread,Email,6916,253,110.46
2025-01-01,HomeNest,Meta Ads,32853,1073,606.55
2025-01-01,HomeNest,Google Ads,27482,717,452.65
2025-01-01,HomeNest,Organic,1694,36,29.85
2025-01-01,HomeNest,Influencer,16724,371,299.33
2025-01-01,HomeNest,Email,1976,31,56.34
2025-01-01,TechEase,Meta Ads,31644,906,754.24
2025-01-01,TechEase,Google Ads,26496,491,462.98
2025-01-01,TechEase,Organic,2525,59,45.54
2025-01-01,TechEase,Influencer,10340,394,195.0
2025-01-01,TechEase,Email,3703,116,87.74
2025-01-01,WellRoot,Meta Ads,14913,411,395.35
2025-01-01,WellRoot,Google Ads,5738,179,144.26
2025-01-01,WellRoot,Organic,1066,17,29.8
2025-01-01,WellRoot,Influencer,6585,138,105.66
2025-01-01,WellRoot,Email,3426,51,78.52
2025-01-02,AuraGlow,Meta Ads,19410,602,389.95
2025-01-02,AuraGlow,Google Ads,19202,572,367.77
2025-01-02,AuraGlow,Organic,2488,90,39.11
2025-01-02,AuraGlow,Influencer,13188,505,267.9
2025-01-02,AuraGlow,Email,5697,160,112.01
2025-01-02,UrbanThread,Meta Ads,30392,603,559.94
2025-01-02,UrbanThread,Google Ads,18488,750,338.46
2025-01-02,UrbanThread,Organic,2738,83,62.69
2025-01-02,UrbanThread,Influencer,17784,446,371.24
2025-01-02,UrbanThread,Email,3104,52,86.6
2025-01-02,HomeNest,Meta Ads,31771,716,518.77
2025-01-02,HomeNest,Google Ads,16829,360,341.41
2025-01-02,HomeNest,Organic,1826,61,41.46
2025-01-02,HomeNest,Influencer,11500,394,321.92
2025-01-02,HomeNest,Email,4039,125,94.67
2025-01-02,TechEase,Meta Ads,19520,874,462.19
2025-01-02,TechEase,Google Ads,18944,834,376.18
2025-01-02,TechEase,Organic,2982,81,58.52
2025-01-02,TechEase,Influencer,13205,565,259.1
2025-01-02,TechEase,Email,4920,127,80.04
2025-01-02,WellRoot,Meta Ads,16998,502,271.98
2025-01-02,WellRoot,Google Ads,10692,161,168.66
2025-01-02,WellRoot,Organic,1619,70,26.55
2025-01-02,WellRoot,Influencer,7149,216,169.04
2025-01-02,WellRoot,Email,4466,124,85.55
2025-01-03,AuraGlow,Meta Ads,24774,948,630.45
2025-01-03,AuraGlow,Google Ads,24280,653,373.94
2025-01-03,AuraGlow,Organic,1821,59,42.18
2025-01-03,AuraGlow,Influencer,10668,281,236.81
2025-01-03,AuraGlow,Email,6486,233,105.98
2025-01-03,UrbanThread,Meta Ads,17290,376,429.08
2025-01-03,UrbanThread,Google Ads,24972,543,410.81
2025-01-03,UrbanThread,Organic,2957,127,62.14
2025-01-03,UrbanThread,Influencer,15916,613,292.47
2025-01-03,UrbanThread,Email,4186,150,89.04
2025-01-03,HomeNest,Meta Ads,17619,664,501.48
2025-01-03,HomeNest,Google Ads,20489,535,478.3
2025-01-03,HomeNest,Organic,3017,118,50.78
2025-01-03,HomeNest,Influencer,16471,367,261.54
2025-01-03,HomeNest,Email,7084,235,115.29
2025-01-03,TechEase,Meta Ads,32468,1014,507.87
2025-01-03,TechEase,Google Ads,21379,736,449.16
2025-01-03,TechEase,Organic,2255,37,52.33
2025-01-03,TechEase,Influencer,14916,453,306.2
2025-01-03,TechEase,Email,5731,178,109.12
2025-01-03,WellRoot,Meta Ads,7652,278,144.51
2025-01-03,WellRoot,Google Ads,10654,430,247.48
2025-01-03,WellRoot,Organic,1657,70,33.88
2025-01-03,WellRoot,Influencer,6715,210,190.0
2025-01-03,WellRoot,Email,2981,59,51.95
2025-01-04,AuraGlow,Meta Ads,34239,970,560.54
2025-01-04,AuraGlow,Google Ads,20857,788,379.05
2025-01-04,AuraGlow,Organic,1594,47,39.35
2025-01-04,AuraGlow,Influencer,11078,469,266.73
2025-01-04,AuraGlow,Email,4227,167,77.85
2025-01-04,UrbanThread,Meta Ads,27365,854,472.08
2025-01-04,UrbanThread,Google Ads,18886,444,406.27
2025-01-04,UrbanThread,Organic,2003,76,56.13
2025-01-04,UrbanThread,Influencer,20183,617,355.89
2025-01-04,UrbanThread,Email,3902,137,105.36
2025-01-04,HomeNest,Meta Ads,32480,1158,576.56
2025-01-04,HomeNest,Google Ads,10356,300,180.16
2025-01-04,HomeNest,Organic,1391,35,38.86
2025-01-04,HomeNest,Influencer,14873,348,287.42
2025-01-04,HomeNest,Email,4230,69,72.72
2025-01-04,TechEase,Meta Ads,29336,1266,574.48
2025-01-04,TechEase,Google Ads,21898,684,503.18
2025-01-04,TechEase,Organic,2865,120,44.59
2025-01-04,TechEase,Influencer,10546,190,286.69
2025-01-04,TechEase,Email,5083,202,98.82
2025-01-04,WellRoot,Meta Ads,20658,861,335.12
2025-01-04,WellRoot,Google Ads,17503,635,355.8
2025-01-04,WellRoot,Organic,1665,46,42.03
2025-01-04,WellRoot,Influencer,5248,171,137.38
2025-01-04,WellRoot,Email,2902,50,71.58
2025-01-05,AuraGlow,Meta Ads,24239,648,533.68
2025-01-05,AuraGlow,Google Ads,19772,356,516.22
2025-01-05,AuraGlow,Organic,1689,58,38.42
2025-01-05,AuraGlow,Influencer,9534,155,250.33
2025-01-05,AuraGlow,Email,4668,189,100.53
2025-01-05,UrbanThread,Meta Ads,21891,435,542.07
2025-01-05,UrbanThread,Google Ads,22267,399,496.4
2025-01-05,UrbanThread,Organic,2851,60,51.05
2025-01-05,UrbanThread,Influencer,16171,726,325.91
2025-01-05,UrbanThread,Email,7136,254,113.83
2025-01-05,HomeNest,Meta Ads,20591,681,431.88
2025-01-05,HomeNest,Google Ads,16049,508,278.99
2025-01-05,HomeNest,Organic,1435,29,32.73
2025-01-05,HomeNest,Influencer,10428,277,189.77
2025-01-05,HomeNest,Email,3919,172,74.58
2025-01-05,TechEase,Meta Ads,20290,896,579.4
2025-01-05,TechEase,Google Ads,25726,917,485.47
2025-01-05,TechEase,Organic,2414,99,48.62
2025-01-05,TechEase,Influencer,18740,582,326.83
2025-01-05,TechEase,Email,6526,274,108.32
2025-01-05,WellRoot,Meta Ads,14905,308,241.23
2025-01-05,WellRoot,Google Ads,13109,491,239.78
2025-01-05,WellRoot,Organic,2065,82,37.8
2025-01-05,WellRoot,Influencer,12262,488,222.32
2025-01-05,WellRoot,Email,3245,98,76.07
2025-01-06,AuraGlow,Meta Ads,17165,259,480.49
2025-01-06,AuraGlow,Google Ads,17889,736,454.31
2025-01-06,AuraGlow,Organic,2989,97,47.43
2025-01-06,AuraGlow,Influencer,8932,220,205.61
2025-01-06,AuraGlow,Email,5385,110,87.49
2025-01-06,UrbanThread,Meta Ads,28025,1120,601.4
2025-01-06,UrbanThread,Google Ads,20189,711,451.32
2025-01-06,UrbanThread,Organic,1927,56,40.07
2025-01-06,UrbanThread,Influencer,13321,584,270.53
2025-01-06,UrbanThread,Email,4223,80,107.21
2025-01-06,HomeNest,Meta Ads,18777,541,471.71
2025-01-06,HomeNest,Google Ads,19805,516,371.72
2025-01-06,HomeNest,Organic,1579,28,34.77
2025-01-06,HomeNest,Influencer,7876,273,211.81
2025-01-06,HomeNest,Email,4609,192,87.89
2025-01-06,TechEase,Meta Ads,26682,1144,455.1
2025-01-06,TechEase,Google Ads,17812,623,437.35
2025-01-06,TechEase,Organic,3148,56,52.22
2025-01-06,TechEase,Influencer,10246,360,236.54
2025-01-06,TechEase,Email,3381,112,81.35
2025-01-06,WellRoot,Meta Ads,21010,676,580.86
2025-01-06,WellRoot,Google Ads,10092,214,170.68
2025-01-06,WellRoot,Organic,1240,22,23.29
2025-01-06,WellRoot,Influencer,11477,472,195.96
2025-01-06,WellRoot,Email,2798,125,58.57
2025-01-07,AuraGlow,Meta Ads,23977,927,501.44
2025-01-07,AuraGlow,Google Ads,21490,716,453.81
2025-01-07,AuraGlow,Organic,2646,101,44.16
2025-01-07,AuraGlow,Influencer,13049,238,273.62
2025-01-07,AuraGlow,Email,4190,63,101.31
2025-01-07,UrbanThread,Meta Ads,27775,948,642.48
2025-01-07,UrbanThread,Google Ads,22905,864,374.45
2025-01-07,UrbanThread,Organic,2493,42,52.05
2025-01-07,UrbanThread,Influencer,12742,565,282.58
2025-01-07,UrbanThread,Email,5638,247,122.61
2025-01-07,HomeNest,Meta Ads,19416,604,417.9
2025-01-07,HomeNest,Google Ads,15604,506,376.93
2025-01-07,HomeNest,Organic,3401,76,54.83
2025-01-07,HomeNest,Influencer,7547,324,209.08
2025-01-07,HomeNest,Email,5929,131,106.82
2025-01-07,TechEase,Meta Ads,37719,636,608.15
2025-01-07,TechEase,Google Ads,19042,815,465.46
2025-01-07,TechEase,Organic,1897,49,48.11
2025-01-07,TechEase,Influencer,10963,199,265.6
2025-01-07,TechEase,Email,4536,78,81.92
2025-01-07,WellRoot,Meta Ads,15596,640,291.11
2025-01-07,WellRoot,Google Ads,17952,627,286.74
2025-01-07,WellRoot,Organic,2449,74,46.84
2025-01-07,WellRoot,Influencer,10291,227,220.61
2025-01-07,WellRoot,Email,3297,66,80.38
2025-01-08,AuraGlow,Meta Ads,17181,755,402.94
2025-01-08,AuraGlow,Google Ads,26051,748,444.81
2025-01-08,AuraGlow,Organic,1596,53,40.28
2025-01-08,AuraGlow,Influencer,13548,460,293.18
2025-01-08,AuraGlow,Email,3890,123,74.8
2025-01-08,UrbanThread,Meta Ads,32855,725,555.96
2025-01-08,UrbanThread,Google Ads,26380,700,501.19
2025-01-08,UrbanThread,Organic,2986,117,55.07
2025-01-08,UrbanThread,Influencer,11442,454,255.52
2025-01-08,UrbanThread,Email,4744,92,112.77
2025-01-08,HomeNest,Meta Ads,20409,682,365.43
2025-01-08,HomeNest,Google Ads,21951,422,489.87
2025-01-08,HomeNest,Organic,1436,29,38.39
2025-01-08,HomeNest,Influencer,6667,241,189.67
2025-01-08,HomeNest,Email,3199,50,84.09
2025-01-08,TechEase,Meta Ads,18284,685,429.12
2025-01-08,TechEase,Google Ads,22374,760,387.21
2025-01-08,TechEase,Organic,1676,47,42.29
2025-01-08,TechEase,Influencer,11461,199,249.88
2025-01-08,TechEase,Email,3905,139,93.36
2025-01-08,WellRoot,Meta Ads,15734,287,251.41
2025-01-08,WellRoot,Google Ads,13409,207,256.66
2025-01-08,WellRoot,Organic,1850,64,30.96
2025-01-08,WellRoot,Influencer,9008,155,178.88
2025-01-08,WellRoot,Email,3417,111,61.61
2025-01-09,AuraGlow,Meta Ads,33746,1210,713.09
2025-01-09,AuraGlow,Google Ads,21196,582,380.0
2025-01-09,AuraGlow,Organic,2299,60,47.66
2025-01-09,AuraGlow,Influencer,14504,443,248.65
2025-01-09,AuraGlow,Email,6739,232,107.21
2025-01-09,UrbanThread,Meta Ads,28205,578,543.12
2025-01-09,UrbanThread,Google Ads,18271,810,467.99
2025-01-09,UrbanThread,Organic,2600,93,45.18
2025-01-09,UrbanThread,Influencer,12564,304,324.73
2025-01-09,UrbanThread,Email,5892,103,112.78
2025-01-09,HomeNest,Meta Ads,14706,388,340.82
2025-01-09,HomeNest,Google Ads,23147,1038,376.26
2025-01-09,HomeNest,Organic,2172,79,45.77
2025-01-09,HomeNest,Influencer,13424,496,277.39
2025-01-09,HomeNest,Email,2888,93,74.54
2025-01-09,TechEase,Meta Ads,20990,434,522.13
2025-01-09,TechEase,Google Ads,18706,821,527.88
2025-01-09,TechEase,Organic,1929,86,49.34
2025-01-09,TechEase,Influencer,12928,291,263.19
2025-01-09,TechEase,Email,3185,142,80.04
2025-01-09,WellRoot,Meta Ads,19438,592,312.05
2025-01-09,WellRoot,Google Ads,18481,287,352.57
2025-01-09,WellRoot,Organic,2609,50,43.5
2025-01-09,WellRoot,Influencer,9003,138,186.77
2025-01-09,WellRoot,Email,3050,124,53.04
2025-01-10,AuraGlow,Meta Ads,21632,856,524.07
2025-01-10,AuraGlow,Google Ads,20333,904,406.7
2025-01-10,AuraGlow,Organic,2021,44,47.64
2025-01-10,AuraGlow,Influencer,17313,332,275.88
2025-01-10,AuraGlow,Email,5307,236,85.55
2025-01-10,UrbanThread,Meta Ads,23965,493,548.64
2025-01-10,UrbanThread,Google Ads,12350,545,340.35
2025-01-10,UrbanThread,Organic,1452,56,38.13
2025-01-10,UrbanThread,Influencer,8953,288,208.06
2025-01-10,UrbanThread,Email,6757,116,125.3
2025-01-10,HomeNest,Meta Ads,31969,1240,508.53
2025-01-10,HomeNest,Google Ads,17293,705,436.44
2025-01-10,HomeNest,Organic,1721,66,32.36
2025-01-10,HomeNest,Influencer,15739,392,244.71
2025-01-10,HomeNest,Email,3875,157,75.01
2025-01-10,TechEase,Meta Ads,21852,461,402.21
2025-01-10,TechEase,Google Ads,24164,472,407.61
2025-01-10,TechEase,Organic,2678,69,52.84
2025-01-10,TechEase,Influencer,10601,328,238.14
2025-01-10,TechEase,Email,3803,88,90.38
2025-01-10,WellRoot,Meta Ads,27707,452,450.43
2025-01-10,WellRoot,Google Ads,20313,701,343.93
2025-01-10,WellRoot,Organic,1568,70,29.1
2025-01-10,WellRoot,Influencer,7580,212,147.24
2025-01-10,WellRoot,Email,5707,243,88.51
2025-01-11,AuraGlow,Meta Ads,18688,372,514.5
2025-01-11,AuraGlow,Google Ads,14201,609,331.38
2025-01-11,AuraGlow,Organic,2073,59,43.17
2025-01-11,AuraGlow,Influencer,13572,514,271.81
2025-01-11,AuraGlow,Email,3768,62,94.28
2025-01-11,UrbanThread,Meta Ads,26190,536,544.88
2025-01-11,UrbanThread,Google Ads,27193,444,491.66
2025-01-11,UrbanThread,Organic,2643,66,49.56
2025-01-11,UrbanThread,Influencer,19563,621,311.75
2025-01-11,UrbanThread,Email,5072,199,82.59
2025-01-11,HomeNest,Meta Ads,27723,961,450.39
2025-01-11,HomeNest,Google Ads,14407,305,237.55
2025-01-11,HomeNest,Organic,2258,50,35.74
2025-01-11,HomeNest,Influencer,8837,177,184.97
2025-01-11,HomeNest,Email,4745,117,106.26
2025-01-11,TechEase,Meta Ads,36134,1108,568.47
2025-01-11,TechEase,Google Ads,23127,642,463.57
2025-01-11,TechEase,Organic,808,14,21.25
2025-01-11,TechEase,Influencer,10715,395,290.7
2025-01-11,TechEase,Email,6207,99,100.64
2025-01-11,WellRoot,Meta Ads,23284,506,386.48
2025-01-11,WellRoot,Google Ads,19109,701,340.59
2025-01-11,WellRoot,Organic,1908,63,41.63
2025-01-11,WellRoot,Influencer,8819,344,147.86
2025-01-11,WellRoot,Email,2716,54,71.57
2025-01-12,AuraGlow,Meta Ads,38236,1103,695.21
2025-01-12,AuraGlow,Google Ads,23509,757,424.62
2025-01-12,AuraGlow,Organic,1900,57,46.37
2025-01-12,AuraGlow,Influencer,10821,265,242.28
2025-01-12,AuraGlow,Email,3511,147,80.79
2025-01-12,UrbanThread,Meta Ads,19765,755,406.74
2025-01-12,UrbanThread,Google Ads,21267,572,343.54
2025-01-12,UrbanThread,Organic,2739,98,44.47
2025-01-12,UrbanThread,Influencer,15548,434,287.37
2025-01-12,UrbanThread,Email,3355,51,90.68
2025-01-12,HomeNest,Meta Ads,25286,888,550.67
2025-01-12,HomeNest,Google Ads,24873,1006,430.84
2025-01-12,HomeNest,Organic,2254,93,38.03
2025-01-12,HomeNest,Influencer,12751,542,262.05
2025-01-12,HomeNest,Email,6346,236,103.66
2025-01-12,TechEase,Meta Ads,23977,470,463.36
2025-01-12,TechEase,Google Ads,22342,678,474.77
2025-01-12,TechEase,Organic,2736,108,64.23
2025-01-12,TechEase,Influencer,6858,180,188.12
2025-01-12,TechEase,Email,4650,167,82.41
2025-01-12,WellRoot,Meta Ads,18901,633,306.79
2025-01-12,WellRoot,Google Ads,11848,480,305.3
2025-01-12,WellRoot,Organic,1196,21,33.59
2025-01-12,WellRoot,Influencer,9128,324,167.54
2025-01-12,WellRoot,Email,3852,80,63.43
2025-01-13,AuraGlow,Meta Ads,30507,955,538.58
2025-01-13,AuraGlow,Google Ads,22956,512,420.74
2025-01-13,AuraGlow,Organic,1904,46,51.54
2025-01-13,AuraGlow,Influencer,13806,571,254.31
2025-01-13,AuraGlow,Email,5944,99,96.65
2025-01-13,UrbanThread,Meta Ads,22950,887,412.95
2025-01-13,UrbanThread,Google Ads,17198,262,474.48
2025-01-13,UrbanThread,Organic,1707,38,39.46
2025-01-13,UrbanThread,Influencer,13306,478,258.57
2025-01-13,UrbanThread,Email,6391,116,113.35
2025-01-13,HomeNest,Meta Ads,31025,846,482.74
2025-01-13,HomeNest,Google Ads,22517,470,440.85
2025-01-13,HomeNest,Organic,1933,38,51.48
2025-01-13,HomeNest,Influencer,11350,405,223.93
2025-01-13,HomeNest,Email,5451,129,85.65
2025-01-13,TechEase,Meta Ads,28388,510,539.66
2025-01-13,TechEase,Google Ads,17753,797,302.8
2025-01-13,TechEase,Organic,2324,93,56.03
2025-01-13,TechEase,Influencer,10727,371,270.05
2025-01-13,TechEase,Email,5144,165,85.88
2025-01-13,WellRoot,Meta Ads,26831,410,530.24
2025-01-13,WellRoot,Google Ads,12223,251,291.97
2025-01-13,WellRoot,Organic,1642,51,25.74
2025-01-13,WellRoot,Influencer,5644,94,158.67
2025-01-13,WellRoot,Email,4936,78,104.63
2025-01-14,AuraGlow,Meta Ads,19291,660,479.85
2025-01-14,AuraGlow,Google Ads,13690,520,372.23
2025-01-14,AuraGlow,Organic,1605,29,30.42
2025-01-14,AuraGlow,Influencer,11148,308,250.67
2025-01-14,AuraGlow,Email,4091,131,94.68
2025-01-14,UrbanThread,Meta Ads,28546,1131,531.74
2025-01-14,UrbanThread,Google Ads,16185,404,430.39
2025-01-14,UrbanThread,Organic,2982,84,50.38
2025-01-14,UrbanThread,Influencer,12612,307,262.67
2025-01-14,UrbanThread,Email,4899,84,121.98
2025-01-14,HomeNest,Meta Ads,34856,1353,536.95
2025-01-14,HomeNest,Google Ads,16102,713,427.42
2025-01-14,HomeNest,Organic,1877,82,52.64
2025-01-14,HomeNest,Influencer,10646,366,221.44
2025-01-14,HomeNest,Email,4325,70,97.29
2025-01-14,TechEase,Meta Ads,26946,497,556.63
2025-01-14,TechEase,Google Ads,19512,833,394.07
2025-01-14,TechEase,Organic,2142,64,50.37
2025-01-14,TechEase,Influencer,10959,476,254.02
2025-01-14,TechEase,Email,5917,209,125.81
2025-01-14,WellRoot,Meta Ads,19790,872,450.08
2025-01-14,WellRoot,Google Ads,11054,292,281.4
2025-01-14,WellRoot,Organic,862,13,21.92
2025-01-14,WellRoot,Influencer,11125,216,205.25
2025-01-14,WellRoot,Email,3754,70,61.27
2025-01-15,AuraGlow,Meta Ads,19474,384,475.58
2025-01-15,AuraGlow,Google Ads,16706,660,315.39
2025-01-15,AuraGlow,Organic,1829,41,36.93
2025-01-15,AuraGlow,Influencer,7947,150,198.64
2025-01-15,AuraGlow,Email,3302,79,90.75
2025-01-15,UrbanThread,Meta Ads,26681,915,504.92
2025-01-15,UrbanThread,Google Ads,26657,989,467.77
2025-01-15,UrbanThread,Organic,3085,65,48.3
2025-01-15,UrbanThread,Influencer,11411,418,279.63
2025-01-15,UrbanThread,Email,4711,151,82.04
2025-01-15,HomeNest,Meta Ads,15757,358,316.48
2025-01-15,HomeNest,Google Ads,22973,733,355.47
2025-01-15,HomeNest,Organic,2425,87,49.85
2025-01-15,HomeNest,Influencer,15054,584,267.61
2025-01-15,HomeNest,Email,3076,101,54.7
2025-01-15,TechEase,Meta Ads,31002,549,583.4
2025-01-15,TechEase,Google Ads,24768,812,443.35
2025-01-15,TechEase,Organic,2345,39,56.42
2025-01-15,TechEase,Influencer,20464,433,319.3
2025-01-15,TechEase,Email,6426,230,98.87
2025-01-15,WellRoot,Meta Ads,16356,693,417.0
2025-01-15,WellRoot,Google Ads,14781,603,254.84
2025-01-15,WellRoot,Organic,1730,45,30.12
2025-01-15,WellRoot,Influencer,14529,419,229.97
2025-01-15,WellRoot,Email,3492,95,73.96
2025-01-16,AuraGlow,Meta Ads,20112,707,458.18
2025-01-16,AuraGlow,Google Ads,26901,642,441.36
2025-01-16,AuraGlow,Organic,1425,21,27.55
2025-01-16,AuraGlow,Influencer,7434,164,163.29
2025-01-16,AuraGlow,Email,2677,77,68.96
2025-01-16,UrbanThread,Meta Ads,23042,630,582.61
2025-01-16,UrbanThread,Google Ads,23509,818,383.37
2025-01-16,UrbanThread,Organic,2850,50,44.77
2025-01-16,UrbanThread,Influencer,18070,275,296.22
2025-01-16,UrbanThread,Email,5598,187,95.52
2025-01-16,HomeNest,Meta Ads,27446,1100,558.03
2025-01-16,HomeNest,Google Ads,15063,616,379.25
2025-01-16,HomeNest,Organic,1870,74,33.28
2025-01-16,HomeNest,Influencer,12991,309,234.35
2025-01-16,HomeNest,Email,4501,162,100.53
2025-01-16,TechEase,Meta Ads,19616,554,549.51
2025-01-16,TechEase,Google Ads,17414,626,450.55
2025-01-16,TechEase,Organic,2276,52,57.16
2025-01-16,TechEase,Influencer,10301,160,273.01
2025-01-16,TechEase,Email,5640,192,111.65
2025-01-16,WellRoot,Meta Ads,17658,314,411.32
2025-01-16,WellRoot,Google Ads,12626,309,270.34
2025-01-16,WellRoot,Organic,1465,25,40.46
2025-01-16,WellRoot,Influencer,5904,214,136.7
2025-01-16,WellRoot,Email,2346,59,52.43
2025-01-17,AuraGlow,Meta Ads,35033,1323,604.28
2025-01-17,AuraGlow,Google Ads,14600,483,350.41
2025-01-17,AuraGlow,Organic,1927,32,45.14
2025-01-17,AuraGlow,Influencer,13997,297,264.42
2025-01-17,AuraGlow,Email,4783,203,100.37
2025-01-17,UrbanThread,Meta Ads,36789,999,576.36
2025-01-17,UrbanThread,Google Ads,25402,416,410.57
2025-01-17,UrbanThread,Organic,1540,46,35.47
2025-01-17,UrbanThread,Influencer,10156,334,237.14
2025-01-17,UrbanThread,Email,4917,126,116.74
2025-01-17,HomeNest,Meta Ads,24180,445,571.88
2025-01-17,HomeNest,Google Ads,14353,216,381.7
2025-01-17,HomeNest,Organic,2129,61,38.53
2025-01-17,HomeNest,Influencer,11831,268,209.9
2025-01-17,HomeNest,Email,5621,208,104.08
2025-01-17,TechEase,Meta Ads,24584,468,603.08
2025-01-17,TechEase,Google Ads,27676,656,488.66
2025-01-17,TechEase,Organic,3346,68,59.53
2025-01-17,TechEase,Influencer,13090,382,304.13
2025-01-17,TechEase,Email,5591,158,104.34
2025-01-17,WellRoot,Meta Ads,17982,320,304.05
2025-01-17,WellRoot,Google Ads,12768,463,284.76
2025-01-17,WellRoot,Organic,1594,45,28.73
2025-01-17,WellRoot,Influencer,9231,271,175.95
2025-01-17,WellRoot,Email,3825,98,76.92
2025-01-18,AuraGlow,Meta Ads,15407,678,354.15
2025-01-18,AuraGlow,Google Ads,18235,799,380.53
2025-01-18,AuraGlow,Organic,1568,50,41.65
2025-01-18,AuraGlow,Influencer,11842,462,202.12
2025-01-18,AuraGlow,Email,5850,257,101.72
2025-01-18,UrbanThread,Meta Ads,18508,658,510.82
2025-01-18,UrbanThread,Google Ads,19140,835,528.97
2025-01-18,UrbanThread,Organic,2193,97,45.37
2025-01-18,UrbanThread,Influencer,17501,761,327.74
2025-01-18,UrbanThread,Email,4236,155,90.26
2025-01-18,HomeNest,Meta Ads,20251,814,474.12
2025-01-18,HomeNest,Google Ads,16014,702,399.5
2025-01-18,HomeNest,Organic,1549,63,39.62
2025-01-18,HomeNest,Influencer,11166,292,235.5
2025-01-18,HomeNest,Email,2839,118,71.36
2025-01-18,TechEase,Meta Ads,28603,1123,527.25
2025-01-18,TechEase,Google Ads,12871,571,302.15
2025-01-18,TechEase,Organic,2806,97,47.08
2025-01-18,TechEase,Influencer,14111,599,340.45
2025-01-18,TechEase,Email,5021,141,88.42
2025-01-18,WellRoot,Meta Ads,17027,620,449.49
2025-01-18,WellRoot,Google Ads,13315,396,253.02
2025-01-18,WellRoot,Organic,1441,34,26.02
2025-01-18,WellRoot,Influencer,10947,238,177.35
2025-01-18,WellRoot,Email,4753,188,89.37
2025-01-19,AuraGlow,Meta Ads,33839,1311,569.12
2025-01-19,AuraGlow,Google Ads,13155,481,370.26
2025-01-19,AuraGlow,Organic,2695,44,48.54
2025-01-19,AuraGlow,Influencer,15798,338,293.75
2025-01-19,AuraGlow,Email,4550,147,101.41
2025-01-19,UrbanThread,Meta Ads,26498,1010,464.94
2025-01-19,UrbanThread,Google Ads,19594,432,454.91
2025-01-19,UrbanThread,Organic,2811,69,50.29
2025-01-19,UrbanThread,Influencer,17434,437,316.93
2025-01-19,UrbanThread,Email,3992,66,104.97
2025-01-19,HomeNest,Meta Ads,21724,749,516.41
2025-01-19,HomeNest,Google Ads,26503,540,424.7
2025-01-19,HomeNest,Organic,2311,98,38.18
2025-01-19,HomeNest,Influencer,10471,196,228.62
2025-01-19,HomeNest,Email,3214,108,82.38
2025-01-19,TechEase,Meta Ads,29859,782,518.84
2025-01-19,TechEase,Google Ads,25496,753,494.48
2025-01-19,TechEase,Organic,2572,106,47.79
2025-01-19,TechEase,Influencer,10808,242,243.85
2025-01-19,TechEase,Email,5502,215,122.58
2025-01-19,WellRoot,Meta Ads,18642,676,419.66
2025-01-19,WellRoot,Google Ads,15421,463,308.84
2025-01-19,WellRoot,Organic,1871,47,31.55
2025-01-19,WellRoot,Influencer,5941,212,133.18
2025-01-19,WellRoot,Email,3071,118,59.0
2025-01-20,AuraGlow,Meta Ads,31191,1342,640.43
2025-01-20,AuraGlow,Google Ads,15161,416,289.79
2025-01-20,AuraGlow,Organic,1841,45,46.74
2025-01-20,AuraGlow,Influencer,20045,551,326.46
2025-01-20,AuraGlow,Email,5244,110,88.32
2025-01-20,UrbanThread,Meta Ads,30883,804,589.9
2025-01-20,UrbanThread,Google Ads,25006,1087,422.71
2025-01-20,UrbanThread,Organic,2951,84,56.41
2025-01-20,UrbanThread,Influencer,10792,170,245.64
2025-01-20,UrbanThread,Email,4325,182,92.74
2025-01-20,HomeNest,Meta Ads,18823,815,466.44
2025-01-20,HomeNest,Google Ads,14071,426,250.71
2025-01-20,HomeNest,Organic,1570,46,36.7
2025-01-20,HomeNest,Influencer,11515,468,231.24
2025-01-20,HomeNest,Email,5074,139,86.96
2025-01-20,TechEase,Meta Ads,26444,1127,697.17
2025-01-20,TechEase,Google Ads,21471,762,404.19
2025-01-20,TechEase,Organic,2491,70,49.05
2025-01-20,TechEase,Influencer,20556,630,320.9
2025-01-20,TechEase,Email,4978,158,89.79
2025-01-20,WellRoot,Meta Ads,18664,837,320.5
2025-01-20,WellRoot,Google Ads,12796,380,296.93
2025-01-20,WellRoot,Organic,1510,33,33.61
2025-01-20,WellRoot,Influencer,4593,189,128.8
2025-01-20,WellRoot,Email,3009,102,78.16
2025-01-21,AuraGlow,Meta Ads,19596,859,554.61
2025-01-21,AuraGlow,Google Ads,30528,540,554.33
2025-01-21,AuraGlow,Organic,2569,46,42.04
2025-01-21,AuraGlow,Influencer,10274,210,249.5
2025-01-21,AuraGlow,Email,5660,192,96.48
2025-01-21,UrbanThread,Meta Ads,30364,687,548.27
2025-01-21,UrbanThread,Google Ads,23388,738,460.98
2025-01-21,UrbanThread,Organic,3243,63,50.53
2025-01-21,UrbanThread,Influencer,15795,583,284.92
2025-01-21,UrbanThread,Email,4061,94,107.76
2025-01-21,HomeNest,Meta Ads,15090,280,406.61
2025-01-21,HomeNest,Google Ads,14696,351,375.85
2025-01-21,HomeNest,Organic,2955,46,46.26
2025-01-21,HomeNest,Influencer,10066,388,223.52
2025-01-21,HomeNest,Email,4788,118,90.45
2025-01-21,TechEase,Meta Ads,18153,296,420.42
2025-01-21,TechEase,Google Ads,15900,329,382.85
2025-01-21,TechEase,Organic,2664,52,55.81
2025-01-21,TechEase,Influencer,15822,338,279.48
2025-01-21,TechEase,Email,4771,126,105.71
2025-01-21,WellRoot,Meta Ads,21248,833,334.14
2025-01-21,WellRoot,Google Ads,14089,440,244.37
2025-01-21,WellRoot,Organic,1208,52,34.1
2025-01-21,WellRoot,Influencer,13333,438,240.34
2025-01-21,WellRoot,Email,2812,111,63.39
2025-01-22,AuraGlow,Meta Ads,34940,1018,591.56
2025-01-22,AuraGlow,Google Ads,22208,334,349.98
2025-01-22,AuraGlow,Organic,1678,41,32.6
2025-01-22,AuraGlow,Influencer,14121,594,247.7
2025-01-22,AuraGlow,Email,4135,149,76.09
2025-01-22,UrbanThread,Meta Ads,21621,464,557.45
2025-01-22,UrbanThread,Google Ads,24296,665,434.34
2025-01-22,UrbanThread,Organic,1766,63,43.5
2025-01-22,UrbanThread,Influencer,14619,260,234.04
2025-01-22,UrbanThread,Email,4073,123,106.25
2025-01-22,HomeNest,Meta Ads,17363,443,468.1
2025-01-22,HomeNest,Google Ads,13149,546,321.81
2025-01-22,HomeNest,Organic,1775,40,47.65
2025-01-22,HomeNest,Influencer,8622,234,236.21
2025-01-22,HomeNest,Email,6207,254,118.15
2025-01-22,TechEase,Meta Ads,39062,1450,636.13
2025-01-22,TechEase,Google Ads,25595,779,464.96
2025-01-22,TechEase,Organic,2788,121,53.7
2025-01-22,TechEase,Influencer,12054,499,317.47
2025-01-22,TechEase,Email,4125,122,85.11
2025-01-22,WellRoot,Meta Ads,9879,202,184.3
2025-01-22,WellRoot,Google Ads,11670,221,250.19
2025-01-22,WellRoot,Organic,1671,58,27.65
2025-01-22,WellRoot,Influencer,7399,206,156.61
2025-01-22,WellRoot,Email,2195,95,47.2
2025-01-23,AuraGlow,Meta Ads,23960,798,588.62
2025-01-23,AuraGlow,Google Ads,10335,225,268.9
2025-01-23,AuraGlow,Organic,1478,36,42.22
2025-01-23,AuraGlow,Influencer,15854,247,277.75
2025-01-23,AuraGlow,Email,4392,194,99.26
2025-01-23,UrbanThread,Meta Ads,21497,661,406.18
2025-01-23,UrbanThread,Google Ads,19240,735,434.95
2025-01-23,UrbanThread,Organic,1635,65,46.56
2025-01-23,UrbanThread,Influencer,12773,463,242.51
2025-01-23,UrbanThread,Email,4891,102,108.92
2025-01-23,HomeNest,Meta Ads,18910,550,379.91
2025-01-23,HomeNest,Google Ads,14043,369,262.61
2025-01-23,HomeNest,Organic,2030,47,44.13
2025-01-23,HomeNest,Influencer,14311,619,229.14
2025-01-23,HomeNest,Email,4782,85,78.75
2025-01-23,TechEase,Meta Ads,24878,981,630.09
2025-01-23,TechEase,Google Ads,17537,729,413.53
2025-01-23,TechEase,Organic,2408,69,48.28
2025-01-23,TechEase,Influencer,11664,431,229.66
2025-01-23,TechEase,Email,5038,131,97.16
2025-01-23,WellRoot,Meta Ads,30080,491,469.22
2025-01-23,WellRoot,Google Ads,16571,348,354.57
2025-01-23,WellRoot,Organic,1392,24,27.5
2025-01-23,WellRoot,Influencer,10659,292,213.54
2025-01-23,WellRoot,Email,2729,86,46.38
2025-01-24,AuraGlow,Meta Ads,21371,877,498.61
2025-01-24,AuraGlow,Google Ads,21470,937,364.25
2025-01-24,AuraGlow,Organic,2294,58,57.41
2025-01-24,AuraGlow,Influencer,8648,263,226.34
2025-01-24,AuraGlow,Email,4163,174,87.58
2025-01-24,UrbanThread,Meta Ads,24439,436,568.65
2025-01-24,UrbanThread,Google Ads,24079,558,423.95
2025-01-24,UrbanThread,Organic,3096,79,58.91
2025-01-24,UrbanThread,Influencer,12885,240,255.51
2025-01-24,UrbanThread,Email,6728,110,110.16
2025-01-24,HomeNest,Meta Ads,21127,342,431.2
2025-01-24,HomeNest,Google Ads,15524,269,408.39
2025-01-24,HomeNest,Organic,1761,45,33.75
2025-01-24,HomeNest,Influencer,11852,449,198.87
2025-01-24,HomeNest,Email,3290,59,92.3
2025-01-24,TechEase,Meta Ads,16951,405,403.38
2025-01-24,TechEase,Google Ads,18369,719,476.1
2025-01-24,TechEase,Organic,3577,73,58.0
2025-01-24,TechEase,Influencer,17062,343,271.91
2025-01-24,TechEase,Email,3224,128,83.86
2025-01-24,WellRoot,Meta Ads,12407,296,337.05
2025-01-24,WellRoot,Google Ads,24856,1039,427.51
2025-01-24,WellRoot,Organic,1094,36,26.08
2025-01-24,WellRoot,Influencer,14279,545,256.73
2025-01-24,WellRoot,Email,3350,68,67.8
2025-01-25,AuraGlow,Meta Ads,26089,526,431.33
2025-01-25,AuraGlow,Google Ads,25389,940,440.58
2025-01-25,AuraGlow,Organic,1437,35,36.62
2025-01-25,AuraGlow,Influencer,9781,187,266.83
2025-01-25,AuraGlow,Email,4347,94,87.71
2025-01-25,UrbanThread,Meta Ads,38935,1447,675.65
2025-01-25,UrbanThread,Google Ads,20131,659,516.88
2025-01-25,UrbanThread,Organic,2717,94,66.85
2025-01-25,UrbanThread,Influencer,18280,277,281.91
2025-01-25,UrbanThread,Email,7092,287,117.46
2025-01-25,HomeNest,Meta Ads,22368,555,437.85
2025-01-25,HomeNest,Google Ads,12620,294,251.18
2025-01-25,HomeNest,Organic,3151,95,57.57
2025-01-25,HomeNest,Influencer,7153,129,187.9
2025-01-25,HomeNest,Email,2533,62,65.65
2025-01-25,TechEase,Meta Ads,28361,615,761.59
2025-01-25,TechEase,Google Ads,14728,561,362.17
2025-01-25,TechEase,Organic,3615,120,66.01
2025-01-25,TechEase,Influencer,18388,420,289.62
2025-01-25,TechEase,Email,6526,201,116.0
2025-01-25,WellRoot,Meta Ads,24775,1037,487.17
2025-01-25,WellRoot,Google Ads,13295,236,277.59
2025-01-25,WellRoot,Organic,1697,61,43.44
2025-01-25,WellRoot,Influencer,10826,311,217.21
2025-01-25,WellRoot,Email,2661,76,62.2
2025-01-26,AuraGlow,Meta Ads,21007,800,410.17
2025-01-26,AuraGlow,Google Ads,19942,407,362.68
2025-01-26,AuraGlow,Organic,2128,37,41.11
2025-01-26,AuraGlow,Influencer,7026,295,157.61
2025-01-26,AuraGlow,Email,4645,164,90.37
2025-01-26,UrbanThread,Meta Ads,32776,1331,614.13
2025-01-26,UrbanThread,Google Ads,31169,1211,530.44
2025-01-26,UrbanThread,Organic,1382,49,30.87
2025-01-26,UrbanThread,Influencer,7234,218,184.27
2025-01-26,UrbanThread,Email,3982,137,101.93
2025-01-26,HomeNest,Meta Ads,22455,977,420.85
2025-01-26,HomeNest,Google Ads,9135,236,232.6
2025-01-26,HomeNest,Organic,2162,59,51.06
2025-01-26,HomeNest,Influencer,11062,455,234.92
2025-01-26,HomeNest,Email,3323,133,82.63
2025-01-26,TechEase,Meta Ads,27783,1185,557.14
2025-01-26,TechEase,Google Ads,24961,895,398.02
2025-01-26,TechEase,Organic,2575,61,50.48
2025-01-26,TechEase,Influencer,17106,332,289.79
2025-01-26,TechEase,Email,4576,194,100.83
2025-01-26,WellRoot,Meta Ads,14594,361,337.2
2025-01-26,WellRoot,Google Ads,16777,568,286.25
2025-01-26,WellRoot,Organic,1297,38,29.21
2025-01-26,WellRoot,Influencer,8231,238,149.68
2025-01-26,WellRoot,Email,4327,144,75.41
2025-01-27,AuraGlow,Meta Ads,23012,656,397.22
2025-01-27,AuraGlow,Google Ads,19540,755,405.24
2025-01-27,AuraGlow,Organic,2730,59,57.18
2025-01-27,AuraGlow,Influencer,12311,518,296.76
2025-01-27,AuraGlow,Email,6584,122,112.89
2025-01-27,UrbanThread,Meta Ads,21259,666,592.12
2025-01-27,UrbanThread,Google Ads,24316,541,434.81
2025-01-27,UrbanThread,Organic,2138,37,48.36
2025-01-27,UrbanThread,Influencer,12854,536,250.75
2025-01-27,UrbanThread,Email,4447,198,96.52
2025-01-27,HomeNest,Meta Ads,23117,1039,406.65
2025-01-27,HomeNest,Google Ads,18409,674,319.22
2025-01-27,HomeNest,Organic,1401,47,38.87
2025-01-27,HomeNest,Influencer,11378,325,234.94
2025-01-27,HomeNest,Email,3836,110,83.31
2025-01-27,TechEase,Meta Ads,21634,966,535.76
2025-01-27,TechEase,Google Ads,18658,614,407.23
2025-01-27,TechEase,Organic,2347,103,63.14
2025-01-27,TechEase,Influencer,13109,229,355.82
2025-01-27,TechEase,Email,4154,185,89.58
2025-01-27,WellRoot,Meta Ads,20670,437,394.43
2025-01-27,WellRoot,Google Ads,21479,686,388.8
2025-01-27,WellRoot,Organic,2259,34,36.79
2025-01-27,WellRoot,Influencer,7632,204,199.32
2025-01-27,WellRoot,Email,3204,87,79.14
2025-01-28,AuraGlow,Meta Ads,30528,1340,493.06
2025-01-28,AuraGlow,Google Ads,17812,412,404.58
2025-01-28,AuraGlow,Organic,2510,49,42.44
2025-01-28,AuraGlow,Influencer,8241,194,234.87
2025-01-28,AuraGlow,Email,3676,150,80.17
2025-01-28,UrbanThread,Meta Ads,28597,520,735.61
2025-01-28,UrbanThread,Google Ads,21833,386,462.04
2025-01-28,UrbanThread,Organic,2075,75,47.83
2025-01-28,UrbanThread,Influencer,11530,214,234.98
2025-01-28,UrbanThread,Email,5659,107,105.17
2025-01-28,HomeNest,Meta Ads,18938,795,367.97
2025-01-28,HomeNest,Google Ads,18037,307,337.99
2025-01-28,HomeNest,Organic,2649,43,49.05
2025-01-28,HomeNest,Influencer,11820,341,243.61
2025-01-28,HomeNest,Email,3944,101,91.54
2025-01-28,TechEase,Meta Ads,24970,1034,538.09
2025-01-28,TechEase,Google Ads,21096,534,379.44
2025-01-28,TechEase,Organic,2096,77,48.42
2025-01-28,TechEase,Influencer,19106,763,300.47
2025-01-28,TechEase,Email,3247,49,86.66
2025-01-28,WellRoot,Meta Ads,20599,902,418.36
2025-01-28,WellRoot,Google Ads,12318,208,258.08
2025-01-28,WellRoot,Organic,902,20,18.38
2025-01-28,WellRoot,Influencer,6858,266,190.96
2025-01-28,WellRoot,Email,2129,68,57.66
2025-01-29,AuraGlow,Meta Ads,42664,768,678.55
2025-01-29,AuraGlow,Google Ads,19013,317,429.51
2025-01-29,AuraGlow,Organic,2310,102,47.05
2025-01-29,AuraGlow,Influencer,14822,485,247.73
2025-01-29,AuraGlow,Email,4153,94,99.1
2025-01-29,UrbanThread,Meta Ads,28319,1260,558.55
2025-01-29,UrbanThread,Google Ads,27692,434,430.5
2025-01-29,UrbanThread,Organic,2587,76,42.59
2025-01-29,UrbanThread,Influencer,14270,305,312.44
2025-01-29,UrbanThread,Email,3553,159,80.2
2025-01-29,HomeNest,Meta Ads,20508,439,539.63
2025-01-29,HomeNest,Google Ads,17333,303,369.51
2025-01-29,HomeNest,Organic,2464,62,38.14
2025-01-29,HomeNest,Influencer,12791,450,277.69
2025-01-29,HomeNest,Email,5229,114,90.71
2025-01-29,TechEase,Meta Ads,31726,922,635.78
2025-01-29,TechEase,Google Ads,20361,812,344.52
2025-01-29,TechEase,Organic,1519,46,37.07
2025-01-29,TechEase,Influencer,11455,348,245.74
2025-01-29,TechEase,Email,4250,64,82.53
2025-01-29,WellRoot,Meta Ads,20910,759,471.29
2025-01-29,WellRoot,Google Ads,20052,888,378.46
2025-01-29,WellRoot,Organic,1768,37,31.37
2025-01-29,WellRoot,Influencer,10212,214,250.98
2025-01-29,WellRoot,Email,2117,80,54.54
2025-01-30,AuraGlow,Meta Ads,22953,431,440.46
2025-01-30,AuraGlow,Google Ads,15471,432,356.37
2025-01-30,AuraGlow,Organic,2815,78,44.47
2025-01-30,AuraGlow,Influencer,9985,227,201.06
2025-01-30,AuraGlow,Email,3815,93,101.88
2025-01-30,UrbanThread,Meta Ads,31715,822,524.16
2025-01-30,UrbanThread,Google Ads,28263,962,459.98
2025-01-30,UrbanThread,Organic,2403,77,46.19
2025-01-30,UrbanThread,Influencer,14032,321,277.57
2025-01-30,UrbanThread,Email,5653,151,107.3
2025-01-30,HomeNest,Meta Ads,32271,1108,501.6
2025-01-30,HomeNest,Google Ads,14270,284,308.83
2025-01-30,HomeNest,Organic,1146,32,27.02
2025-01-30,HomeNest,Influencer,9834,283,158.32
2025-01-30,HomeNest,Email,5820,146,99.76
2025-01-30,TechEase,Meta Ads,23280,834,457.6
2025-01-30,TechEase,Google Ads,23475,730,380.08
2025-01-30,TechEase,Organic,2929,99,54.15
2025-01-30,TechEase,Influencer,15985,364,269.26
2025-01-30,TechEase,Email,7032,263,110.07
2025-01-30,WellRoot,Meta Ads,17937,699,290.75
2025-01-30,WellRoot,Google Ads,10797,169,182.92
2025-01-30,WellRoot,Organic,1350,58,35.19
2025-01-30,WellRoot,Influencer,12730,399,206.31
2025-01-30,WellRoot,Email,4078,95,69.96
2025-01-31,AuraGlow,Meta Ads,41021,1835,652.21
2025-01-31,AuraGlow,Google Ads,19281,352,389.52
2025-01-31,AuraGlow,Organic,1900,56,45.73
2025-01-31,AuraGlow,Influencer,17750,762,319.9
2025-01-31,AuraGlow,Email,4481,86,106.15
2025-01-31,UrbanThread,Meta Ads,31803,1054,568.82
2025-01-31,UrbanThread,Google Ads,24685,533,401.16
2025-01-31,UrbanThread,Organic,2178,55,42.0
2025-01-31,UrbanThread,Influencer,12171,476,252.01
2025-01-31,UrbanThread,Email,5209,179,109.04
2025-01-31,HomeNest,Meta Ads,25923,593,490.78
2025-01-31,HomeNest,Google Ads,15717,630,261.32
2025-01-31,HomeNest,Organic,1814,41,41.61
2025-01-31,HomeNest,Influencer,13407,221,285.25
2025-01-31,HomeNest,Email,3186,92,65.67
2025-01-31,TechEase,Meta Ads,25055,1114,649.56
2025-01-31,TechEase,Google Ads,20742,724,444.18
2025-01-31,TechEase,Organic,2588,56,40.35
2025-01-31,TechEase,Influencer,17648,348,315.93
2025-01-31,TechEase,Email,6582,154,105.07
2025-01-31,WellRoot,Meta Ads,15310,268,372.59
2025-01-31,WellRoot,Google Ads,19635,327,307.69
2025-01-31,WellRoot,Organic,1945,44,39.9
2025-01-31,WellRoot,Influencer,11059,192,203.69
2025-01-31,WellRoot,Email,5227,144,81.6
2025-02-01,AuraGlow,Meta Ads,18809,758,480.27
2025-02-01,AuraGlow,Google Ads,19124,646,298.24
2025-02-01,AuraGlow,Organic,1971,65,38.4
2025-02-01,AuraGlow,Influencer,11624,369,232.49
2025-02-01,AuraGlow,Email,3331,107,70.55
2025-02-01,UrbanThread,Meta Ads,31191,1022,670.17
2025-02-01,UrbanThread,Google Ads,25220,1127,416.75
2025-02-01,UrbanThread,Organic,2164,72,39.85
2025-02-01,UrbanThread,Influencer,12681,476,319.24
2025-02-01,UrbanThread,Email,4361,89,103.05
2025-02-01,HomeNest,Meta Ads,29983,753,580.84
2025-02-01,HomeNest,Google Ads,24146,788,388.15
2025-02-01,HomeNest,Organic,2624,64,43.8
2025-02-01,HomeNest,Influencer,14979,238,272.33
2025-02-01,HomeNest,Email,4875,207,83.48
2025-02-01,TechEase,Meta Ads,18561,554,408.43
2025-02-01,TechEase,Google Ads,23241,505,435.59
2025-02-01,TechEase,Organic,2795,42,57.23
2025-02-01,TechEase,Influencer,8871,155,235.48
2025-02-01,TechEase,Email,5722,116,96.53
2025-02-01,WellRoot,Meta Ads,11461,281,209.29
2025-02-01,WellRoot,Google Ads,8884,176,163.09
2025-02-01,WellRoot,Organic,1011,43,24.82
2025-02-01,WellRoot,Influencer,10041,259,157.14
2025-02-01,WellRoot,Email,2323,69,46.2
2025-02-02,AuraGlow,Meta Ads,30775,758,528.3
2025-02-02,AuraGlow,Google Ads,20276,773,423.03
2025-02-02,AuraGlow,Organic,2070,68,44.46
2025-02-02,AuraGlow,Influencer,13734,599,234.06
2025-02-02,AuraGlow,Email,3688,139,77.46
2025-02-02,UrbanThread,Meta Ads,28520,1150,611.49
2025-02-02,UrbanThread,Google Ads,20128,728,529.7
2025-02-02,UrbanThread,Organic,3477,98,63.43
2025-02-02,UrbanThread,Influencer,15082,523,287.48
2025-02-02,UrbanThread,Email,3975,59,96.47
2025-02-02,HomeNest,Meta Ads,27121,463,485.39
2025-02-02,HomeNest,Google Ads,22409,547,414.46
2025-02-02,HomeNest,Organic,2963,103,53.38
2025-02-02,HomeNest,Influencer,13065,318,295.27
2025-02-02,HomeNest,Email,3734,79,85.33
2025-02-02,TechEase,Meta Ads,33585,754,545.03
2025-02-02,TechEase,Google Ads,18585,417,340.21
2025-02-02,TechEase,Organic,1802,44,49.86
2025-02-02,TechEase,Influencer,12021,392,225.78
2025-02-02,TechEase,Email,3384,70,90.29
2025-02-02,WellRoot,Meta Ads,21238,525,433.74
2025-02-02,WellRoot,Google Ads,18394,717,319.36
2025-02-02,WellRoot,Organic,1122,16,29.73
2025-02-02,WellRoot,Influencer,7204,216,144.59
2025-02-02,WellRoot,Email,4729,127,79.94
2025-02-03,AuraGlow,Meta Ads,21197,683,468.2
2025-02-03,AuraGlow,Google Ads,22055,632,468.95
2025-02-03,AuraGlow,Organic,2219,97,49.87
2025-02-03,AuraGlow,Influencer,13047,413,245.18
2025-02-03,AuraGlow,Email,4687,178,109.95
2025-02-03,UrbanThread,Meta Ads,27675,434,614.91
2025-02-03,UrbanThread,Google Ads,30442,545,476.62
2025-02-03,UrbanThread,Organic,2765,122,56.5
2025-02-03,UrbanThread,Influencer,14988,386,309.78
2025-02-03,UrbanThread,Email,6420,206,100.41
2025-02-03,HomeNest,Meta Ads,23697,424,505.92
2025-02-03,HomeNest,Google Ads,9290,341,220.11
2025-02-03,HomeNest,Organic,1399,42,31.17
2025-02-03,HomeNest,Influencer,15826,483,266.55
2025-02-03,HomeNest,Email,3505,77,97.05
2025-02-03,TechEase,Meta Ads,13703,215,388.39
2025-02-03,TechEase,Google Ads,20126,461,343.67
2025-02-03,TechEase,Organic,2220,87,43.04
2025-02-03,TechEase,Influencer,20987,484,334.04
2025-02-03,TechEase,Email,3862,170,86.52
2025-02-03,WellRoot,Meta Ads,13515,586,374.77
2025-02-03,WellRoot,Google Ads,22668,954,397.14
2025-02-03,WellRoot,Organic,1601,24,32.01
2025-02-03,WellRoot,Influencer,12254,214,253.94
2025-02-03,WellRoot,Email,2594,63,53.08
2025-02-04,AuraGlow,Meta Ads,23852,672,571.27
2025-02-04,AuraGlow,Google Ads,13496,372,381.77
2025-02-04,AuraGlow,Organic,1387,54,33.77
2025-02-04,AuraGlow,Influencer,10167,269,251.01
2025-02-04,AuraGlow,Email,4483,158,91.85
2025-02-04,UrbanThread,Meta Ads,30514,990,522.87
2025-02-04,UrbanThread,Google Ads,16563,472,401.25
2025-02-04,UrbanThread,Organic,2594,86,44.21
2025-02-04,UrbanThread,Influencer,15952,381,284.79
2025-02-04,UrbanThread,Email,5031,158,86.03
2025-02-04,HomeNest,Meta Ads,21619,346,334.8
2025-02-04,HomeNest,Google Ads,12897,366,334.15
2025-02-04,HomeNest,Organic,3021,122,54.93
2025-02-04,HomeNest,Influencer,10372,398,211.39
2025-02-04,HomeNest,Email,4152,101,74.15
2025-02-04,TechEase,Meta Ads,38809,1157,676.52
2025-02-04,TechEase,Google Ads,24198,537,444.1
2025-02-04,TechEase,Organic,1924,62,45.03
2025-02-04,TechEase,Influencer,15157,518,259.45
2025-02-04,TechEase,Email,6555,292,109.29
2025-02-04,WellRoot,Meta Ads,27838,473,439.87
2025-02-04,WellRoot,Google Ads,10246,376,238.74
2025-02-04,WellRoot,Organic,1323,22,25.57
2025-02-04,WellRoot,Influencer,11796,516,184.37
2025-02-04,WellRoot,Email,2902,72,78.8
2025-02-05,AuraGlow,Meta Ads,17550,465,378.4
2025-02-05,AuraGlow,Google Ads,21890,749,340.29
2025-02-05,AuraGlow,Organic,2745,106,44.37
2025-02-05,AuraGlow,Influencer,9433,272,221.11
2025-02-05,AuraGlow,Email,5346,215,107.09
2025-02-05,UrbanThread,Meta Ads,19945,550,432.24
2025-02-05,UrbanThread,Google Ads,21999,423,395.23
2025-02-05,UrbanThread,Organic,1283,44,34.4
2025-02-05,UrbanThread,Influencer,11445,334,239.73
2025-02-05,UrbanThread,Email,4257,119,102.5
2025-02-05,HomeNest,Meta Ads,25849,897,533.94
2025-02-05,HomeNest,Google Ads,20377,521,362.01
2025-02-05,HomeNest,Organic,2249,58,38.74
2025-02-05,HomeNest,Influencer,13187,521,245.66
2025-02-05,HomeNest,Email,4355,102,88.65
2025-02-05,TechEase,Meta Ads,29727,1135,618.21
2025-02-05,TechEase,Google Ads,19134,846,337.24
2025-02-05,TechEase,Organic,1908,58,44.99
2025-02-05,TechEase,Influencer,10304,225,264.47
2025-02-05,TechEase,Email,6620,219,116.36
2025-02-05,WellRoot,Meta Ads,11085,338,260.99
2025-02-05,WellRoot,Google Ads,16857,482,392.77
2025-02-05,WellRoot,Organic,962,20,27.12
2025-02-05,WellRoot,Influencer,9138,359,199.86
2025-02-05,WellRoot,Email,2691,86,43.6
2025-02-06,AuraGlow,Meta Ads,17346,387,333.44
2025-02-06,AuraGlow,Google Ads,19643,506,323.01
2025-02-06,AuraGlow,Organic,1125,29,28.48
2025-02-06,AuraGlow,Influencer,15029,610,346.79
2025-02-06,AuraGlow,Email,6078,231,109.5
2025-02-06,UrbanThread,Meta Ads,29875,707,542.16
2025-02-06,UrbanThread,Google Ads,27099,915,417.85
2025-02-06,UrbanThread,Organic,1967,43,46.64
2025-02-06,UrbanThread,Influencer,11200,402,224.66
2025-02-06,UrbanThread,Email,4086,89,79.84
2025-02-06,HomeNest,Meta Ads,36702,586,571.57
2025-02-06,HomeNest,Google Ads,25920,1069,415.68
2025-02-06,HomeNest,Organic,1836,40,41.67
2025-02-06,HomeNest,Influencer,14543,481,233.53
2025-02-06,HomeNest,Email,4801,139,86.72
2025-02-06,TechEase,Meta Ads,30763,884,533.77
2025-02-06,TechEase,Google Ads,12996,313,319.08
2025-02-06,TechEase,Organic,3365,112,56.76
2025-02-06,TechEase,Influencer,13051,408,262.29
2025-02-06,TechEase,Email,4028,83,113.39
2025-02-06,WellRoot,Meta Ads,22899,357,481.09
2025-02-06,WellRoot,Google Ads,17682,586,284.03
2025-02-06,WellRoot,Organic,1097,43,25.86
2025-02-06,WellRoot,Influencer,10993,337,237.51
2025-02-06,WellRoot,Email,3083,46,56.79
2025-02-07,AuraGlow,Meta Ads,25380,573,536.21
2025-02-07,AuraGlow,Google Ads,20951,594,330.63
2025-02-07,AuraGlow,Organic,1837,65,37.17
2025-02-07,AuraGlow,Influencer,15409,235,270.57
2025-02-07,AuraGlow,Email,3612,135,87.04
2025-02-07,UrbanThread,Meta Ads,26920,632,535.34
2025-02-07,UrbanThread,Google Ads,28765,1011,532.47
2025-02-07,UrbanThread,Organic,2880,79,52.02
2025-02-07,UrbanThread,Influencer,12829,221,273.64
2025-02-07,UrbanThread,Email,3386,75,84.59
2025-02-07,HomeNest,Meta Ads,20463,562,402.54
2025-02-07,HomeNest,Google Ads,20864,344,377.93
2025-02-07,HomeNest,Organic,2004,54,46.17
2025-02-07,HomeNest,Influencer,13360,396,284.42
2025-02-07,HomeNest,Email,3132,139,72.17
2025-02-07,TechEase,Meta Ads,20772,426,481.06
2025-02-07,TechEase,Google Ads,27213,1037,422.26
2025-02-07,TechEase,Organic,2191,91,46.05
2025-02-07,TechEase,Influencer,14991,290,289.56
2025-02-07,TechEase,Email,5200,108,93.07
2025-02-07,WellRoot,Meta Ads,21269,915,573.03
2025-02-07,WellRoot,Google Ads,15627,437,283.21
2025-02-07,WellRoot,Organic,1509,27,35.97
2025-02-07,WellRoot,Influencer,8571,166,173.21
2025-02-07,WellRoot,Email,3558,143,69.5
2025-02-08,AuraGlow,Meta Ads,24388,862,536.79
2025-02-08,AuraGlow,Google Ads,15747,668,269.9
2025-02-08,AuraGlow,Organic,2030,35,45.43
2025-02-08,AuraGlow,Influencer,7894,272,198.49
2025-02-08,AuraGlow,Email,5512,129,94.3
2025-02-08,UrbanThread,Meta Ads,22564,831,481.3
2025-02-08,UrbanThread,Google Ads,19757,497,407.57
2025-02-08,UrbanThread,Organic,3362,73,59.77
2025-02-08,UrbanThread,Influencer,16793,387,337.68
2025-02-08,UrbanThread,Email,4713,126,93.44
2025-02-08,HomeNest,Meta Ads,20594,793,407.63
2025-02-08,HomeNest,Google Ads,19604,317,397.11
2025-02-08,HomeNest,Organic,1480,32,41.2
2025-02-08,HomeNest,Influencer,8748,146,192.84
2025-02-08,HomeNest,Email,5931,184,96.57
2025-02-08,TechEase,Meta Ads,22058,777,598.29
2025-02-08,TechEase,Google Ads,23809,550,523.66
2025-02-08,TechEase,Organic,2142,70,55.17
2025-02-08,TechEase,Influencer,17381,325,312.47
2025-02-08,TechEase,Email,7628,171,120.27
2025-02-08,WellRoot,Meta Ads,22382,943,402.52
2025-02-08,WellRoot,Google Ads,13843,238,213.0
2025-02-08,WellRoot,Organic,2042,65,36.63
2025-02-08,WellRoot,Influencer,8839,366,170.81
2025-02-08,WellRoot,Email,5129,203,87.21
2025-02-09,AuraGlow,Meta Ads,17124,318,447.74
2025-02-09,AuraGlow,Google Ads,22895,742,407.06
2025-02-09,AuraGlow,Organic,1815,28,49.69
2025-02-09,AuraGlow,Influencer,8498,209,242.14
2025-02-09,AuraGlow,Email,4224,126,88.83
2025-02-09,UrbanThread,Meta Ads,24636,449,403.92
2025-02-09,UrbanThread,Google Ads,19381,795,486.71
2025-02-09,UrbanThread,Organic,1805,49,44.81
2025-02-09,UrbanThread,Influencer,10862,457,250.57
2025-02-09,UrbanThread,Email,3605,159,76.73
2025-02-09,HomeNest,Meta Ads,22722,584,442.54
2025-02-09,HomeNest,Google Ads,16106,672,328.67
2025-02-09,HomeNest,Organic,1711,44,41.51
2025-02-09,HomeNest,Influencer,4450,196,111.74
2025-02-09,HomeNest,Email,6256,178,96.68
2025-02-09,TechEase,Meta Ads,24655,468,611.89
2025-02-09,TechEase,Google Ads,27626,1012,495.87
2025-02-09,TechEase,Organic,2714,87,42.27
2025-02-09,TechEase,Influencer,7187,234,188.19
2025-02-09,TechEase,Email,3936,98,89.56
2025-02-09,WellRoot,Meta Ads,17490,686,463.89
2025-02-09,WellRoot,Google Ads,12628,492,276.4
2025-02-09,WellRoot,Organic,1211,41,24.21
2025-02-09,WellRoot,Influencer,4378,170,107.6
2025-02-09,WellRoot,Email,3163,81,66.9
2025-02-10,AuraGlow,Meta Ads,34141,1406,582.24
2025-02-10,AuraGlow,Google Ads,13059,454,372.39
2025-02-10,AuraGlow,Organic,2209,84,42.63
2025-02-10,AuraGlow,Influencer,15244,652,275.73
2025-02-10,AuraGlow,Email,4005,118,73.63
2025-02-10,UrbanThread,Meta Ads,23304,685,385.17
2025-02-10,UrbanThread,Google Ads,25606,650,403.45
2025-02-10,UrbanThread,Organic,2216,64,39.47
2025-02-10,UrbanThread,Influencer,11598,400,245.38
2025-02-10,UrbanThread,Email,5077,224,103.34
2025-02-10,HomeNest,Meta Ads,22550,999,463.38
2025-02-10,HomeNest,Google Ads,28074,451,455.5
2025-02-10,HomeNest,Organic,1451,43,30.59
2025-02-10,HomeNest,Influencer,15932,493,249.51
2025-02-10,HomeNest,Email,3999,83,64.94
2025-02-10,TechEase,Meta Ads,19082,494,535.25
2025-02-10,TechEase,Google Ads,23364,840,394.52
2025-02-10,TechEase,Organic,2881,50,49.3
2025-02-10,TechEase,Influencer,17231,699,279.42
2025-02-10,TechEase,Email,3937,121,79.7
2025-02-10,WellRoot,Meta Ads,23778,515,414.67
2025-02-10,WellRoot,Google Ads,14207,351,227.36
2025-02-10,WellRoot,Organic,1725,77,32.76
2025-02-10,WellRoot,Influencer,10176,154,158.95
2025-02-10,WellRoot,Email,5277,211,87.67
2025-02-11,AuraGlow,Meta Ads,22213,466,385.14
2025-02-11,AuraGlow,Google Ads,16940,406,346.29
2025-02-11,AuraGlow,Organic,2331,84,47.15
2025-02-11,AuraGlow,Influencer,10200,291,232.05
2025-02-11,AuraGlow,Email,4466,94,87.47
2025-02-11,UrbanThread,Meta Ads,31192,1083,494.15
2025-02-11,UrbanThread,Google Ads,28830,1251,459.3
2025-02-11,UrbanThread,Organic,1579,44,44.09
2025-02-11,UrbanThread,Influencer,12035,521,253.24
2025-02-11,UrbanThread,Email,3968,132,79.69
2025-02-11,HomeNest,Meta Ads,28261,936,456.2
2025-02-11,HomeNest,Google Ads,26072,469,509.22
2025-02-11,HomeNest,Organic,2120,91,47.32
2025-02-11,HomeNest,Influencer,9585,162,239.47
2025-02-11,HomeNest,Email,4066,169,92.02
2025-02-11,TechEase,Meta Ads,24238,406,376.25
2025-02-11,TechEase,Google Ads,25982,856,527.57
2025-02-11,TechEase,Organic,2094,53,56.98
2025-02-11,TechEase,Influencer,15970,270,259.38
2025-02-11,TechEase,Email,5142,191,106.74
2025-02-11,WellRoot,Meta Ads,18284,789,471.85
2025-02-11,WellRoot,Google Ads,15903,661,253.89
2025-02-11,WellRoot,Organic,1179,21,31.93
2025-02-11,WellRoot,Influencer,7382,115,116.77
2025-02-11,WellRoot,Email,2571,38,73.34
2025-02-12,AuraGlow,Meta Ads,20268,874,411.8
2025-02-12,AuraGlow,Google Ads,18143,676,317.48
2025-02-12,AuraGlow,Organic,2778,51,43.82
2025-02-12,AuraGlow,Influencer,12693,548,246.79
2025-02-12,AuraGlow,Email,3194,136,55.87
2025-02-12,UrbanThread,Meta Ads,36179,1259,561.77
2025-02-12,UrbanThread,Google Ads,21855,426,498.02
2025-02-12,UrbanThread,Organic,2504,77,46.21
2025-02-12,UrbanThread,Influencer,13432,397,235.35
2025-02-12,UrbanThread,Email,5250,97,105.67
2025-02-12,HomeNest,Meta Ads,25617,592,442.92
2025-02-12,HomeNest,Google Ads,24648,453,473.45
2025-02-12,HomeNest,Organic,1851,79,42.41
2025-02-12,HomeNest,Influencer,12491,339,263.97
2025-02-12,HomeNest,Email,4598,169,95.8
2025-02-12,TechEase,Meta Ads,35925,1062,641.28
2025-02-12,TechEase,Google Ads,19723,826,394.13
2025-02-12,TechEase,Organic,2906,105,51.15
2025-02-12,TechEase,Influencer,20386,633,330.15
2025-02-12,TechEase,Email,5163,177,95.94
2025-02-12,WellRoot,Meta Ads,15264,501,394.95
2025-02-12,WellRoot,Google Ads,21706,627,347.67
2025-02-12,WellRoot,Organic,1507,23,33.47
2025-02-12,WellRoot,Influencer,12990,375,250.8
2025-02-12,WellRoot,Email,2404,89,51.14
2025-02-13,AuraGlow,Meta Ads,33644,1366,572.09
2025-02-13,AuraGlow,Google Ads,24977,527,440.4
2025-02-13,AuraGlow,Organic,2065,77,54.29
2025-02-13,AuraGlow,Influencer,10338,432,223.24
2025-02-13,AuraGlow,Email,3684,82,61.7
2025-02-13,UrbanThread,Meta Ads,33370,517,557.55
2025-02-13,UrbanThread,Google Ads,19302,379,480.57
2025-02-13,UrbanThread,Organic,2166,65,46.92
2025-02-13,UrbanThread,Influencer,14612,367,290.7
2025-02-13,UrbanThread,Email,3905,127,89.16
2025-02-13,HomeNest,Meta Ads,23299,532,385.82
2025-02-13,HomeNest,Google Ads,15326,378,403.06
2025-02-13,HomeNest,Organic,2361,95,40.47
2025-02-13,HomeNest,Influencer,12623,219,286.24
2025-02-13,HomeNest,Email,4281,67,78.81
2025-02-13,TechEase,Meta Ads,42828,744,696.34
2025-02-13,TechEase,Google Ads,31935,794,494.77
2025-02-13,TechEase,Organic,1858,33,44.01
2025-02-13,TechEase,Influencer,8136,138,206.72
2025-02-13,TechEase,Email,5011,182,85.03
2025-02-13,WellRoot,Meta Ads,16712,520,407.03
2025-02-13,WellRoot,Google Ads,13318,390,316.38
2025-02-13,WellRoot,Organic,1095,45,30.91
2025-02-13,WellRoot,Influencer,9814,317,241.63
2025-02-13,WellRoot,Email,5764,175,90.46
2025-02-14,AuraGlow,Meta Ads,28960,837,459.1
2025-02-14,AuraGlow,Google Ads,12682,329,357.22
2025-02-14,AuraGlow,Organic,1383,61,33.37
2025-02-14,AuraGlow,Influencer,7347,130,196.71
2025-02-14,AuraGlow,Email,5138,78,98.45
2025-02-14,UrbanThread,Meta Ads,24561,404,392.38
2025-02-14,UrbanThread,Google Ads,26263,1046,410.81
2025-02-14,UrbanThread,Organic,2471,105,45.32
2025-02-14,UrbanThread,Influencer,9422,330,253.07
2025-02-14,UrbanThread,Email,5757,115,92.19
2025-02-14,HomeNest,Meta Ads,17379,327,491.55
2025-02-14,HomeNest,Google Ads,20098,426,354.64
2025-02-14,HomeNest,Organic,1338,41,36.66
2025-02-14,HomeNest,Influencer,13408,435,238.67
2025-02-14,HomeNest,Email,3145,96,69.63
2025-02-14,TechEase,Meta Ads,30965,1022,495.89
2025-02-14,TechEase,Google Ads,19956,693,390.74
2025-02-14,TechEase,Organic,2816,83,46.81
2025-02-14,TechEase,Influencer,13219,324,259.62
2025-02-14,TechEase,Email,4541,189,97.27
2025-02-14,WellRoot,Meta Ads,22657,376,437.32
2025-02-14,WellRoot,Google Ads,19266,799,329.48
2025-02-14,WellRoot,Organic,1347,44,31.83
2025-02-14,WellRoot,Influencer,10886,480,171.11
2025-02-14,WellRoot,Email,3633,108,67.5
2025-02-15,AuraGlow,Meta Ads,20170,596,390.6
2025-02-15,AuraGlow,Google Ads,13235,481,302.87
2025-02-15,AuraGlow,Organic,2195,38,43.03
2025-02-15,AuraGlow,Influencer,14738,259,275.89
2025-02-15,AuraGlow,Email,3562,101,82.68
2025-02-15,UrbanThread,Meta Ads,29508,486,522.51
2025-02-15,UrbanThread,Google Ads,22915,813,456.71
2025-02-15,UrbanThread,Organic,3092,93,54.45
2025-02-15,UrbanThread,Influencer,11414,293,251.82
2025-02-15,UrbanThread,Email,5358,151,107.68
2025-02-15,HomeNest,Meta Ads,16863,285,460.05
2025-02-15,HomeNest,Google Ads,13782,552,312.46
2025-02-15,HomeNest,Organic,3229,134,53.46
2025-02-15,HomeNest,Influencer,12071,516,209.21
2025-02-15,HomeNest,Email,3955,165,94.94
2025-02-15,TechEase,Meta Ads,31401,1261,602.16
2025-02-15,TechEase,Google Ads,15610,407,427.6
2025-02-15,TechEase,Organic,2785,58,48.95
2025-02-15,TechEase,Influencer,9069,204,249.59
2025-02-15,TechEase,Email,6596,156,101.55
2025-02-15,WellRoot,Meta Ads,25665,559,396.68
2025-02-15,WellRoot,Google Ads,9048,371,244.42
2025-02-15,WellRoot,Organic,2256,78,38.08
2025-02-15,WellRoot,Influencer,12954,505,207.57
2025-02-15,WellRoot,Email,4655,176,79.27
2025-02-16,AuraGlow,Meta Ads,21239,867,415.31
2025-02-16,AuraGlow,Google Ads,13903,363,352.01
2025-02-16,AuraGlow,Organic,2929,109,46.02
2025-02-16,AuraGlow,Influencer,9179,187,218.38
2025-02-16,AuraGlow,Email,3106,109,84.38
2025-02-16,UrbanThread,Meta Ads,33150,930,541.14
2025-02-16,UrbanThread,Google Ads,26800,542,469.42
2025-02-16,UrbanThread,Organic,1992,37,53.41
2025-02-16,UrbanThread,Influencer,14520,511,320.62
2025-02-16,UrbanThread,Email,4450,97,93.48
2025-02-16,HomeNest,Meta Ads,28244,817,514.13
2025-02-16,HomeNest,Google Ads,14411,434,292.57
2025-02-16,HomeNest,Organic,2102,64,44.8
2025-02-16,HomeNest,Influencer,15556,514,302.51
2025-02-16,HomeNest,Email,2588,80,64.42
2025-02-16,TechEase,Meta Ads,17035,509,430.58
2025-02-16,TechEase,Google Ads,23333,977,484.43
2025-02-16,TechEase,Organic,1898,38,45.09
2025-02-16,TechEase,Influencer,17554,277,314.72
2025-02-16,TechEase,Email,4399,82,89.48
2025-02-16,WellRoot,Meta Ads,12069,436,324.68
2025-02-16,WellRoot,Google Ads,18707,472,310.23
2025-02-16,WellRoot,Organic,1816,77,31.88
2025-02-16,WellRoot,Influencer,10380,415,204.29
2025-02-16,WellRoot,Email,2461,43,63.59
2025-02-17,AuraGlow,Meta Ads,26990,742,512.41
2025-02-17,AuraGlow,Google Ads,18334,469,484.72
2025-02-17,AuraGlow,Organic,2221,78,47.68
2025-02-17,AuraGlow,Influencer,16586,626,260.45
2025-02-17,AuraGlow,Email,5242,156,107.61
2025-02-17,UrbanThread,Meta Ads,24887,566,530.14
2025-02-17,UrbanThread,Google Ads,19945,424,459.97
2025-02-17,UrbanThread,Organic,2375,38,53.28
2025-02-17,UrbanThread,Influencer,11435,292,216.11
2025-02-17,UrbanThread,Email,4769,187,103.19
2025-02-17,HomeNest,Meta Ads,27300,482,626.07
2025-02-17,HomeNest,Google Ads,17884,736,419.93
2025-02-17,HomeNest,Organic,1819,40,30.78
2025-02-17,HomeNest,Influencer,11874,179,257.18
2025-02-17,HomeNest,Email,4251,150,108.08
2025-02-17,TechEase,Meta Ads,38879,1126,625.42
2025-02-17,TechEase,Google Ads,18946,801,510.28
2025-02-17,TechEase,Organic,2446,107,46.1
2025-02-17,TechEase,Influencer,9582,428,233.14
2025-02-17,TechEase,Email,3718,152,66.84
2025-02-17,WellRoot,Meta Ads,22599,995,454.61
2025-02-17,WellRoot,Google Ads,13332,267,272.54
2025-02-17,WellRoot,Organic,1841,40,47.12
2025-02-17,WellRoot,Influencer,7699,128,157.32
2025-02-17,WellRoot,Email,3387,85,93.54
2025-02-18,AuraGlow,Meta Ads,21218,380,543.24
2025-02-18,AuraGlow,Google Ads,18163,576,372.52
2025-02-18,AuraGlow,Organic,2370,57,49.62
2025-02-18,AuraGlow,Influencer,9570,153,262.97
2025-02-18,AuraGlow,Email,4714,178,92.98
2025-02-18,UrbanThread,Meta Ads,30277,542,490.44
2025-02-18,UrbanThread,Google Ads,18783,660,333.71
2025-02-18,UrbanThread,Organic,1932,86,49.62
2025-02-18,UrbanThread,Influencer,13362,347,267.58
2025-02-18,UrbanThread,Email,5427,181,115.29
2025-02-18,HomeNest,Meta Ads,24903,1001,494.58
2025-02-18,HomeNest,Google Ads,23453,736,399.76
2025-02-18,HomeNest,Organic,1798,52,33.64
2025-02-18,HomeNest,Influencer,11664,475,221.56
2025-02-18,HomeNest,Email,4076,145,92.94
2025-02-18,TechEase,Meta Ads,30730,1013,713.97
2025-02-18,TechEase,Google Ads,24714,813,397.41
2025-02-18,TechEase,Organic,2820,95,45.19
2025-02-18,TechEase,Influencer,10980,471,261.41
2025-02-18,TechEase,Email,3025,120,83.09
2025-02-18,WellRoot,Meta Ads,26012,551,466.77
2025-02-18,WellRoot,Google Ads,14493,468,288.51
2025-02-18,WellRoot,Organic,1220,54,23.96
2025-02-18,WellRoot,Influencer,14151,232,256.77
2025-02-18,WellRoot,Email,3989,72,83.22
2025-02-19,AuraGlow,Meta Ads,23866,481,407.04
2025-02-19,AuraGlow,Google Ads,19682,856,421.22
2025-02-19,AuraGlow,Organic,1699,41,39.04
2025-02-19,AuraGlow,Influencer,10266,326,273.17
2025-02-19,AuraGlow,Email,2714,54,70.61
2025-02-19,UrbanThread,Meta Ads,38880,1311,622.05
2025-02-19,UrbanThread,Google Ads,18903,317,424.74
2025-02-19,UrbanThread,Organic,1603,39,43.57
2025-02-19,UrbanThread,Influencer,12494,310,246.79
2025-02-19,UrbanThread,Email,3829,69,87.42
2025-02-19,HomeNest,Meta Ads,24803,692,601.4
2025-02-19,HomeNest,Google Ads,27254,1083,426.96
2025-02-19,HomeNest,Organic,2312,55,41.75
2025-02-19,HomeNest,Influencer,9067,407,176.26
2025-02-19,HomeNest,Email,3542,88,85.06
2025-02-19,TechEase,Meta Ads,22829,700,626.37
2025-02-19,TechEase,Google Ads,17873,364,481.23
2025-02-19,TechEase,Organic,2352,45,39.92
2025-02-19,TechEase,Influencer,10750,315,278.62
2025-02-19,TechEase,Email,3476,68,69.45
2025-02-19,WellRoot,Meta Ads,18805,746,352.8
2025-02-19,WellRoot,Google Ads,12322,385,348.22
2025-02-19,WellRoot,Organic,2006,62,37.59
2025-02-19,WellRoot,Influencer,6969,115,125.0
2025-02-19,WellRoot,Email,3647,159,59.26
2025-02-20,AuraGlow,Meta Ads,13873,515,347.58
2025-02-20,AuraGlow,Google Ads,14936,607,327.68
2025-02-20,AuraGlow,Organic,2885,100,48.03
2025-02-20,AuraGlow,Influencer,9223,402,195.91
2025-02-20,AuraGlow,Email,3749,76,81.99
2025-02-20,UrbanThread,Meta Ads,24927,798,668.26
2025-02-20,UrbanThread,Google Ads,21661,431,357.32
2025-02-20,UrbanThread,Organic,3047,84,54.35
2025-02-20,UrbanThread,Influencer,19472,392,306.28
2025-02-20,UrbanThread,Email,5086,210,84.58
2025-02-20,HomeNest,Meta Ads,27528,791,543.43
2025-02-20,HomeNest,Google Ads,18549,447,436.76
2025-02-20,HomeNest,Organic,2601,92,41.31
2025-02-20,HomeNest,Influencer,13473,311,244.07
2025-02-20,HomeNest,Email,3473,67,94.22
2025-02-20,TechEase,Meta Ads,21090,474,567.08
2025-02-20,TechEase,Google Ads,22640,997,384.94
2025-02-20,TechEase,Organic,3444,69,57.2
2025-02-20,TechEase,Influencer,11236,380,248.86
2025-02-20,TechEase,Email,4796,182,92.18
2025-02-20,WellRoot,Meta Ads,19203,494,444.15
2025-02-20,WellRoot,Google Ads,12341,260,319.64
2025-02-20,WellRoot,Organic,1747,69,42.78
2025-02-20,WellRoot,Influencer,8665,260,172.81
2025-02-20,WellRoot,Email,4303,115,73.27
2025-02-21,AuraGlow,Meta Ads,18310,596,389.7
2025-02-21,AuraGlow,Google Ads,22633,653,416.44
2025-02-21,AuraGlow,Organic,2087,38,42.79
2025-02-21,AuraGlow,Influencer,11652,204,258.23
2025-02-21,AuraGlow,Email,5181,109,100.99
2025-02-21,UrbanThread,Meta Ads,14199,380,347.23
2025-02-21,UrbanThread,Google Ads,29082,1068,524.96
2025-02-21,UrbanThread,Organic,2026,86,54.52
2025-02-21,UrbanThread,Influencer,15878,364,255.67
2025-02-21,UrbanThread,Email,4771,160,106.94
2025-02-21,HomeNest,Meta Ads,16079,449,414.24
2025-02-21,HomeNest,Google Ads,11565,312,251.92
2025-02-21,HomeNest,Organic,1422,53,36.73
2025-02-21,HomeNest,Influencer,13824,237,233.4
2025-02-21,HomeNest,Email,3670,89,91.73
2025-02-21,TechEase,Meta Ads,24330,1073,532.54
2025-02-21,TechEase,Google Ads,15529,290,384.0
2025-02-21,TechEase,Organic,1835,34,51.85
2025-02-21,TechEase,Influencer,14889,629,266.48
2025-02-21,TechEase,Email,4164,82,92.96
2025-02-21,WellRoot,Meta Ads,12412,231,326.88
2025-02-21,WellRoot,Google Ads,18092,302,319.65
2025-02-21,WellRoot,Organic,1214,34,23.94
2025-02-21,WellRoot,Influencer,11437,240,179.24
2025-02-21,WellRoot,Email,2638,42,74.61
2025-02-22,AuraGlow,Meta Ads,32775,1346,590.52
2025-02-22,AuraGlow,Google Ads,18863,339,386.14
2025-02-22,AuraGlow,Organic,2069,47,45.59
2025-02-22,AuraGlow,Influencer,10900,344,251.06
2025-02-22,AuraGlow,Email,4519,167,92.19
2025-02-22,UrbanThread,Meta Ads,31432,1223,693.66
2025-02-22,UrbanThread,Google Ads,25085,878,452.89
2025-02-22,UrbanThread,Organic,3275,77,62.42
2025-02-22,UrbanThread,Influencer,12231,513,233.24
2025-02-22,UrbanThread,Email,5212,171,118.23
2025-02-22,HomeNest,Meta Ads,27782,1027,527.52
2025-02-22,HomeNest,Google Ads,24914,483,459.88
2025-02-22,HomeNest,Organic,2557,75,42.2
2025-02-22,HomeNest,Influencer,14237,593,288.21
2025-02-22,HomeNest,Email,5896,197,96.92
2025-02-22,TechEase,Meta Ads,23901,860,462.44
2025-02-22,TechEase,Google Ads,14220,595,355.02
2025-02-22,TechEase,Organic,2548,100,55.66
2025-02-22,TechEase,Influencer,12035,489,203.96
2025-02-22,TechEase,Email,3517,157,70.56
2025-02-22,WellRoot,Meta Ads,22086,831,414.0
2025-02-22,WellRoot,Google Ads,14636,458,238.35
2025-02-22,WellRoot,Organic,983,44,25.17
2025-02-22,WellRoot,Influencer,9146,292,205.93
2025-02-22,WellRoot,Email,3312,115,76.92
2025-02-23,AuraGlow,Meta Ads,21206,748,522.98
2025-02-23,AuraGlow,Google Ads,19474,323,354.85
2025-02-23,AuraGlow,Organic,2009,50,36.09
2025-02-23,AuraGlow,Influencer,11663,406,181.29
2025-02-23,AuraGlow,Email,2917,99,51.22
2025-02-23,UrbanThread,Meta Ads,20248,727,491.96
2025-02-23,UrbanThread,Google Ads,16585,358,396.84
2025-02-23,UrbanThread,Organic,2268,55,50.69
2025-02-23,UrbanThread,Influencer,12381,331,329.13
2025-02-23,UrbanThread,Email,4827,161,80.12
2025-02-23,HomeNest,Meta Ads,20097,688,341.92
2025-02-23,HomeNest,Google Ads,19926,607,340.23
2025-02-23,HomeNest,Organic,2190,93,39.46
2025-02-23,HomeNest,Influencer,9460,253,259.92
2025-02-23,HomeNest,Email,4215,70,80.55
2025-02-23,TechEase,Meta Ads,23917,898,399.65
2025-02-23,TechEase,Google Ads,17651,703,392.37
2025-02-23,TechEase,Organic,2623,42,40.43
2025-02-23,TechEase,Influencer,15379,262,257.17
2025-02-23,TechEase,Email,7765,240,127.44
2025-02-23,WellRoot,Meta Ads,16293,706,463.44
2025-02-23,WellRoot,Google Ads,8141,360,211.98
2025-02-23,WellRoot,Organic,1639,38,41.15
2025-02-23,WellRoot,Influencer,6902,234,182.12
2025-02-23,WellRoot,Email,2756,69,58.47
2025-02-24,AuraGlow,Meta Ads,19884,451,496.92
2025-02-24,AuraGlow,Google Ads,16955,515,452.39
2025-02-24,AuraGlow,Organic,2019,36,39.15
2025-02-24,AuraGlow,Influencer,11962,508,284.05
2025-02-24,AuraGlow,Email,6404,173,114.29
2025-02-24,UrbanThread,Meta Ads,27727,741,576.69
2025-02-24,UrbanThread,Google Ads,23681,732,418.44
2025-02-24,UrbanThread,Organic,2498,101,44.28
2025-02-24,UrbanThread,Influencer,12147,306,315.9
2025-02-24,UrbanThread,Email,6813,255,116.13
2025-02-24,HomeNest,Meta Ads,23545,661,373.34
2025-02-24,HomeNest,Google Ads,18289,725,399.4
2025-02-24,HomeNest,Organic,3508,132,54.0
2025-02-24,HomeNest,Influencer,11790,274,259.52
2025-02-24,HomeNest,Email,4195,171,80.42
2025-02-24,TechEase,Meta Ads,17403,502,448.6
2025-02-24,TechEase,Google Ads,31908,521,502.79
2025-02-24,TechEase,Organic,2216,84,59.41
2025-02-24,TechEase,Influencer,11638,471,261.73
2025-02-24,TechEase,Email,5958,159,130.82
2025-02-24,WellRoot,Meta Ads,20668,594,373.32
2025-02-24,WellRoot,Google Ads,12422,428,205.59
2025-02-24,WellRoot,Organic,1113,45,27.82
2025-02-24,WellRoot,Influencer,9780,181,194.04
2025-02-24,WellRoot,Email,3827,79,66.86
2025-02-25,AuraGlow,Meta Ads,18741,662,342.2
2025-02-25,AuraGlow,Google Ads,21186,545,462.0
2025-02-25,AuraGlow,Organic,2878,90,46.78
2025-02-25,AuraGlow,Influencer,16223,559,254.57
2025-02-25,AuraGlow,Email,4041,131,79.46
2025-02-25,UrbanThread,Meta Ads,22095,654,602.17
2025-02-25,UrbanThread,Google Ads,14176,438,344.13
2025-02-25,UrbanThread,Organic,2517,89,64.32
2025-02-25,UrbanThread,Influencer,12690,440,337.13
2025-02-25,UrbanThread,Email,4008,115,91.25
2025-02-25,HomeNest,Meta Ads,19400,763,516.84
2025-02-25,HomeNest,Google Ads,20453,604,355.87
2025-02-25,HomeNest,Organic,1408,28,36.56
2025-02-25,HomeNest,Influencer,7889,122,211.6
2025-02-25,HomeNest,Email,3651,157,99.37
2025-02-25,TechEase,Meta Ads,22139,576,564.64
2025-02-25,TechEase,Google Ads,25782,1090,460.86
2025-02-25,TechEase,Organic,2740,41,46.8
2025-02-25,TechEase,Influencer,20379,678,336.19
2025-02-25,TechEase,Email,5931,156,117.51
2025-02-25,WellRoot,Meta Ads,15081,288,407.84
2025-02-25,WellRoot,Google Ads,12281,383,348.43
2025-02-25,WellRoot,Organic,1985,68,31.38
2025-02-25,WellRoot,Influencer,10546,384,228.89
2025-02-25,WellRoot,Email,2548,56,56.17
2025-02-26,AuraGlow,Meta Ads,22138,615,470.46
2025-02-26,AuraGlow,Google Ads,14221,533,319.58
2025-02-26,AuraGlow,Organic,2671,107,55.88
2025-02-26,AuraGlow,Influencer,8153,156,172.04
2025-02-26,AuraGlow,Email,4700,195,87.51
2025-02-26,UrbanThread,Meta Ads,25396,959,413.03
2025-02-26,UrbanThread,Google Ads,14380,588,363.38
2025-02-26,UrbanThread,Organic,2250,89,39.59
2025-02-26,UrbanThread,Influencer,13247,238,305.1
2025-02-26,UrbanThread,Email,5037,211,101.22
2025-02-26,HomeNest,Meta Ads,31510,714,493.05
2025-02-26,HomeNest,Google Ads,27439,633,445.75
2025-02-26,HomeNest,Organic,1600,56,28.01
2025-02-26,HomeNest,Influencer,5958,174,164.23
2025-02-26,HomeNest,Email,3993,90,87.95
2025-02-26,TechEase,Meta Ads,35199,1013,550.12
2025-02-26,TechEase,Google Ads,14504,579,321.87
2025-02-26,TechEase,Organic,2907,96,62.05
2025-02-26,TechEase,Influencer,8894,359,229.96
2025-02-26,TechEase,Email,3489,102,85.83
2025-02-26,WellRoot,Meta Ads,24610,1090,401.84
2025-02-26,WellRoot,Google Ads,9155,286,256.23
2025-02-26,WellRoot,Organic,1425,27,38.94
2025-02-26,WellRoot,Influencer,10165,406,183.42
2025-02-26,WellRoot,Email,3637,57,70.64
2025-02-27,AuraGlow,Meta Ads,25688,385,502.31
2025-02-27,AuraGlow,Google Ads,22608,560,387.25
2025-02-27,AuraGlow,Organic,2163,71,36.85
2025-02-27,AuraGlow,Influencer,13069,397,243.93
2025-02-27,AuraGlow,Email,3327,82,79.51
2025-02-27,UrbanThread,Meta Ads,36646,620,630.39
2025-02-27,UrbanThread,Google Ads,15114,313,397.31
2025-02-27,UrbanThread,Organic,2809,79,44.77
2025-02-27,UrbanThread,Influencer,21085,367,365.41
2025-02-27,UrbanThread,Email,3282,92,72.38
2025-02-27,HomeNest,Meta Ads,34435,726,590.09
2025-02-27,HomeNest,Google Ads,15863,391,439.39
2025-02-27,HomeNest,Organic,2523,42,43.88
2025-02-27,HomeNest,Influencer,6803,257,158.77
2025-02-27,HomeNest,Email,2851,90,70.07
2025-02-27,TechEase,Meta Ads,23543,408,545.4
2025-02-27,TechEase,Google Ads,11003,239,282.29
2025-02-27,TechEase,Organic,2104,62,39.06
2025-02-27,TechEase,Influencer,14683,445,302.6
2025-02-27,TechEase,Email,5513,182,95.8
2025-02-27,WellRoot,Meta Ads,14384,631,407.89
2025-02-27,WellRoot,Google Ads,13596,311,330.18
2025-02-27,WellRoot,Organic,1671,47,46.09
2025-02-27,WellRoot,Influencer,11651,207,193.62
2025-02-27,WellRoot,Email,4509,73,78.37
2025-02-28,AuraGlow,Meta Ads,27811,796,475.44
2025-02-28,AuraGlow,Google Ads,13555,228,334.52
2025-02-28,AuraGlow,Organic,1504,22,34.3
2025-02-28,AuraGlow,Influencer,17621,726,315.72
2025-02-28,AuraGlow,Email,4425,111,93.34
2025-02-28,UrbanThread,Meta Ads,27741,1221,523.82
2025-02-28,UrbanThread,Google Ads,23616,794,441.61
2025-02-28,UrbanThread,Organic,3187,117,49.37
2025-02-28,UrbanThread,Influencer,13387,396,274.26
2025-02-28,UrbanThread,Email,4244,147,97.64
2025-02-28,HomeNest,Meta Ads,24695,753,468.34
2025-02-28,HomeNest,Google Ads,13864,421,363.27
2025-02-28,HomeNest,Organic,2499,85,39.79
2025-02-28,HomeNest,Influencer,6978,184,182.46
2025-02-28,HomeNest,Email,5498,185,89.12
2025-02-28,TechEase,Meta Ads,32837,673,632.41
2025-02-28,TechEase,Google Ads,23579,465,397.68
2025-02-28,TechEase,Organic,3234,107,53.17
2025-02-28,TechEase,Influencer,18270,368,296.62
2025-02-28,TechEase,Email,6051,170,100.06
2025-02-28,WellRoot,Meta Ads,24641,955,398.15
2025-02-28,WellRoot,Google Ads,16218,705,264.73
2025-02-28,WellRoot,Organic,1408,62,36.31
2025-02-28,WellRoot,Influencer,6915,144,151.72
2025-02-28,WellRoot,Email,4857,78,77.23
2025-03-01,AuraGlow,Meta Ads,20434,650,452.07
2025-03-01,AuraGlow,Google Ads,24533,687,417.09
2025-03-01,AuraGlow,Organic,2533,52,50.04
2025-03-01,AuraGlow,Influencer,8993,347,203.34
2025-03-01,AuraGlow,Email,3092,86,71.0
2025-03-01,UrbanThread,Meta Ads,24182,453,648.33
2025-03-01,UrbanThread,Google Ads,23955,523,371.82
2025-03-01,UrbanThread,Organic,2065,44,47.45
2025-03-01,UrbanThread,Influencer,12550,506,286.36
2025-03-01,UrbanThread,Email,3667,77,101.73
2025-03-01,HomeNest,Meta Ads,13598,411,311.87
2025-03-01,HomeNest,Google Ads,19518,583,366.37
2025-03-01,HomeNest,Organic,1861,32,41.85
2025-03-01,HomeNest,Influencer,9622,368,204.18
2025-03-01,HomeNest,Email,3781,144,67.87
2025-03-01,TechEase,Meta Ads,24713,417,512.23
2025-03-01,TechEase,Google Ads,25488,670,424.08
2025-03-01,TechEase,Organic,2611,45,64.89
2025-03-01,TechEase,Influencer,13363,209,209.63
2025-03-01,TechEase,Email,5115,227,99.15
2025-03-01,WellRoot,Meta Ads,17469,639,357.7
2025-03-01,WellRoot,Google Ads,16034,352,250.08
2025-03-01,WellRoot,Organic,1350,37,32.77
2025-03-01,WellRoot,Influencer,8999,223,191.87
2025-03-01,WellRoot,Email,4655,156,82.4
2025-03-02,AuraGlow,Meta Ads,17620,640,363.83
2025-03-02,AuraGlow,Google Ads,19366,403,345.13
2025-03-02,AuraGlow,Organic,2879,81,46.37
2025-03-02,AuraGlow,Influencer,16709,383,293.98
2025-03-02,AuraGlow,Email,5122,184,107.21
2025-03-02,UrbanThread,Meta Ads,30428,625,731.1
2025-03-02,UrbanThread,Google Ads,21971,718,442.88
2025-03-02,UrbanThread,Organic,2559,103,51.31
2025-03-02,UrbanThread,Influencer,12964,396,295.49
2025-03-02,UrbanThread,Email,4513,181,96.51
2025-03-02,HomeNest,Meta Ads,30559,567,519.51
2025-03-02,HomeNest,Google Ads,16682,460,331.68
2025-03-02,HomeNest,Organic,1826,62,35.94
2025-03-02,HomeNest,Influencer,11295,269,236.37
2025-03-02,HomeNest,Email,4834,141,88.65
2025-03-02,TechEase,Meta Ads,31920,1376,558.94
2025-03-02,TechEase,Google Ads,27212,668,453.08
2025-03-02,TechEase,Organic,2550,43,64.71
2025-03-02,TechEase,Influencer,13178,247,299.41
2025-03-02,TechEase,Email,3473,110,89.06
2025-03-02,WellRoot,Meta Ads,21102,816,399.61
2025-03-02,WellRoot,Google Ads,12089,355,198.96
2025-03-02,WellRoot,Organic,1369,22,34.11
2025-03-02,WellRoot,Influencer,8288,324,163.67
2025-03-02,WellRoot,Email,2438,90,57.69
2025-03-03,AuraGlow,Meta Ads,28110,1233,496.08
2025-03-03,AuraGlow,Google Ads,18275,478,322.1
2025-03-03,AuraGlow,Organic,1924,72,40.1
2025-03-03,AuraGlow,Influencer,9903,406,261.68
2025-03-03,AuraGlow,Email,3283,100,80.1
2025-03-03,UrbanThread,Meta Ads,21338,632,577.81
2025-03-03,UrbanThread,Google Ads,23996,660,379.09
2025-03-03,UrbanThread,Organic,2048,82,48.04
2025-03-03,UrbanThread,Influencer,15517,420,267.03
2025-03-03,UrbanThread,Email,5219,229,109.03
2025-03-03,HomeNest,Meta Ads,26501,796,430.23
2025-03-03,HomeNest,Google Ads,14076,310,380.55
2025-03-03,HomeNest,Organic,2446,38,41.11
2025-03-03,HomeNest,Influencer,12200,521,288.68
2025-03-03,HomeNest,Email,4805,86,76.27
2025-03-03,TechEase,Meta Ads,24131,947,546.82
2025-03-03,TechEase,Google Ads,16872,390,427.02
2025-03-03,TechEase,Organic,3510,113,55.8
2025-03-03,TechEase,Influencer,13963,352,315.03
2025-03-03,TechEase,Email,6797,117,122.1
2025-03-03,WellRoot,Meta Ads,15887,278,327.93
2025-03-03,WellRoot,Google Ads,12475,323,294.48
2025-03-03,WellRoot,Organic,1835,28,37.3
2025-03-03,WellRoot,Influencer,10174,347,161.23
2025-03-03,WellRoot,Email,3072,131,58.97
2025-03-04,AuraGlow,Meta Ads,14778,657,376.34
2025-03-04,AuraGlow,Google Ads,23473,799,371.17
2025-03-04,AuraGlow,Organic,2217,83,62.21
2025-03-04,AuraGlow,Influencer,9668,172,171.18
2025-03-04,AuraGlow,Email,3803,138,81.93
2025-03-04,UrbanThread,Meta Ads,31519,972,633.52
2025-03-04,UrbanThread,Google Ads,15002,241,387.7
2025-03-04,UrbanThread,Organic,3154,57,48.56
2025-03-04,UrbanThread,Influencer,16192,545,297.36
2025-03-04,UrbanThread,Email,7679,237,125.66
2025-03-04,HomeNest,Meta Ads,27588,575,426.49
2025-03-04,HomeNest,Google Ads,22329,427,465.76
2025-03-04,HomeNest,Organic,1851,46,38.44
2025-03-04,HomeNest,Influencer,10648,220,225.19
2025-03-04,HomeNest,Email,3760,133,79.44
2025-03-04,TechEase,Meta Ads,24995,907,441.95
2025-03-04,TechEase,Google Ads,17088,669,370.99
2025-03-04,TechEase,Organic,3008,95,56.02
2025-03-04,TechEase,Influencer,11977,313,250.62
2025-03-04,TechEase,Email,4407,77,91.38
2025-03-04,WellRoot,Meta Ads,25177,1131,459.1
2025-03-04,WellRoot,Google Ads,19235,324,299.62
2025-03-04,WellRoot,Organic,2035,52,39.69
2025-03-04,WellRoot,Influencer,4748,146,104.21
2025-03-04,WellRoot,Email,3517,154,86.14
2025-03-05,AuraGlow,Meta Ads,24015,995,406.67
2025-03-05,AuraGlow,Google Ads,14058,377,345.57
2025-03-05,AuraGlow,Organic,2204,74,36.92
2025-03-05,AuraGlow,Influencer,11681,189,215.75
2025-03-05,AuraGlow,Email,3717,67,96.86
2025-03-05,UrbanThread,Meta Ads,23707,992,569.74
2025-03-05,UrbanThread,Google Ads,27691,1043,457.47
2025-03-05,UrbanThread,Organic,1894,37,51.98
2025-03-05,UrbanThread,Influencer,9692,226,227.36
2025-03-05,UrbanThread,Email,5188,178,106.52
2025-03-05,HomeNest,Meta Ads,18458,550,462.73
2025-03-05,HomeNest,Google Ads,22856,587,419.54
2025-03-05,HomeNest,Organic,1915,51,31.6
2025-03-05,HomeNest,Influencer,10266,195,221.41
2025-03-05,HomeNest,Email,3392,122,57.81
2025-03-05,TechEase,Meta Ads,19724,536,537.46
2025-03-05,TechEase,Google Ads,12609,316,327.75
2025-03-05,TechEase,Organic,2345,48,58.58
2025-03-05,TechEase,Influencer,14271,580,239.8
2025-03-05,TechEase,Email,4825,83,118.13
2025-03-05,WellRoot,Meta Ads,15321,388,411.17
2025-03-05,WellRoot,Google Ads,12778,463,202.76
2025-03-05,WellRoot,Organic,1247,23,33.75
2025-03-05,WellRoot,Influencer,12882,399,203.36
2025-03-05,WellRoot,Email,3358,120,67.31
2025-03-06,AuraGlow,Meta Ads,29017,607,486.74
2025-03-06,AuraGlow,Google Ads,13028,213,298.87
2025-03-06,AuraGlow,Organic,1741,61,34.88
2025-03-06,AuraGlow,Influencer,13218,579,207.59
2025-03-06,AuraGlow,Email,6118,115,97.61
2025-03-06,UrbanThread,Meta Ads,24678,564,556.92
2025-03-06,UrbanThread,Google Ads,17968,753,469.63
2025-03-06,UrbanThread,Organic,2178,94,52.87
2025-03-06,UrbanThread,Influencer,13757,431,264.34
2025-03-06,UrbanThread,Email,5590,139,90.23
2025-03-06,HomeNest,Meta Ads,25803,687,490.65
2025-03-06,HomeNest,Google Ads,15134,512,306.2
2025-03-06,HomeNest,Organic,3076,115,56.26
2025-03-06,HomeNest,Influencer,11689,499,197.2
2025-03-06,HomeNest,Email,3015,84,75.28
2025-03-06,TechEase,Meta Ads,38046,1166,622.3
2025-03-06,TechEase,Google Ads,17587,595,321.12
2025-03-06,TechEase,Organic,1956,77,43.27
2025-03-06,TechEase,Influencer,13164,295,272.22
2025-03-06,TechEase,Email,4968,189,82.95
2025-03-06,WellRoot,Meta Ads,17112,475,402.83
2025-03-06,WellRoot,Google Ads,11664,269,259.21
2025-03-06,WellRoot,Organic,2076,44,38.07
2025-03-06,WellRoot,Influencer,9683,169,211.29
2025-03-06,WellRoot,Email,2972,125,55.93
2025-03-07,AuraGlow,Meta Ads,23865,560,510.81
2025-03-07,AuraGlow,Google Ads,11886,248,252.0
2025-03-07,AuraGlow,Organic,2169,68,36.36
2025-03-07,AuraGlow,Influencer,16941,669,289.13
2025-03-07,AuraGlow,Email,3251,76,66.72
2025-03-07,UrbanThread,Meta Ads,29563,1056,461.56
2025-03-07,UrbanThread,Google Ads,30931,691,509.54
2025-03-07,UrbanThread,Organic,2156,67,44.11
2025-03-07,UrbanThread,Influencer,10749,283,272.89
2025-03-07,UrbanThread,Email,3574,96,93.18
2025-03-07,HomeNest,Meta Ads,37278,1533,595.3
2025-03-07,HomeNest,Google Ads,18233,422,352.22
2025-03-07,HomeNest,Organic,2341,43,58.46
2025-03-07,HomeNest,Influencer,14683,359,249.0
2025-03-07,HomeNest,Email,3153,131,89.91
2025-03-07,TechEase,Meta Ads,31953,708,492.11
2025-03-07,TechEase,Google Ads,21922,574,372.16
2025-03-07,TechEase,Organic,2001,46,56.03
2025-03-07,TechEase,Influencer,15340,451,314.48
2025-03-07,TechEase,Email,4403,170,104.24
2025-03-07,WellRoot,Meta Ads,20184,527,386.47
2025-03-07,WellRoot,Google Ads,8555,292,185.71
2025-03-07,WellRoot,Organic,1719,73,42.74
2025-03-07,WellRoot,Influencer,11921,515,219.2
2025-03-07,WellRoot,Email,5305,125,88.79
2025-03-08,AuraGlow,Meta Ads,27294,961,426.77
2025-03-08,AuraGlow,Google Ads,17346,547,358.66
2025-03-08,AuraGlow,Organic,2021,58,48.87
2025-03-08,AuraGlow,Influencer,12512,372,222.57
2025-03-08,AuraGlow,Email,2348,53,51.54
2025-03-08,UrbanThread,Meta Ads,20673,325,513.58
2025-03-08,UrbanThread,Google Ads,18973,314,397.88
2025-03-08,UrbanThread,Organic,2879,63,55.39
2025-03-08,UrbanThread,Influencer,12495,222,235.0
2025-03-08,UrbanThread,Email,6193,214,115.63
2025-03-08,HomeNest,Meta Ads,28518,634,475.81
2025-03-08,HomeNest,Google Ads,17412,659,404.48
2025-03-08,HomeNest,Organic,1684,66,43.33
2025-03-08,HomeNest,Influencer,10330,324,221.13
2025-03-08,HomeNest,Email,4624,173,72.47
2025-03-08,TechEase,Meta Ads,25155,891,595.3
2025-03-08,TechEase,Google Ads,13870,552,388.77
2025-03-08,TechEase,Organic,2967,127,51.12
2025-03-08,TechEase,Influencer,13906,319,270.61
2025-03-08,TechEase,Email,3997,69,91.03
2025-03-08,WellRoot,Meta Ads,22712,670,488.07
2025-03-08,WellRoot,Google Ads,21765,495,380.04
2025-03-08,WellRoot,Organic,1975,33,44.62
2025-03-08,WellRoot,Influencer,7774,213,180.52
2025-03-08,WellRoot,Email,2988,98,62.23
2025-03-09,AuraGlow,Meta Ads,26157,1167,599.74
2025-03-09,AuraGlow,Google Ads,17053,423,411.44
2025-03-09,AuraGlow,Organic,1984,62,49.48
2025-03-09,AuraGlow,Influencer,8018,201,221.15
2025-03-09,AuraGlow,Email,4039,128,88.0
2025-03-09,UrbanThread,Meta Ads,37396,1027,653.57
2025-03-09,UrbanThread,Google Ads,20195,427,398.3
2025-03-09,UrbanThread,Organic,2910,86,53.9
2025-03-09,UrbanThread,Influencer,17172,486,286.61
2025-03-09,UrbanThread,Email,4306,133,94.69
2025-03-09,HomeNest,Meta Ads,13981,453,319.14
2025-03-09,HomeNest,Google Ads,13182,291,323.53
2025-03-09,HomeNest,Organic,2364,82,38.66
2025-03-09,HomeNest,Influencer,12844,509,277.3
2025-03-09,HomeNest,Email,4965,194,123.13
2025-03-09,TechEase,Meta Ads,33518,1387,748.71
2025-03-09,TechEase,Google Ads,13681,570,381.25
2025-03-09,TechEase,Organic,3287,74,52.11
2025-03-09,TechEase,Influencer,12104,510,273.09
2025-03-09,TechEase,Email,7181,122,113.21
2025-03-09,WellRoot,Meta Ads,14020,366,317.19
2025-03-09,WellRoot,Google Ads,9572,342,271.62
2025-03-09,WellRoot,Organic,1986,88,35.53
2025-03-09,WellRoot,Influencer,4584,161,119.38
2025-03-09,WellRoot,Email,3027,65,59.09
2025-03-10,AuraGlow,Meta Ads,21551,730,399.39
2025-03-10,AuraGlow,Google Ads,25009,1090,385.59
2025-03-10,AuraGlow,Organic,1634,42,36.78
2025-03-10,AuraGlow,Influencer,13512,390,240.2
2025-03-10,AuraGlow,Email,4089,141,82.76
2025-03-10,UrbanThread,Meta Ads,31114,923,651.84
2025-03-10,UrbanThread,Google Ads,24511,926,574.47
2025-03-10,UrbanThread,Organic,1758,36,44.11
2025-03-10,UrbanThread,Influencer,13774,486,323.69
2025-03-10,UrbanThread,Email,4925,120,104.27
2025-03-10,HomeNest,Meta Ads,22573,661,536.72
2025-03-10,HomeNest,Google Ads,18450,386,318.04
2025-03-10,HomeNest,Organic,2550,88,49.24
2025-03-10,HomeNest,Influencer,13735,259,299.53
2025-03-10,HomeNest,Email,4770,197,96.53
2025-03-10,TechEase,Meta Ads,20427,850,548.08
2025-03-10,TechEase,Google Ads,24206,546,441.82
2025-03-10,TechEase,Organic,2358,72,44.03
2025-03-10,TechEase,Influencer,14750,496,245.59
2025-03-10,TechEase,Email,5551,133,97.28
2025-03-10,WellRoot,Meta Ads,20755,513,581.24
2025-03-10,WellRoot,Google Ads,11206,360,223.04
2025-03-10,WellRoot,Organic,1932,30,39.65
2025-03-10,WellRoot,Influencer,9848,397,188.82
2025-03-10,WellRoot,Email,2695,114,51.73
2025-03-11,AuraGlow,Meta Ads,29049,909,630.63
2025-03-11,AuraGlow,Google Ads,19277,628,404.65
2025-03-11,AuraGlow,Organic,1860,78,36.41
2025-03-11,AuraGlow,Influencer,11579,452,255.63
2025-03-11,AuraGlow,Email,3921,135,76.43
2025-03-11,UrbanThread,Meta Ads,39275,1305,673.04
2025-03-11,UrbanThread,Google Ads,17996,753,466.96
2025-03-11,UrbanThread,Organic,2005,42,50.99
2025-03-11,UrbanThread,Influencer,14036,333,258.77
2025-03-11,UrbanThread,Email,5259,91,125.19
2025-03-11,HomeNest,Meta Ads,28032,1209,525.18
2025-03-11,HomeNest,Google Ads,12796,539,297.62
2025-03-11,HomeNest,Organic,1500,23,39.05
2025-03-11,HomeNest,Influencer,11584,323,221.39
2025-03-11,HomeNest,Email,4864,129,85.2
2025-03-11,TechEase,Meta Ads,38268,1375,616.82
2025-03-11,TechEase,Google Ads,21022,700,472.04
2025-03-11,TechEase,Organic,2624,48,44.44
2025-03-11,TechEase,Influencer,13156,445,303.29
2025-03-11,TechEase,Email,4184,173,86.53
2025-03-11,WellRoot,Meta Ads,11384,477,281.74
2025-03-11,WellRoot,Google Ads,17694,359,299.03
2025-03-11,WellRoot,Organic,1192,18,31.0
2025-03-11,WellRoot,Influencer,7842,178,191.88
2025-03-11,WellRoot,Email,3926,88,86.08
2025-03-12,AuraGlow,Meta Ads,19596,688,405.16
2025-03-12,AuraGlow,Google Ads,18727,305,460.21
2025-03-12,AuraGlow,Organic,2268,49,36.7
2025-03-12,AuraGlow,Influencer,18992,340,305.07
2025-03-12,AuraGlow,Email,6852,276,109.08
2025-03-12,UrbanThread,Meta Ads,18039,350,508.7
2025-03-12,UrbanThread,Google Ads,36387,1125,572.77
2025-03-12,UrbanThread,Organic,2085,64,48.38
2025-03-12,UrbanThread,Influencer,11846,311,274.15
2025-03-12,UrbanThread,Email,3360,77,80.62
2025-03-12,HomeNest,Meta Ads,33356,1189,530.23
2025-03-12,HomeNest,Google Ads,16051,252,319.77
2025-03-12,HomeNest,Organic,2181,61,44.1
2025-03-12,HomeNest,Influencer,14823,468,258.41
2025-03-12,HomeNest,Email,4600,111,102.89
2025-03-12,TechEase,Meta Ads,24727,1003,476.94
2025-03-12,TechEase,Google Ads,24598,777,402.22
2025-03-12,TechEase,Organic,3027,52,59.81
2025-03-12,TechEase,Influencer,11075,182,279.59
2025-03-12,TechEase,Email,4138,81,97.58
2025-03-12,WellRoot,Meta Ads,20209,625,443.01
2025-03-12,WellRoot,Google Ads,14453,235,248.49
2025-03-12,WellRoot,Organic,1416,36,35.4
2025-03-12,WellRoot,Influencer,7009,298,180.5
2025-03-12,WellRoot,Email,5657,227,92.28
2025-03-13,AuraGlow,Meta Ads,32062,1049,498.71
2025-03-13,AuraGlow,Google Ads,14963,321,374.87
2025-03-13,AuraGlow,Organic,2191,74,40.68
2025-03-13,AuraGlow,Influencer,7862,240,189.8
2025-03-13,AuraGlow,Email,4737,184,74.6
2025-03-13,UrbanThread,Meta Ads,15388,651,388.26
2025-03-13,UrbanThread,Google Ads,14431,259,360.32
2025-03-13,UrbanThread,Organic,2727,93,45.85
2025-03-13,UrbanThread,Influencer,11477,219,227.27
2025-03-13,UrbanThread,Email,4139,114,95.8
2025-03-13,HomeNest,Meta Ads,22961,813,508.36
2025-03-13,HomeNest,Google Ads,24342,507,431.25
2025-03-13,HomeNest,Organic,2036,90,45.95
2025-03-13,HomeNest,Influencer,11767,304,234.38
2025-03-13,HomeNest,Email,3286,113,72.0
2025-03-13,TechEase,Meta Ads,22867,697,524.37
2025-03-13,TechEase,Google Ads,18983,697,436.48
2025-03-13,TechEase,Organic,2726,98,54.79
2025-03-13,TechEase,Influencer,13749,218,253.08
2025-03-13,TechEase,Email,3434,120,82.12
2025-03-13,WellRoot,Meta Ads,22080,372,439.34
2025-03-13,WellRoot,Google Ads,18408,378,305.14
2025-03-13,WellRoot,Organic,1318,37,35.61
2025-03-13,WellRoot,Influencer,8173,254,163.74
2025-03-13,WellRoot,Email,2800,71,51.86
2025-03-14,AuraGlow,Meta Ads,25345,407,453.81
2025-03-14,AuraGlow,Google Ads,14004,499,321.58
2025-03-14,AuraGlow,Organic,2256,51,43.08
2025-03-14,AuraGlow,Influencer,10362,263,213.78
2025-03-14,AuraGlow,Email,3130,57,72.42
2025-03-14,UrbanThread,Meta Ads,26683,1188,568.6
2025-03-14,UrbanThread,Google Ads,24330,750,495.23
2025-03-14,UrbanThread,Organic,1757,78,44.44
2025-03-14,UrbanThread,Influencer,13835,382,284.15
2025-03-14,UrbanThread,Email,3867,146,101.44
2025-03-14,HomeNest,Meta Ads,15253,543,296.04
2025-03-14,HomeNest,Google Ads,20375,861,438.47
2025-03-14,HomeNest,Organic,1564,62,33.25
2025-03-14,HomeNest,Influencer,11758,344,220.07
2025-03-14,HomeNest,Email,3589,78,76.12
2025-03-14,TechEase,Meta Ads,26252,404,438.48
2025-03-14,TechEase,Google Ads,23082,576,404.65
2025-03-14,TechEase,Organic,2944,82,46.37
2025-03-14,TechEase,Influencer,18634,374,379.01
2025-03-14,TechEase,Email,7041,213,114.74
2025-03-14,WellRoot,Meta Ads,28056,474,575.07
2025-03-14,WellRoot,Google Ads,11293,485,269.73
2025-03-14,WellRoot,Organic,1271,56,33.12
2025-03-14,WellRoot,Influencer,11296,396,187.35
2025-03-14,WellRoot,Email,3331,59,77.39
2025-03-15,AuraGlow,Meta Ads,35704,1377,553.42
2025-03-15,AuraGlow,Google Ads,24948,683,483.91
2025-03-15,AuraGlow,Organic,1853,80,49.79
2025-03-15,AuraGlow,Influencer,12318,311,197.96
2025-03-15,AuraGlow,Email,4774,163,73.61
2025-03-15,UrbanThread,Meta Ads,41273,938,668.76
2025-03-15,UrbanThread,Google Ads,15353,485,398.78
2025-03-15,UrbanThread,Organic,1667,65,32.06
2025-03-15,UrbanThread,Influencer,17284,734,267.95
2025-03-15,UrbanThread,Email,3572,113,64.86
2025-03-15,HomeNest,Meta Ads,21811,960,518.08
2025-03-15,HomeNest,Google Ads,15345,319,330.36
2025-03-15,HomeNest,Organic,1792,34,49.09
2025-03-15,HomeNest,Influencer,9015,291,253.04
2025-03-15,HomeNest,Email,4465,147,74.97
2025-03-15,TechEase,Meta Ads,15665,319,437.62
2025-03-15,TechEase,Google Ads,27659,688,505.73
2025-03-15,TechEase,Organic,2392,90,52.75
2025-03-15,TechEase,Influencer,11303,374,253.63
2025-03-15,TechEase,Email,4370,186,85.99
2025-03-15,WellRoot,Meta Ads,29214,745,497.89
2025-03-15,WellRoot,Google Ads,18696,775,316.27
2025-03-15,WellRoot,Organic,1584,49,32.59
2025-03-15,WellRoot,Influencer,6313,252,129.22
2025-03-15,WellRoot,Email,2282,35,49.27
2025-03-16,AuraGlow,Meta Ads,20143,636,473.02
2025-03-16,AuraGlow,Google Ads,16422,605,368.46
2025-03-16,AuraGlow,Organic,989,30,28.19
2025-03-16,AuraGlow,Influencer,7989,268,179.86
2025-03-16,AuraGlow,Email,4178,69,74.29
2025-03-16,UrbanThread,Meta Ads,23180,637,568.37
2025-03-16,UrbanThread,Google Ads,20373,705,379.46
2025-03-16,UrbanThread,Organic,2126,89,33.82
2025-03-16,UrbanThread,Influencer,14793,471,260.66
2025-03-16,UrbanThread,Email,3761,70,85.1
2025-03-16,HomeNest,Meta Ads,25424,860,397.92
2025-03-16,HomeNest,Google Ads,24549,505,490.23
2025-03-16,HomeNest,Organic,1129,20,32.11
2025-03-16,HomeNest,Influencer,16685,508,262.16
2025-03-16,HomeNest,Email,4275,169,101.91
2025-03-16,TechEase,Meta Ads,28845,908,448.44
2025-03-16,TechEase,Google Ads,23918,720,412.98
2025-03-16,TechEase,Organic,2180,59,51.37
2025-03-16,TechEase,Influencer,16047,498,269.14
2025-03-16,TechEase,Email,5023,162,82.31
2025-03-16,WellRoot,Meta Ads,20535,451,317.12
2025-03-16,WellRoot,Google Ads,16386,342,252.97
2025-03-16,WellRoot,Organic,1798,50,34.84
2025-03-16,WellRoot,Influencer,8318,186,165.54
2025-03-16,WellRoot,Email,2851,53,58.08
2025-03-17,AuraGlow,Meta Ads,19023,617,439.56
2025-03-17,AuraGlow,Google Ads,18754,817,408.1
2025-03-17,AuraGlow,Organic,2183,70,49.54
2025-03-17,AuraGlow,Influencer,10044,310,285.52
2025-03-17,AuraGlow,Email,3407,98,72.63
2025-03-17,UrbanThread,Meta Ads,25692,428,619.38
2025-03-17,UrbanThread,Google Ads,16596,706,395.93
2025-03-17,UrbanThread,Organic,2347,89,43.76
2025-03-17,UrbanThread,Influencer,10505,170,236.24
2025-03-17,UrbanThread,Email,6970,281,123.41
2025-03-17,HomeNest,Meta Ads,21378,947,399.91
2025-03-17,HomeNest,Google Ads,16320,692,293.1
2025-03-17,HomeNest,Organic,1375,33,23.83
2025-03-17,HomeNest,Influencer,11287,487,248.18
2025-03-17,HomeNest,Email,5074,89,96.12
2025-03-17,TechEase,Meta Ads,18970,397,358.49
2025-03-17,TechEase,Google Ads,25545,537,461.21
2025-03-17,TechEase,Organic,2213,93,51.82
2025-03-17,TechEase,Influencer,20932,922,332.31
2025-03-17,TechEase,Email,3500,145,94.94
2025-03-17,WellRoot,Meta Ads,11841,298,310.82
2025-03-17,WellRoot,Google Ads,23319,823,387.51
2025-03-17,WellRoot,Organic,1806,43,39.58
2025-03-17,WellRoot,Influencer,11086,214,241.76
2025-03-17,WellRoot,Email,2324,95,58.34
2025-03-18,AuraGlow,Meta Ads,13984,494,382.06
2025-03-18,AuraGlow,Google Ads,14219,630,245.77
2025-03-18,AuraGlow,Organic,2775,74,48.29
2025-03-18,AuraGlow,Influencer,15411,346,293.53
2025-03-18,AuraGlow,Email,2448,57,67.76
2025-03-18,UrbanThread,Meta Ads,32215,917,606.77
2025-03-18,UrbanThread,Google Ads,24498,905,530.42
2025-03-18,UrbanThread,Organic,2233,81,49.8
2025-03-18,UrbanThread,Influencer,9394,416,214.7
2025-03-18,UrbanThread,Email,3286,129,93.02
2025-03-18,HomeNest,Meta Ads,23482,451,492.45
2025-03-18,HomeNest,Google Ads,16220,290,340.87
2025-03-18,HomeNest,Organic,1817,74,31.63
2025-03-18,HomeNest,Influencer,17362,771,291.93
2025-03-18,HomeNest,Email,5298,205,90.37
2025-03-18,TechEase,Meta Ads,20742,453,525.55
2025-03-18,TechEase,Google Ads,20855,753,455.68
2025-03-18,TechEase,Organic,2741,65,53.4
2025-03-18,TechEase,Influencer,12200,482,258.9
2025-03-18,TechEase,Email,3850,96,95.84
2025-03-18,WellRoot,Meta Ads,15491,671,332.33
2025-03-18,WellRoot,Google Ads,18538,418,353.6
2025-03-18,WellRoot,Organic,1598,39,30.68
2025-03-18,WellRoot,Influencer,7895,143,186.75
2025-03-18,WellRoot,Email,3289,58,80.6
2025-03-19,AuraGlow,Meta Ads,16486,671,438.07
2025-03-19,AuraGlow,Google Ads,20512,709,358.49
2025-03-19,AuraGlow,Organic,1764,63,50.15
2025-03-19,AuraGlow,Influencer,12292,271,224.14
2025-03-19,AuraGlow,Email,4794,175,81.29
2025-03-19,UrbanThread,Meta Ads,26715,731,435.96
2025-03-19,UrbanThread,Google Ads,19699,779,521.49
2025-03-19,UrbanThread,Organic,2963,54,51.96
2025-03-19,UrbanThread,Influencer,14141,243,257.06
2025-03-19,UrbanThread,Email,3596,83,80.72
2025-03-19,HomeNest,Meta Ads,32168,1236,515.91
2025-03-19,HomeNest,Google Ads,15628,546,279.56
2025-03-19,HomeNest,Organic,1997,47,48.15
2025-03-19,HomeNest,Influencer,15932,488,294.1
2025-03-19,HomeNest,Email,5925,198,109.52
2025-03-19,TechEase,Meta Ads,25009,679,661.83
2025-03-19,TechEase,Google Ads,25816,862,484.14
2025-03-19,TechEase,Organic,1767,50,40.3
2025-03-19,TechEase,Influencer,17103,643,268.86
2025-03-19,TechEase,Email,3926,167,91.34
2025-03-19,WellRoot,Meta Ads,18513,686,385.38
2025-03-19,WellRoot,Google Ads,12681,191,344.86
2025-03-19,WellRoot,Organic,2218,52,40.39
2025-03-19,WellRoot,Influencer,7135,158,165.9
2025-03-19,WellRoot,Email,2562,39,60.68
2025-03-20,AuraGlow,Meta Ads,28049,676,532.19
2025-03-20,AuraGlow,Google Ads,14606,509,401.76
2025-03-20,AuraGlow,Organic,1612,36,32.11
2025-03-20,AuraGlow,Influencer,9353,322,177.28
2025-03-20,AuraGlow,Email,5343,102,86.33
2025-03-20,UrbanThread,Meta Ads,18315,700,487.89
2025-03-20,UrbanThread,Google Ads,18586,461,404.5
2025-03-20,UrbanThread,Organic,2864,62,48.97
2025-03-20,UrbanThread,Influencer,18771,620,321.35
2025-03-20,UrbanThread,Email,4360,192,113.54
2025-03-20,HomeNest,Meta Ads,19520,721,385.58
2025-03-20,HomeNest,Google Ads,18865,318,368.01
2025-03-20,HomeNest,Organic,3548,157,59.52
2025-03-20,HomeNest,Influencer,14813,255,248.53
2025-03-20,HomeNest,Email,4252,79,74.09
2025-03-20,TechEase,Meta Ads,31439,959,498.43
2025-03-20,TechEase,Google Ads,18510,742,423.98
2025-03-20,TechEase,Organic,1826,33,45.83
2025-03-20,TechEase,Influencer,17579,364,282.19
2025-03-20,TechEase,Email,4524,199,91.03
2025-03-20,WellRoot,Meta Ads,21100,495,355.31
2025-03-20,WellRoot,Google Ads,13576,450,282.78
2025-03-20,WellRoot,Organic,1441,49,22.26
2025-03-20,WellRoot,Influencer,9611,401,168.24
2025-03-20,WellRoot,Email,2211,97,42.41
2025-03-21,AuraGlow,Meta Ads,25418,777,402.9
2025-03-21,AuraGlow,Google Ads,17350,417,412.89
2025-03-21,AuraGlow,Organic,2047,45,48.63
2025-03-21,AuraGlow,Influencer,9730,420,232.38
2025-03-21,AuraGlow,Email,4938,200,101.66
2025-03-21,UrbanThread,Meta Ads,43289,1709,674.54
2025-03-21,UrbanThread,Google Ads,25403,586,409.69
2025-03-21,UrbanThread,Organic,1079,35,25.95
2025-03-21,UrbanThread,Influencer,14343,424,268.25
2025-03-21,UrbanThread,Email,4352,143,79.06
2025-03-21,HomeNest,Meta Ads,20561,529,476.8
2025-03-21,HomeNest,Google Ads,19581,707,349.39
2025-03-21,HomeNest,Organic,1838,57,37.03
2025-03-21,HomeNest,Influencer,12965,441,249.63
2025-03-21,HomeNest,Email,4874,157,76.04
2025-03-21,TechEase,Meta Ads,40698,769,733.28
2025-03-21,TechEase,Google Ads,16477,487,426.7
2025-03-21,TechEase,Organic,2838,102,46.3
2025-03-21,TechEase,Influencer,8667,150,236.49
2025-03-21,TechEase,Email,3743,58,97.2
2025-03-21,WellRoot,Meta Ads,22464,734,368.28
2025-03-21,WellRoot,Google Ads,18568,285,302.42
2025-03-21,WellRoot,Organic,612,20,13.86
2025-03-21,WellRoot,Influencer,14057,588,253.36
2025-03-21,WellRoot,Email,2264,95,45.64
2025-03-22,AuraGlow,Meta Ads,32787,987,535.4
2025-03-22,AuraGlow,Google Ads,22183,408,493.22
2025-03-22,AuraGlow,Organic,1390,61,25.34
2025-03-22,AuraGlow,Influencer,15327,515,239.63
2025-03-22,AuraGlow,Email,6169,192,95.41
2025-03-22,UrbanThread,Meta Ads,23937,929,607.22
2025-03-22,UrbanThread,Google Ads,26954,994,448.23
2025-03-22,UrbanThread,Organic,2133,47,37.16
2025-03-22,UrbanThread,Influencer,12098,515,325.36
2025-03-22,UrbanThread,Email,4391,162,116.49
2025-03-22,HomeNest,Meta Ads,30681,1321,483.44
2025-03-22,HomeNest,Google Ads,23877,383,408.46
2025-03-22,HomeNest,Organic,1319,45,35.76
2025-03-22,HomeNest,Influencer,13925,316,237.69
2025-03-22,HomeNest,Email,4347,71,75.83
2025-03-22,TechEase,Meta Ads,27007,1162,500.45
2025-03-22,TechEase,Google Ads,21893,724,392.38
2025-03-22,TechEase,Organic,2345,77,49.9
2025-03-22,TechEase,Influencer,9434,163,262.79
2025-03-22,TechEase,Email,4559,80,72.75
2025-03-22,WellRoot,Meta Ads,14388,235,372.66
2025-03-22,WellRoot,Google Ads,12874,427,261.55
2025-03-22,WellRoot,Organic,858,24,19.76
2025-03-22,WellRoot,Influencer,10204,193,202.49
2025-03-22,WellRoot,Email,2501,71,62.94
2025-03-23,AuraGlow,Meta Ads,32160,616,514.68
2025-03-23,AuraGlow,Google Ads,26092,950,409.43
2025-03-23,AuraGlow,Organic,1214,33,27.95
2025-03-23,AuraGlow,Influencer,17518,651,278.21
2025-03-23,AuraGlow,Email,3437,117,95.75
2025-03-23,UrbanThread,Meta Ads,16731,453,374.18
2025-03-23,UrbanThread,Google Ads,22149,981,374.46
2025-03-23,UrbanThread,Organic,2074,52,52.73
2025-03-23,UrbanThread,Influencer,10386,200,285.39
2025-03-23,UrbanThread,Email,3685,74,91.81
2025-03-23,HomeNest,Meta Ads,26614,724,515.25
2025-03-23,HomeNest,Google Ads,26281,960,453.16
2025-03-23,HomeNest,Organic,1920,57,37.71
2025-03-23,HomeNest,Influencer,12505,392,212.34
2025-03-23,HomeNest,Email,3811,123,81.54
2025-03-23,TechEase,Meta Ads,24896,491,416.17
2025-03-23,TechEase,Google Ads,18627,401,360.43
2025-03-23,TechEase,Organic,2323,54,42.88
2025-03-23,TechEase,Influencer,9919,243,194.97
2025-03-23,TechEase,Email,6481,266,103.48
2025-03-23,WellRoot,Meta Ads,10677,395,267.19
2025-03-23,WellRoot,Google Ads,20411,537,316.4
2025-03-23,WellRoot,Organic,1119,17,29.65
2025-03-23,WellRoot,Influencer,8156,226,214.76
2025-03-23,WellRoot,Email,3418,85,70.41
2025-03-24,AuraGlow,Meta Ads,15456,375,420.7
2025-03-24,AuraGlow,Google Ads,13095,588,338.94
2025-03-24,AuraGlow,Organic,1660,43,41.07
2025-03-24,AuraGlow,Influencer,8748,248,231.03
2025-03-24,AuraGlow,Email,4848,112,83.53
2025-03-24,UrbanThread,Meta Ads,29138,687,545.37
2025-03-24,UrbanThread,Google Ads,28142,1041,447.74
2025-03-24,UrbanThread,Organic,1604,37,44.2
2025-03-24,UrbanThread,Influencer,9818,271,199.32
2025-03-24,UrbanThread,Email,5543,92,91.46
2025-03-24,HomeNest,Meta Ads,22784,437,360.93
2025-03-24,HomeNest,Google Ads,18808,839,386.66
2025-03-24,HomeNest,Organic,2089,85,38.22
2025-03-24,HomeNest,Influencer,13848,399,240.86
2025-03-24,HomeNest,Email,4749,184,113.77
2025-03-24,TechEase,Meta Ads,26809,950,498.47
2025-03-24,TechEase,Google Ads,29157,1097,480.8
2025-03-24,TechEase,Organic,3009,89,53.68
2025-03-24,TechEase,Influencer,14682,469,236.21
2025-03-24,TechEase,Email,7858,264,126.11
2025-03-24,WellRoot,Meta Ads,15593,268,331.52
2025-03-24,WellRoot,Google Ads,19667,342,318.05
2025-03-24,WellRoot,Organic,1184,33,31.4
2025-03-24,WellRoot,Influencer,5044,103,123.5
2025-03-24,WellRoot,Email,2281,52,51.43
2025-03-25,AuraGlow,Meta Ads,31587,1365,531.22
2025-03-25,AuraGlow,Google Ads,12437,364,297.41
2025-03-25,AuraGlow,Organic,1860,47,33.09
2025-03-25,AuraGlow,Influencer,9295,186,228.39
2025-03-25,AuraGlow,Email,3452,139,67.92
2025-03-25,UrbanThread,Meta Ads,22141,658,581.02
2025-03-25,UrbanThread,Google Ads,32527,1349,542.54
2025-03-25,UrbanThread,Organic,3074,97,47.88
2025-03-25,UrbanThread,Influencer,11828,341,296.01
2025-03-25,UrbanThread,Email,5278,221,90.03
2025-03-25,HomeNest,Meta Ads,23887,832,525.46
2025-03-25,HomeNest,Google Ads,17521,636,422.82
2025-03-25,HomeNest,Organic,1871,78,42.77
2025-03-25,HomeNest,Influencer,6923,174,173.77
2025-03-25,HomeNest,Email,4285,176,113.03
2025-03-25,TechEase,Meta Ads,22782,981,593.15
2025-03-25,TechEase,Google Ads,15860,388,369.8
2025-03-25,TechEase,Organic,2304,61,47.97
2025-03-25,TechEase,Influencer,16987,732,264.2
2025-03-25,TechEase,Email,4991,178,88.5
2025-03-25,WellRoot,Meta Ads,25766,1039,502.5
2025-03-25,WellRoot,Google Ads,15228,395,355.93
2025-03-25,WellRoot,Organic,1472,62,35.39
2025-03-25,WellRoot,Influencer,5718,178,103.4
2025-03-25,WellRoot,Email,3682,90,72.99
2025-03-26,AuraGlow,Meta Ads,23602,513,463.51
2025-03-26,AuraGlow,Google Ads,21969,848,365.54
2025-03-26,AuraGlow,Organic,2969,76,52.03
2025-03-26,AuraGlow,Influencer,12078,442,227.07
2025-03-26,AuraGlow,Email,4915,169,84.56
2025-03-26,UrbanThread,Meta Ads,27871,548,640.75
2025-03-26,UrbanThread,Google Ads,20757,401,343.69
2025-03-26,UrbanThread,Organic,2149,35,45.42
2025-03-26,UrbanThread,Influencer,12066,197,201.89
2025-03-26,UrbanThread,Email,6728,186,110.94
2025-03-26,HomeNest,Meta Ads,22431,406,488.36
2025-03-26,HomeNest,Google Ads,18514,784,387.12
2025-03-26,HomeNest,Organic,1405,42,32.38
2025-03-26,HomeNest,Influencer,9731,263,254.8
2025-03-26,HomeNest,Email,3466,136,83.97
2025-03-26,TechEase,Meta Ads,33822,1006,547.53
2025-03-26,TechEase,Google Ads,25852,969,432.4
2025-03-26,TechEase,Organic,1254,43,35.74
2025-03-26,TechEase,Influencer,11820,364,277.9
2025-03-26,TechEase,Email,5657,148,127.57
2025-03-26,WellRoot,Meta Ads,20008,680,377.95
2025-03-26,WellRoot,Google Ads,16167,441,336.08
2025-03-26,WellRoot,Organic,2202,38,46.87
2025-03-26,WellRoot,Influencer,11787,400,184.54
2025-03-26,WellRoot,Email,2677,114,47.49
2025-03-27,AuraGlow,Meta Ads,19329,362,461.01
2025-03-27,AuraGlow,Google Ads,16315,510,418.78
2025-03-27,AuraGlow,Organic,1862,58,33.14
2025-03-27,AuraGlow,Influencer,8903,322,227.07
2025-03-27,AuraGlow,Email,5271,156,90.39
2025-03-27,UrbanThread,Meta Ads,29206,589,450.27
2025-03-27,UrbanThread,Google Ads,14553,296,409.72
2025-03-27,UrbanThread,Organic,2288,69,61.13
2025-03-27,UrbanThread,Influencer,19390,778,336.76
2025-03-27,UrbanThread,Email,5370,184,101.13
2025-03-27,HomeNest,Meta Ads,27671,954,513.7
2025-03-27,HomeNest,Google Ads,17935,543,336.2
2025-03-27,HomeNest,Organic,1331,58,37.17
2025-03-27,HomeNest,Influencer,15744,465,298.21
2025-03-27,HomeNest,Email,3589,81,79.11
2025-03-27,TechEase,Meta Ads,23050,923,644.94
2025-03-27,TechEase,Google Ads,15847,238,390.01
2025-03-27,TechEase,Organic,3047,91,47.05
2025-03-27,TechEase,Influencer,12246,237,311.91
2025-03-27,TechEase,Email,6042,191,93.45
2025-03-27,WellRoot,Meta Ads,17003,736,479.57
2025-03-27,WellRoot,Google Ads,11181,200,219.62
2025-03-27,WellRoot,Organic,1395,31,28.4
2025-03-27,WellRoot,Influencer,9476,181,153.39
2025-03-27,WellRoot,Email,3967,68,75.47
2025-03-28,AuraGlow,Meta Ads,25654,1070,421.47
2025-03-28,AuraGlow,Google Ads,15957,457,397.66
2025-03-28,AuraGlow,Organic,1682,63,27.64
2025-03-28,AuraGlow,Influencer,7332,190,207.28
2025-03-28,AuraGlow,Email,5563,120,108.67
2025-03-28,UrbanThread,Meta Ads,19028,506,543.02
2025-03-28,UrbanThread,Google Ads,23336,387,377.29
2025-03-28,UrbanThread,Organic,2333,86,48.75
2025-03-28,UrbanThread,Influencer,14994,489,291.48
2025-03-28,UrbanThread,Email,5415,103,92.3
2025-03-28,HomeNest,Meta Ads,30234,701,483.5
2025-03-28,HomeNest,Google Ads,11148,468,304.89
2025-03-28,HomeNest,Organic,2515,56,49.91
2025-03-28,HomeNest,Influencer,9926,326,179.9
2025-03-28,HomeNest,Email,6091,183,107.64
2025-03-28,TechEase,Meta Ads,26111,853,435.38
2025-03-28,TechEase,Google Ads,31273,1398,513.45
2025-03-28,TechEase,Organic,2279,47,41.33
2025-03-28,TechEase,Influencer,9417,248,244.81
2025-03-28,TechEase,Email,4613,125,108.94
2025-03-28,WellRoot,Meta Ads,15197,496,256.1
2025-03-28,WellRoot,Google Ads,28527,670,441.21
2025-03-28,WellRoot,Organic,1768,49,39.77
2025-03-28,WellRoot,Influencer,14342,260,234.81
2025-03-28,WellRoot,Email,3104,106,60.67
2025-03-29,AuraGlow,Meta Ads,24373,775,555.27
2025-03-29,AuraGlow,Google Ads,15549,425,416.51
2025-03-29,AuraGlow,Organic,2525,102,45.89
2025-03-29,AuraGlow,Influencer,8431,236,224.58
2025-03-29,AuraGlow,Email,4353,187,83.41
2025-03-29,UrbanThread,Meta Ads,21000,576,532.44
2025-03-29,UrbanThread,Google Ads,17622,703,418.67
2025-03-29,UrbanThread,Organic,1895,59,37.47
2025-03-29,UrbanThread,Influencer,9436,168,217.49
2025-03-29,UrbanThread,Email,4932,109,108.98
2025-03-29,HomeNest,Meta Ads,25961,990,491.52
2025-03-29,HomeNest,Google Ads,16667,298,287.02
2025-03-29,HomeNest,Organic,1983,77,51.44
2025-03-29,HomeNest,Influencer,7884,348,185.61
2025-03-29,HomeNest,Email,2502,70,55.61
2025-03-29,TechEase,Meta Ads,31269,1353,752.8
2025-03-29,TechEase,Google Ads,26791,592,428.24
2025-03-29,TechEase,Organic,3147,109,52.0
2025-03-29,TechEase,Influencer,15805,686,295.71
2025-03-29,TechEase,Email,4853,186,80.54
2025-03-29,WellRoot,Meta Ads,16628,557,325.24
2025-03-29,WellRoot,Google Ads,13245,419,213.25
2025-03-29,WellRoot,Organic,1377,27,31.86
2025-03-29,WellRoot,Influencer,5374,180,142.93
2025-03-29,WellRoot,Email,2966,98,79.42
2025-03-30,AuraGlow,Meta Ads,30153,1214,755.58
2025-03-30,AuraGlow,Google Ads,17735,458,281.57
2025-03-30,AuraGlow,Organic,1848,81,42.28
2025-03-30,AuraGlow,Influencer,13000,474,251.99
2025-03-30,AuraGlow,Email,4610,181,74.44
2025-03-30,UrbanThread,Meta Ads,25677,1112,726.53
2025-03-30,UrbanThread,Google Ads,12605,367,319.15
2025-03-30,UrbanThread,Organic,3071,128,56.62
2025-03-30,UrbanThread,Influencer,10384,272,240.73
2025-03-30,UrbanThread,Email,2712,101,60.98
2025-03-30,HomeNest,Meta Ads,25088,714,550.22
2025-03-30,HomeNest,Google Ads,21746,530,364.0
2025-03-30,HomeNest,Organic,2390,74,41.19
2025-03-30,HomeNest,Influencer,17947,742,302.31
2025-03-30,HomeNest,Email,5356,137,83.09
2025-03-30,TechEase,Meta Ads,34031,596,588.07
2025-03-30,TechEase,Google Ads,22370,841,491.33
2025-03-30,TechEase,Organic,2638,67,51.03
2025-03-30,TechEase,Influencer,14727,418,281.05
2025-03-30,TechEase,Email,3128,80,70.01
2025-03-30,WellRoot,Meta Ads,17492,354,373.05
2025-03-30,WellRoot,Google Ads,14572,463,351.36
2025-03-30,WellRoot,Organic,1481,42,38.06
2025-03-30,WellRoot,Influencer,7643,134,164.03
2025-03-30,WellRoot,Email,3059,48,76.03
2025-03-31,AuraGlow,Meta Ads,18721,654,474.47
2025-03-31,AuraGlow,Google Ads,15367,594,435.37
2025-03-31,AuraGlow,Organic,2168,86,43.57
2025-03-31,AuraGlow,Influencer,11129,228,247.59
2025-03-31,AuraGlow,Email,4287,180,97.65
2025-03-31,UrbanThread,Meta Ads,33539,1111,529.96
2025-03-31,UrbanThread,Google Ads,22851,669,392.59
2025-03-31,UrbanThread,Organic,1603,68,44.76
2025-03-31,UrbanThread,Influencer,20803,736,325.18
2025-03-31,UrbanThread,Email,5325,214,93.19
2025-03-31,HomeNest,Meta Ads,20962,915,377.8
2025-03-31,HomeNest,Google Ads,16252,730,427.47
2025-03-31,HomeNest,Organic,2612,115,42.83
2025-03-31,HomeNest,Influencer,10263,445,213.18
2025-03-31,HomeNest,Email,2917,110,81.1
2025-03-31,TechEase,Meta Ads,19488,726,407.53
2025-03-31,TechEase,Google Ads,20333,904,371.16
2025-03-31,TechEase,Organic,1650,47,37.21
2025-03-31,TechEase,Influencer,13065,445,227.26
2025-03-31,TechEase,Email,6972,133,112.97
2025-03-31,WellRoot,Meta Ads,17503,706,328.4
2025-03-31,WellRoot,Google Ads,19434,325,358.76
2025-03-31,WellRoot,Organic,1926,74,34.33
2025-03-31,WellRoot,Influencer,6517,103,134.97
2025-03-31,WellRoot,Email,1912,62,46.68
2025-04-01,AuraGlow,Meta Ads,19068,673,495.86
2025-04-01,AuraGlow,Google Ads,11382,496,182.16
2025-04-01,AuraGlow,Organic,1082,24,28.09
2025-04-01,AuraGlow,Influencer,11995,416,262.84
2025-04-01,AuraGlow,Email,4444,156,94.75
2025-04-01,UrbanThread,Meta Ads,26995,701,621.8
2025-04-01,UrbanThread,Google Ads,21458,434,416.35
2025-04-01,UrbanThread,Organic,2152,58,52.68
2025-04-01,UrbanThread,Influencer,14973,273,237.01
2025-04-01,UrbanThread,Email,4469,126,106.63
2025-04-01,HomeNest,Meta Ads,24260,639,664.7
2025-04-01,HomeNest,Google Ads,14042,281,364.68
2025-04-01,HomeNest,Organic,2240,47,42.79
2025-04-01,HomeNest,Influencer,9613,160,248.9
2025-04-01,HomeNest,Email,3609,104,99.33
2025-04-01,TechEase,Meta Ads,37236,840,577.35
2025-04-01,TechEase,Google Ads,19977,807,334.14
2025-04-01,TechEase,Organic,1449,39,34.24
2025-04-01,TechEase,Influencer,15198,366,241.41
2025-04-01,TechEase,Email,5965,162,107.67
2025-04-01,WellRoot,Meta Ads,29007,1123,458.36
2025-04-01,WellRoot,Google Ads,16913,504,322.57
2025-04-01,WellRoot,Organic,1117,30,23.25
2025-04-01,WellRoot,Influencer,8345,163,218.1
2025-04-01,WellRoot,Email,2407,93,62.75
2025-04-02,AuraGlow,Meta Ads,34643,1159,579.16
2025-04-02,AuraGlow,Google Ads,18525,400,352.98
2025-04-02,AuraGlow,Organic,1680,46,43.12
2025-04-02,AuraGlow,Influencer,13374,369,231.18
2025-04-02,AuraGlow,Email,6237,197,106.0
2025-04-02,UrbanThread,Meta Ads,40011,1404,652.5
2025-04-02,UrbanThread,Google Ads,32898,498,524.21
2025-04-02,UrbanThread,Organic,2271,42,47.81
2025-04-02,UrbanThread,Influencer,11989,205,298.2
2025-04-02,UrbanThread,Email,3909,74,85.62
2025-04-02,HomeNest,Meta Ads,32760,1336,582.44
2025-04-02,HomeNest,Google Ads,17735,764,437.89
2025-04-02,HomeNest,Organic,1944,85,36.3
2025-04-02,HomeNest,Influencer,11537,343,209.07
2025-04-02,HomeNest,Email,3998,71,90.82
2025-04-02,TechEase,Meta Ads,35565,1438,582.19
2025-04-02,TechEase,Google Ads,18490,370,434.58
2025-04-02,TechEase,Organic,2559,89,48.02
2025-04-02,TechEase,Influencer,8736,236,230.83
2025-04-02,TechEase,Email,3868,127,95.48
2025-04-02,WellRoot,Meta Ads,17453,377,391.05
2025-04-02,WellRoot,Google Ads,12113,459,316.68
2025-04-02,WellRoot,Organic,1576,40,34.54
2025-04-02,WellRoot,Influencer,7971,242,134.8
2025-04-02,WellRoot,Email,3151,93,54.54
2025-04-03,AuraGlow,Meta Ads,14257,392,325.4
2025-04-03,AuraGlow,Google Ads,17383,766,391.75
2025-04-03,AuraGlow,Organic,2337,37,40.2
2025-04-03,AuraGlow,Influencer,15709,682,254.26
2025-04-03,AuraGlow,Email,4932,206,106.37
2025-04-03,UrbanThread,Meta Ads,31654,793,530.6
2025-04-03,UrbanThread,Google Ads,28935,630,483.56
2025-04-03,UrbanThread,Organic,3513,106,57.42
2025-04-03,UrbanThread,Influencer,16226,728,290.57
2025-04-03,UrbanThread,Email,4100,163,105.8
2025-04-03,HomeNest,Meta Ads,30010,600,475.91
2025-04-03,HomeNest,Google Ads,18201,287,330.08
2025-04-03,HomeNest,Organic,1397,38,39.65
2025-04-03,HomeNest,Influencer,11288,221,199.52
2025-04-03,HomeNest,Email,4624,94,102.31
2025-04-03,TechEase,Meta Ads,24680,894,551.47
2025-04-03,TechEase,Google Ads,29261,556,452.51
2025-04-03,TechEase,Organic,2097,38,37.98
2025-04-03,TechEase,Influencer,17118,292,273.04
2025-04-03,TechEase,Email,3965,122,92.61
2025-04-03,WellRoot,Meta Ads,16169,435,435.03
2025-04-03,WellRoot,Google Ads,16744,441,258.92
2025-04-03,WellRoot,Organic,2258,61,39.48
2025-04-03,WellRoot,Influencer,9830,406,184.55
2025-04-03,WellRoot,Email,3076,91,54.96
2025-04-04,AuraGlow,Meta Ads,20630,472,466.33
2025-04-04,AuraGlow,Google Ads,19463,864,338.54
2025-04-04,AuraGlow,Organic,3467,74,55.79
2025-04-04,AuraGlow,Influencer,16500,703,273.54
2025-04-04,AuraGlow,Email,4157,68,92.92
2025-04-04,UrbanThread,Meta Ads,18956,661,531.91
2025-04-04,UrbanThread,Google Ads,20206,632,434.47
2025-04-04,UrbanThread,Organic,3066,81,50.03
2025-04-04,UrbanThread,Influencer,16537,622,302.83
2025-04-04,UrbanThread,Email,4839,155,103.64
2025-04-04,HomeNest,Meta Ads,32486,1328,527.67
2025-04-04,HomeNest,Google Ads,19137,520,301.48
2025-04-04,HomeNest,Organic,1805,32,36.4
2025-04-04,HomeNest,Influencer,15627,537,273.54
2025-04-04,HomeNest,Email,4752,75,88.13
2025-04-04,TechEase,Meta Ads,31817,1296,511.71
2025-04-04,TechEase,Google Ads,21474,326,438.25
2025-04-04,TechEase,Organic,2223,37,54.71
2025-04-04,TechEase,Influencer,14648,259,238.11
2025-04-04,TechEase,Email,4743,91,76.98
2025-04-04,WellRoot,Meta Ads,17331,519,455.09
2025-04-04,WellRoot,Google Ads,10340,385,242.43
2025-04-04,WellRoot,Organic,1398,24,28.08
2025-04-04,WellRoot,Influencer,7896,243,183.47
2025-04-04,WellRoot,Email,3544,89,63.24
2025-04-05,AuraGlow,Meta Ads,28947,942,482.93
2025-04-05,AuraGlow,Google Ads,13972,405,337.51
2025-04-05,AuraGlow,Organic,2416,38,54.26
2025-04-05,AuraGlow,Influencer,8935,159,195.13
2025-04-05,AuraGlow,Email,4825,178,74.57
2025-04-05,UrbanThread,Meta Ads,24511,986,505.85
2025-04-05,UrbanThread,Google Ads,21931,511,455.27
2025-04-05,UrbanThread,Organic,3646,131,60.06
2025-04-05,UrbanThread,Influencer,17207,411,287.73
2025-04-05,UrbanThread,Email,5915,89,109.7
2025-04-05,HomeNest,Meta Ads,29765,1309,560.23
2025-04-05,HomeNest,Google Ads,21524,475,349.71
2025-04-05,HomeNest,Organic,1839,58,40.35
2025-04-05,HomeNest,Influencer,8340,150,184.33
2025-04-05,HomeNest,Email,3797,80,80.17
2025-04-05,TechEase,Meta Ads,24439,829,560.3
2025-04-05,TechEase,Google Ads,24059,917,413.38
2025-04-05,TechEase,Organic,4073,118,62.71
2025-04-05,TechEase,Influencer,19427,683,349.66
2025-04-05,TechEase,Email,4579,95,95.73
2025-04-05,WellRoot,Meta Ads,15095,518,296.6
2025-04-05,WellRoot,Google Ads,7472,324,194.61
2025-04-05,WellRoot,Organic,1945,41,35.24
2025-04-05,WellRoot,Influencer,10060,358,234.44
2025-04-05,WellRoot,Email,3384,60,52.6
2025-04-06,AuraGlow,Meta Ads,24585,622,509.87
2025-04-06,AuraGlow,Google Ads,17123,301,426.12
2025-04-06,AuraGlow,Organic,2089,77,34.13
2025-04-06,AuraGlow,Influencer,9187,396,158.64
2025-04-06,AuraGlow,Email,2871,72,79.32
2025-04-06,UrbanThread,Meta Ads,21685,403,499.06
2025-04-06,UrbanThread,Google Ads,20752,311,362.61
2025-04-06,UrbanThread,Organic,2467,52,47.07
2025-04-06,UrbanThread,Influencer,10060,344,286.35
2025-04-06,UrbanThread,Email,5990,219,103.84
2025-04-06,HomeNest,Meta Ads,21256,474,383.38
2025-04-06,HomeNest,Google Ads,11633,242,207.95
2025-04-06,HomeNest,Organic,3558,100,55.69
2025-04-06,HomeNest,Influencer,17202,549,278.01
2025-04-06,HomeNest,Email,4543,197,78.73
2025-04-06,TechEase,Meta Ads,19628,592,539.89
2025-04-06,TechEase,Google Ads,23153,574,446.05
2025-04-06,TechEase,Organic,1770,30,33.17
2025-04-06,TechEase,Influencer,16007,698,284.26
2025-04-06,TechEase,Email,4007,103,84.95
2025-04-06,WellRoot,Meta Ads,24233,885,464.85
2025-04-06,WellRoot,Google Ads,11715,320,222.4
2025-04-06,WellRoot,Organic,2298,66,45.85
2025-04-06,WellRoot,Influencer,8309,262,199.72
2025-04-06,WellRoot,Email,4388,141,75.82
2025-04-07,AuraGlow,Meta Ads,17665,627,486.92
2025-04-07,AuraGlow,Google Ads,18410,430,463.6
2025-04-07,AuraGlow,Organic,2518,70,49.17
2025-04-07,AuraGlow,Influencer,19129,425,336.06
2025-04-07,AuraGlow,Email,3291,137,69.43
2025-04-07,UrbanThread,Meta Ads,37114,1055,590.55
2025-04-07,UrbanThread,Google Ads,18846,527,451.88
2025-04-07,UrbanThread,Organic,2079,85,56.72
2025-04-07,UrbanThread,Influencer,19775,707,353.43
2025-04-07,UrbanThread,Email,4405,142,84.44
2025-04-07,HomeNest,Meta Ads,24122,542,411.93
2025-04-07,HomeNest,Google Ads,22997,779,402.73
2025-04-07,HomeNest,Organic,1503,25,33.2
2025-04-07,HomeNest,Influencer,10608,322,290.03
2025-04-07,HomeNest,Email,3531,116,66.59
2025-04-07,TechEase,Meta Ads,18669,401,451.64
2025-04-07,TechEase,Google Ads,18131,342,402.84
2025-04-07,TechEase,Organic,1994,37,36.29
2025-04-07,TechEase,Influencer,16742,315,317.32
2025-04-07,TechEase,Email,5174,225,93.29
2025-04-07,WellRoot,Meta Ads,24528,1090,489.67
2025-04-07,WellRoot,Google Ads,10808,304,262.33
2025-04-07,WellRoot,Organic,1238,25,34.73
2025-04-07,WellRoot,Influencer,12313,531,250.96
2025-04-07,WellRoot,Email,2737,122,62.31
2025-04-08,AuraGlow,Meta Ads,32135,785,562.06
2025-04-08,AuraGlow,Google Ads,22919,833,361.71
2025-04-08,AuraGlow,Organic,2283,51,40.56
2025-04-08,AuraGlow,Influencer,16094,617,267.99
2025-04-08,AuraGlow,Email,3072,75,69.54
2025-04-08,UrbanThread,Meta Ads,28635,721,504.85
2025-04-08,UrbanThread,Google Ads,21114,417,492.79
2025-04-08,UrbanThread,Organic,3009,85,55.29
2025-04-08,UrbanThread,Influencer,9088,162,255.88
2025-04-08,UrbanThread,Email,4144,76,98.99
2025-04-08,HomeNest,Meta Ads,31967,580,569.21
2025-04-08,HomeNest,Google Ads,18834,544,403.06
2025-04-08,HomeNest,Organic,1965,70,35.75
2025-04-08,HomeNest,Influencer,11589,474,271.34
2025-04-08,HomeNest,Email,4490,183,91.26
2025-04-08,TechEase,Meta Ads,28908,1272,460.21
2025-04-08,TechEase,Google Ads,15005,328,334.72
2025-04-08,TechEase,Organic,2309,35,52.27
2025-04-08,TechEase,Influencer,11068,219,242.06
2025-04-08,TechEase,Email,4438,179,97.34
2025-04-08,WellRoot,Meta Ads,15182,471,336.91
2025-04-08,WellRoot,Google Ads,9529,201,188.1
2025-04-08,WellRoot,Organic,1729,54,39.05
2025-04-08,WellRoot,Influencer,4027,121,112.84
2025-04-08,WellRoot,Email,2755,67,62.41
2025-04-09,AuraGlow,Meta Ads,29362,822,486.15
2025-04-09,AuraGlow,Google Ads,17470,384,378.31
2025-04-09,AuraGlow,Organic,3238,89,57.88
2025-04-09,AuraGlow,Influencer,17931,425,343.73
2025-04-09,AuraGlow,Email,4239,108,77.35
2025-04-09,UrbanThread,Meta Ads,25744,816,544.55
2025-04-09,UrbanThread,Google Ads,25215,803,425.0
2025-04-09,UrbanThread,Organic,2446,53,46.08
2025-04-09,UrbanThread,Influencer,10220,363,274.9
2025-04-09,UrbanThread,Email,3503,60,82.87
2025-04-09,HomeNest,Meta Ads,21965,732,410.52
2025-04-09,HomeNest,Google Ads,17064,502,429.83
2025-04-09,HomeNest,Organic,2617,72,53.5
2025-04-09,HomeNest,Influencer,14710,467,298.04
2025-04-09,HomeNest,Email,4482,146,118.89
2025-04-09,TechEase,Meta Ads,18349,403,465.35
2025-04-09,TechEase,Google Ads,24563,778,397.96
2025-04-09,TechEase,Organic,3684,77,62.22
2025-04-09,TechEase,Influencer,15077,283,261.39
2025-04-09,TechEase,Email,2715,58,76.91
2025-04-09,WellRoot,Meta Ads,18059,394,405.32
2025-04-09,WellRoot,Google Ads,14484,467,299.69
2025-04-09,WellRoot,Organic,1753,53,38.65
2025-04-09,WellRoot,Influencer,6766,123,143.96
2025-04-09,WellRoot,Email,3282,93,78.93
2025-04-10,AuraGlow,Meta Ads,25109,463,564.78
2025-04-10,AuraGlow,Google Ads,11503,452,244.49
2025-04-10,AuraGlow,Organic,2131,93,43.91
2025-04-10,AuraGlow,Influencer,13126,359,240.29
2025-04-10,AuraGlow,Email,4203,65,82.09
2025-04-10,UrbanThread,Meta Ads,36987,777,591.17
2025-04-10,UrbanThread,Google Ads,11142,411,293.86
2025-04-10,UrbanThread,Organic,3083,93,53.01
2025-04-10,UrbanThread,Influencer,9929,298,162.05
2025-04-10,UrbanThread,Email,4653,196,87.63
2025-04-10,HomeNest,Meta Ads,27176,961,459.85
2025-04-10,HomeNest,Google Ads,16936,368,339.2
2025-04-10,HomeNest,Organic,2312,43,45.46
2025-04-10,HomeNest,Influencer,17765,520,284.14
2025-04-10,HomeNest,Email,4104,109,87.02
2025-04-10,TechEase,Meta Ads,29155,811,554.29
2025-04-10,TechEase,Google Ads,13854,509,365.53
2025-04-10,TechEase,Organic,2020,59,57.58
2025-04-10,TechEase,Influencer,17087,746,285.06
2025-04-10,TechEase,Email,5968,233,129.23
2025-04-10,WellRoot,Meta Ads,8584,348,237.08
2025-04-10,WellRoot,Google Ads,13537,253,263.94
2025-04-10,WellRoot,Organic,1814,76,31.15
2025-04-10,WellRoot,Influencer,6024,163,127.89
2025-04-10,WellRoot,Email,3933,96,83.29
2025-04-11,AuraGlow,Meta Ads,23905,784,483.7
2025-04-11,AuraGlow,Google Ads,19375,812,352.46
2025-04-11,AuraGlow,Organic,1901,40,37.84
2025-04-11,AuraGlow,Influencer,10225,180,281.01
2025-04-11,AuraGlow,Email,4036,96,96.87
2025-04-11,UrbanThread,Meta Ads,28273,538,598.45
2025-04-11,UrbanThread,Google Ads,30671,1349,536.4
2025-04-11,UrbanThread,Organic,2146,84,37.42
2025-04-11,UrbanThread,Influencer,11832,442,314.86
2025-04-11,UrbanThread,Email,4721,208,119.13
2025-04-11,HomeNest,Meta Ads,22156,575,389.24
2025-04-11,HomeNest,Google Ads,14720,500,382.39
2025-04-11,HomeNest,Organic,1630,27,43.87
2025-04-11,HomeNest,Influencer,7269,256,195.03
2025-04-11,HomeNest,Email,4763,109,102.02
2025-04-11,TechEase,Meta Ads,27892,1109,468.86
2025-04-11,TechEase,Google Ads,13508,540,367.67
2025-04-11,TechEase,Organic,2363,82,53.87
2025-04-11,TechEase,Influencer,8340,166,209.86
2025-04-11,TechEase,Email,5912,220,113.95
2025-04-11,WellRoot,Meta Ads,33981,711,523.93
2025-04-11,WellRoot,Google Ads,15971,503,398.5
2025-04-11,WellRoot,Organic,1175,40,27.11
2025-04-11,WellRoot,Influencer,11561,386,199.69
2025-04-11,WellRoot,Email,1974,55,33.34
2025-04-12,AuraGlow,Meta Ads,15002,396,405.69
2025-04-12,AuraGlow,Google Ads,19998,777,328.72
2025-04-12,AuraGlow,Organic,1427,32,40.05
2025-04-12,AuraGlow,Influencer,8321,372,166.07
2025-04-12,AuraGlow,Email,6688,240,110.35
2025-04-12,UrbanThread,Meta Ads,32823,1452,567.35
2025-04-12,UrbanThread,Google Ads,15795,636,288.24
2025-04-12,UrbanThread,Organic,2684,55,57.42
2025-04-12,UrbanThread,Influencer,12104,234,283.03
2025-04-12,UrbanThread,Email,4114,88,88.01
2025-04-12,HomeNest,Meta Ads,29481,577,460.69
2025-04-12,HomeNest,Google Ads,25819,542,405.06
2025-04-12,HomeNest,Organic,2547,71,40.4
2025-04-12,HomeNest,Influencer,9541,428,210.7
2025-04-12,HomeNest,Email,4265,143,87.02
2025-04-12,TechEase,Meta Ads,31789,563,534.37
2025-04-12,TechEase,Google Ads,13575,372,349.59
2025-04-12,TechEase,Organic,2341,88,50.9
2025-04-12,TechEase,Influencer,9330,213,222.2
2025-04-12,TechEase,Email,4063,124,112.51
2025-04-12,WellRoot,Meta Ads,15830,435,398.92
2025-04-12,WellRoot,Google Ads,11624,325,261.39
2025-04-12,WellRoot,Organic,2266,100,41.05
2025-04-12,WellRoot,Influencer,11478,323,231.92
2025-04-12,WellRoot,Email,2973,113,64.41
2025-04-13,AuraGlow,Meta Ads,20825,859,480.21
2025-04-13,AuraGlow,Google Ads,17506,478,424.91
2025-04-13,AuraGlow,Organic,3038,109,49.54
2025-04-13,AuraGlow,Influencer,13332,326,302.41
2025-04-13,AuraGlow,Email,4764,79,81.67
2025-04-13,UrbanThread,Meta Ads,33847,1031,744.99
2025-04-13,UrbanThread,Google Ads,19552,409,455.9
2025-04-13,UrbanThread,Organic,2077,64,51.45
2025-04-13,UrbanThread,Influencer,17027,501,322.41
2025-04-13,UrbanThread,Email,4386,171,87.6
2025-04-13,HomeNest,Meta Ads,29584,1238,583.47
2025-04-13,HomeNest,Google Ads,19229,682,387.46
2025-04-13,HomeNest,Organic,2361,72,45.91
2025-04-13,HomeNest,Influencer,13499,592,235.85
2025-04-13,HomeNest,Email,3633,136,76.77
2025-04-13,TechEase,Meta Ads,46647,1768,731.8
2025-04-13,TechEase,Google Ads,24727,610,437.86
2025-04-13,TechEase,Organic,1770,72,38.79
2025-04-13,TechEase,Influencer,18730,301,299.91
2025-04-13,TechEase,Email,4142,154,97.79
2025-04-13,WellRoot,Meta Ads,21596,397,379.29
2025-04-13,WellRoot,Google Ads,11798,341,258.7
2025-04-13,WellRoot,Organic,733,30,20.91
2025-04-13,WellRoot,Influencer,10562,260,184.8
2025-04-13,WellRoot,Email,1744,57,31.4
2025-04-14,AuraGlow,Meta Ads,33651,743,575.81
2025-04-14,AuraGlow,Google Ads,20135,579,484.72
2025-04-14,AuraGlow,Organic,2097,36,44.81
2025-04-14,AuraGlow,Influencer,17049,628,268.87
2025-04-14,AuraGlow,Email,2931,83,69.44
2025-04-14,UrbanThread,Meta Ads,35556,652,618.09
2025-04-14,UrbanThread,Google Ads,23112,955,369.88
2025-04-14,UrbanThread,Organic,3405,144,56.41
2025-04-14,UrbanThread,Influencer,14568,505,311.73
2025-04-14,UrbanThread,Email,4364,67,85.32
2025-04-14,HomeNest,Meta Ads,17034,289,483.86
2025-04-14,HomeNest,Google Ads,23564,551,402.52
2025-04-14,HomeNest,Organic,2216,46,45.92
2025-04-14,HomeNest,Influencer,15660,440,243.12
2025-04-14,HomeNest,Email,4547,126,79.53
2025-04-14,TechEase,Meta Ads,18236,809,447.96
2025-04-14,TechEase,Google Ads,13439,416,379.89
2025-04-14,TechEase,Organic,3078,135,47.81
2025-04-14,TechEase,Influencer,13011,265,258.37
2025-04-14,TechEase,Email,5115,201,108.23
2025-04-14,WellRoot,Meta Ads,22329,979,362.81
2025-04-14,WellRoot,Google Ads,11807,508,290.36
2025-04-14,WellRoot,Organic,1954,53,33.86
2025-04-14,WellRoot,Influencer,7651,341,202.27
2025-04-14,WellRoot,Email,2442,73,51.34
2025-04-15,AuraGlow,Meta Ads,20218,316,452.36
2025-04-15,AuraGlow,Google Ads,18316,479,380.96
2025-04-15,AuraGlow,Organic,2274,89,40.47
2025-04-15,AuraGlow,Influencer,12097,387,259.83
2025-04-15,AuraGlow,Email,2936,83,77.26
2025-04-15,UrbanThread,Meta Ads,24476,774,676.55
2025-04-15,UrbanThread,Google Ads,14735,582,329.93
2025-04-15,UrbanThread,Organic,2100,82,33.66
2025-04-15,UrbanThread,Influencer,12615,373,250.56
2025-04-15,UrbanThread,Email,5487,243,89.99
2025-04-15,HomeNest,Meta Ads,28276,1093,487.95
2025-04-15,HomeNest,Google Ads,9420,320,220.9
2025-04-15,HomeNest,Organic,2753,109,54.6
2025-04-15,HomeNest,Influencer,9850,297,237.37
2025-04-15,HomeNest,Email,3961,106,106.07
2025-04-15,TechEase,Meta Ads,29734,535,535.99
2025-04-15,TechEase,Google Ads,16951,688,295.43
2025-04-15,TechEase,Organic,2280,42,48.42
2025-04-15,TechEase,Influencer,9602,419,236.08
2025-04-15,TechEase,Email,4563,169,98.06
2025-04-15,WellRoot,Meta Ads,24840,511,422.86
2025-04-15,WellRoot,Google Ads,11887,522,225.1
2025-04-15,WellRoot,Organic,1835,28,42.47
2025-04-15,WellRoot,Influencer,12697,220,196.39
2025-04-15,WellRoot,Email,3261,48,83.99
2025-04-16,AuraGlow,Meta Ads,28289,1017,490.96
2025-04-16,AuraGlow,Google Ads,23301,1046,396.74
2025-04-16,AuraGlow,Organic,1524,50,39.48
2025-04-16,AuraGlow,Influencer,9352,390,217.62
2025-04-16,AuraGlow,Email,5384,91,89.33
2025-04-16,UrbanThread,Meta Ads,34188,1229,588.26
2025-04-16,UrbanThread,Google Ads,25799,944,460.57
2025-04-16,UrbanThread,Organic,2989,106,47.36
2025-04-16,UrbanThread,Influencer,11803,323,287.03
2025-04-16,UrbanThread,Email,3868,114,108.83
2025-04-16,HomeNest,Meta Ads,23168,401,455.6
2025-04-16,HomeNest,Google Ads,12144,395,298.93
2025-04-16,HomeNest,Organic,1850,30,41.43
2025-04-16,HomeNest,Influencer,8648,328,185.02
2025-04-16,HomeNest,Email,3181,125,85.59
2025-04-16,TechEase,Meta Ads,27698,543,432.64
2025-04-16,TechEase,Google Ads,17819,295,419.26
2025-04-16,TechEase,Organic,2052,61,54.69
2025-04-16,TechEase,Influencer,10103,364,218.66
2025-04-16,TechEase,Email,6838,159,117.83
2025-04-16,WellRoot,Meta Ads,20783,489,388.72
2025-04-16,WellRoot,Google Ads,11112,233,275.37
2025-04-16,WellRoot,Organic,1727,43,41.86
2025-04-16,WellRoot,Influencer,9262,171,154.96
2025-04-16,WellRoot,Email,2982,96,72.51
2025-04-17,AuraGlow,Meta Ads,35894,1414,634.51
2025-04-17,AuraGlow,Google Ads,17263,422,425.87
2025-04-17,AuraGlow,Organic,1329,36,37.36
2025-04-17,AuraGlow,Influencer,11064,305,220.7
2025-04-17,AuraGlow,Email,4225,144,95.1
2025-04-17,UrbanThread,Meta Ads,37450,1161,630.35
2025-04-17,UrbanThread,Google Ads,26428,1138,558.04
2025-04-17,UrbanThread,Organic,2295,53,48.18
2025-04-17,UrbanThread,Influencer,10531,363,279.12
2025-04-17,UrbanThread,Email,6085,131,106.51
2025-04-17,HomeNest,Meta Ads,23797,450,381.92
2025-04-17,HomeNest,Google Ads,17967,473,383.76
2025-04-17,HomeNest,Organic,3003,56,51.73
2025-04-17,HomeNest,Influencer,14484,473,287.85
2025-04-17,HomeNest,Email,2263,43,47.82
2025-04-17,TechEase,Meta Ads,23132,496,437.52
2025-04-17,TechEase,Google Ads,27146,637,489.44
2025-04-17,TechEase,Organic,3124,67,52.86
2025-04-17,TechEase,Influencer,13601,559,301.82
2025-04-17,TechEase,Email,5311,120,104.16
2025-04-17,WellRoot,Meta Ads,16444,704,275.09
2025-04-17,WellRoot,Google Ads,24401,903,455.51
2025-04-17,WellRoot,Organic,1325,31,30.66
2025-04-17,WellRoot,Influencer,14666,362,227.39
2025-04-17,WellRoot,Email,5129,170,87.51
2025-04-18,AuraGlow,Meta Ads,25259,808,617.41
2025-04-18,AuraGlow,Google Ads,16482,335,325.98
2025-04-18,AuraGlow,Organic,1794,78,45.86
2025-04-18,AuraGlow,Influencer,8943,371,209.03
2025-04-18,AuraGlow,Email,4421,175,87.21
2025-04-18,UrbanThread,Meta Ads,35401,789,587.36
2025-04-18,UrbanThread,Google Ads,25979,926,405.01
2025-04-18,UrbanThread,Organic,3713,86,61.29
2025-04-18,UrbanThread,Influencer,9783,226,264.08
2025-04-18,UrbanThread,Email,4226,165,111.77
2025-04-18,HomeNest,Meta Ads,34503,781,552.46
2025-04-18,HomeNest,Google Ads,18462,337,338.26
2025-04-18,HomeNest,Organic,1887,68,39.95
2025-04-18,HomeNest,Influencer,10228,392,254.82
2025-04-18,HomeNest,Email,3050,112,60.88
2025-04-18,TechEase,Meta Ads,25595,1012,412.92
2025-04-18,TechEase,Google Ads,20424,430,462.84
2025-04-18,TechEase,Organic,2341,69,44.9
2025-04-18,TechEase,Influencer,10671,213,217.0
2025-04-18,TechEase,Email,3902,137,92.87
2025-04-18,WellRoot,Meta Ads,25344,1010,497.95
2025-04-18,WellRoot,Google Ads,17313,732,283.3
2025-04-18,WellRoot,Organic,1519,42,38.54
2025-04-18,WellRoot,Influencer,11137,171,171.68
2025-04-18,WellRoot,Email,3112,131,59.19
2025-04-19,AuraGlow,Meta Ads,32658,1077,692.49
2025-04-19,AuraGlow,Google Ads,19708,695,485.99
2025-04-19,AuraGlow,Organic,1770,59,42.86
2025-04-19,AuraGlow,Influencer,12424,418,275.13
2025-04-19,AuraGlow,Email,2705,48,63.24
2025-04-19,UrbanThread,Meta Ads,34379,873,562.73
2025-04-19,UrbanThread,Google Ads,21732,628,441.9
2025-04-19,UrbanThread,Organic,2688,51,49.66
2025-04-19,UrbanThread,Influencer,15105,404,244.6
2025-04-19,UrbanThread,Email,5017,147,102.21
2025-04-19,HomeNest,Meta Ads,25739,755,487.47
2025-04-19,HomeNest,Google Ads,10047,314,235.79
2025-04-19,HomeNest,Organic,1735,48,29.18
2025-04-19,HomeNest,Influencer,12842,549,278.96
2025-04-19,HomeNest,Email,2477,67,53.31
2025-04-19,TechEase,Meta Ads,34267,627,612.32
2025-04-19,TechEase,Google Ads,20694,699,408.77
2025-04-19,TechEase,Organic,1783,65,43.07
2025-04-19,TechEase,Influencer,20328,479,360.29
2025-04-19,TechEase,Email,6083,220,106.69
2025-04-19,WellRoot,Meta Ads,15382,583,350.0
2025-04-19,WellRoot,Google Ads,15825,647,313.61
2025-04-19,WellRoot,Organic,2761,80,46.71
2025-04-19,WellRoot,Influencer,6832,202,151.25
2025-04-19,WellRoot,Email,2810,51,71.35
2025-04-20,AuraGlow,Meta Ads,32161,504,495.95
2025-04-20,AuraGlow,Google Ads,23200,890,415.01
2025-04-20,AuraGlow,Organic,2405,55,46.53
2025-04-20,AuraGlow,Influencer,7611,308,193.54
2025-04-20,AuraGlow,Email,4113,121,85.84
2025-04-20,UrbanThread,Meta Ads,27941,879,461.69
2025-04-20,UrbanThread,Google Ads,21298,595,469.64
2025-04-20,UrbanThread,Organic,2909,82,47.47
2025-04-20,UrbanThread,Influencer,11336,423,249.75
2025-04-20,UrbanThread,Email,6308,130,103.23
2025-04-20,HomeNest,Meta Ads,14430,612,395.36
2025-04-20,HomeNest,Google Ads,13370,568,249.63
2025-04-20,HomeNest,Organic,2788,60,47.81
2025-04-20,HomeNest,Influencer,10777,464,203.28
2025-04-20,HomeNest,Email,4797,146,101.18
2025-04-20,TechEase,Meta Ads,21675,642,554.39
2025-04-20,TechEase,Google Ads,19575,423,408.47
2025-04-20,TechEase,Organic,1502,32,37.57
2025-04-20,TechEase,Influencer,13314,218,276.66
2025-04-20,TechEase,Email,4161,100,79.32
2025-04-20,WellRoot,Meta Ads,16542,362,358.54
2025-04-20,WellRoot,Google Ads,15261,471,283.61
2025-04-20,WellRoot,Organic,2365,104,36.8
2025-04-20,WellRoot,Influencer,7788,173,212.23
2025-04-20,WellRoot,Email,4256,188,70.54
2025-04-21,AuraGlow,Meta Ads,22630,700,493.07
2025-04-21,AuraGlow,Google Ads,16109,299,458.3
2025-04-21,AuraGlow,Organic,2036,69,53.74
2025-04-21,AuraGlow,Influencer,18211,748,283.64
2025-04-21,AuraGlow,Email,5158,117,97.14
2025-04-21,UrbanThread,Meta Ads,29050,639,452.44
2025-04-21,UrbanThread,Google Ads,16361,502,396.37
2025-04-21,UrbanThread,Organic,2658,104,57.74
2025-04-21,UrbanThread,Influencer,13145,332,236.19
2025-04-21,UrbanThread,Email,4462,182,97.26
2025-04-21,HomeNest,Meta Ads,25096,513,524.56
2025-04-21,HomeNest,Google Ads,21238,805,369.54
2025-04-21,HomeNest,Organic,2430,101,40.45
2025-04-21,HomeNest,Influencer,10482,456,214.4
2025-04-21,HomeNest,Email,3727,64,68.68
2025-04-21,TechEase,Meta Ads,37690,713,616.92
2025-04-21,TechEase,Google Ads,17160,470,413.12
2025-04-21,TechEase,Organic,3139,66,58.02
2025-04-21,TechEase,Influencer,11340,369,227.29
2025-04-21,TechEase,Email,3724,116,89.68
2025-04-21,WellRoot,Meta Ads,23146,960,409.06
2025-04-21,WellRoot,Google Ads,13124,335,361.24
2025-04-21,WellRoot,Organic,1323,36,24.05
2025-04-21,WellRoot,Influencer,6013,240,141.34
2025-04-21,WellRoot,Email,2902,114,54.14
2025-04-22,AuraGlow,Meta Ads,25233,697,402.86
2025-04-22,AuraGlow,Google Ads,13672,413,300.15
2025-04-22,AuraGlow,Organic,1470,42,38.57
2025-04-22,AuraGlow,Influencer,9538,331,208.8
2025-04-22,AuraGlow,Email,3473,101,84.9
2025-04-22,UrbanThread,Meta Ads,32473,537,542.4
2025-04-22,UrbanThread,Google Ads,19581,605,383.82
2025-04-22,UrbanThread,Organic,3911,165,66.3
2025-04-22,UrbanThread,Influencer,12908,241,362.68
2025-04-22,UrbanThread,Email,6150,266,109.57
2025-04-22,HomeNest,Meta Ads,26843,537,528.49
2025-04-22,HomeNest,Google Ads,24917,641,431.09
2025-04-22,HomeNest,Organic,1635,42,38.98
2025-04-22,HomeNest,Influencer,9276,261,187.93
2025-04-22,HomeNest,Email,5841,151,93.43
2025-04-22,TechEase,Meta Ads,36397,1304,646.07
2025-04-22,TechEase,Google Ads,30047,1280,469.42
2025-04-22,TechEase,Organic,2664,117,48.63
2025-04-22,TechEase,Influencer,14122,561,317.03
2025-04-22,TechEase,Email,5446,213,102.37
2025-04-22,WellRoot,Meta Ads,20950,744,422.21
2025-04-22,WellRoot,Google Ads,15458,252,282.46
2025-04-22,WellRoot,Organic,1512,51,30.51
2025-04-22,WellRoot,Influencer,9926,169,161.43
2025-04-22,WellRoot,Email,4248,105,92.86
2025-04-23,AuraGlow,Meta Ads,28066,978,509.32
2025-04-23,AuraGlow,Google Ads,14518,310,367.65
2025-04-23,AuraGlow,Organic,1396,24,31.6
2025-04-23,AuraGlow,Influencer,18359,386,295.02
2025-04-23,AuraGlow,Email,4507,97,70.75
2025-04-23,UrbanThread,Meta Ads,19790,840,553.41
2025-04-23,UrbanThread,Google Ads,25215,1048,444.83
2025-04-23,UrbanThread,Organic,2298,59,51.45
2025-04-23,UrbanThread,Influencer,21186,921,346.79
2025-04-23,UrbanThread,Email,5738,182,112.77
2025-04-23,HomeNest,Meta Ads,21448,394,482.99
2025-04-23,HomeNest,Google Ads,15627,523,284.0
2025-04-23,HomeNest,Organic,1890,30,38.24
2025-04-23,HomeNest,Influencer,9707,291,273.2
2025-04-23,HomeNest,Email,3172,102,73.63
2025-04-23,TechEase,Meta Ads,19982,720,506.85
2025-04-23,TechEase,Google Ads,19331,456,433.08
2025-04-23,TechEase,Organic,2277,38,38.86
2025-04-23,TechEase,Influencer,15612,440,268.61
2025-04-23,TechEase,Email,4541,111,80.82
2025-04-23,WellRoot,Meta Ads,18167,339,478.39
2025-04-23,WellRoot,Google Ads,20759,400,383.41
2025-04-23,WellRoot,Organic,1855,59,34.85
2025-04-23,WellRoot,Influencer,9934,165,189.11
2025-04-23,WellRoot,Email,4125,90,65.57
2025-04-24,AuraGlow,Meta Ads,31518,507,570.26
2025-04-24,AuraGlow,Google Ads,17127,338,385.83
2025-04-24,AuraGlow,Organic,1656,33,39.86
2025-04-24,AuraGlow,Influencer,11251,248,240.14
2025-04-24,AuraGlow,Email,4521,70,83.77
2025-04-24,UrbanThread,Meta Ads,23370,526,495.6
2025-04-24,UrbanThread,Google Ads,17688,460,391.79
2025-04-24,UrbanThread,Organic,2785,93,45.13
2025-04-24,UrbanThread,Influencer,12682,324,287.34
2025-04-24,UrbanThread,Email,7405,214,115.05
2025-04-24,HomeNest,Meta Ads,26825,800,434.22
2025-04-24,HomeNest,Google Ads,14531,327,264.75
2025-04-24,HomeNest,Organic,1536,63,43.09
2025-04-24,HomeNest,Influencer,11700,328,201.39
2025-04-24,HomeNest,Email,4289,78,80.27
2025-04-24,TechEase,Meta Ads,30423,517,558.41
2025-04-24,TechEase,Google Ads,30285,791,499.29
2025-04-24,TechEase,Organic,2342,81,60.9
2025-04-24,TechEase,Influencer,11429,304,312.46
2025-04-24,TechEase,Email,3831,149,97.35
2025-04-24,WellRoot,Meta Ads,16930,619,367.89
2025-04-24,WellRoot,Google Ads,14093,520,321.36
2025-04-24,WellRoot,Organic,2648,80,43.67
2025-04-24,WellRoot,Influencer,9785,248,159.99
2025-04-24,WellRoot,Email,2414,37,65.61
2025-04-25,AuraGlow,Meta Ads,27240,1109,540.03
2025-04-25,AuraGlow,Google Ads,15642,392,293.73
2025-04-25,AuraGlow,Organic,1338,43,31.65
2025-04-25,AuraGlow,Influencer,14999,556,240.05
2025-04-25,AuraGlow,Email,2842,46,76.56
2025-04-25,UrbanThread,Meta Ads,24278,1044,508.24
2025-04-25,UrbanThread,Google Ads,29629,624,464.27
2025-04-25,UrbanThread,Organic,2739,107,42.81
2025-04-25,UrbanThread,Influencer,15033,541,234.5
2025-04-25,UrbanThread,Email,4620,99,125.48
2025-04-25,HomeNest,Meta Ads,14889,419,320.65
2025-04-25,HomeNest,Google Ads,22982,622,417.11
2025-04-25,HomeNest,Organic,2567,44,46.02
2025-04-25,HomeNest,Influencer,10667,207,228.7
2025-04-25,HomeNest,Email,4480,123,87.27
2025-04-25,TechEase,Meta Ads,34889,1165,660.89
2025-04-25,TechEase,Google Ads,11800,346,288.22
2025-04-25,TechEase,Organic,1691,52,43.3
2025-04-25,TechEase,Influencer,16570,652,286.97
2025-04-25,TechEase,Email,3608,86,100.25
2025-04-25,WellRoot,Meta Ads,23718,996,405.11
2025-04-25,WellRoot,Google Ads,15688,568,308.41
2025-04-25,WellRoot,Organic,1445,25,38.93
2025-04-25,WellRoot,Influencer,11163,232,276.13
2025-04-25,WellRoot,Email,5996,202,93.99
2025-04-26,AuraGlow,Meta Ads,20197,771,365.94
2025-04-26,AuraGlow,Google Ads,20112,786,309.67
2025-04-26,AuraGlow,Organic,1722,76,45.87
2025-04-26,AuraGlow,Influencer,8139,248,224.77
2025-04-26,AuraGlow,Email,6288,152,102.07
2025-04-26,UrbanThread,Meta Ads,30505,712,498.65
2025-04-26,UrbanThread,Google Ads,13208,511,370.42
2025-04-26,UrbanThread,Organic,3222,70,66.59
2025-04-26,UrbanThread,Influencer,11611,200,287.49
2025-04-26,UrbanThread,Email,5680,244,105.85
2025-04-26,HomeNest,Meta Ads,28837,1102,511.95
2025-04-26,HomeNest,Google Ads,19920,341,334.82
2025-04-26,HomeNest,Organic,2115,47,44.24
2025-04-26,HomeNest,Influencer,8632,173,192.12
2025-04-26,HomeNest,Email,3419,125,67.76
2025-04-26,TechEase,Meta Ads,23329,651,634.37
2025-04-26,TechEase,Google Ads,19160,362,473.76
2025-04-26,TechEase,Organic,3228,77,49.99
2025-04-26,TechEase,Influencer,7613,288,187.48
2025-04-26,TechEase,Email,4926,75,85.65
2025-04-26,WellRoot,Meta Ads,25377,777,429.24
2025-04-26,WellRoot,Google Ads,21499,564,389.32
2025-04-26,WellRoot,Organic,1383,23,38.25
2025-04-26,WellRoot,Influencer,10388,257,167.29
2025-04-26,WellRoot,Email,3119,96,49.67
2025-04-27,AuraGlow,Meta Ads,19463,798,416.43
2025-04-27,AuraGlow,Google Ads,14705,490,379.65
2025-04-27,AuraGlow,Organic,1929,60,50.52
2025-04-27,AuraGlow,Influencer,9669,412,212.82
2025-04-27,AuraGlow,Email,5725,231,94.78
2025-04-27,UrbanThread,Meta Ads,36903,903,592.01
2025-04-27,UrbanThread,Google Ads,18612,716,430.74
2025-04-27,UrbanThread,Organic,2100,46,48.4
2025-04-27,UrbanThread,Influencer,8962,311,244.94
2025-04-27,UrbanThread,Email,6222,233,104.72
2025-04-27,HomeNest,Meta Ads,24348,805,446.72
2025-04-27,HomeNest,Google Ads,15171,469,431.96
2025-04-27,HomeNest,Organic,2102,68,48.73
2025-04-27,HomeNest,Influencer,11349,474,251.78
2025-04-27,HomeNest,Email,3481,103,78.7
2025-04-27,TechEase,Meta Ads,25706,952,588.03
2025-04-27,TechEase,Google Ads,19136,331,323.34
2025-04-27,TechEase,Organic,1935,43,45.21
2025-04-27,TechEase,Influencer,11665,278,213.88
2025-04-27,TechEase,Email,5480,113,99.88
2025-04-27,WellRoot,Meta Ads,18983,314,529.58
2025-04-27,WellRoot,Google Ads,12748,378,267.6
2025-04-27,WellRoot,Organic,2304,72,45.19
2025-04-27,WellRoot,Influencer,7719,347,202.52
2025-04-27,WellRoot,Email,2476,37,48.04
2025-04-28,AuraGlow,Meta Ads,22849,557,514.18
2025-04-28,AuraGlow,Google Ads,17430,682,320.38
2025-04-28,AuraGlow,Organic,1433,59,33.36
2025-04-28,AuraGlow,Influencer,18086,451,316.3
2025-04-28,AuraGlow,Email,4380,140,77.86
2025-04-28,UrbanThread,Meta Ads,34063,563,566.23
2025-04-28,UrbanThread,Google Ads,20787,795,328.31
2025-04-28,UrbanThread,Organic,2971,88,64.83
2025-04-28,UrbanThread,Influencer,16407,263,257.53
2025-04-28,UrbanThread,Email,6269,272,98.27
2025-04-28,HomeNest,Meta Ads,24754,1035,429.95
2025-04-28,HomeNest,Google Ads,23260,446,364.53
2025-04-28,HomeNest,Organic,1474,35,35.95
2025-04-28,HomeNest,Influencer,10294,333,275.88
2025-04-28,HomeNest,Email,5932,99,101.6
2025-04-28,TechEase,Meta Ads,21551,386,592.33
2025-04-28,TechEase,Google Ads,21757,677,432.29
2025-04-28,TechEase,Organic,3110,66,57.99
2025-04-28,TechEase,Influencer,11156,372,272.15
2025-04-28,TechEase,Email,3963,107,87.98
2025-04-28,WellRoot,Meta Ads,29128,896,456.83
2025-04-28,WellRoot,Google Ads,21131,330,326.23
2025-04-28,WellRoot,Organic,1170,25,24.24
2025-04-28,WellRoot,Influencer,8468,319,179.85
2025-04-28,WellRoot,Email,3874,91,75.75
2025-04-29,AuraGlow,Meta Ads,36364,1551,591.07
2025-04-29,AuraGlow,Google Ads,12896,566,346.03
2025-04-29,AuraGlow,Organic,2008,64,43.91
2025-04-29,AuraGlow,Influencer,11453,299,197.75
2025-04-29,AuraGlow,Email,3896,69,91.72
2025-04-29,UrbanThread,Meta Ads,40964,1184,696.84
2025-04-29,UrbanThread,Google Ads,19356,847,457.55
2025-04-29,UrbanThread,Organic,2963,120,47.61
2025-04-29,UrbanThread,Influencer,22356,994,376.49
2025-04-29,UrbanThread,Email,6065,166,135.43
2025-04-29,HomeNest,Meta Ads,15494,583,413.38
2025-04-29,HomeNest,Google Ads,18385,750,354.61
2025-04-29,HomeNest,Organic,1777,68,37.6
2025-04-29,HomeNest,Influencer,12593,298,253.78
2025-04-29,HomeNest,Email,2169,33,60.73
2025-04-29,TechEase,Meta Ads,38783,1147,675.54
2025-04-29,TechEase,Google Ads,17274,266,309.28
2025-04-29,TechEase,Organic,2878,60,48.37
2025-04-29,TechEase,Influencer,12667,509,281.41
2025-04-29,TechEase,Email,3087,131,85.74
2025-04-29,WellRoot,Meta Ads,12768,412,301.44
2025-04-29,WellRoot,Google Ads,14227,433,307.92
2025-04-29,WellRoot,Organic,1225,35,19.92
2025-04-29,WellRoot,Influencer,14858,235,272.3
2025-04-29,WellRoot,Email,1770,58,47.61
2025-04-30,AuraGlow,Meta Ads,31780,599,505.94
2025-04-30,AuraGlow,Google Ads,20708,926,381.97
2025-04-30,AuraGlow,Organic,1736,68,47.59
2025-04-30,AuraGlow,Influencer,16859,328,289.63
2025-04-30,AuraGlow,Email,4695,128,112.75
2025-04-30,UrbanThread,Meta Ads,22787,485,627.5
2025-04-30,UrbanThread,Google Ads,24288,420,407.6
2025-04-30,UrbanThread,Organic,2381,86,49.53
2025-04-30,UrbanThread,Influencer,9985,247,259.98
2025-04-30,UrbanThread,Email,4956,94,105.35
2025-04-30,HomeNest,Meta Ads,23704,361,498.58
2025-04-30,HomeNest,Google Ads,21714,919,356.11
2025-04-30,HomeNest,Organic,2156,91,47.54
2025-04-30,HomeNest,Influencer,10014,306,215.79
2025-04-30,HomeNest,Email,3428,101,91.2
2025-04-30,TechEase,Meta Ads,21792,462,594.91
2025-04-30,TechEase,Google Ads,15522,328,424.04
2025-04-30,TechEase,Organic,2478,67,43.45
2025-04-30,TechEase,Influencer,10765,268,243.41
2025-04-30,TechEase,Email,4304,138,84.01
2025-04-30,WellRoot,Meta Ads,19083,616,301.94
2025-04-30,WellRoot,Google Ads,19152,396,405.58
2025-04-30,WellRoot,Organic,2177,51,38.31
2025-04-30,WellRoot,Influencer,6426,243,133.96
2025-04-30,WellRoot,Email,3785,129,80.43
2025-05-01,AuraGlow,Meta Ads,16965,414,381.42
2025-05-01,AuraGlow,Google Ads,22679,571,414.3
2025-05-01,AuraGlow,Organic,2892,82,50.22
2025-05-01,AuraGlow,Influencer,12077,255,211.8
2025-05-01,AuraGlow,Email,3882,122,70.79
2025-05-01,UrbanThread,Meta Ads,40065,1062,619.94
2025-05-01,UrbanThread,Google Ads,17485,455,452.85
2025-05-01,UrbanThread,Organic,2040,54,35.9
2025-05-01,UrbanThread,Influencer,18535,725,313.04
2025-05-01,UrbanThread,Email,4499,175,90.4
2025-05-01,HomeNest,Meta Ads,15512,299,411.51
2025-05-01,HomeNest,Google Ads,25098,731,388.99
2025-05-01,HomeNest,Organic,1572,35,39.05
2025-05-01,HomeNest,Influencer,12118,338,218.17
2025-05-01,HomeNest,Email,4796,94,84.39
2025-05-01,TechEase,Meta Ads,22205,526,514.47
2025-05-01,TechEase,Google Ads,19603,440,410.35
2025-05-01,TechEase,Organic,3162,137,49.05
2025-05-01,TechEase,Influencer,8326,265,217.53
2025-05-01,TechEase,Email,3239,76,82.33
2025-05-01,WellRoot,Meta Ads,17959,646,368.84
2025-05-01,WellRoot,Google Ads,16664,677,326.19
2025-05-01,WellRoot,Organic,1668,47,33.58
2025-05-01,WellRoot,Influencer,8439,314,194.77
2025-05-01,WellRoot,Email,3293,130,61.35
2025-05-02,AuraGlow,Meta Ads,22278,787,489.75
2025-05-02,AuraGlow,Google Ads,20266,906,322.78
2025-05-02,AuraGlow,Organic,2488,98,40.22
2025-05-02,AuraGlow,Influencer,12661,546,338.88
2025-05-02,AuraGlow,Email,5440,139,106.68
2025-05-02,UrbanThread,Meta Ads,28202,837,585.56
2025-05-02,UrbanThread,Google Ads,19792,517,493.72
2025-05-02,UrbanThread,Organic,2136,36,55.98
2025-05-02,UrbanThread,Influencer,17954,413,294.02
2025-05-02,UrbanThread,Email,5988,163,112.43
2025-05-02,HomeNest,Meta Ads,24940,759,463.19
2025-05-02,HomeNest,Google Ads,19316,602,326.19
2025-05-02,HomeNest,Organic,2222,56,43.39
2025-05-02,HomeNest,Influencer,9535,219,211.7
2025-05-02,HomeNest,Email,2539,38,67.41
2025-05-02,TechEase,Meta Ads,17049,647,454.12
2025-05-02,TechEase,Google Ads,29082,942,491.28
2025-05-02,TechEase,Organic,2471,109,55.86
2025-05-02,TechEase,Influencer,9518,367,236.47
2025-05-02,TechEase,Email,3342,70,81.78
2025-05-02,WellRoot,Meta Ads,29250,470,521.89
2025-05-02,WellRoot,Google Ads,16282,461,371.27
2025-05-02,WellRoot,Organic,1877,67,35.23
2025-05-02,WellRoot,Influencer,7561,128,125.56
2025-05-02,WellRoot,Email,2243,91,55.41
2025-05-03,AuraGlow,Meta Ads,26913,1187,436.35
2025-05-03,AuraGlow,Google Ads,15105,323,378.93
2025-05-03,AuraGlow,Organic,2056,64,35.31
2025-05-03,AuraGlow,Influencer,8031,128,216.92
2025-05-03,AuraGlow,Email,3327,67,79.52
2025-05-03,UrbanThread,Meta Ads,26037,1032,574.84
2025-05-03,UrbanThread,Google Ads,22697,1001,413.27
2025-05-03,UrbanThread,Organic,2274,36,48.0
2025-05-03,UrbanThread,Influencer,7900,217,210.45
2025-05-03,UrbanThread,Email,6111,97,95.4
2025-05-03,HomeNest,Meta Ads,26009,1098,405.42
2025-05-03,HomeNest,Google Ads,22959,700,365.98
2025-05-03,HomeNest,Organic,1412,33,38.33
2025-05-03,HomeNest,Influencer,8320,138,217.52
2025-05-03,HomeNest,Email,5281,105,87.99
2025-05-03,TechEase,Meta Ads,36961,860,601.18
2025-05-03,TechEase,Google Ads,29377,587,495.2
2025-05-03,TechEase,Organic,2743,94,61.8
2025-05-03,TechEase,Influencer,13786,338,265.72
2025-05-03,TechEase,Email,4528,172,88.74
2025-05-03,WellRoot,Meta Ads,14245,549,405.3
2025-05-03,WellRoot,Google Ads,13727,555,225.03
2025-05-03,WellRoot,Organic,1442,28,35.52
2025-05-03,WellRoot,Influencer,9434,295,222.96
2025-05-03,WellRoot,Email,2895,89,45.46
2025-05-04,AuraGlow,Meta Ads,24450,409,444.53
2025-05-04,AuraGlow,Google Ads,22844,634,448.17
2025-05-04,AuraGlow,Organic,1471,37,41.96
2025-05-04,AuraGlow,Influencer,10625,177,243.61
2025-05-04,AuraGlow,Email,4208,76,76.22
2025-05-04,UrbanThread,Meta Ads,19619,647,472.31
2025-05-04,UrbanThread,Google Ads,15348,667,376.88
2025-05-04,UrbanThread,Organic,2409,92,54.2
2025-05-04,UrbanThread,Influencer,15241,410,254.72
2025-05-04,UrbanThread,Email,4320,74,78.37
2025-05-04,HomeNest,Meta Ads,34716,1539,563.37
2025-05-04,HomeNest,Google Ads,16084,668,324.77
2025-05-04,HomeNest,Organic,1320,51,35.4
2025-05-04,HomeNest,Influencer,8228,283,199.89
2025-05-04,HomeNest,Email,3469,74,94.66
2025-05-04,TechEase,Meta Ads,31497,1147,588.15
2025-05-04,TechEase,Google Ads,18724,802,387.5
2025-05-04,TechEase,Organic,2018,49,56.07
2025-05-04,TechEase,Influencer,15629,619,260.87
2025-05-04,TechEase,Email,4322,184,101.74
2025-05-04,WellRoot,Meta Ads,24104,746,381.06
2025-05-04,WellRoot,Google Ads,15157,321,345.51
2025-05-04,WellRoot,Organic,1918,32,38.01
2025-05-04,WellRoot,Influencer,12390,459,226.47
2025-05-04,WellRoot,Email,4054,111,71.93
2025-05-05,AuraGlow,Meta Ads,21676,773,471.09
2025-05-05,AuraGlow,Google Ads,19136,578,364.69
2025-05-05,AuraGlow,Organic,2005,86,40.24
2025-05-05,AuraGlow,Influencer,11876,373,209.68
2025-05-05,AuraGlow,Email,4109,131,72.86
2025-05-05,UrbanThread,Meta Ads,23839,388,478.77
2025-05-05,UrbanThread,Google Ads,16916,667,430.48
2025-05-05,UrbanThread,Organic,2793,110,47.19
2025-05-05,UrbanThread,Influencer,14310,446,300.42
2025-05-05,UrbanThread,Email,3239,129,86.07
2025-05-05,HomeNest,Meta Ads,21624,560,462.18
2025-05-05,HomeNest,Google Ads,19801,520,366.77
2025-05-05,HomeNest,Organic,1741,52,35.3
2025-05-05,HomeNest,Influencer,12122,323,240.36
2025-05-05,HomeNest,Email,6488,147,116.12
2025-05-05,TechEase,Meta Ads,25279,955,436.57
2025-05-05,TechEase,Google Ads,19575,605,412.49
2025-05-05,TechEase,Organic,2215,49,54.92
2025-05-05,TechEase,Influencer,18356,345,292.48
2025-05-05,TechEase,Email,3418,96,70.44
2025-05-05,WellRoot,Meta Ads,16596,452,441.22
2025-05-05,WellRoot,Google Ads,13330,308,304.43
2025-05-05,WellRoot,Organic,916,15,22.59
2025-05-05,WellRoot,Influencer,11074,482,203.83
2025-05-05,WellRoot,Email,3773,62,68.2
2025-05-06,AuraGlow,Meta Ads,13528,509,333.78
2025-05-06,AuraGlow,Google Ads,13325,457,348.04
2025-05-06,AuraGlow,Organic,2059,91,44.13
2025-05-06,AuraGlow,Influencer,9039,267,184.42
2025-05-06,AuraGlow,Email,2854,96,79.37
2025-05-06,UrbanThread,Meta Ads,24478,960,622.61
2025-05-06,UrbanThread,Google Ads,30132,971,498.08
2025-05-06,UrbanThread,Organic,1325,55,28.65
2025-05-06,UrbanThread,Influencer,15585,256,282.31
2025-05-06,UrbanThread,Email,4135,62,87.27
2025-05-06,HomeNest,Meta Ads,24323,693,553.45
2025-05-06,HomeNest,Google Ads,18651,358,340.15
2025-05-06,HomeNest,Organic,2142,44,44.26
2025-05-06,HomeNest,Influencer,8043,294,202.03
2025-05-06,HomeNest,Email,4004,92,82.31
2025-05-06,TechEase,Meta Ads,20041,785,562.46
2025-05-06,TechEase,Google Ads,19161,756,399.42
2025-05-06,TechEase,Organic,2310,63,46.16
2025-05-06,TechEase,Influencer,17462,489,299.09
2025-05-06,TechEase,Email,4435,100,105.1
2025-05-06,WellRoot,Meta Ads,24583,954,403.66
2025-05-06,WellRoot,Google Ads,24826,1042,382.4
2025-05-06,WellRoot,Organic,1750,50,28.98
2025-05-06,WellRoot,Influencer,12485,330,205.51
2025-05-06,WellRoot,Email,3634,128,78.98
2025-05-07,AuraGlow,Meta Ads,18952,441,407.02
2025-05-07,AuraGlow,Google Ads,16483,334,254.96
2025-05-07,AuraGlow,Organic,1766,77,39.89
2025-05-07,AuraGlow,Influencer,10082,445,244.55
2025-05-07,AuraGlow,Email,3483,132,73.08
2025-05-07,UrbanThread,Meta Ads,32654,730,564.59
2025-05-07,UrbanThread,Google Ads,25132,1051,430.23
2025-05-07,UrbanThread,Organic,2696,64,45.78
2025-05-07,UrbanThread,Influencer,14662,296,260.24
2025-05-07,UrbanThread,Email,5470,88,105.89
2025-05-07,HomeNest,Meta Ads,27652,768,467.18
2025-05-07,HomeNest,Google Ads,10701,469,265.69
2025-05-07,HomeNest,Organic,3031,68,50.59
2025-05-07,HomeNest,Influencer,13453,271,299.37
2025-05-07,HomeNest,Email,6154,135,100.61
2025-05-07,TechEase,Meta Ads,27848,818,443.47
2025-05-07,TechEase,Google Ads,14466,500,310.18
2025-05-07,TechEase,Organic,2351,77,51.52
2025-05-07,TechEase,Influencer,10820,228,275.78
2025-05-07,TechEase,Email,4530,153,129.15
2025-05-07,WellRoot,Meta Ads,33517,1261,599.64
2025-05-07,WellRoot,Google Ads,16777,654,288.67
2025-05-07,WellRoot,Organic,1707,63,32.11
2025-05-07,WellRoot,Influencer,10266,388,164.79
2025-05-07,WellRoot,Email,3954,167,77.54
2025-05-08,AuraGlow,Meta Ads,21826,585,432.45
2025-05-08,AuraGlow,Google Ads,25558,1059,465.68
2025-05-08,AuraGlow,Organic,1633,68,39.76
2025-05-08,AuraGlow,Influencer,10243,177,223.39
2025-05-08,AuraGlow,Email,3160,58,82.5
2025-05-08,UrbanThread,Meta Ads,16758,532,427.08
2025-05-08,UrbanThread,Google Ads,23876,875,533.62
2025-05-08,UrbanThread,Organic,2335,35,50.82
2025-05-08,UrbanThread,Influencer,9980,412,199.56
2025-05-08,UrbanThread,Email,5050,147,103.97
2025-05-08,HomeNest,Meta Ads,18906,297,457.45
2025-05-08,HomeNest,Google Ads,13509,371,371.31
2025-05-08,HomeNest,Organic,2311,35,42.63
2025-05-08,HomeNest,Influencer,12019,379,278.4
2025-05-08,HomeNest,Email,5829,168,103.92
2025-05-08,TechEase,Meta Ads,36676,1552,582.86
2025-05-08,TechEase,Google Ads,17388,700,453.16
2025-05-08,TechEase,Organic,1338,50,35.75
2025-05-08,TechEase,Influencer,14348,481,334.69
2025-05-08,TechEase,Email,3648,109,82.29
2025-05-08,WellRoot,Meta Ads,11494,278,192.76
2025-05-08,WellRoot,Google Ads,14661,336,228.36
2025-05-08,WellRoot,Organic,2246,57,35.5
2025-05-08,WellRoot,Influencer,8541,132,136.37
2025-05-08,WellRoot,Email,3855,120,60.81
2025-05-09,AuraGlow,Meta Ads,22097,586,455.66
2025-05-09,AuraGlow,Google Ads,14656,366,414.2
2025-05-09,AuraGlow,Organic,2110,40,46.59
2025-05-09,AuraGlow,Influencer,10607,286,294.83
2025-05-09,AuraGlow,Email,4233,172,79.89
2025-05-09,UrbanThread,Meta Ads,22919,951,604.86
2025-05-09,UrbanThread,Google Ads,23685,797,447.86
2025-05-09,UrbanThread,Organic,2817,112,45.94
2025-05-09,UrbanThread,Influencer,15165,424,253.19
2025-05-09,UrbanThread,Email,6884,266,119.09
2025-05-09,HomeNest,Meta Ads,13820,468,373.69
2025-05-09,HomeNest,Google Ads,19309,684,312.3
2025-05-09,HomeNest,Organic,3067,123,47.32
2025-05-09,HomeNest,Influencer,6453,234,182.17
2025-05-09,HomeNest,Email,6281,232,106.81
2025-05-09,TechEase,Meta Ads,21821,791,484.06
2025-05-09,TechEase,Google Ads,24835,846,382.52
2025-05-09,TechEase,Organic,1538,59,40.56
2025-05-09,TechEase,Influencer,15825,551,273.09
2025-05-09,TechEase,Email,4286,127,98.11
2025-05-09,WellRoot,Meta Ads,18745,687,452.92
2025-05-09,WellRoot,Google Ads,16200,623,372.57
2025-05-09,WellRoot,Organic,1609,32,27.57
2025-05-09,WellRoot,Influencer,10200,346,169.86
2025-05-09,WellRoot,Email,3789,83,73.65
2025-05-10,AuraGlow,Meta Ads,14467,221,345.64
2025-05-10,AuraGlow,Google Ads,19269,437,311.63
2025-05-10,AuraGlow,Organic,2424,72,37.5
2025-05-10,AuraGlow,Influencer,13150,408,298.98
2025-05-10,AuraGlow,Email,4557,196,104.21
2025-05-10,UrbanThread,Meta Ads,31543,1304,629.65
2025-05-10,UrbanThread,Google Ads,28961,908,446.26
2025-05-10,UrbanThread,Organic,2643,60,61.1
2025-05-10,UrbanThread,Influencer,12076,385,306.2
2025-05-10,UrbanThread,Email,5875,161,94.92
2025-05-10,HomeNest,Meta Ads,24893,581,594.65
2025-05-10,HomeNest,Google Ads,10604,403,291.95
2025-05-10,HomeNest,Organic,1620,33,42.85
2025-05-10,HomeNest,Influencer,9070,227,173.09
2025-05-10,HomeNest,Email,1732,44,49.05
2025-05-10,TechEase,Meta Ads,26837,540,576.34
2025-05-10,TechEase,Google Ads,18951,412,438.25
2025-05-10,TechEase,Organic,1953,57,44.98
2025-05-10,TechEase,Influencer,10333,238,248.74
2025-05-10,TechEase,Email,6673,169,107.5
2025-05-10,WellRoot,Meta Ads,20474,436,501.41
2025-05-10,WellRoot,Google Ads,11869,262,221.41
2025-05-10,WellRoot,Organic,1747,46,37.63
2025-05-10,WellRoot,Influencer,12481,403,221.18
2025-05-10,WellRoot,Email,3061,49,75.39
2025-05-11,AuraGlow,Meta Ads,17619,318,381.17
2025-05-11,AuraGlow,Google Ads,13973,623,384.28
2025-05-11,AuraGlow,Organic,2078,57,48.04
2025-05-11,AuraGlow,Influencer,11606,212,233.22
2025-05-11,AuraGlow,Email,4442,82,88.18
2025-05-11,UrbanThread,Meta Ads,31056,1144,634.87
2025-05-11,UrbanThread,Google Ads,23118,973,469.43
2025-05-11,UrbanThread,Organic,2555,59,61.0
2025-05-11,UrbanThread,Influencer,15699,429,301.07
2025-05-11,UrbanThread,Email,6427,128,100.63
2025-05-11,HomeNest,Meta Ads,23644,601,388.47
2025-05-11,HomeNest,Google Ads,14866,606,319.56
2025-05-11,HomeNest,Organic,2213,36,39.83
2025-05-11,HomeNest,Influencer,11126,364,196.03
2025-05-11,HomeNest,Email,4563,75,83.93
2025-05-11,TechEase,Meta Ads,29255,661,520.95
2025-05-11,TechEase,Google Ads,22569,502,400.51
2025-05-11,TechEase,Organic,2950,67,46.0
2025-05-11,TechEase,Influencer,10296,391,258.58
2025-05-11,TechEase,Email,6234,115,107.48
2025-05-11,WellRoot,Meta Ads,19720,798,334.39
2025-05-11,WellRoot,Google Ads,16480,398,270.67
2025-05-11,WellRoot,Organic,2194,83,37.82
2025-05-11,WellRoot,Influencer,7352,195,199.21
2025-05-11,WellRoot,Email,4038,95,68.97
2025-05-12,AuraGlow,Meta Ads,21585,401,524.51
2025-05-12,AuraGlow,Google Ads,21788,727,407.2
2025-05-12,AuraGlow,Organic,1522,60,42.4
2025-05-12,AuraGlow,Influencer,9807,152,167.56
2025-05-12,AuraGlow,Email,6047,192,102.89
2025-05-12,UrbanThread,Meta Ads,27531,555,653.31
2025-05-12,UrbanThread,Google Ads,28027,482,525.85
2025-05-12,UrbanThread,Organic,2058,85,39.9
2025-05-12,UrbanThread,Influencer,13753,532,226.32
2025-05-12,UrbanThread,Email,4794,209,96.34
2025-05-12,HomeNest,Meta Ads,17106,401,486.27
2025-05-12,HomeNest,Google Ads,21620,521,451.28
2025-05-12,HomeNest,Organic,2018,65,32.17
2025-05-12,HomeNest,Influencer,14138,425,285.08
2025-05-12,HomeNest,Email,5576,114,86.24
2025-05-12,TechEase,Meta Ads,22580,353,601.58
2025-05-12,TechEase,Google Ads,11725,447,278.2
2025-05-12,TechEase,Organic,2660,110,48.8
2025-05-12,TechEase,Influencer,14890,392,239.25
2025-05-12,TechEase,Email,5284,212,89.02
2025-05-12,WellRoot,Meta Ads,17173,569,353.64
2025-05-12,WellRoot,Google Ads,11537,447,276.2
2025-05-12,WellRoot,Organic,1435,34,35.58
2025-05-12,WellRoot,Influencer,9407,402,226.54
2025-05-12,WellRoot,Email,3403,90,62.14
2025-05-13,AuraGlow,Meta Ads,18111,330,414.61
2025-05-13,AuraGlow,Google Ads,15999,515,324.06
2025-05-13,AuraGlow,Organic,2634,113,45.95
2025-05-13,AuraGlow,Influencer,8930,365,174.82
2025-05-13,AuraGlow,Email,4323,71,82.84
2025-05-13,UrbanThread,Meta Ads,33207,737,611.96
2025-05-13,UrbanThread,Google Ads,16316,261,348.21
2025-05-13,UrbanThread,Organic,2059,58,48.58
2025-05-13,UrbanThread,Influencer,17534,405,297.79
2025-05-13,UrbanThread,Email,6005,193,115.96
2025-05-13,HomeNest,Meta Ads,30404,1229,634.86
2025-05-13,HomeNest,Google Ads,24486,1017,395.67
2025-05-13,HomeNest,Organic,2301,42,43.18
2025-05-13,HomeNest,Influencer,10614,475,278.05
2025-05-13,HomeNest,Email,2380,94,54.88
2025-05-13,TechEase,Meta Ads,26580,1127,439.63
2025-05-13,TechEase,Google Ads,27572,1048,447.54
2025-05-13,TechEase,Organic,2324,44,40.53
2025-05-13,TechEase,Influencer,17728,380,277.05
2025-05-13,TechEase,Email,5913,230,98.33
2025-05-13,WellRoot,Meta Ads,22289,829,345.76
2025-05-13,WellRoot,Google Ads,11720,359,272.79
2025-05-13,WellRoot,Organic,2106,31,37.39
2025-05-13,WellRoot,Influencer,13208,204,207.1
2025-05-13,WellRoot,Email,2478,94,65.62
2025-05-14,AuraGlow,Meta Ads,28371,1237,580.6
2025-05-14,AuraGlow,Google Ads,19388,681,331.67
2025-05-14,AuraGlow,Organic,1837,59,47.44
2025-05-14,AuraGlow,Influencer,9624,421,272.61
2025-05-14,AuraGlow,Email,3219,101,78.56
2025-05-14,UrbanThread,Meta Ads,30480,467,507.92
2025-05-14,UrbanThread,Google Ads,28613,762,454.02
2025-05-14,UrbanThread,Organic,1754,32,41.94
2025-05-14,UrbanThread,Influencer,19471,564,355.34
2025-05-14,UrbanThread,Email,4345,109,90.47
2025-05-14,HomeNest,Meta Ads,16289,278,389.09
2025-05-14,HomeNest,Google Ads,26852,497,465.1
2025-05-14,HomeNest,Organic,2432,65,43.3
2025-05-14,HomeNest,Influencer,9089,275,241.73
2025-05-14,HomeNest,Email,3858,83,64.64
2025-05-14,TechEase,Meta Ads,25166,711,504.84
2025-05-14,TechEase,Google Ads,33887,892,529.56
2025-05-14,TechEase,Organic,3100,110,67.73
2025-05-14,TechEase,Influencer,8269,300,217.4
2025-05-14,TechEase,Email,3740,57,76.59
2025-05-14,WellRoot,Meta Ads,16315,252,286.55
2025-05-14,WellRoot,Google Ads,18989,621,362.98
2025-05-14,WellRoot,Organic,1871,66,34.92
2025-05-14,WellRoot,Influencer,7578,114,174.42
2025-05-14,WellRoot,Email,3165,49,73.52
2025-05-15,AuraGlow,Meta Ads,20311,487,413.92
2025-05-15,AuraGlow,Google Ads,15506,492,321.62
2025-05-15,AuraGlow,Organic,2282,83,38.34
2025-05-15,AuraGlow,Influencer,12865,398,307.77
2025-05-15,AuraGlow,Email,4364,188,74.47
2025-05-15,UrbanThread,Meta Ads,22794,469,458.74
2025-05-15,UrbanThread,Google Ads,16631,606,421.16
2025-05-15,UrbanThread,Organic,1566,34,32.1
2025-05-15,UrbanThread,Influencer,14002,303,265.55
2025-05-15,UrbanThread,Email,6201,172,99.8
2025-05-15,HomeNest,Meta Ads,17681,753,440.39
2025-05-15,HomeNest,Google Ads,15225,265,369.52
2025-05-15,HomeNest,Organic,1308,44,35.64
2025-05-15,HomeNest,Influencer,9109,379,214.85
2025-05-15,HomeNest,Email,4912,179,84.6
2025-05-15,TechEase,Meta Ads,32625,1173,651.74
2025-05-15,TechEase,Google Ads,16758,699,384.04
2025-05-15,TechEase,Organic,2848,119,56.58
2025-05-15,TechEase,Influencer,14739,605,231.08
2025-05-15,TechEase,Email,4661,204,99.38
2025-05-15,WellRoot,Meta Ads,24488,976,384.28
2025-05-15,WellRoot,Google Ads,13455,453,235.97
2025-05-15,WellRoot,Organic,1820,80,33.59
2025-05-15,WellRoot,Influencer,11406,393,192.01
2025-05-15,WellRoot,Email,2020,37,54.1
2025-05-16,AuraGlow,Meta Ads,21468,375,428.68
2025-05-16,AuraGlow,Google Ads,19594,875,386.89
2025-05-16,AuraGlow,Organic,2266,71,46.91
2025-05-16,AuraGlow,Influencer,10000,176,225.48
2025-05-16,AuraGlow,Email,4383,67,88.89
2025-05-16,UrbanThread,Meta Ads,27015,674,648.75
2025-05-16,UrbanThread,Google Ads,17459,557,411.07
2025-05-16,UrbanThread,Organic,2831,80,53.94
2025-05-16,UrbanThread,Influencer,10879,430,248.61
2025-05-16,UrbanThread,Email,5928,110,105.71
2025-05-16,HomeNest,Meta Ads,29911,618,506.33
2025-05-16,HomeNest,Google Ads,12743,242,335.09
2025-05-16,HomeNest,Organic,2213,47,42.68
2025-05-16,HomeNest,Influencer,11702,400,224.26
2025-05-16,HomeNest,Email,5363,235,87.4
2025-05-16,TechEase,Meta Ads,31390,822,639.13
2025-05-16,TechEase,Google Ads,26805,1039,475.13
2025-05-16,TechEase,Organic,2607,89,41.73
2025-05-16,TechEase,Influencer,10948,215,262.56
2025-05-16,TechEase,Email,4740,144,86.65
2025-05-16,WellRoot,Meta Ads,15153,237,382.77
2025-05-16,WellRoot,Google Ads,14617,249,310.35
2025-05-16,WellRoot,Organic,1959,35,32.11
2025-05-16,WellRoot,Influencer,11224,288,246.92
2025-05-16,WellRoot,Email,2773,60,74.92
2025-05-17,AuraGlow,Meta Ads,30592,1174,471.88
2025-05-17,AuraGlow,Google Ads,13904,533,301.75
2025-05-17,AuraGlow,Organic,2133,67,54.34
2025-05-17,AuraGlow,Influencer,10437,429,212.64
2025-05-17,AuraGlow,Email,3809,133,83.43
2025-05-17,UrbanThread,Meta Ads,28620,728,552.35
2025-05-17,UrbanThread,Google Ads,19498,437,496.52
2025-05-17,UrbanThread,Organic,2933,100,46.53
2025-05-17,UrbanThread,Influencer,10728,478,249.87
2025-05-17,UrbanThread,Email,4829,187,115.64
2025-05-17,HomeNest,Meta Ads,20703,877,421.44
2025-05-17,HomeNest,Google Ads,24891,515,390.15
2025-05-17,HomeNest,Organic,2126,33,34.91
2025-05-17,HomeNest,Influencer,10447,395,255.25
2025-05-17,HomeNest,Email,4502,156,90.89
2025-05-17,TechEase,Meta Ads,34752,859,704.6
2025-05-17,TechEase,Google Ads,14688,588,417.21
2025-05-17,TechEase,Organic,2460,79,42.52
2025-05-17,TechEase,Influencer,6967,313,180.62
2025-05-17,TechEase,Email,3576,143,99.67
2025-05-17,WellRoot,Meta Ads,13911,267,343.96
2025-05-17,WellRoot,Google Ads,14718,328,383.07
2025-05-17,WellRoot,Organic,1090,22,24.74
2025-05-17,WellRoot,Influencer,10066,216,198.5
2025-05-17,WellRoot,Email,2970,89,75.9
2025-05-18,AuraGlow,Meta Ads,30361,622,585.16
2025-05-18,AuraGlow,Google Ads,23181,944,418.55
2025-05-18,AuraGlow,Organic,1561,38,40.69
2025-05-18,AuraGlow,Influencer,13672,472,252.01
2025-05-18,AuraGlow,Email,6079,116,95.18
2025-05-18,UrbanThread,Meta Ads,21894,588,481.83
2025-05-18,UrbanThread,Google Ads,24793,449,386.86
2025-05-18,UrbanThread,Organic,2972,67,55.17
2025-05-18,UrbanThread,Influencer,12095,220,231.44
2025-05-18,UrbanThread,Email,4650,189,89.7
2025-05-18,HomeNest,Meta Ads,33409,1145,569.19
2025-05-18,HomeNest,Google Ads,14431,353,366.41
2025-05-18,HomeNest,Organic,2416,61,45.53
2025-05-18,HomeNest,Influencer,9429,372,163.36
2025-05-18,HomeNest,Email,4387,191,79.66
2025-05-18,TechEase,Meta Ads,26777,957,594.31
2025-05-18,TechEase,Google Ads,18139,607,442.87
2025-05-18,TechEase,Organic,3365,92,54.72
2025-05-18,TechEase,Influencer,9925,157,259.71
2025-05-18,TechEase,Email,4453,92,81.58
2025-05-18,WellRoot,Meta Ads,19330,782,341.99
2025-05-18,WellRoot,Google Ads,14082,212,372.82
2025-05-18,WellRoot,Organic,1269,40,26.48
2025-05-18,WellRoot,Influencer,11490,268,190.77
2025-05-18,WellRoot,Email,2596,85,71.69
2025-05-19,AuraGlow,Meta Ads,20862,493,428.5
2025-05-19,AuraGlow,Google Ads,19799,640,391.41
2025-05-19,AuraGlow,Organic,1883,66,33.25
2025-05-19,AuraGlow,Influencer,12617,355,286.21
2025-05-19,AuraGlow,Email,2169,83,59.43
2025-05-19,UrbanThread,Meta Ads,28345,564,596.78
2025-05-19,UrbanThread,Google Ads,21930,414,462.62
2025-05-19,UrbanThread,Organic,2480,68,57.37
2025-05-19,UrbanThread,Influencer,11332,306,272.19
2025-05-19,UrbanThread,Email,7082,239,119.81
2025-05-19,HomeNest,Meta Ads,24569,533,515.16
2025-05-19,HomeNest,Google Ads,20044,813,383.03
2025-05-19,HomeNest,Organic,2585,99,53.41
2025-05-19,HomeNest,Influencer,10743,469,244.3
2025-05-19,HomeNest,Email,3636,57,91.34
2025-05-19,TechEase,Meta Ads,36861,998,568.29
2025-05-19,TechEase,Google Ads,24686,380,413.24
2025-05-19,TechEase,Organic,2401,60,50.74
2025-05-19,TechEase,Influencer,17574,594,306.28
2025-05-19,TechEase,Email,7315,201,123.66
2025-05-19,WellRoot,Meta Ads,19771,572,495.6
2025-05-19,WellRoot,Google Ads,13798,532,294.76
2025-05-19,WellRoot,Organic,1014,26,27.91
2025-05-19,WellRoot,Influencer,10161,445,173.27
2025-05-19,WellRoot,Email,1722,68,44.91
2025-05-20,AuraGlow,Meta Ads,20867,649,493.44
2025-05-20,AuraGlow,Google Ads,18692,748,392.08
2025-05-20,AuraGlow,Organic,2156,72,45.65
2025-05-20,AuraGlow,Influencer,14130,222,316.27
2025-05-20,AuraGlow,Email,3571,94,100.24
2025-05-20,UrbanThread,Meta Ads,28584,1049,561.2
2025-05-20,UrbanThread,Google Ads,26718,810,469.77
2025-05-20,UrbanThread,Organic,3083,111,59.36
2025-05-20,UrbanThread,Influencer,11088,498,236.46
2025-05-20,UrbanThread,Email,5338,136,101.54
2025-05-20,HomeNest,Meta Ads,21203,340,406.22
2025-05-20,HomeNest,Google Ads,24110,663,425.65
2025-05-20,HomeNest,Organic,2735,52,45.25
2025-05-20,HomeNest,Influencer,9157,408,162.47
2025-05-20,HomeNest,Email,3935,94,85.45
2025-05-20,TechEase,Meta Ads,29243,1114,489.84
2025-05-20,TechEase,Google Ads,19345,724,439.26
2025-05-20,TechEase,Organic,2370,68,46.57
2025-05-20,TechEase,Influencer,13303,549,341.0
2025-05-20,TechEase,Email,5462,224,118.13
2025-05-20,WellRoot,Meta Ads,15255,589,300.79
2025-05-20,WellRoot,Google Ads,19154,347,357.9
2025-05-20,WellRoot,Organic,2414,102,43.3
2025-05-20,WellRoot,Influencer,4241,157,99.62
2025-05-20,WellRoot,Email,2166,58,49.39
2025-05-21,AuraGlow,Meta Ads,27105,1194,471.1
2025-05-21,AuraGlow,Google Ads,19950,357,328.14
2025-05-21,AuraGlow,Organic,1577,66,41.23
2025-05-21,AuraGlow,Influencer,14967,405,309.16
2025-05-21,AuraGlow,Email,3887,168,71.12
2025-05-21,UrbanThread,Meta Ads,40262,644,678.63
2025-05-21,UrbanThread,Google Ads,19176,844,426.14
2025-05-21,UrbanThread,Organic,3301,116,54.93
2025-05-21,UrbanThread,Influencer,12775,273,274.28
2025-05-21,UrbanThread,Email,4553,179,86.94
2025-05-21,HomeNest,Meta Ads,15029,448,374.6
2025-05-21,HomeNest,Google Ads,15670,531,249.31
2025-05-21,HomeNest,Organic,1684,31,45.95
2025-05-21,HomeNest,Influencer,9633,296,182.2
2025-05-21,HomeNest,Email,5588,132,103.66
2025-05-21,TechEase,Meta Ads,19566,664,524.92
2025-05-21,TechEase,Google Ads,30155,1315,517.5
2025-05-21,TechEase,Organic,1958,48,49.77
2025-05-21,TechEase,Influencer,18223,772,336.43
2025-05-21,TechEase,Email,5743,189,111.38
2025-05-21,WellRoot,Meta Ads,21537,404,473.26
2025-05-21,WellRoot,Google Ads,17462,756,301.87
2025-05-21,WellRoot,Organic,1485,45,35.51
2025-05-21,WellRoot,Influencer,10080,191,171.7
2025-05-21,WellRoot,Email,1909,36,52.72
2025-05-22,AuraGlow,Meta Ads,18237,385,480.57
2025-05-22,AuraGlow,Google Ads,24418,962,439.03
2025-05-22,AuraGlow,Organic,2034,62,44.98
2025-05-22,AuraGlow,Influencer,12334,356,233.71
2025-05-22,AuraGlow,Email,3031,81,74.93
2025-05-22,UrbanThread,Meta Ads,20133,681,437.82
2025-05-22,UrbanThread,Google Ads,21295,649,389.98
2025-05-22,UrbanThread,Organic,1929,70,44.94
2025-05-22,UrbanThread,Influencer,15261,284,236.9
2025-05-22,UrbanThread,Email,3421,113,90.36
2025-05-22,HomeNest,Meta Ads,25961,673,520.25
2025-05-22,HomeNest,Google Ads,24214,961,403.18
2025-05-22,HomeNest,Organic,2723,51,46.81
2025-05-22,HomeNest,Influencer,11259,497,262.93
2025-05-22,HomeNest,Email,3782,123,79.65
2025-05-22,TechEase,Meta Ads,21578,741,557.83
2025-05-22,TechEase,Google Ads,14287,414,311.28
2025-05-22,TechEase,Organic,2673,73,55.79
2025-05-22,TechEase,Influencer,6688,247,190.95
2025-05-22,TechEase,Email,3535,77,81.21
2025-05-22,WellRoot,Meta Ads,17284,629,353.05
2025-05-22,WellRoot,Google Ads,7722,243,195.47
2025-05-22,WellRoot,Organic,1379,60,29.37
2025-05-22,WellRoot,Influencer,7757,185,197.03
2025-05-22,WellRoot,Email,3317,110,61.79
2025-05-23,AuraGlow,Meta Ads,28580,472,518.2
2025-05-23,AuraGlow,Google Ads,19651,831,387.79
2025-05-23,AuraGlow,Organic,2642,110,50.24
2025-05-23,AuraGlow,Influencer,15769,257,310.16
2025-05-23,AuraGlow,Email,3734,157,74.79
2025-05-23,UrbanThread,Meta Ads,29002,1292,468.13
2025-05-23,UrbanThread,Google Ads,9391,252,263.34
2025-05-23,UrbanThread,Organic,3481,68,54.67
2025-05-23,UrbanThread,Influencer,11478,456,302.89
2025-05-23,UrbanThread,Email,4916,125,101.1
2025-05-23,HomeNest,Meta Ads,16243,690,431.82
2025-05-23,HomeNest,Google Ads,28896,686,463.0
2025-05-23,HomeNest,Organic,1643,55,27.78
2025-05-23,HomeNest,Influencer,14136,364,252.6
2025-05-23,HomeNest,Email,3763,73,96.45
2025-05-23,TechEase,Meta Ads,19806,826,556.36
2025-05-23,TechEase,Google Ads,22438,802,465.2
2025-05-23,TechEase,Organic,3105,69,59.52
2025-05-23,TechEase,Influencer,12676,261,288.66
2025-05-23,TechEase,Email,4066,159,85.89
2025-05-23,WellRoot,Meta Ads,11659,483,287.79
2025-05-23,WellRoot,Google Ads,12808,354,325.27
2025-05-23,WellRoot,Organic,2299,71,45.51
2025-05-23,WellRoot,Influencer,7465,322,154.36
2025-05-23,WellRoot,Email,3106,53,54.14
2025-05-24,AuraGlow,Meta Ads,30345,1295,539.63
2025-05-24,AuraGlow,Google Ads,13078,585,348.28
2025-05-24,AuraGlow,Organic,2778,101,49.36
2025-05-24,AuraGlow,Influencer,10042,263,208.35
2025-05-24,AuraGlow,Email,6035,267,112.69
2025-05-24,UrbanThread,Meta Ads,21787,362,618.62
2025-05-24,UrbanThread,Google Ads,22678,681,404.77
2025-05-24,UrbanThread,Organic,2609,115,47.52
2025-05-24,UrbanThread,Influencer,17475,711,279.16
2025-05-24,UrbanThread,Email,3500,54,95.21
2025-05-24,HomeNest,Meta Ads,31322,849,552.65
2025-05-24,HomeNest,Google Ads,17378,536,341.19
2025-05-24,HomeNest,Organic,2921,57,54.76
2025-05-24,HomeNest,Influencer,15100,272,270.27
2025-05-24,HomeNest,Email,4708,117,99.3
2025-05-24,TechEase,Meta Ads,35665,985,613.83
2025-05-24,TechEase,Google Ads,12875,300,327.78
2025-05-24,TechEase,Organic,2222,59,53.06
2025-05-24,TechEase,Influencer,13970,539,281.83
2025-05-24,TechEase,Email,5628,96,88.52
2025-05-24,WellRoot,Meta Ads,18855,322,415.7
2025-05-24,WellRoot,Google Ads,13727,434,388.52
2025-05-24,WellRoot,Organic,927,31,20.64
2025-05-24,WellRoot,Influencer,11991,371,186.62
2025-05-24,WellRoot,Email,3158,91,89.72
2025-05-25,AuraGlow,Meta Ads,22041,792,561.87
2025-05-25,AuraGlow,Google Ads,18952,513,407.84
2025-05-25,AuraGlow,Organic,2593,44,41.31
2025-05-25,AuraGlow,Influencer,8956,321,184.21
2025-05-25,AuraGlow,Email,4422,164,86.92
2025-05-25,UrbanThread,Meta Ads,41942,1613,646.3
2025-05-25,UrbanThread,Google Ads,25051,640,503.05
2025-05-25,UrbanThread,Organic,3304,141,52.58
2025-05-25,UrbanThread,Influencer,13310,488,330.72
2025-05-25,UrbanThread,Email,5018,118,95.45
2025-05-25,HomeNest,Meta Ads,27438,1212,446.14
2025-05-25,HomeNest,Google Ads,13705,292,382.59
2025-05-25,HomeNest,Organic,2013,35,42.6
2025-05-25,HomeNest,Influencer,15328,427,245.61
2025-05-25,HomeNest,Email,4265,160,66.75
2025-05-25,TechEase,Meta Ads,36492,675,572.49
2025-05-25,TechEase,Google Ads,15987,626,354.44
2025-05-25,TechEase,Organic,2303,36,50.68
2025-05-25,TechEase,Influencer,10869,307,299.99
2025-05-25,TechEase,Email,3294,132,76.25
2025-05-25,WellRoot,Meta Ads,18819,562,435.31
2025-05-25,WellRoot,Google Ads,14280,425,324.58
2025-05-25,WellRoot,Organic,1970,82,44.13
2025-05-25,WellRoot,Influencer,11179,294,182.58
2025-05-25,WellRoot,Email,2817,109,69.88
2025-05-26,AuraGlow,Meta Ads,30726,961,494.81
2025-05-26,AuraGlow,Google Ads,17955,460,326.89
2025-05-26,AuraGlow,Organic,2284,71,51.13
2025-05-26,AuraGlow,Influencer,10954,492,254.62
2025-05-26,AuraGlow,Email,3042,72,86.65
2025-05-26,UrbanThread,Meta Ads,37619,1222,596.54
2025-05-26,UrbanThread,Google Ads,14750,418,397.0
2025-05-26,UrbanThread,Organic,2863,126,58.92
2025-05-26,UrbanThread,Influencer,14590,606,279.13
2025-05-26,UrbanThread,Email,3606,81,73.0
2025-05-26,HomeNest,Meta Ads,18802,591,416.21
2025-05-26,HomeNest,Google Ads,23283,984,374.44
2025-05-26,HomeNest,Organic,1633,60,32.52
2025-05-26,HomeNest,Influencer,5896,133,105.24
2025-05-26,HomeNest,Email,3790,69,97.81
2025-05-26,TechEase,Meta Ads,16264,532,459.79
2025-05-26,TechEase,Google Ads,29805,1241,488.37
2025-05-26,TechEase,Organic,2724,103,54.01
2025-05-26,TechEase,Influencer,11705,315,289.03
2025-05-26,TechEase,Email,4830,74,98.92
2025-05-26,WellRoot,Meta Ads,15738,520,346.81
2025-05-26,WellRoot,Google Ads,12514,549,235.52
2025-05-26,WellRoot,Organic,2130,42,39.01
2025-05-26,WellRoot,Influencer,5555,206,134.35
2025-05-26,WellRoot,Email,5142,194,83.53
2025-05-27,AuraGlow,Meta Ads,27034,782,530.67
2025-05-27,AuraGlow,Google Ads,12699,431,223.56
2025-05-27,AuraGlow,Organic,2696,41,45.85
2025-05-27,AuraGlow,Influencer,9763,225,196.0
2025-05-27,AuraGlow,Email,5113,128,97.34
2025-05-27,UrbanThread,Meta Ads,19072,696,327.2
2025-05-27,UrbanThread,Google Ads,18959,507,303.18
2025-05-27,UrbanThread,Organic,2734,47,50.73
2025-05-27,UrbanThread,Influencer,13537,392,216.23
2025-05-27,UrbanThread,Email,4920,122,84.92
2025-05-27,HomeNest,Meta Ads,12684,484,346.86
2025-05-27,HomeNest,Google Ads,12575,513,311.74
2025-05-27,HomeNest,Organic,1981,62,32.97
2025-05-27,HomeNest,Influencer,12730,542,233.37
2025-05-27,HomeNest,Email,4889,185,96.46
2025-05-27,TechEase,Meta Ads,22680,704,542.17
2025-05-27,TechEase,Google Ads,16499,666,382.06
2025-05-27,TechEase,Organic,1236,31,30.59
2025-05-27,TechEase,Influencer,13902,542,301.58
2025-05-27,TechEase,Email,5506,131,89.02
2025-05-27,WellRoot,Meta Ads,20249,757,316.42
2025-05-27,WellRoot,Google Ads,16337,553,281.62
2025-05-27,WellRoot,Organic,1383,56,33.31
2025-05-27,WellRoot,Influencer,7411,212,158.59
2025-05-27,WellRoot,Email,2179,54,53.76
2025-05-28,AuraGlow,Meta Ads,22738,355,475.76
2025-05-28,AuraGlow,Google Ads,13979,322,390.05
2025-05-28,AuraGlow,Organic,3050,134,48.19
2025-05-28,AuraGlow,Influencer,9409,227,243.85
2025-05-28,AuraGlow,Email,5918,242,92.79
2025-05-28,UrbanThread,Meta Ads,35508,776,633.28
2025-05-28,UrbanThread,Google Ads,19555,612,501.39
2025-05-28,UrbanThread,Organic,1605,33,45.46
2025-05-28,UrbanThread,Influencer,11257,279,231.78
2025-05-28,UrbanThread,Email,4880,94,100.93
2025-05-28,HomeNest,Meta Ads,20173,697,416.7
2025-05-28,HomeNest,Google Ads,7193,273,199.85
2025-05-28,HomeNest,Organic,2398,80,44.36
2025-05-28,HomeNest,Influencer,9255,330,230.69
2025-05-28,HomeNest,Email,4213,155,98.98
2025-05-28,TechEase,Meta Ads,26435,763,632.55
2025-05-28,TechEase,Google Ads,33964,1334,527.3
2025-05-28,TechEase,Organic,2469,84,53.78
2025-05-28,TechEase,Influencer,12133,462,291.59
2025-05-28,TechEase,Email,5533,179,89.76
2025-05-28,WellRoot,Meta Ads,14168,370,404.77
2025-05-28,WellRoot,Google Ads,17735,631,310.52
2025-05-28,WellRoot,Organic,2188,41,36.61
2025-05-28,WellRoot,Influencer,10807,188,186.59
2025-05-28,WellRoot,Email,2068,38,51.1
2025-05-29,AuraGlow,Meta Ads,21228,820,406.83
2025-05-29,AuraGlow,Google Ads,18452,460,351.02
2025-05-29,AuraGlow,Organic,1545,57,40.58
2025-05-29,AuraGlow,Influencer,13101,202,279.66
2025-05-29,AuraGlow,Email,4986,157,93.15
2025-05-29,UrbanThread,Meta Ads,32230,1235,550.28
2025-05-29,UrbanThread,Google Ads,14759,658,396.74
2025-05-29,UrbanThread,Organic,1928,64,48.95
2025-05-29,UrbanThread,Influencer,9445,195,206.39
2025-05-29,UrbanThread,Email,3441,56,95.31
2025-05-29,HomeNest,Meta Ads,28235,1211,547.2
2025-05-29,HomeNest,Google Ads,15736,411,335.2
2025-05-29,HomeNest,Organic,1855,56,40.48
2025-05-29,HomeNest,Influencer,5562,244,155.54
2025-05-29,HomeNest,Email,3905,163,65.51
2025-05-29,TechEase,Meta Ads,35035,662,567.42
2025-05-29,TechEase,Google Ads,15220,249,264.18
2025-05-29,TechEase,Organic,2729,57,55.58
2025-05-29,TechEase,Influencer,13565,224,242.66
2025-05-29,TechEase,Email,4579,68,79.86
2025-05-29,WellRoot,Meta Ads,17481,593,406.13
2025-05-29,WellRoot,Google Ads,10714,320,281.2
2025-05-29,WellRoot,Organic,1172,41,29.56
2025-05-29,WellRoot,Influencer,10045,220,175.68
2025-05-29,WellRoot,Email,3283,122,79.42
2025-05-30,AuraGlow,Meta Ads,22514,480,350.14
2025-05-30,AuraGlow,Google Ads,20771,726,417.28
2025-05-30,AuraGlow,Organic,1916,51,42.6
2025-05-30,AuraGlow,Influencer,13534,243,234.49
2025-05-30,AuraGlow,Email,4665,200,88.43
2025-05-30,UrbanThread,Meta Ads,27460,1167,745.53
2025-05-30,UrbanThread,Google Ads,18451,477,434.71
2025-05-30,UrbanThread,Organic,3452,84,54.41
2025-05-30,UrbanThread,Influencer,9835,380,263.0
2025-05-30,UrbanThread,Email,3070,60,68.54
2025-05-30,HomeNest,Meta Ads,19957,515,462.87
2025-05-30,HomeNest,Google Ads,14089,251,378.37
2025-05-30,HomeNest,Organic,1475,47,42.05
2025-05-30,HomeNest,Influencer,12367,361,301.26
2025-05-30,HomeNest,Email,6095,160,122.57
2025-05-30,TechEase,Meta Ads,25335,502,532.32
2025-05-30,TechEase,Google Ads,27200,1165,440.37
2025-05-30,TechEase,Organic,2271,93,39.79
2025-05-30,TechEase,Influencer,20730,840,348.0
2025-05-30,TechEase,Email,4271,158,95.32
2025-05-30,WellRoot,Meta Ads,18511,725,474.19
2025-05-30,WellRoot,Google Ads,18871,688,336.15
2025-05-30,WellRoot,Organic,2313,79,36.38
2025-05-30,WellRoot,Influencer,5227,168,90.02
2025-05-30,WellRoot,Email,1982,44,53.03
2025-05-31,AuraGlow,Meta Ads,31054,480,493.6
2025-05-31,AuraGlow,Google Ads,23195,950,368.09
2025-05-31,AuraGlow,Organic,1963,63,52.65
2025-05-31,AuraGlow,Influencer,13922,585,271.93
2025-05-31,AuraGlow,Email,4389,165,81.49
2025-05-31,UrbanThread,Meta Ads,23003,385,569.07
2025-05-31,UrbanThread,Google Ads,17073,260,415.97
2025-05-31,UrbanThread,Organic,2414,83,49.3
2025-05-31,UrbanThread,Influencer,15229,545,239.88
2025-05-31,UrbanThread,Email,6530,220,104.61
2025-05-31,HomeNest,Meta Ads,27942,1187,532.98
2025-05-31,HomeNest,Google Ads,19372,643,377.23
2025-05-31,HomeNest,Organic,1508,60,34.38
2025-05-31,HomeNest,Influencer,11641,498,246.84
2025-05-31,HomeNest,Email,3002,75,84.96
2025-05-31,TechEase,Meta Ads,37978,1633,619.77
2025-05-31,TechEase,Google Ads,14658,358,316.48
2025-05-31,TechEase,Organic,1861,52,51.17
2025-05-31,TechEase,Influencer,14276,278,282.12
2025-05-31,TechEase,Email,4933,119,136.77
2025-05-31,WellRoot,Meta Ads,14904,607,398.01
2025-05-31,WellRoot,Google Ads,15324,458,269.6
2025-05-31,WellRoot,Organic,1498,40,41.91
2025-05-31,WellRoot,Influencer,8976,300,235.43
2025-05-31,WellRoot,Email,1857,48,51.5
2025-06-01,AuraGlow,Meta Ads,29344,727,584.58
2025-06-01,AuraGlow,Google Ads,17172,402,312.23
2025-06-01,AuraGlow,Organic,3172,120,53.89
2025-06-01,AuraGlow,Influencer,10021,212,279.3
2025-06-01,AuraGlow,Email,5274,94,81.53
2025-06-01,UrbanThread,Meta Ads,20384,336,514.05
2025-06-01,UrbanThread,Google Ads,14905,443,410.47
2025-06-01,UrbanThread,Organic,3271,87,53.83
2025-06-01,UrbanThread,Influencer,15534,461,299.4
2025-06-01,UrbanThread,Email,4785,199,98.33
2025-06-01,HomeNest,Meta Ads,31293,589,545.59
2025-06-01,HomeNest,Google Ads,25639,1122,458.38
2025-06-01,HomeNest,Organic,1410,29,35.84
2025-06-01,HomeNest,Influencer,13953,401,260.14
2025-06-01,HomeNest,Email,2624,59,61.32
2025-06-01,TechEase,Meta Ads,38817,1340,619.89
2025-06-01,TechEase,Google Ads,16769,596,383.56
2025-06-01,TechEase,Organic,3372,71,56.65
2025-06-01,TechEase,Influencer,11005,482,236.82
2025-06-01,TechEase,Email,5052,94,93.26
2025-06-01,WellRoot,Meta Ads,28969,1018,461.9
2025-06-01,WellRoot,Google Ads,10775,337,292.88
2025-06-01,WellRoot,Organic,2377,59,36.72
2025-06-01,WellRoot,Influencer,17473,776,278.02
2025-06-01,WellRoot,Email,4958,186,82.7
2025-06-02,AuraGlow,Meta Ads,23170,389,557.72
2025-06-02,AuraGlow,Google Ads,26504,588,413.18
2025-06-02,AuraGlow,Organic,2864,87,50.65
2025-06-02,AuraGlow,Influencer,16873,541,294.54
2025-06-02,AuraGlow,Email,5804,103,101.16
2025-06-02,UrbanThread,Meta Ads,29105,655,570.21
2025-06-02,UrbanThread,Google Ads,29147,822,598.78
2025-06-02,UrbanThread,Organic,2627,82,51.09
2025-06-02,UrbanThread,Influencer,8770,308,236.64
2025-06-02,UrbanThread,Email,5559,173,118.37
2025-06-02,HomeNest,Meta Ads,30977,805,516.57
2025-06-02,HomeNest,Google Ads,18811,834,390.2
2025-06-02,HomeNest,Organic,2519,45,43.64
2025-06-02,HomeNest,Influencer,12472,206,241.11
2025-06-02,HomeNest,Email,5540,229,88.51
2025-06-02,TechEase,Meta Ads,24440,1094,471.99
2025-06-02,TechEase,Google Ads,28840,632,452.56
2025-06-02,TechEase,Organic,1728,35,35.13
2025-06-02,TechEase,Influencer,11034,211,273.88
2025-06-02,TechEase,Email,6118,231,107.22
2025-06-02,WellRoot,Meta Ads,15942,469,378.03
2025-06-02,WellRoot,Google Ads,11834,214,251.53
2025-06-02,WellRoot,Organic,1536,48,38.83
2025-06-02,WellRoot,Influencer,6366,285,103.97
2025-06-02,WellRoot,Email,2351,103,63.34
2025-06-03,AuraGlow,Meta Ads,20397,761,409.11
2025-06-03,AuraGlow,Google Ads,20861,341,382.96
2025-06-03,AuraGlow,Organic,1922,77,33.7
2025-06-03,AuraGlow,Influencer,19707,711,336.75
2025-06-03,AuraGlow,Email,5479,153,104.32
2025-06-03,UrbanThread,Meta Ads,25641,904,553.03
2025-06-03,UrbanThread,Google Ads,25958,413,433.29
2025-06-03,UrbanThread,Organic,1878,61,48.37
2025-06-03,UrbanThread,Influencer,17386,397,295.43
2025-06-03,UrbanThread,Email,7506,224,117.71
2025-06-03,HomeNest,Meta Ads,22690,1004,553.05
2025-06-03,HomeNest,Google Ads,15795,623,408.42
2025-06-03,HomeNest,Organic,2300,62,44.33
2025-06-03,HomeNest,Influencer,10436,230,199.12
2025-06-03,HomeNest,Email,3329,124,87.03
2025-06-03,TechEase,Meta Ads,22564,610,643.56
2025-06-03,TechEase,Google Ads,13023,288,283.09
2025-06-03,TechEase,Organic,2291,91,63.03
2025-06-03,TechEase,Influencer,11246,319,248.63
2025-06-03,TechEase,Email,2916,43,72.99
2025-06-03,WellRoot,Meta Ads,16415,269,363.87
2025-06-03,WellRoot,Google Ads,7787,244,175.01
2025-06-03,WellRoot,Organic,1111,48,25.0
2025-06-03,WellRoot,Influencer,7863,346,194.74
2025-06-03,WellRoot,Email,4487,195,88.17
2025-06-04,AuraGlow,Meta Ads,23310,693,514.73
2025-06-04,AuraGlow,Google Ads,24046,861,478.96
2025-06-04,AuraGlow,Organic,1675,40,28.82
2025-06-04,AuraGlow,Influencer,12025,235,245.06
2025-06-04,AuraGlow,Email,3589,130,83.92
2025-06-04,UrbanThread,Meta Ads,30897,932,540.46
2025-06-04,UrbanThread,Google Ads,16554,589,279.37
2025-06-04,UrbanThread,Organic,1815,69,41.23
2025-06-04,UrbanThread,Influencer,19199,675,322.44
2025-06-04,UrbanThread,Email,6972,156,131.98
2025-06-04,HomeNest,Meta Ads,20592,755,351.97
2025-06-04,HomeNest,Google Ads,12031,392,294.26
2025-06-04,HomeNest,Organic,2795,125,48.7
2025-06-04,HomeNest,Influencer,10598,315,219.27
2025-06-04,HomeNest,Email,5444,185,97.04
2025-06-04,TechEase,Meta Ads,26748,557,530.49
2025-06-04,TechEase,Google Ads,21118,410,427.51
2025-06-04,TechEase,Organic,3417,53,59.73
2025-06-04,TechEase,Influencer,10400,244,279.51
2025-06-04,TechEase,Email,3143,77,80.3
2025-06-04,WellRoot,Meta Ads,18156,721,379.48
2025-06-04,WellRoot,Google Ads,10759,230,259.97
2025-06-04,WellRoot,Organic,1802,71,32.76
2025-06-04,WellRoot,Influencer,15101,256,268.89
2025-06-04,WellRoot,Email,2606,86,51.15
2025-06-05,AuraGlow,Meta Ads,22822,849,360.49
2025-06-05,AuraGlow,Google Ads,19103,624,306.06
2025-06-05,AuraGlow,Organic,2676,50,46.58
2025-06-05,AuraGlow,Influencer,12365,292,281.87
2025-06-05,AuraGlow,Email,4665,176,72.83
2025-06-05,UrbanThread,Meta Ads,23700,700,595.51
2025-06-05,UrbanThread,Google Ads,20005,463,333.06
2025-06-05,UrbanThread,Organic,1651,73,38.69
2025-06-05,UrbanThread,Influencer,17550,640,312.6
2025-06-05,UrbanThread,Email,5024,149,81.56
2025-06-05,HomeNest,Meta Ads,18037,468,353.95
2025-06-05,HomeNest,Google Ads,16457,660,373.57
2025-06-05,HomeNest,Organic,2098,77,40.93
2025-06-05,HomeNest,Influencer,6426,112,168.52
2025-06-05,HomeNest,Email,4085,156,90.32
2025-06-05,TechEase,Meta Ads,24333,467,568.97
2025-06-05,TechEase,Google Ads,19048,679,363.5
2025-06-05,TechEase,Organic,2636,71,46.22
2025-06-05,TechEase,Influencer,17477,511,352.78
2025-06-05,TechEase,Email,4470,144,115.84
2025-06-05,WellRoot,Meta Ads,20387,865,402.33
2025-06-05,WellRoot,Google Ads,11886,195,218.29
2025-06-05,WellRoot,Organic,1852,66,28.83
2025-06-05,WellRoot,Influencer,11753,289,201.73
2025-06-05,WellRoot,Email,4090,87,66.72
2025-06-06,AuraGlow,Meta Ads,17174,617,337.52
2025-06-06,AuraGlow,Google Ads,15278,492,417.14
2025-06-06,AuraGlow,Organic,2213,82,34.26
2025-06-06,AuraGlow,Influencer,14129,409,224.4
2025-06-06,AuraGlow,Email,4248,156,82.36
2025-06-06,UrbanThread,Meta Ads,23231,986,579.84
2025-06-06,UrbanThread,Google Ads,16744,295,474.17
2025-06-06,UrbanThread,Organic,3164,92,55.08
2025-06-06,UrbanThread,Influencer,11096,477,292.85
2025-06-06,UrbanThread,Email,3610,75,102.44
2025-06-06,HomeNest,Meta Ads,22609,724,440.76
2025-06-06,HomeNest,Google Ads,14556,297,316.71
2025-06-06,HomeNest,Organic,2107,81,35.35
2025-06-06,HomeNest,Influencer,10794,298,232.18
2025-06-06,HomeNest,Email,4748,200,90.39
2025-06-06,TechEase,Meta Ads,15257,474,419.74
2025-06-06,TechEase,Google Ads,17110,432,421.22
2025-06-06,TechEase,Organic,2646,101,43.95
2025-06-06,TechEase,Influencer,12249,240,266.52
2025-06-06,TechEase,Email,4522,139,70.72
2025-06-06,WellRoot,Meta Ads,20316,911,340.09
2025-06-06,WellRoot,Google Ads,22275,791,387.75
2025-06-06,WellRoot,Organic,1293,26,35.08
2025-06-06,WellRoot,Influencer,10204,207,188.05
2025-06-06,WellRoot,Email,2175,88,57.76
2025-06-07,AuraGlow,Meta Ads,34822,880,559.05
2025-06-07,AuraGlow,Google Ads,23124,665,469.87
2025-06-07,AuraGlow,Organic,2466,91,39.2
2025-06-07,AuraGlow,Influencer,12776,439,244.31
2025-06-07,AuraGlow,Email,2933,108,80.62
2025-06-07,UrbanThread,Meta Ads,29323,642,562.81
2025-06-07,UrbanThread,Google Ads,20741,817,421.08
2025-06-07,UrbanThread,Organic,2647,45,44.24
2025-06-07,UrbanThread,Influencer,17169,316,268.05
2025-06-07,UrbanThread,Email,3948,118,98.69
2025-06-07,HomeNest,Meta Ads,29971,918,526.46
2025-06-07,HomeNest,Google Ads,16840,564,388.32
2025-06-07,HomeNest,Organic,2086,35,35.08
2025-06-07,HomeNest,Influencer,16218,495,252.57
2025-06-07,HomeNest,Email,4640,201,88.98
2025-06-07,TechEase,Meta Ads,29061,810,610.59
2025-06-07,TechEase,Google Ads,12136,404,321.45
2025-06-07,TechEase,Organic,1846,49,38.91
2025-06-07,TechEase,Influencer,14851,333,312.17
2025-06-07,TechEase,Email,4612,104,121.1
2025-06-07,WellRoot,Meta Ads,19146,779,477.39
2025-06-07,WellRoot,Google Ads,19186,619,358.88
2025-06-07,WellRoot,Organic,2287,52,44.83
2025-06-07,WellRoot,Influencer,10713,475,184.66
2025-06-07,WellRoot,Email,3813,121,82.3
2025-06-08,AuraGlow,Meta Ads,27518,1216,469.25
2025-06-08,AuraGlow,Google Ads,19709,776,364.77
2025-06-08,AuraGlow,Organic,1710,45,44.04
2025-06-08,AuraGlow,Influencer,12516,493,309.47
2025-06-08,AuraGlow,Email,3255,78,60.67
2025-06-08,UrbanThread,Meta Ads,30443,851,541.17
2025-06-08,UrbanThread,Google Ads,17810,536,413.35
2025-06-08,UrbanThread,Organic,3191,102,54.46
2025-06-08,UrbanThread,Influencer,9201,163,246.16
2025-06-08,UrbanThread,Email,4974,126,91.28
2025-06-08,HomeNest,Meta Ads,21978,510,377.15
2025-06-08,HomeNest,Google Ads,12628,226,347.36
2025-06-08,HomeNest,Organic,1670,52,29.44
2025-06-08,HomeNest,Influencer,9496,322,214.22
2025-06-08,HomeNest,Email,5818,210,98.52
2025-06-08,TechEase,Meta Ads,29378,587,584.29
2025-06-08,TechEase,Google Ads,20965,896,465.2
2025-06-08,TechEase,Organic,3450,90,64.5
2025-06-08,TechEase,Influencer,14749,517,293.79
2025-06-08,TechEase,Email,4509,191,106.28
2025-06-08,WellRoot,Meta Ads,15172,417,426.1
2025-06-08,WellRoot,Google Ads,13931,400,218.96
2025-06-08,WellRoot,Organic,2177,92,36.26
2025-06-08,WellRoot,Influencer,6298,255,167.04
2025-06-08,WellRoot,Email,4239,89,69.28
2025-06-09,AuraGlow,Meta Ads,32707,748,516.97
2025-06-09,AuraGlow,Google Ads,11334,502,296.6
2025-06-09,AuraGlow,Organic,1796,77,41.74
2025-06-09,AuraGlow,Influencer,7879,150,198.74
2025-06-09,AuraGlow,Email,3494,99,61.41
2025-06-09,UrbanThread,Meta Ads,22011,590,565.8
2025-06-09,UrbanThread,Google Ads,28643,619,556.42
2025-06-09,UrbanThread,Organic,3227,64,54.53
2025-06-09,UrbanThread,Influencer,10145,446,241.86
2025-06-09,UrbanThread,Email,4831,207,110.58
2025-06-09,HomeNest,Meta Ads,19856,526,485.81
2025-06-09,HomeNest,Google Ads,23767,970,391.11
2025-06-09,HomeNest,Organic,1689,69,37.7
2025-06-09,HomeNest,Influencer,12190,502,239.89
2025-06-09,HomeNest,Email,3977,100,80.13
2025-06-09,TechEase,Meta Ads,32195,1011,575.47
2025-06-09,TechEase,Google Ads,10660,202,243.63
2025-06-09,TechEase,Organic,3001,89,63.8
2025-06-09,TechEase,Influencer,14595,458,261.24
2025-06-09,TechEase,Email,5230,192,85.1
2025-06-09,WellRoot,Meta Ads,25407,450,519.89
2025-06-09,WellRoot,Google Ads,15766,305,257.17
2025-06-09,WellRoot,Organic,2727,42,45.26
2025-06-09,WellRoot,Influencer,9678,348,219.38
2025-06-09,WellRoot,Email,1307,35,36.68
2025-06-10,AuraGlow,Meta Ads,19844,721,424.29
2025-06-10,AuraGlow,Google Ads,15303,657,331.6
2025-06-10,AuraGlow,Organic,1381,31,32.7
2025-06-10,AuraGlow,Influencer,18295,364,306.35
2025-06-10,AuraGlow,Email,2841,95,75.19
2025-06-10,UrbanThread,Meta Ads,26422,808,584.5
2025-06-10,UrbanThread,Google Ads,18107,425,441.96
2025-06-10,UrbanThread,Organic,3830,72,59.91
2025-06-10,UrbanThread,Influencer,16712,552,287.53
2025-06-10,UrbanThread,Email,4419,147,79.73
2025-06-10,HomeNest,Meta Ads,23503,769,466.65
2025-06-10,HomeNest,Google Ads,19032,492,433.09
2025-06-10,HomeNest,Organic,2025,90,43.02
2025-06-10,HomeNest,Influencer,15270,426,261.17
2025-06-10,HomeNest,Email,4630,94,89.09
2025-06-10,TechEase,Meta Ads,28047,536,660.82
2025-06-10,TechEase,Google Ads,22568,769,430.49
2025-06-10,TechEase,Organic,1525,32,42.61
2025-06-10,TechEase,Influencer,19566,339,313.54
2025-06-10,TechEase,Email,2961,73,78.76
2025-06-10,WellRoot,Meta Ads,21639,732,402.06
2025-06-10,WellRoot,Google Ads,11149,431,278.1
2025-06-10,WellRoot,Organic,1258,42,29.09
2025-06-10,WellRoot,Influencer,13427,546,207.4
2025-06-10,WellRoot,Email,3190,75,79.15
2025-06-11,AuraGlow,Meta Ads,23384,753,520.74
2025-06-11,AuraGlow,Google Ads,23203,502,384.97
2025-06-11,AuraGlow,Organic,1953,40,55.26
2025-06-11,AuraGlow,Influencer,9219,257,231.93
2025-06-11,AuraGlow,Email,3887,105,76.45
2025-06-11,UrbanThread,Meta Ads,23209,1037,602.87
2025-06-11,UrbanThread,Google Ads,28373,927,522.05
2025-06-11,UrbanThread,Organic,2918,61,52.99
2025-06-11,UrbanThread,Influencer,9131,289,191.55
2025-06-11,UrbanThread,Email,4341,159,94.8
2025-06-11,HomeNest,Meta Ads,18846,326,510.24
2025-06-11,HomeNest,Google Ads,25288,898,389.16
2025-06-11,HomeNest,Organic,2713,88,50.09
2025-06-11,HomeNest,Influencer,12245,309,215.98
2025-06-11,HomeNest,Email,2398,100,68.06
2025-06-11,TechEase,Meta Ads,25924,1155,608.27
2025-06-11,TechEase,Google Ads,25198,567,464.59
2025-06-11,TechEase,Organic,2234,68,39.74
2025-06-11,TechEase,Influencer,11922,240,229.64
2025-06-11,TechEase,Email,6095,194,110.4
2025-06-11,WellRoot,Meta Ads,28405,748,535.15
2025-06-11,WellRoot,Google Ads,10438,245,238.86
2025-06-11,WellRoot,Organic,1797,45,42.88
2025-06-11,WellRoot,Influencer,5397,100,125.17
2025-06-11,WellRoot,Email,2999,121,61.68
2025-06-12,AuraGlow,Meta Ads,22364,523,513.26
2025-06-12,AuraGlow,Google Ads,15868,695,323.54
2025-06-12,AuraGlow,Organic,1382,31,29.17
2025-06-12,AuraGlow,Influencer,12980,367,219.37
2025-06-12,AuraGlow,Email,3707,122,92.18
2025-06-12,UrbanThread,Meta Ads,37502,965,605.96
2025-06-12,UrbanThread,Google Ads,16292,589,454.53
2025-06-12,UrbanThread,Organic,3023,72,55.53
2025-06-12,UrbanThread,Influencer,10076,338,277.26
2025-06-12,UrbanThread,Email,4586,189,108.12
2025-06-12,HomeNest,Meta Ads,21597,676,433.13
2025-06-12,HomeNest,Google Ads,24407,451,439.94
2025-06-12,HomeNest,Organic,1619,36,40.2
2025-06-12,HomeNest,Influencer,11494,234,232.15
2025-06-12,HomeNest,Email,3910,110,74.88
2025-06-12,TechEase,Meta Ads,24741,439,557.09
2025-06-12,TechEase,Google Ads,23644,907,458.6
2025-06-12,TechEase,Organic,2347,76,42.13
2025-06-12,TechEase,Influencer,17661,298,308.85
2025-06-12,TechEase,Email,4681,183,114.06
2025-06-12,WellRoot,Meta Ads,19422,386,358.09
2025-06-12,WellRoot,Google Ads,12970,280,300.42
2025-06-12,WellRoot,Organic,1882,53,43.63
2025-06-12,WellRoot,Influencer,9243,280,258.89
2025-06-12,WellRoot,Email,3385,66,89.45
2025-06-13,AuraGlow,Meta Ads,20545,693,417.79
2025-06-13,AuraGlow,Google Ads,22642,848,421.62
2025-06-13,AuraGlow,Organic,2998,123,49.28
2025-06-13,AuraGlow,Influencer,6712,296,172.24
2025-06-13,AuraGlow,Email,6277,260,115.04
2025-06-13,UrbanThread,Meta Ads,25439,837,592.04
2025-06-13,UrbanThread,Google Ads,27337,1063,462.75
2025-06-13,UrbanThread,Organic,2103,64,42.4
2025-06-13,UrbanThread,Influencer,17275,716,315.64
2025-06-13,UrbanThread,Email,5978,147,99.46
2025-06-13,HomeNest,Meta Ads,31311,968,525.01
2025-06-13,HomeNest,Google Ads,20702,445,379.5
2025-06-13,HomeNest,Organic,2167,43,42.17
2025-06-13,HomeNest,Influencer,12531,421,196.17
2025-06-13,HomeNest,Email,2509,46,64.88
2025-06-13,TechEase,Meta Ads,22684,934,551.34
2025-06-13,TechEase,Google Ads,17469,381,299.63
2025-06-13,TechEase,Organic,2836,123,48.19
2025-06-13,TechEase,Influencer,11309,247,304.43
2025-06-13,TechEase,Email,6346,101,119.57
2025-06-13,WellRoot,Meta Ads,17247,500,386.03
2025-06-13,WellRoot,Google Ads,14174,301,218.21
2025-06-13,WellRoot,Organic,1893,40,33.33
2025-06-13,WellRoot,Influencer,11010,487,268.95
2025-06-13,WellRoot,Email,2803,66,60.28
2025-06-14,AuraGlow,Meta Ads,31071,1217,485.65
2025-06-14,AuraGlow,Google Ads,17785,648,306.35
2025-06-14,AuraGlow,Organic,2477,45,58.67
2025-06-14,AuraGlow,Influencer,11732,342,253.93
2025-06-14,AuraGlow,Email,3722,80,91.53
2025-06-14,UrbanThread,Meta Ads,31104,534,559.19
2025-06-14,UrbanThread,Google Ads,27913,579,489.88
2025-06-14,UrbanThread,Organic,2304,67,53.04
2025-06-14,UrbanThread,Influencer,17413,326,306.23
2025-06-14,UrbanThread,Email,4398,66,113.93
2025-06-14,HomeNest,Meta Ads,28945,615,541.15
2025-06-14,HomeNest,Google Ads,11761,283,284.48
2025-06-14,HomeNest,Organic,2991,85,59.4
2025-06-14,HomeNest,Influencer,14502,281,245.67
2025-06-14,HomeNest,Email,5833,243,116.4
2025-06-14,TechEase,Meta Ads,43145,1824,738.8
2025-06-14,TechEase,Google Ads,23915,1022,448.92
2025-06-14,TechEase,Organic,2640,81,46.44
2025-06-14,TechEase,Influencer,7041,259,200.37
2025-06-14,TechEase,Email,4952,136,92.4
2025-06-14,WellRoot,Meta Ads,19569,714,305.26
2025-06-14,WellRoot,Google Ads,10655,330,243.94
2025-06-14,WellRoot,Organic,1372,52,30.02
2025-06-14,WellRoot,Influencer,6793,122,190.7
2025-06-14,WellRoot,Email,2317,79,50.47
2025-06-15,AuraGlow,Meta Ads,25513,483,459.93
2025-06-15,AuraGlow,Google Ads,12685,554,356.63
2025-06-15,AuraGlow,Organic,2882,63,46.59
2025-06-15,AuraGlow,Influencer,13451,489,237.66
2025-06-15,AuraGlow,Email,3642,107,70.51
2025-06-15,UrbanThread,Meta Ads,34403,735,587.67
2025-06-15,UrbanThread,Google Ads,21147,875,460.68
2025-06-15,UrbanThread,Organic,2570,62,59.34
2025-06-15,UrbanThread,Influencer,9734,386,240.59
2025-06-15,UrbanThread,Email,5471,197,92.07
2025-06-15,HomeNest,Meta Ads,29414,623,493.61
2025-06-15,HomeNest,Google Ads,19854,541,408.39
2025-06-15,HomeNest,Organic,2476,87,50.06
2025-06-15,HomeNest,Influencer,9943,333,204.2
2025-06-15,HomeNest,Email,3482,93,84.83
2025-06-15,TechEase,Meta Ads,34160,1176,608.62
2025-06-15,TechEase,Google Ads,25150,959,537.31
2025-06-15,TechEase,Organic,2052,78,46.3
2025-06-15,TechEase,Influencer,8334,167,204.22
2025-06-15,TechEase,Email,5460,87,91.94
2025-06-15,WellRoot,Meta Ads,17386,717,424.91
2025-06-15,WellRoot,Google Ads,11392,433,278.72
2025-06-15,WellRoot,Organic,1781,44,38.42
2025-06-15,WellRoot,Influencer,9642,350,214.72
2025-06-15,WellRoot,Email,1962,47,54.92
2025-06-16,AuraGlow,Meta Ads,18859,664,340.73
2025-06-16,AuraGlow,Google Ads,15308,662,369.76
2025-06-16,AuraGlow,Organic,2745,47,45.51
2025-06-16,AuraGlow,Influencer,8773,320,193.94
2025-06-16,AuraGlow,Email,3345,92,85.24
2025-06-16,UrbanThread,Meta Ads,44007,1383,686.68
2025-06-16,UrbanThread,Google Ads,22370,371,389.38
2025-06-16,UrbanThread,Organic,2232,67,34.49
2025-06-16,UrbanThread,Influencer,18847,821,298.42
2025-06-16,UrbanThread,Email,3647,79,88.44
2025-06-16,HomeNest,Meta Ads,24444,662,424.34
2025-06-16,HomeNest,Google Ads,21693,338,340.43
2025-06-16,HomeNest,Organic,2347,83,45.97
2025-06-16,HomeNest,Influencer,11393,299,214.85
2025-06-16,HomeNest,Email,6386,285,107.28
2025-06-16,TechEase,Meta Ads,32865,1168,659.23
2025-06-16,TechEase,Google Ads,31627,1172,489.79
2025-06-16,TechEase,Organic,1786,33,32.22
2025-06-16,TechEase,Influencer,14566,345,241.61
2025-06-16,TechEase,Email,6864,150,113.12
2025-06-16,WellRoot,Meta Ads,27848,851,435.39
2025-06-16,WellRoot,Google Ads,14547,352,353.43
2025-06-16,WellRoot,Organic,1589,67,41.95
2025-06-16,WellRoot,Influencer,6936,204,172.25
2025-06-16,WellRoot,Email,3940,153,79.89
2025-06-17,AuraGlow,Meta Ads,31336,1225,576.18
2025-06-17,AuraGlow,Google Ads,22973,398,429.16
2025-06-17,AuraGlow,Organic,1555,56,39.67
2025-06-17,AuraGlow,Influencer,9124,350,201.59
2025-06-17,AuraGlow,Email,4406,101,113.27
2025-06-17,UrbanThread,Meta Ads,47052,1554,754.05
2025-06-17,UrbanThread,Google Ads,21093,664,437.0
2025-06-17,UrbanThread,Organic,2924,76,47.33
2025-06-17,UrbanThread,Influencer,16775,374,271.79
2025-06-17,UrbanThread,Email,5844,95,104.03
2025-06-17,HomeNest,Meta Ads,19877,642,527.85
2025-06-17,HomeNest,Google Ads,19554,812,373.68
2025-06-17,HomeNest,Organic,2563,43,44.82
2025-06-17,HomeNest,Influencer,10571,384,170.86
2025-06-17,HomeNest,Email,2706,119,62.04
2025-06-17,TechEase,Meta Ads,32990,1115,598.58
2025-06-17,TechEase,Google Ads,28914,873,521.75
2025-06-17,TechEase,Organic,3123,67,51.82
2025-06-17,TechEase,Influencer,15286,350,254.88
2025-06-17,TechEase,Email,4582,171,85.09
2025-06-17,WellRoot,Meta Ads,10135,283,214.96
2025-06-17,WellRoot,Google Ads,13972,315,328.58
2025-06-17,WellRoot,Organic,1991,59,33.01
2025-06-17,WellRoot,Influencer,6841,145,140.34
2025-06-17,WellRoot,Email,3969,88,76.6
2025-06-18,AuraGlow,Meta Ads,27869,1005,637.31
2025-06-18,AuraGlow,Google Ads,23262,592,366.8
2025-06-18,AuraGlow,Organic,2371,79,45.75
2025-06-18,AuraGlow,Influencer,11189,223,203.24
2025-06-18,AuraGlow,Email,4128,126,74.91
2025-06-18,UrbanThread,Meta Ads,41943,673,722.81
2025-06-18,UrbanThread,Google Ads,13688,325,382.41
2025-06-18,UrbanThread,Organic,3061,50,48.14
2025-06-18,UrbanThread,Influencer,16950,275,313.89
2025-06-18,UrbanThread,Email,4496,154,114.01
2025-06-18,HomeNest,Meta Ads,24819,944,546.13
2025-06-18,HomeNest,Google Ads,16234,269,303.03
2025-06-18,HomeNest,Organic,2708,93,44.63
2025-06-18,HomeNest,Influencer,13784,562,247.05
2025-06-18,HomeNest,Email,3138,135,85.43
2025-06-18,TechEase,Meta Ads,31144,1189,557.58
2025-06-18,TechEase,Google Ads,17822,534,426.77
2025-06-18,TechEase,Organic,3704,131,58.01
2025-06-18,TechEase,Influencer,11134,498,278.76
2025-06-18,TechEase,Email,5071,185,88.44
2025-06-18,WellRoot,Meta Ads,16880,483,368.47
2025-06-18,WellRoot,Google Ads,17693,435,292.57
2025-06-18,WellRoot,Organic,1558,57,29.05
2025-06-18,WellRoot,Influencer,6892,267,152.55
2025-06-18,WellRoot,Email,3502,140,62.62
2025-06-19,AuraGlow,Meta Ads,21079,920,545.35
2025-06-19,AuraGlow,Google Ads,16722,251,344.82
2025-06-19,AuraGlow,Organic,2954,94,51.51
2025-06-19,AuraGlow,Influencer,7477,247,199.12
2025-06-19,AuraGlow,Email,3902,118,68.56
2025-06-19,UrbanThread,Meta Ads,21875,888,469.71
2025-06-19,UrbanThread,Google Ads,18492,490,411.15
2025-06-19,UrbanThread,Organic,1857,81,50.96
2025-06-19,UrbanThread,Influencer,15566,488,247.26
2025-06-19,UrbanThread,Email,5356,162,94.35
2025-06-19,HomeNest,Meta Ads,27394,888,510.76
2025-06-19,HomeNest,Google Ads,20566,516,421.81
2025-06-19,HomeNest,Organic,1906,71,35.01
2025-06-19,HomeNest,Influencer,14494,313,227.05
2025-06-19,HomeNest,Email,2340,77,61.06
2025-06-19,TechEase,Meta Ads,27475,1120,524.27
2025-06-19,TechEase,Google Ads,29351,576,456.21
2025-06-19,TechEase,Organic,1996,61,52.08
2025-06-19,TechEase,Influencer,10359,428,251.34
2025-06-19,TechEase,Email,4270,74,91.41
2025-06-19,WellRoot,Meta Ads,14164,250,397.03
2025-06-19,WellRoot,Google Ads,23912,859,397.5
2025-06-19,WellRoot,Organic,1312,50,33.8
2025-06-19,WellRoot,Influencer,7462,174,164.35
2025-06-19,WellRoot,Email,4692,206,76.8
2025-06-20,AuraGlow,Meta Ads,28026,530,542.85
2025-06-20,AuraGlow,Google Ads,17893,647,352.02
2025-06-20,AuraGlow,Organic,2336,47,56.2
2025-06-20,AuraGlow,Influencer,11811,322,248.82
2025-06-20,AuraGlow,Email,4023,142,88.28
2025-06-20,UrbanThread,Meta Ads,43295,1065,679.23
2025-06-20,UrbanThread,Google Ads,22646,571,473.12
2025-06-20,UrbanThread,Organic,2881,115,49.43
2025-06-20,UrbanThread,Influencer,13007,268,349.26
2025-06-20,UrbanThread,Email,4569,108,91.38
2025-06-20,HomeNest,Meta Ads,23002,581,437.89
2025-06-20,HomeNest,Google Ads,16659,519,259.54
2025-06-20,HomeNest,Organic,2557,104,45.47
2025-06-20,HomeNest,Influencer,8648,216,184.72
2025-06-20,HomeNest,Email,5020,156,99.31
2025-06-20,TechEase,Meta Ads,21419,725,526.8
2025-06-20,TechEase,Google Ads,22154,880,377.69
2025-06-20,TechEase,Organic,2837,89,49.17
2025-06-20,TechEase,Influencer,16552,734,287.94
2025-06-20,TechEase,Email,4815,92,88.74
2025-06-20,WellRoot,Meta Ads,18244,287,428.51
2025-06-20,WellRoot,Google Ads,9361,406,206.89
2025-06-20,WellRoot,Organic,1112,31,19.06
2025-06-20,WellRoot,Influencer,9636,266,164.0
2025-06-20,WellRoot,Email,3666,120,65.93
2025-06-21,AuraGlow,Meta Ads,29023,1025,540.48
2025-06-21,AuraGlow,Google Ads,15048,529,326.52
2025-06-21,AuraGlow,Organic,1597,70,44.92
2025-06-21,AuraGlow,Influencer,12699,281,242.71
2025-06-21,AuraGlow,Email,5074,203,97.57
2025-06-21,UrbanThread,Meta Ads,28975,782,522.23
2025-06-21,UrbanThread,Google Ads,18426,683,353.16
2025-06-21,UrbanThread,Organic,2733,50,55.72
2025-06-21,UrbanThread,Influencer,14819,298,304.5
2025-06-21,UrbanThread,Email,4016,100,98.05
2025-06-21,HomeNest,Meta Ads,30505,1358,476.95
2025-06-21,HomeNest,Google Ads,14793,562,272.17
2025-06-21,HomeNest,Organic,1572,27,33.8
2025-06-21,HomeNest,Influencer,14299,614,231.43
2025-06-21,HomeNest,Email,5408,220,85.52
2025-06-21,TechEase,Meta Ads,34751,1130,622.69
2025-06-21,TechEase,Google Ads,22279,699,379.18
2025-06-21,TechEase,Organic,2563,96,40.69
2025-06-21,TechEase,Influencer,12777,509,283.3
2025-06-21,TechEase,Email,4231,110,105.98
2025-06-21,WellRoot,Meta Ads,12648,560,304.7
2025-06-21,WellRoot,Google Ads,16948,755,291.54
2025-06-21,WellRoot,Organic,1859,65,33.61
2025-06-21,WellRoot,Influencer,10925,218,195.29
2025-06-21,WellRoot,Email,2904,75,62.65
2025-06-22,AuraGlow,Meta Ads,27878,427,462.72
2025-06-22,AuraGlow,Google Ads,24477,749,456.89
2025-06-22,AuraGlow,Organic,1812,78,42.9
2025-06-22,AuraGlow,Influencer,12616,452,222.29
2025-06-22,AuraGlow,Email,4112,173,116.25
2025-06-22,UrbanThread,Meta Ads,39431,667,621.14
2025-06-22,UrbanThread,Google Ads,21542,444,417.54
2025-06-22,UrbanThread,Organic,1628,72,43.42
2025-06-22,UrbanThread,Influencer,11303,501,281.13
2025-06-22,UrbanThread,Email,4121,78,88.04
2025-06-22,HomeNest,Meta Ads,18076,757,505.18
2025-06-22,HomeNest,Google Ads,21902,683,407.03
2025-06-22,HomeNest,Organic,1662,51,44.0
2025-06-22,HomeNest,Influencer,7460,231,205.03
2025-06-22,HomeNest,Email,3558,129,65.91
2025-06-22,TechEase,Meta Ads,27075,813,605.28
2025-06-22,TechEase,Google Ads,27605,1234,427.15
2025-06-22,TechEase,Organic,2862,120,45.2
2025-06-22,TechEase,Influencer,13576,560,273.63
2025-06-22,TechEase,Email,4045,142,93.18
2025-06-22,WellRoot,Meta Ads,19251,528,359.56
2025-06-22,WellRoot,Google Ads,18561,340,329.22
2025-06-22,WellRoot,Organic,1715,64,40.78
2025-06-22,WellRoot,Influencer,13302,485,214.34
2025-06-22,WellRoot,Email,3102,94,48.82
2025-06-23,AuraGlow,Meta Ads,24923,1045,537.47
2025-06-23,AuraGlow,Google Ads,19724,468,474.36
2025-06-23,AuraGlow,Organic,1923,85,46.41
2025-06-23,AuraGlow,Influencer,9904,329,269.87
2025-06-23,AuraGlow,Email,4929,120,93.51
2025-06-23,UrbanThread,Meta Ads,41208,1194,698.95
2025-06-23,UrbanThread,Google Ads,27964,885,542.7
2025-06-23,UrbanThread,Organic,1856,72,42.85
2025-06-23,UrbanThread,Influencer,9494,172,250.66
2025-06-23,UrbanThread,Email,4117,70,67.72
2025-06-23,HomeNest,Meta Ads,21802,852,359.06
2025-06-23,HomeNest,Google Ads,22046,358,350.49
2025-06-23,HomeNest,Organic,2431,44,40.8
2025-06-23,HomeNest,Influencer,11946,435,237.66
2025-06-23,HomeNest,Email,2286,97,52.42
2025-06-23,TechEase,Meta Ads,27299,936,476.46
2025-06-23,TechEase,Google Ads,27273,413,445.49
2025-06-23,TechEase,Organic,1469,25,39.02
2025-06-23,TechEase,Influencer,12620,543,197.2
2025-06-23,TechEase,Email,3422,69,97.21
2025-06-23,WellRoot,Meta Ads,17157,583,378.52
2025-06-23,WellRoot,Google Ads,13181,440,205.12
2025-06-23,WellRoot,Organic,1359,22,32.75
2025-06-23,WellRoot,Influencer,10777,422,225.48
2025-06-23,WellRoot,Email,4610,202,85.77
2025-06-24,AuraGlow,Meta Ads,32788,707,581.95
2025-06-24,AuraGlow,Google Ads,22781,890,370.37
2025-06-24,AuraGlow,Organic,2416,89,47.83
2025-06-24,AuraGlow,Influencer,11590,242,216.05
2025-06-24,AuraGlow,Email,5379,173,90.72
2025-06-24,UrbanThread,Meta Ads,22859,876,590.35
2025-06-24,UrbanThread,Google Ads,19226,825,462.93
2025-06-24,UrbanThread,Organic,3274,75,65.08
2025-06-24,UrbanThread,Influencer,9079,220,249.01
2025-06-24,UrbanThread,Email,5214,226,137.14
2025-06-24,HomeNest,Meta Ads,27902,537,624.62
2025-06-24,HomeNest,Google Ads,13765,421,300.22
2025-06-24,HomeNest,Organic,2586,60,41.01
2025-06-24,HomeNest,Influencer,17940,307,290.65
2025-06-24,HomeNest,Email,4807,148,96.81
2025-06-24,TechEase,Meta Ads,37662,638,805.79
2025-06-24,TechEase,Google Ads,25644,666,480.41
2025-06-24,TechEase,Organic,2931,54,52.58
2025-06-24,TechEase,Influencer,11311,320,211.57
2025-06-24,TechEase,Email,7095,161,112.37
2025-06-24,WellRoot,Meta Ads,8269,261,234.3
2025-06-24,WellRoot,Google Ads,13947,374,280.03
2025-06-24,WellRoot,Organic,1114,33,20.34
2025-06-24,WellRoot,Influencer,9340,339,151.91
2025-06-24,WellRoot,Email,3791,137,67.9
2025-06-25,AuraGlow,Meta Ads,25257,1119,437.35
2025-06-25,AuraGlow,Google Ads,26654,517,468.33
2025-06-25,AuraGlow,Organic,1604,38,45.13
2025-06-25,AuraGlow,Influencer,16297,541,318.7
2025-06-25,AuraGlow,Email,4910,90,80.61
2025-06-25,UrbanThread,Meta Ads,22145,723,593.05
2025-06-25,UrbanThread,Google Ads,21056,656,518.95
2025-06-25,UrbanThread,Organic,2147,83,55.82
2025-06-25,UrbanThread,Influencer,14853,500,289.12
2025-06-25,UrbanThread,Email,4524,159,100.46
2025-06-25,HomeNest,Meta Ads,20141,617,444.59
2025-06-25,HomeNest,Google Ads,16878,329,318.06
2025-06-25,HomeNest,Organic,2326,89,38.04
2025-06-25,HomeNest,Influencer,15570,503,271.45
2025-06-25,HomeNest,Email,2839,100,71.87
2025-06-25,TechEase,Meta Ads,28387,738,587.38
2025-06-25,TechEase,Google Ads,19116,591,466.79
2025-06-25,TechEase,Organic,2529,107,49.05
2025-06-25,TechEase,Influencer,11905,196,251.84
2025-06-25,TechEase,Email,5254,230,90.32
2025-06-25,WellRoot,Meta Ads,15527,322,361.48
2025-06-25,WellRoot,Google Ads,17753,374,368.17
2025-06-25,WellRoot,Organic,1242,34,33.4
2025-06-25,WellRoot,Influencer,9057,195,206.39
2025-06-25,WellRoot,Email,2655,72,56.07
2025-06-26,AuraGlow,Meta Ads,30681,1133,604.25
2025-06-26,AuraGlow,Google Ads,10754,414,305.11
2025-06-26,AuraGlow,Organic,1543,59,37.49
2025-06-26,AuraGlow,Influencer,14522,306,242.59
2025-06-26,AuraGlow,Email,6719,112,105.45
2025-06-26,UrbanThread,Meta Ads,24724,762,508.81
2025-06-26,UrbanThread,Google Ads,23621,986,465.02
2025-06-26,UrbanThread,Organic,2772,46,47.17
2025-06-26,UrbanThread,Influencer,14857,532,300.13
2025-06-26,UrbanThread,Email,7079,133,109.98
2025-06-26,HomeNest,Meta Ads,20401,367,447.79
2025-06-26,HomeNest,Google Ads,22539,769,409.58
2025-06-26,HomeNest,Organic,2963,81,52.2
2025-06-26,HomeNest,Influencer,11586,417,246.1
2025-06-26,HomeNest,Email,5816,215,95.54
2025-06-26,TechEase,Meta Ads,31388,725,652.34
2025-06-26,TechEase,Google Ads,21910,950,457.76
2025-06-26,TechEase,Organic,2037,85,51.58
2025-06-26,TechEase,Influencer,7853,242,218.15
2025-06-26,TechEase,Email,6712,129,104.76
2025-06-26,WellRoot,Meta Ads,17317,422,292.22
2025-06-26,WellRoot,Google Ads,14579,504,307.3
2025-06-26,WellRoot,Organic,1441,43,39.24
2025-06-26,WellRoot,Influencer,10702,439,168.94
2025-06-26,WellRoot,Email,3103,83,64.2
2025-06-27,AuraGlow,Meta Ads,31369,498,576.38
2025-06-27,AuraGlow,Google Ads,15592,292,393.77
2025-06-27,AuraGlow,Organic,2425,53,40.72
2025-06-27,AuraGlow,Influencer,8559,133,216.26
2025-06-27,AuraGlow,Email,5010,153,78.1
2025-06-27,UrbanThread,Meta Ads,16988,636,418.56
2025-06-27,UrbanThread,Google Ads,27928,634,447.86
2025-06-27,UrbanThread,Organic,2442,45,42.39
2025-06-27,UrbanThread,Influencer,14414,645,260.65
2025-06-27,UrbanThread,Email,2808,102,78.62
2025-06-27,HomeNest,Meta Ads,35053,622,544.81
2025-06-27,HomeNest,Google Ads,24980,870,397.99
2025-06-27,HomeNest,Organic,1319,30,28.39
2025-06-27,HomeNest,Influencer,7470,145,174.27
2025-06-27,HomeNest,Email,7372,323,122.42
2025-06-27,TechEase,Meta Ads,25883,1100,409.49
2025-06-27,TechEase,Google Ads,13783,519,279.53
2025-06-27,TechEase,Organic,2082,71,45.56
2025-06-27,TechEase,Influencer,14687,415,293.43
2025-06-27,TechEase,Email,3609,86,86.55
2025-06-27,WellRoot,Meta Ads,9226,339,255.59
2025-06-27,WellRoot,Google Ads,8441,196,233.47
2025-06-27,WellRoot,Organic,2145,44,45.01
2025-06-27,WellRoot,Influencer,5299,128,130.04
2025-06-27,WellRoot,Email,2603,69,74.0
2025-06-28,AuraGlow,Meta Ads,27781,739,534.74
2025-06-28,AuraGlow,Google Ads,18099,780,395.18
2025-06-28,AuraGlow,Organic,1547,66,31.31
2025-06-28,AuraGlow,Influencer,14435,563,282.69
2025-06-28,AuraGlow,Email,3967,139,101.2
2025-06-28,UrbanThread,Meta Ads,23348,443,424.03
2025-06-28,UrbanThread,Google Ads,21269,563,348.51
2025-06-28,UrbanThread,Organic,2090,41,51.36
2025-06-28,UrbanThread,Influencer,13948,512,271.34
2025-06-28,UrbanThread,Email,3525,130,75.68
2025-06-28,HomeNest,Meta Ads,15986,340,331.69
2025-06-28,HomeNest,Google Ads,14491,340,397.07
2025-06-28,HomeNest,Organic,2140,36,39.69
2025-06-28,HomeNest,Influencer,16650,448,277.34
2025-06-28,HomeNest,Email,3887,115,71.61
2025-06-28,TechEase,Meta Ads,31552,688,601.43
2025-06-28,TechEase,Google Ads,14636,476,353.68
2025-06-28,TechEase,Organic,2494,79,41.16
2025-06-28,TechEase,Influencer,7848,193,219.21
2025-06-28,TechEase,Email,4739,137,76.54
2025-06-28,WellRoot,Meta Ads,16628,592,356.83
2025-06-28,WellRoot,Google Ads,13691,520,257.47
2025-06-28,WellRoot,Organic,2528,67,39.87
2025-06-28,WellRoot,Influencer,8898,260,165.22
2025-06-28,WellRoot,Email,2274,71,59.12
2025-06-29,AuraGlow,Meta Ads,28579,1184,585.48
2025-06-29,AuraGlow,Google Ads,17604,738,429.08
2025-06-29,AuraGlow,Organic,1875,34,44.6
2025-06-29,AuraGlow,Influencer,9106,386,215.53
2025-06-29,AuraGlow,Email,4228,122,71.64
2025-06-29,UrbanThread,Meta Ads,32873,1198,555.51
2025-06-29,UrbanThread,Google Ads,20328,528,474.28
2025-06-29,UrbanThread,Organic,3017,67,69.39
2025-06-29,UrbanThread,Influencer,12640,395,259.85
2025-06-29,UrbanThread,Email,4466,179,110.01
2025-06-29,HomeNest,Meta Ads,29529,488,550.16
2025-06-29,HomeNest,Google Ads,16528,542,313.49
2025-06-29,HomeNest,Organic,2910,82,46.75
2025-06-29,HomeNest,Influencer,13614,274,302.59
2025-06-29,HomeNest,Email,4586,122,77.0
2025-06-29,TechEase,Meta Ads,23219,865,657.26
2025-06-29,TechEase,Google Ads,26294,1174,516.02
2025-06-29,TechEase,Organic,2175,68,48.52
2025-06-29,TechEase,Influencer,14848,566,253.95
2025-06-29,TechEase,Email,4893,122,113.94
2025-06-29,WellRoot,Meta Ads,17321,529,360.03
2025-06-29,WellRoot,Google Ads,10789,428,245.32
2025-06-29,WellRoot,Organic,2270,49,38.58
2025-06-29,WellRoot,Influencer,10724,178,197.71
2025-06-29,WellRoot,Email,3573,120,83.85
2025-06-30,AuraGlow,Meta Ads,29069,838,539.09
2025-06-30,AuraGlow,Google Ads,12596,248,326.72
2025-06-30,AuraGlow,Organic,2526,89,59.55
2025-06-30,AuraGlow,Influencer,11457,333,277.8
2025-06-30,AuraGlow,Email,3176,135,88.57
2025-06-30,UrbanThread,Meta Ads,31449,1070,627.3
2025-06-30,UrbanThread,Google Ads,31421,615,531.73
2025-06-30,UrbanThread,Organic,1750,28,38.77
2025-06-30,UrbanThread,Influencer,14867,477,229.48
2025-06-30,UrbanThread,Email,4091,141,100.16
2025-06-30,HomeNest,Meta Ads,21543,838,420.98
2025-06-30,HomeNest,Google Ads,19145,644,388.87
2025-06-30,HomeNest,Organic,1543,54,34.64
2025-06-30,HomeNest,Influencer,14076,537,220.25
2025-06-30,HomeNest,Email,4816,111,96.31
2025-06-30,TechEase,Meta Ads,23062,457,420.3
2025-06-30,TechEase,Google Ads,18903,333,528.94
2025-06-30,TechEase,Organic,2516,49,54.14
2025-06-30,TechEase,Influencer,15968,324,269.49
2025-06-30,TechEase,Email,5684,251,99.01
2025-06-30,WellRoot,Meta Ads,18142,752,476.74
2025-06-30,WellRoot,Google Ads,17299,403,334.09
2025-06-30,WellRoot,Organic,1809,75,38.13
2025-06-30,WellRoot,Influencer,9047,292,188.47
2025-06-30,WellRoot,Email,1855,59,49.16
2025-07-01,AuraGlow,Meta Ads,17139,389,441.78
2025-07-01,AuraGlow,Google Ads,16284,732,283.4
2025-07-01,AuraGlow,Organic,2854,100,45.01
2025-07-01,AuraGlow,Influencer,17489,540,280.75
2025-07-01,AuraGlow,Email,4075,115,86.96
2025-07-01,UrbanThread,Meta Ads,27814,745,508.28
2025-07-01,UrbanThread,Google Ads,22031,572,339.96
2025-07-01,UrbanThread,Organic,1874,43,41.67
2025-07-01,UrbanThread,Influencer,13633,426,283.51
2025-07-01,UrbanThread,Email,4434,84,90.94
2025-07-01,HomeNest,Meta Ads,14039,619,377.09
2025-07-01,HomeNest,Google Ads,18029,479,291.12
2025-07-01,HomeNest,Organic,1492,40,39.09
2025-07-01,HomeNest,Influencer,13731,236,291.43
2025-07-01,HomeNest,Email,4722,178,107.12
2025-07-01,TechEase,Meta Ads,41318,887,637.83
2025-07-01,TechEase,Google Ads,23985,763,426.33
2025-07-01,TechEase,Organic,3019,60,52.6
2025-07-01,TechEase,Influencer,11088,200,196.66
2025-07-01,TechEase,Email,4211,106,93.96
2025-07-01,WellRoot,Meta Ads,15216,610,318.83
2025-07-01,WellRoot,Google Ads,10679,331,283.25
2025-07-01,WellRoot,Organic,1564,59,36.65
2025-07-01,WellRoot,Influencer,8528,214,136.61
2025-07-01,WellRoot,Email,2581,40,68.79
2025-07-02,AuraGlow,Meta Ads,26562,855,434.58
2025-07-02,AuraGlow,Google Ads,17645,397,413.31
2025-07-02,AuraGlow,Organic,2354,86,41.48
2025-07-02,AuraGlow,Influencer,9067,136,205.62
2025-07-02,AuraGlow,Email,5190,158,96.6
2025-07-02,UrbanThread,Meta Ads,27892,553,550.19
2025-07-02,UrbanThread,Google Ads,29029,1254,547.46
2025-07-02,UrbanThread,Organic,2110,92,38.58
2025-07-02,UrbanThread,Influencer,11576,352,271.59
2025-07-02,UrbanThread,Email,7125,189,112.76
2025-07-02,HomeNest,Meta Ads,23361,899,624.5
2025-07-02,HomeNest,Google Ads,17055,752,327.33
2025-07-02,HomeNest,Organic,2636,83,40.97
2025-07-02,HomeNest,Influencer,11175,313,210.66
2025-07-02,HomeNest,Email,5181,154,83.2
2025-07-02,TechEase,Meta Ads,22406,718,513.79
2025-07-02,TechEase,Google Ads,23268,943,429.8
2025-07-02,TechEase,Organic,1513,39,42.39
2025-07-02,TechEase,Influencer,12047,537,254.1
2025-07-02,TechEase,Email,2684,97,54.89
2025-07-02,WellRoot,Meta Ads,15248,681,380.99
2025-07-02,WellRoot,Google Ads,13913,270,317.45
2025-07-02,WellRoot,Organic,1744,68,34.79
2025-07-02,WellRoot,Influencer,12326,468,226.17
2025-07-02,WellRoot,Email,3279,65,62.89
2025-07-03,AuraGlow,Meta Ads,33088,622,518.33
2025-07-03,AuraGlow,Google Ads,18726,641,474.13
2025-07-03,AuraGlow,Organic,2267,47,54.45
2025-07-03,AuraGlow,Influencer,11537,279,188.69
2025-07-03,AuraGlow,Email,3393,64,71.58
2025-07-03,UrbanThread,Meta Ads,18594,645,529.8
2025-07-03,UrbanThread,Google Ads,16868,674,401.72
2025-07-03,UrbanThread,Organic,2851,80,51.55
2025-07-03,UrbanThread,Influencer,13279,460,323.37
2025-07-03,UrbanThread,Email,3553,92,90.83
2025-07-03,HomeNest,Meta Ads,31791,709,559.6
2025-07-03,HomeNest,Google Ads,11033,278,269.57
2025-07-03,HomeNest,Organic,1749,63,48.52
2025-07-03,HomeNest,Influencer,16440,458,258.89
2025-07-03,HomeNest,Email,3258,106,55.45
2025-07-03,TechEase,Meta Ads,25774,876,466.27
2025-07-03,TechEase,Google Ads,25898,794,450.16
2025-07-03,TechEase,Organic,2327,46,43.73
2025-07-03,TechEase,Influencer,12126,380,245.47
2025-07-03,TechEase,Email,4269,96,98.35
2025-07-03,WellRoot,Meta Ads,22996,609,412.86
2025-07-03,WellRoot,Google Ads,14048,421,236.53
2025-07-03,WellRoot,Organic,1413,55,30.58
2025-07-03,WellRoot,Influencer,12350,417,211.29
2025-07-03,WellRoot,Email,2685,42,62.35
2025-07-04,AuraGlow,Meta Ads,30167,1352,484.81
2025-07-04,AuraGlow,Google Ads,18581,798,467.08
2025-07-04,AuraGlow,Organic,2061,60,44.19
2025-07-04,AuraGlow,Influencer,14631,540,242.61
2025-07-04,AuraGlow,Email,3288,120,78.83
2025-07-04,UrbanThread,Meta Ads,19120,673,433.44
2025-07-04,UrbanThread,Google Ads,15178,287,371.28
2025-07-04,UrbanThread,Organic,2286,52,53.52
2025-07-04,UrbanThread,Influencer,13428,326,290.05
2025-07-04,UrbanThread,Email,4722,171,95.89
2025-07-04,HomeNest,Meta Ads,20138,571,416.2
2025-07-04,HomeNest,Google Ads,15931,605,437.01
2025-07-04,HomeNest,Organic,1683,71,42.9
2025-07-04,HomeNest,Influencer,11585,350,254.96
2025-07-04,HomeNest,Email,4716,138,89.18
2025-07-04,TechEase,Meta Ads,32690,767,545.48
2025-07-04,TechEase,Google Ads,21608,888,507.21
2025-07-04,TechEase,Organic,1962,29,55.08
2025-07-04,TechEase,Influencer,10367,430,169.63
2025-07-04,TechEase,Email,5824,109,106.21
2025-07-04,WellRoot,Meta Ads,19941,592,449.6
2025-07-04,WellRoot,Google Ads,15826,519,325.91
2025-07-04,WellRoot,Organic,1278,49,29.33
2025-07-04,WellRoot,Influencer,11095,292,199.77
2025-07-04,WellRoot,Email,2557,72,61.87
2025-07-05,AuraGlow,Meta Ads,27744,708,607.85
2025-07-05,AuraGlow,Google Ads,25142,979,397.25
2025-07-05,AuraGlow,Organic,2085,75,44.6
2025-07-05,AuraGlow,Influencer,8966,205,244.98
2025-07-05,AuraGlow,Email,4453,175,70.26
2025-07-05,UrbanThread,Meta Ads,32482,993,559.74
2025-07-05,UrbanThread,Google Ads,16653,325,380.54
2025-07-05,UrbanThread,Organic,2299,82,55.72
2025-07-05,UrbanThread,Influencer,14282,394,268.6
2025-07-05,UrbanThread,Email,4320,98,81.94
2025-07-05,HomeNest,Meta Ads,22897,458,457.08
2025-07-05,HomeNest,Google Ads,16772,720,314.73
2025-07-05,HomeNest,Organic,1944,59,39.5
2025-07-05,HomeNest,Influencer,10919,233,240.15
2025-07-05,HomeNest,Email,3836,79,76.46
2025-07-05,TechEase,Meta Ads,33824,551,602.7
2025-07-05,TechEase,Google Ads,27268,872,439.32
2025-07-05,TechEase,Organic,2245,63,41.95
2025-07-05,TechEase,Influencer,9300,173,220.95
2025-07-05,TechEase,Email,4305,126,98.24
2025-07-05,WellRoot,Meta Ads,16862,345,293.07
2025-07-05,WellRoot,Google Ads,11213,379,287.54
2025-07-05,WellRoot,Organic,1791,41,38.79
2025-07-05,WellRoot,Influencer,10445,184,178.95
2025-07-05,WellRoot,Email,2211,88,49.18
2025-07-06,AuraGlow,Meta Ads,20171,501,463.26
2025-07-06,AuraGlow,Google Ads,29532,899,465.79
2025-07-06,AuraGlow,Organic,2508,96,40.56
2025-07-06,AuraGlow,Influencer,14895,637,229.44
2025-07-06,AuraGlow,Email,6062,184,100.3
2025-07-06,UrbanThread,Meta Ads,21866,676,547.07
2025-07-06,UrbanThread,Google Ads,19769,846,507.21
2025-07-06,UrbanThread,Organic,3026,81,55.04
2025-07-06,UrbanThread,Influencer,9872,155,235.37
2025-07-06,UrbanThread,Email,4971,97,119.45
2025-07-06,HomeNest,Meta Ads,21181,670,397.41
2025-07-06,HomeNest,Google Ads,17102,315,404.84
2025-07-06,HomeNest,Organic,1254,18,33.91
2025-07-06,HomeNest,Influencer,13504,250,249.02
2025-07-06,HomeNest,Email,4168,155,68.71
2025-07-06,TechEase,Meta Ads,28831,704,486.16
2025-07-06,TechEase,Google Ads,22752,1013,429.98
2025-07-06,TechEase,Organic,1796,43,48.03
2025-07-06,TechEase,Influencer,10200,271,216.33
2025-07-06,TechEase,Email,4168,71,99.34
2025-07-06,WellRoot,Meta Ads,21385,817,347.15
2025-07-06,WellRoot,Google Ads,9373,253,260.71
2025-07-06,WellRoot,Organic,1929,81,32.67
2025-07-06,WellRoot,Influencer,11735,430,215.25
2025-07-06,WellRoot,Email,3866,166,72.09
2025-07-07,AuraGlow,Meta Ads,28718,1249,554.43
2025-07-07,AuraGlow,Google Ads,27352,686,450.3
2025-07-07,AuraGlow,Organic,3232,121,57.86
2025-07-07,AuraGlow,Influencer,14000,278,282.11
2025-07-07,AuraGlow,Email,7279,124,116.44
2025-07-07,UrbanThread,Meta Ads,23589,470,525.56
2025-07-07,UrbanThread,Google Ads,31899,1374,497.28
2025-07-07,UrbanThread,Organic,2862,90,51.1
2025-07-07,UrbanThread,Influencer,10413,412,249.05
2025-07-07,UrbanThread,Email,3308,90,91.55
2025-07-07,HomeNest,Meta Ads,24985,1102,592.65
2025-07-07,HomeNest,Google Ads,20086,898,469.75
2025-07-07,HomeNest,Organic,2687,89,47.51
2025-07-07,HomeNest,Influencer,8066,256,218.53
2025-07-07,HomeNest,Email,2683,75,70.62
2025-07-07,TechEase,Meta Ads,13632,574,378.29
2025-07-07,TechEase,Google Ads,25707,745,418.12
2025-07-07,TechEase,Organic,2580,94,56.07
2025-07-07,TechEase,Influencer,17402,546,293.93
2025-07-07,TechEase,Email,4010,110,92.98
2025-07-07,WellRoot,Meta Ads,24603,628,434.02
2025-07-07,WellRoot,Google Ads,9663,170,248.36
2025-07-07,WellRoot,Organic,2632,113,42.7
2025-07-07,WellRoot,Influencer,7479,138,174.56
2025-07-07,WellRoot,Email,2697,104,62.06
2025-07-08,AuraGlow,Meta Ads,17268,597,454.28
2025-07-08,AuraGlow,Google Ads,16138,547,398.86
2025-07-08,AuraGlow,Organic,1681,55,33.55
2025-07-08,AuraGlow,Influencer,10956,168,229.75
2025-07-08,AuraGlow,Email,4830,184,88.66
2025-07-08,UrbanThread,Meta Ads,24237,396,582.69
2025-07-08,UrbanThread,Google Ads,19505,638,389.74
2025-07-08,UrbanThread,Organic,3264,134,55.3
2025-07-08,UrbanThread,Influencer,15535,335,312.55
2025-07-08,UrbanThread,Email,5661,142,107.57
2025-07-08,HomeNest,Meta Ads,14223,419,391.41
2025-07-08,HomeNest,Google Ads,13521,525,372.96
2025-07-08,HomeNest,Organic,1767,77,37.78
2025-07-08,HomeNest,Influencer,12367,328,201.84
2025-07-08,HomeNest,Email,3667,107,74.79
2025-07-08,TechEase,Meta Ads,25622,463,513.66
2025-07-08,TechEase,Google Ads,21391,854,512.64
2025-07-08,TechEase,Organic,2878,74,50.0
2025-07-08,TechEase,Influencer,15791,638,330.79
2025-07-08,TechEase,Email,5900,209,91.61
2025-07-08,WellRoot,Meta Ads,23409,496,415.91
2025-07-08,WellRoot,Google Ads,10051,317,183.59
2025-07-08,WellRoot,Organic,1892,54,43.77
2025-07-08,WellRoot,Influencer,9128,345,196.53
2025-07-08,WellRoot,Email,2778,83,71.91
2025-07-09,AuraGlow,Meta Ads,26439,595,555.75
2025-07-09,AuraGlow,Google Ads,18722,805,525.08
2025-07-09,AuraGlow,Organic,1346,22,36.39
2025-07-09,AuraGlow,Influencer,9352,173,209.55
2025-07-09,AuraGlow,Email,2738,101,74.26
2025-07-09,UrbanThread,Meta Ads,33265,634,579.66
2025-07-09,UrbanThread,Google Ads,24241,1069,476.48
2025-07-09,UrbanThread,Organic,2545,55,50.64
2025-07-09,UrbanThread,Influencer,12693,529,217.25
2025-07-09,UrbanThread,Email,5408,139,116.04
2025-07-09,HomeNest,Meta Ads,13780,537,341.19
2025-07-09,HomeNest,Google Ads,14959,492,365.74
2025-07-09,HomeNest,Organic,1299,39,34.12
2025-07-09,HomeNest,Influencer,8977,362,198.87
2025-07-09,HomeNest,Email,4003,145,73.07
2025-07-09,TechEase,Meta Ads,27388,768,532.29
2025-07-09,TechEase,Google Ads,16832,323,443.34
2025-07-09,TechEase,Organic,2568,83,46.53
2025-07-09,TechEase,Influencer,13951,576,231.07
2025-07-09,TechEase,Email,4172,169,85.16
2025-07-09,WellRoot,Meta Ads,20976,740,389.05
2025-07-09,WellRoot,Google Ads,14613,438,410.14
2025-07-09,WellRoot,Organic,914,39,22.7
2025-07-09,WellRoot,Influencer,6721,216,123.23
2025-07-09,WellRoot,Email,4981,100,81.06
2025-07-10,AuraGlow,Meta Ads,21562,649,413.2
2025-07-10,AuraGlow,Google Ads,11521,456,270.83
2025-07-10,AuraGlow,Organic,2056,89,47.63
2025-07-10,AuraGlow,Influencer,11508,181,230.63
2025-07-10,AuraGlow,Email,4250,65,91.73
2025-07-10,UrbanThread,Meta Ads,26452,977,519.37
2025-07-10,UrbanThread,Google Ads,31783,615,507.66
2025-07-10,UrbanThread,Organic,2989,106,51.56
2025-07-10,UrbanThread,Influencer,13266,475,293.98
2025-07-10,UrbanThread,Email,3752,167,87.03
2025-07-10,HomeNest,Meta Ads,34496,724,632.19
2025-07-10,HomeNest,Google Ads,17304,625,413.61
2025-07-10,HomeNest,Organic,667,22,18.77
2025-07-10,HomeNest,Influencer,14840,298,232.66
2025-07-10,HomeNest,Email,5431,84,102.04
2025-07-10,TechEase,Meta Ads,15897,695,386.6
2025-07-10,TechEase,Google Ads,30101,807,482.23
2025-07-10,TechEase,Organic,2991,62,48.16
2025-07-10,TechEase,Influencer,11223,396,238.28
2025-07-10,TechEase,Email,7034,300,108.89
2025-07-10,WellRoot,Meta Ads,11883,356,295.85
2025-07-10,WellRoot,Google Ads,23834,874,393.97
2025-07-10,WellRoot,Organic,1632,65,45.49
2025-07-10,WellRoot,Influencer,9863,152,260.43
2025-07-10,WellRoot,Email,4375,177,69.27
2025-07-11,AuraGlow,Meta Ads,27851,421,584.25
2025-07-11,AuraGlow,Google Ads,12641,302,326.49
2025-07-11,AuraGlow,Organic,1536,43,38.66
2025-07-11,AuraGlow,Influencer,16644,351,307.52
2025-07-11,AuraGlow,Email,5617,169,102.39
2025-07-11,UrbanThread,Meta Ads,23995,377,477.29
2025-07-11,UrbanThread,Google Ads,25889,1082,550.0
2025-07-11,UrbanThread,Organic,2781,70,53.89
2025-07-11,UrbanThread,Influencer,14730,471,334.13
2025-07-11,UrbanThread,Email,3986,65,94.05
2025-07-11,HomeNest,Meta Ads,23839,950,447.41
2025-07-11,HomeNest,Google Ads,12890,268,318.38
2025-07-11,HomeNest,Organic,2415,56,41.37
2025-07-11,HomeNest,Influencer,9295,415,194.17
2025-07-11,HomeNest,Email,2940,92,81.11
2025-07-11,TechEase,Meta Ads,21158,926,575.18
2025-07-11,TechEase,Google Ads,37231,1503,576.57
2025-07-11,TechEase,Organic,3074,133,53.38
2025-07-11,TechEase,Influencer,7031,243,176.57
2025-07-11,TechEase,Email,6394,106,103.96
2025-07-11,WellRoot,Meta Ads,15177,372,372.06
2025-07-11,WellRoot,Google Ads,17347,642,299.07
2025-07-11,WellRoot,Organic,1804,42,36.98
2025-07-11,WellRoot,Influencer,11747,478,204.66
2025-07-11,WellRoot,Email,5409,184,96.84
2025-07-12,AuraGlow,Meta Ads,22971,465,444.41
2025-07-12,AuraGlow,Google Ads,16443,685,365.71
2025-07-12,AuraGlow,Organic,1785,59,46.0
2025-07-12,AuraGlow,Influencer,10564,441,255.77
2025-07-12,AuraGlow,Email,4444,138,79.3
2025-07-12,UrbanThread,Meta Ads,37810,587,700.59
2025-07-12,UrbanThread,Google Ads,20516,730,477.25
2025-07-12,UrbanThread,Organic,2369,49,53.07
2025-07-12,UrbanThread,Influencer,18758,718,305.61
2025-07-12,UrbanThread,Email,4346,158,75.33
2025-07-12,HomeNest,Meta Ads,16107,487,341.71
2025-07-12,HomeNest,Google Ads,17101,661,350.17
2025-07-12,HomeNest,Organic,2729,60,50.52
2025-07-12,HomeNest,Influencer,7410,190,193.04
2025-07-12,HomeNest,Email,5516,232,96.22
2025-07-12,TechEase,Meta Ads,30461,1176,560.51
2025-07-12,TechEase,Google Ads,14002,545,314.79
2025-07-12,TechEase,Organic,2820,65,45.14
2025-07-12,TechEase,Influencer,6383,125,181.16
2025-07-12,TechEase,Email,4400,182,106.44
2025-07-12,WellRoot,Meta Ads,19877,599,432.74
2025-07-12,WellRoot,Google Ads,21242,727,331.21
2025-07-12,WellRoot,Organic,1310,31,26.72
2025-07-12,WellRoot,Influencer,8781,132,250.27
2025-07-12,WellRoot,Email,2733,50,71.09
2025-07-13,AuraGlow,Meta Ads,33717,548,564.34
2025-07-13,AuraGlow,Google Ads,13925,222,380.75
2025-07-13,AuraGlow,Organic,1934,84,46.87
2025-07-13,AuraGlow,Influencer,9344,232,243.66
2025-07-13,AuraGlow,Email,6161,241,114.56
2025-07-13,UrbanThread,Meta Ads,16768,421,462.74
2025-07-13,UrbanThread,Google Ads,19978,489,474.99
2025-07-13,UrbanThread,Organic,2311,96,58.06
2025-07-13,UrbanThread,Influencer,18760,477,312.74
2025-07-13,UrbanThread,Email,5960,267,122.29
2025-07-13,HomeNest,Meta Ads,37152,1333,589.0
2025-07-13,HomeNest,Google Ads,20522,354,414.77
2025-07-13,HomeNest,Organic,1772,58,45.11
2025-07-13,HomeNest,Influencer,8112,266,125.63
2025-07-13,HomeNest,Email,6225,168,114.26
2025-07-13,TechEase,Meta Ads,23692,463,459.79
2025-07-13,TechEase,Google Ads,27338,781,440.29
2025-07-13,TechEase,Organic,1979,78,49.33
2025-07-13,TechEase,Influencer,16105,499,263.31
2025-07-13,TechEase,Email,6021,249,109.76
2025-07-13,WellRoot,Meta Ads,16413,251,303.97
2025-07-13,WellRoot,Google Ads,11751,435,289.26
2025-07-13,WellRoot,Organic,1550,68,26.66
2025-07-13,WellRoot,Influencer,13966,497,228.99
2025-07-13,WellRoot,Email,3779,122,66.85
2025-07-14,AuraGlow,Meta Ads,17059,587,393.55
2025-07-14,AuraGlow,Google Ads,23492,718,385.0
2025-07-14,AuraGlow,Organic,1647,28,30.45
2025-07-14,AuraGlow,Influencer,10059,375,224.36
2025-07-14,AuraGlow,Email,4784,187,106.5
2025-07-14,UrbanThread,Meta Ads,34866,1360,729.51
2025-07-14,UrbanThread,Google Ads,23790,1027,501.13
2025-07-14,UrbanThread,Organic,1572,30,42.68
2025-07-14,UrbanThread,Influencer,10496,360,252.64
2025-07-14,UrbanThread,Email,5238,91,90.27
2025-07-14,HomeNest,Meta Ads,33903,758,524.84
2025-07-14,HomeNest,Google Ads,16914,641,367.97
2025-07-14,HomeNest,Organic,2244,87,41.44
2025-07-14,HomeNest,Influencer,14592,595,235.37
2025-07-14,HomeNest,Email,3561,110,91.84
2025-07-14,TechEase,Meta Ads,29932,1302,671.42
2025-07-14,TechEase,Google Ads,13759,269,304.15
2025-07-14,TechEase,Organic,2403,85,46.76
2025-07-14,TechEase,Influencer,12391,515,245.05
2025-07-14,TechEase,Email,7109,250,115.76
2025-07-14,WellRoot,Meta Ads,24261,937,427.09
2025-07-14,WellRoot,Google Ads,20701,804,385.49
2025-07-14,WellRoot,Organic,1648,37,36.14
2025-07-14,WellRoot,Influencer,6784,301,140.91
2025-07-14,WellRoot,Email,3957,103,61.93
2025-07-15,AuraGlow,Meta Ads,29126,540,582.19
2025-07-15,AuraGlow,Google Ads,14146,560,385.63
2025-07-15,AuraGlow,Organic,2294,73,38.16
2025-07-15,AuraGlow,Influencer,9944,325,198.58
2025-07-15,AuraGlow,Email,4102,136,89.7
2025-07-15,UrbanThread,Meta Ads,30051,1236,672.02
2025-07-15,UrbanThread,Google Ads,22813,593,366.26
2025-07-15,UrbanThread,Organic,2727,118,50.28
2025-07-15,UrbanThread,Influencer,11947,369,322.08
2025-07-15,UrbanThread,Email,4692,76,102.3
2025-07-15,HomeNest,Meta Ads,25147,496,462.7
2025-07-15,HomeNest,Google Ads,18032,654,410.81
2025-07-15,HomeNest,Organic,1750,68,39.15
2025-07-15,HomeNest,Influencer,10597,416,271.84
2025-07-15,HomeNest,Email,3383,64,82.28
2025-07-15,TechEase,Meta Ads,22066,765,472.2
2025-07-15,TechEase,Google Ads,20953,851,408.65
2025-07-15,TechEase,Organic,1731,72,47.49
2025-07-15,TechEase,Influencer,10770,284,257.56
2025-07-15,TechEase,Email,5696,179,93.13
2025-07-15,WellRoot,Meta Ads,12037,469,224.68
2025-07-15,WellRoot,Google Ads,17628,522,329.14
2025-07-15,WellRoot,Organic,1499,40,33.61
2025-07-15,WellRoot,Influencer,6556,276,180.36
2025-07-15,WellRoot,Email,4105,142,71.25
2025-07-16,AuraGlow,Meta Ads,24968,890,564.75
2025-07-16,AuraGlow,Google Ads,19811,658,308.09
2025-07-16,AuraGlow,Organic,1838,33,31.21
2025-07-16,AuraGlow,Influencer,7078,107,202.21
2025-07-16,AuraGlow,Email,3280,139,56.28
2025-07-16,UrbanThread,Meta Ads,25804,818,568.63
2025-07-16,UrbanThread,Google Ads,22586,468,552.15
2025-07-16,UrbanThread,Organic,3565,119,69.11
2025-07-16,UrbanThread,Influencer,11465,218,282.18
2025-07-16,UrbanThread,Email,5366,92,112.96
2025-07-16,HomeNest,Meta Ads,10660,297,244.09
2025-07-16,HomeNest,Google Ads,13232,362,301.46
2025-07-16,HomeNest,Organic,2999,64,53.41
2025-07-16,HomeNest,Influencer,13108,400,250.12
2025-07-16,HomeNest,Email,5411,233,84.47
2025-07-16,TechEase,Meta Ads,25043,740,581.42
2025-07-16,TechEase,Google Ads,25696,473,514.3
2025-07-16,TechEase,Organic,1971,69,39.38
2025-07-16,TechEase,Influencer,7462,120,197.14
2025-07-16,TechEase,Email,4102,109,63.3
2025-07-16,WellRoot,Meta Ads,13902,330,271.45
2025-07-16,WellRoot,Google Ads,22702,497,360.17
2025-07-16,WellRoot,Organic,1550,28,43.21
2025-07-16,WellRoot,Influencer,15168,415,263.94
2025-07-16,WellRoot,Email,3993,106,65.7
2025-07-17,AuraGlow,Meta Ads,26190,527,480.3
2025-07-17,AuraGlow,Google Ads,13361,430,318.08
2025-07-17,AuraGlow,Organic,1460,59,37.68
2025-07-17,AuraGlow,Influencer,11967,415,241.35
2025-07-17,AuraGlow,Email,4541,147,80.89
2025-07-17,UrbanThread,Meta Ads,31674,493,646.18
2025-07-17,UrbanThread,Google Ads,19170,412,388.93
2025-07-17,UrbanThread,Organic,2490,41,49.48
2025-07-17,UrbanThread,Influencer,12242,248,312.49
2025-07-17,UrbanThread,Email,3609,128,86.54
2025-07-17,HomeNest,Meta Ads,31067,753,567.75
2025-07-17,HomeNest,Google Ads,20704,639,336.48
2025-07-17,HomeNest,Organic,2709,93,42.69
2025-07-17,HomeNest,Influencer,10180,382,171.7
2025-07-17,HomeNest,Email,3731,83,90.42
2025-07-17,TechEase,Meta Ads,38061,693,687.19
2025-07-17,TechEase,Google Ads,23085,434,418.18
2025-07-17,TechEase,Organic,2438,58,48.96
2025-07-17,TechEase,Influencer,12206,390,320.68
2025-07-17,TechEase,Email,6408,106,110.16
2025-07-17,WellRoot,Meta Ads,22928,344,418.75
2025-07-17,WellRoot,Google Ads,13095,248,331.18
2025-07-17,WellRoot,Organic,1408,45,31.81
2025-07-17,WellRoot,Influencer,10171,214,186.31
2025-07-17,WellRoot,Email,2849,48,61.13
2025-07-18,AuraGlow,Meta Ads,31895,1050,536.98
2025-07-18,AuraGlow,Google Ads,24159,986,375.41
2025-07-18,AuraGlow,Organic,1641,63,42.88
2025-07-18,AuraGlow,Influencer,10471,261,234.93
2025-07-18,AuraGlow,Email,5291,219,85.86
2025-07-18,UrbanThread,Meta Ads,23707,710,636.6
2025-07-18,UrbanThread,Google Ads,25247,876,437.99
2025-07-18,UrbanThread,Organic,2573,101,51.5
2025-07-18,UrbanThread,Influencer,16561,544,300.87
2025-07-18,UrbanThread,Email,5452,228,106.41
2025-07-18,HomeNest,Meta Ads,27590,787,444.32
2025-07-18,HomeNest,Google Ads,19123,597,364.35
2025-07-18,HomeNest,Organic,3672,154,60.15
2025-07-18,HomeNest,Influencer,9728,353,195.79
2025-07-18,HomeNest,Email,3146,103,73.83
2025-07-18,TechEase,Meta Ads,18906,516,386.38
2025-07-18,TechEase,Google Ads,17686,275,375.24
2025-07-18,TechEase,Organic,2313,84,49.39
2025-07-18,TechEase,Influencer,16165,352,279.21
2025-07-18,TechEase,Email,5139,147,108.86
2025-07-18,WellRoot,Meta Ads,24699,1058,473.96
2025-07-18,WellRoot,Google Ads,17817,327,300.46
2025-07-18,WellRoot,Organic,833,30,18.26
2025-07-18,WellRoot,Influencer,8630,199,209.81
2025-07-18,WellRoot,Email,2116,59,57.94
2025-07-19,AuraGlow,Meta Ads,18591,452,403.64
2025-07-19,AuraGlow,Google Ads,17311,677,352.0
2025-07-19,AuraGlow,Organic,2061,71,39.92
2025-07-19,AuraGlow,Influencer,9298,191,229.3
2025-07-19,AuraGlow,Email,4868,160,102.13
2025-07-19,UrbanThread,Meta Ads,26391,887,610.09
2025-07-19,UrbanThread,Google Ads,28574,1263,509.08
2025-07-19,UrbanThread,Organic,2790,81,55.22
2025-07-19,UrbanThread,Influencer,18516,385,288.3
2025-07-19,UrbanThread,Email,5267,230,115.72
2025-07-19,HomeNest,Meta Ads,26789,858,520.73
2025-07-19,HomeNest,Google Ads,27385,426,574.61
2025-07-19,HomeNest,Organic,1804,51,35.96
2025-07-19,HomeNest,Influencer,8703,315,199.46
2025-07-19,HomeNest,Email,2760,70,76.0
2025-07-19,TechEase,Meta Ads,19887,857,526.61
2025-07-19,TechEase,Google Ads,25964,534,442.89
2025-07-19,TechEase,Organic,2563,43,47.41
2025-07-19,TechEase,Influencer,10680,342,250.72
2025-07-19,TechEase,Email,5945,247,97.19
2025-07-19,WellRoot,Meta Ads,22868,924,360.35
2025-07-19,WellRoot,Google Ads,21536,826,373.78
2025-07-19,WellRoot,Organic,1309,26,30.42
2025-07-19,WellRoot,Influencer,10274,195,168.5
2025-07-19,WellRoot,Email,4075,183,90.47
2025-07-20,AuraGlow,Meta Ads,18188,797,388.85
2025-07-20,AuraGlow,Google Ads,13656,596,332.45
2025-07-20,AuraGlow,Organic,1412,62,33.28
2025-07-20,AuraGlow,Influencer,13491,311,241.44
2025-07-20,AuraGlow,Email,4112,127,88.13
2025-07-20,UrbanThread,Meta Ads,22275,445,411.59
2025-07-20,UrbanThread,Google Ads,18245,406,374.18
2025-07-20,UrbanThread,Organic,2379,90,52.15
2025-07-20,UrbanThread,Influencer,12697,393,313.02
2025-07-20,UrbanThread,Email,3861,102,90.97
2025-07-20,HomeNest,Meta Ads,20429,430,525.03
2025-07-20,HomeNest,Google Ads,19122,353,407.48
2025-07-20,HomeNest,Organic,1718,76,45.56
2025-07-20,HomeNest,Influencer,13972,618,278.67
2025-07-20,HomeNest,Email,2910,120,67.82
2025-07-20,TechEase,Meta Ads,22942,656,585.88
2025-07-20,TechEase,Google Ads,20158,777,395.63
2025-07-20,TechEase,Organic,2812,82,57.9
2025-07-20,TechEase,Influencer,15964,244,257.94
2025-07-20,TechEase,Email,4447,140,92.35
2025-07-20,WellRoot,Meta Ads,18605,413,422.8
2025-07-20,WellRoot,Google Ads,10483,304,198.1
2025-07-20,WellRoot,Organic,1593,32,31.3
2025-07-20,WellRoot,Influencer,14650,525,265.84
2025-07-20,WellRoot,Email,2747,76,78.11
2025-07-21,AuraGlow,Meta Ads,30056,775,528.39
2025-07-21,AuraGlow,Google Ads,21395,499,496.22
2025-07-21,AuraGlow,Organic,2361,97,37.16
2025-07-21,AuraGlow,Influencer,8483,340,209.89
2025-07-21,AuraGlow,Email,4636,178,95.48
2025-07-21,UrbanThread,Meta Ads,30663,740,509.64
2025-07-21,UrbanThread,Google Ads,15955,620,431.62
2025-07-21,UrbanThread,Organic,2103,48,34.12
2025-07-21,UrbanThread,Influencer,18766,376,289.11
2025-07-21,UrbanThread,Email,6208,242,109.75
2025-07-21,HomeNest,Meta Ads,23589,491,520.42
2025-07-21,HomeNest,Google Ads,20378,432,360.61
2025-07-21,HomeNest,Organic,2873,97,53.98
2025-07-21,HomeNest,Influencer,11017,438,278.91
2025-07-21,HomeNest,Email,3046,128,68.53
2025-07-21,TechEase,Meta Ads,18382,732,441.92
2025-07-21,TechEase,Google Ads,17006,385,430.99
2025-07-21,TechEase,Organic,1729,42,39.98
2025-07-21,TechEase,Influencer,15061,466,272.6
2025-07-21,TechEase,Email,5115,89,81.42
2025-07-21,WellRoot,Meta Ads,20571,771,379.55
2025-07-21,WellRoot,Google Ads,12208,210,285.88
2025-07-21,WellRoot,Organic,1780,58,42.58
2025-07-21,WellRoot,Influencer,12028,294,243.69
2025-07-21,WellRoot,Email,1321,21,32.53
2025-07-22,AuraGlow,Meta Ads,24640,494,583.72
2025-07-22,AuraGlow,Google Ads,17264,505,395.34
2025-07-22,AuraGlow,Organic,2347,71,50.49
2025-07-22,AuraGlow,Influencer,16067,357,256.23
2025-07-22,AuraGlow,Email,4299,91,85.63
2025-07-22,UrbanThread,Meta Ads,34017,1070,553.74
2025-07-22,UrbanThread,Google Ads,25001,571,404.6
2025-07-22,UrbanThread,Organic,2373,51,46.18
2025-07-22,UrbanThread,Influencer,13553,479,356.04
2025-07-22,UrbanThread,Email,4399,82,85.42
2025-07-22,HomeNest,Meta Ads,10819,183,287.2
2025-07-22,HomeNest,Google Ads,19461,326,309.19
2025-07-22,HomeNest,Organic,1952,62,50.12
2025-07-22,HomeNest,Influencer,7740,233,161.01
2025-07-22,HomeNest,Email,4987,126,103.45
2025-07-22,TechEase,Meta Ads,33104,1263,578.63
2025-07-22,TechEase,Google Ads,15794,460,346.9
2025-07-22,TechEase,Organic,1847,42,45.18
2025-07-22,TechEase,Influencer,12896,487,202.12
2025-07-22,TechEase,Email,4551,144,115.64
2025-07-22,WellRoot,Meta Ads,12372,388,260.39
2025-07-22,WellRoot,Google Ads,8819,283,220.67
2025-07-22,WellRoot,Organic,1195,46,30.36
2025-07-22,WellRoot,Influencer,9183,376,198.48
2025-07-22,WellRoot,Email,3657,73,63.69
2025-07-23,AuraGlow,Meta Ads,18544,810,516.01
2025-07-23,AuraGlow,Google Ads,11345,206,305.51
2025-07-23,AuraGlow,Organic,3032,91,54.69
2025-07-23,AuraGlow,Influencer,13746,589,269.61
2025-07-23,AuraGlow,Email,4744,114,95.12
2025-07-23,UrbanThread,Meta Ads,31691,750,745.08
2025-07-23,UrbanThread,Google Ads,25888,904,432.43
2025-07-23,UrbanThread,Organic,2241,58,52.37
2025-07-23,UrbanThread,Influencer,19033,548,297.11
2025-07-23,UrbanThread,Email,5521,130,130.09
2025-07-23,HomeNest,Meta Ads,19923,478,423.75
2025-07-23,HomeNest,Google Ads,13180,471,228.01
2025-07-23,HomeNest,Organic,1448,50,41.22
2025-07-23,HomeNest,Influencer,12983,253,272.28
2025-07-23,HomeNest,Email,3659,157,85.25
2025-07-23,TechEase,Meta Ads,36779,983,608.16
2025-07-23,TechEase,Google Ads,19986,783,425.07
2025-07-23,TechEase,Organic,2280,61,43.75
2025-07-23,TechEase,Influencer,12095,397,220.36
2025-07-23,TechEase,Email,3298,114,88.68
2025-07-23,WellRoot,Meta Ads,17675,475,344.87
2025-07-23,WellRoot,Google Ads,13081,519,206.97
2025-07-23,WellRoot,Organic,1602,53,30.52
2025-07-23,WellRoot,Influencer,6585,291,174.28
2025-07-23,WellRoot,Email,3988,115,66.38
2025-07-24,AuraGlow,Meta Ads,37628,1303,652.3
2025-07-24,AuraGlow,Google Ads,23706,549,381.79
2025-07-24,AuraGlow,Organic,2483,98,42.54
2025-07-24,AuraGlow,Influencer,12319,312,242.31
2025-07-24,AuraGlow,Email,4015,66,99.17
2025-07-24,UrbanThread,Meta Ads,31917,608,558.94
2025-07-24,UrbanThread,Google Ads,18841,719,347.9
2025-07-24,UrbanThread,Organic,2968,99,57.05
2025-07-24,UrbanThread,Influencer,18309,543,352.58
2025-07-24,UrbanThread,Email,5644,106,88.82
2025-07-24,HomeNest,Meta Ads,21872,520,437.08
2025-07-24,HomeNest,Google Ads,18318,710,348.02
2025-07-24,HomeNest,Organic,2778,105,43.79
2025-07-24,HomeNest,Influencer,13226,432,267.41
2025-07-24,HomeNest,Email,4085,123,102.29
2025-07-24,TechEase,Meta Ads,38347,1603,601.03
2025-07-24,TechEase,Google Ads,15979,712,431.72
2025-07-24,TechEase,Organic,2362,51,57.47
2025-07-24,TechEase,Influencer,13047,541,303.66
2025-07-24,TechEase,Email,5216,131,87.4
2025-07-24,WellRoot,Meta Ads,16457,262,288.72
2025-07-24,WellRoot,Google Ads,19893,565,317.45
2025-07-24,WellRoot,Organic,968,24,24.7
2025-07-24,WellRoot,Influencer,8056,246,229.88
2025-07-24,WellRoot,Email,4124,133,69.07
2025-07-25,AuraGlow,Meta Ads,30449,589,492.42
2025-07-25,AuraGlow,Google Ads,16263,552,330.0
2025-07-25,AuraGlow,Organic,1708,40,32.89
2025-07-25,AuraGlow,Influencer,9321,259,252.71
2025-07-25,AuraGlow,Email,2927,97,65.98
2025-07-25,UrbanThread,Meta Ads,43691,1677,673.53
2025-07-25,UrbanThread,Google Ads,15588,451,360.84
2025-07-25,UrbanThread,Organic,2136,78,43.34
2025-07-25,UrbanThread,Influencer,11746,293,275.84
2025-07-25,UrbanThread,Email,7560,180,123.7
2025-07-25,HomeNest,Meta Ads,19987,607,410.97
2025-07-25,HomeNest,Google Ads,19512,841,351.82
2025-07-25,HomeNest,Organic,2501,56,43.28
2025-07-25,HomeNest,Influencer,9367,157,257.98
2025-07-25,HomeNest,Email,4402,194,87.24
2025-07-25,TechEase,Meta Ads,24251,758,490.63
2025-07-25,TechEase,Google Ads,31901,577,492.43
2025-07-25,TechEase,Organic,2473,97,42.9
2025-07-25,TechEase,Influencer,15066,235,276.83
2025-07-25,TechEase,Email,5380,209,125.6
2025-07-25,WellRoot,Meta Ads,22421,739,422.86
2025-07-25,WellRoot,Google Ads,19507,654,395.05
2025-07-25,WellRoot,Organic,1545,48,37.16
2025-07-25,WellRoot,Influencer,6691,184,176.8
2025-07-25,WellRoot,Email,4758,162,76.73
2025-07-26,AuraGlow,Meta Ads,18186,298,500.09
2025-07-26,AuraGlow,Google Ads,23744,465,413.92
2025-07-26,AuraGlow,Organic,2068,50,40.34
2025-07-26,AuraGlow,Influencer,13292,557,219.5
2025-07-26,AuraGlow,Email,6131,123,100.44
2025-07-26,UrbanThread,Meta Ads,26743,1039,531.7
2025-07-26,UrbanThread,Google Ads,27352,1086,464.04
2025-07-26,UrbanThread,Organic,1894,54,49.17
2025-07-26,UrbanThread,Influencer,19123,795,317.95
2025-07-26,UrbanThread,Email,2256,78,63.41
2025-07-26,HomeNest,Meta Ads,28292,1051,467.97
2025-07-26,HomeNest,Google Ads,16817,349,395.23
2025-07-26,HomeNest,Organic,2461,61,38.89
2025-07-26,HomeNest,Influencer,15705,546,261.05
2025-07-26,HomeNest,Email,3012,86,77.02
2025-07-26,TechEase,Meta Ads,27496,970,547.29
2025-07-26,TechEase,Google Ads,24810,433,412.25
2025-07-26,TechEase,Organic,2059,88,37.56
2025-07-26,TechEase,Influencer,14438,460,265.01
2025-07-26,TechEase,Email,3226,143,90.25
2025-07-26,WellRoot,Meta Ads,20186,481,438.64
2025-07-26,WellRoot,Google Ads,16145,715,358.88
2025-07-26,WellRoot,Organic,1719,33,28.25
2025-07-26,WellRoot,Influencer,13539,450,239.69
2025-07-26,WellRoot,Email,4521,104,71.21
2025-07-27,AuraGlow,Meta Ads,26375,992,577.69
2025-07-27,AuraGlow,Google Ads,21488,517,361.49
2025-07-27,AuraGlow,Organic,2798,42,44.36
2025-07-27,AuraGlow,Influencer,11425,480,205.05
2025-07-27,AuraGlow,Email,3418,56,73.9
2025-07-27,UrbanThread,Meta Ads,23307,614,514.66
2025-07-27,UrbanThread,Google Ads,17049,742,435.44
2025-07-27,UrbanThread,Organic,3028,117,55.05
2025-07-27,UrbanThread,Influencer,13549,388,288.07
2025-07-27,UrbanThread,Email,5107,213,81.63
2025-07-27,HomeNest,Meta Ads,21280,626,429.23
2025-07-27,HomeNest,Google Ads,18664,769,373.04
2025-07-27,HomeNest,Organic,2570,59,43.59
2025-07-27,HomeNest,Influencer,9380,187,187.75
2025-07-27,HomeNest,Email,2801,84,60.52
2025-07-27,TechEase,Meta Ads,31802,1030,601.39
2025-07-27,TechEase,Google Ads,13269,396,377.18
2025-07-27,TechEase,Organic,2640,40,54.57
2025-07-27,TechEase,Influencer,10365,387,239.91
2025-07-27,TechEase,Email,4549,184,73.84
2025-07-27,WellRoot,Meta Ads,20430,416,348.93
2025-07-27,WellRoot,Google Ads,12220,207,202.08
2025-07-27,WellRoot,Organic,1986,44,32.76
2025-07-27,WellRoot,Influencer,4612,205,119.04
2025-07-27,WellRoot,Email,1746,46,47.14
2025-07-28,AuraGlow,Meta Ads,30575,466,544.27
2025-07-28,AuraGlow,Google Ads,13976,568,378.4
2025-07-28,AuraGlow,Organic,2942,115,52.25
2025-07-28,AuraGlow,Influencer,12559,430,227.77
2025-07-28,AuraGlow,Email,4201,134,92.39
2025-07-28,UrbanThread,Meta Ads,24383,390,561.62
2025-07-28,UrbanThread,Google Ads,14838,484,393.34
2025-07-28,UrbanThread,Organic,2513,39,62.62
2025-07-28,UrbanThread,Influencer,15110,618,274.82
2025-07-28,UrbanThread,Email,3699,89,94.25
2025-07-28,HomeNest,Meta Ads,14594,545,416.66
2025-07-28,HomeNest,Google Ads,11368,349,321.67
2025-07-28,HomeNest,Organic,1617,30,38.03
2025-07-28,HomeNest,Influencer,7579,163,187.85
2025-07-28,HomeNest,Email,3776,116,88.27
2025-07-28,TechEase,Meta Ads,21764,622,535.07
2025-07-28,TechEase,Google Ads,20966,522,401.13
2025-07-28,TechEase,Organic,2289,74,51.08
2025-07-28,TechEase,Influencer,11302,284,295.18
2025-07-28,TechEase,Email,4217,154,94.07
2025-07-28,WellRoot,Meta Ads,17462,710,379.36
2025-07-28,WellRoot,Google Ads,17907,286,416.72
2025-07-28,WellRoot,Organic,1198,47,29.51
2025-07-28,WellRoot,Influencer,16726,427,278.35
2025-07-28,WellRoot,Email,3326,56,74.88
2025-07-29,AuraGlow,Meta Ads,33101,1215,524.2
2025-07-29,AuraGlow,Google Ads,15490,689,432.48
2025-07-29,AuraGlow,Organic,2364,86,49.3
2025-07-29,AuraGlow,Influencer,12401,412,259.55
2025-07-29,AuraGlow,Email,3149,137,84.49
2025-07-29,UrbanThread,Meta Ads,27090,1185,667.39
2025-07-29,UrbanThread,Google Ads,21931,334,482.35
2025-07-29,UrbanThread,Organic,2265,101,48.74
2025-07-29,UrbanThread,Influencer,14225,614,287.11
2025-07-29,UrbanThread,Email,7072,259,118.55
2025-07-29,HomeNest,Meta Ads,24021,670,535.05
2025-07-29,HomeNest,Google Ads,9660,402,263.14
2025-07-29,HomeNest,Organic,3080,59,47.94
2025-07-29,HomeNest,Influencer,15456,443,273.03
2025-07-29,HomeNest,Email,3697,123,77.26
2025-07-29,TechEase,Meta Ads,20937,561,436.9
2025-07-29,TechEase,Google Ads,21320,517,379.91
2025-07-29,TechEase,Organic,1297,20,36.01
2025-07-29,TechEase,Influencer,10659,367,254.64
2025-07-29,TechEase,Email,4042,180,80.14
2025-07-29,WellRoot,Meta Ads,14177,414,305.39
2025-07-29,WellRoot,Google Ads,18408,735,326.71
2025-07-29,WellRoot,Organic,1710,50,34.06
2025-07-29,WellRoot,Influencer,10248,324,205.03
2025-07-29,WellRoot,Email,3253,72,56.38
2025-07-30,AuraGlow,Meta Ads,26507,712,561.33
2025-07-30,AuraGlow,Google Ads,24421,930,377.1
2025-07-30,AuraGlow,Organic,3252,103,59.52
2025-07-30,AuraGlow,Influencer,13928,419,235.31
2025-07-30,AuraGlow,Email,3123,127,57.22
2025-07-30,UrbanThread,Meta Ads,36596,1420,582.71
2025-07-30,UrbanThread,Google Ads,31976,1308,498.0
2025-07-30,UrbanThread,Organic,2755,45,47.49
2025-07-30,UrbanThread,Influencer,14193,328,227.61
2025-07-30,UrbanThread,Email,4277,163,93.46
2025-07-30,HomeNest,Meta Ads,24986,391,393.19
2025-07-30,HomeNest,Google Ads,17630,505,306.27
2025-07-30,HomeNest,Organic,2662,83,41.78
2025-07-30,HomeNest,Influencer,10747,337,229.96
2025-07-30,HomeNest,Email,4760,185,79.22
2025-07-30,TechEase,Meta Ads,27965,506,553.89
2025-07-30,TechEase,Google Ads,16170,691,381.88
2025-07-30,TechEase,Organic,2125,62,46.35
2025-07-30,TechEase,Influencer,16102,723,309.27
2025-07-30,TechEase,Email,5369,236,94.62
2025-07-30,WellRoot,Meta Ads,15262,585,309.45
2025-07-30,WellRoot,Google Ads,18170,597,372.35
2025-07-30,WellRoot,Organic,1803,33,43.1
2025-07-30,WellRoot,Influencer,6748,156,135.9
2025-07-30,WellRoot,Email,3328,75,65.37
2025-07-31,AuraGlow,Meta Ads,19448,449,370.49
2025-07-31,AuraGlow,Google Ads,15019,253,309.39
2025-07-31,AuraGlow,Organic,1741,77,39.21
2025-07-31,AuraGlow,Influencer,16705,614,275.89
2025-07-31,AuraGlow,Email,5621,156,99.75
2025-07-31,UrbanThread,Meta Ads,34276,1124,644.73
2025-07-31,UrbanThread,Google Ads,28798,1035,526.81
2025-07-31,UrbanThread,Organic,2236,40,57.18
2025-07-31,UrbanThread,Influencer,14280,277,274.43
2025-07-31,UrbanThread,Email,4384,68,73.2
2025-07-31,HomeNest,Meta Ads,25597,974,470.08
2025-07-31,HomeNest,Google Ads,21795,670,337.78
2025-07-31,HomeNest,Organic,1790,36,36.17
2025-07-31,HomeNest,Influencer,13610,217,348.65
2025-07-31,HomeNest,Email,4743,104,93.82
2025-07-31,TechEase,Meta Ads,33512,966,557.84
2025-07-31,TechEase,Google Ads,24922,907,409.04
2025-07-31,TechEase,Organic,2320,61,43.23
2025-07-31,TechEase,Influencer,13819,361,226.03
2025-07-31,TechEase,Email,5239,175,117.73
2025-07-31,WellRoot,Meta Ads,12610,243,276.32
2025-07-31,WellRoot,Google Ads,16103,536,279.38
2025-07-31,WellRoot,Organic,1722,76,38.39
2025-07-31,WellRoot,Influencer,7226,142,196.71
2025-07-31,WellRoot,Email,5714,110,103.1
2025-08-01,AuraGlow,Meta Ads,21870,726,556.77
2025-08-01,AuraGlow,Google Ads,18913,292,361.29
2025-08-01,AuraGlow,Organic,3690,144,57.06
2025-08-01,AuraGlow,Influencer,12251,386,211.1
2025-08-01,AuraGlow,Email,4625,101,95.67
2025-08-01,UrbanThread,Meta Ads,18471,700,517.07
2025-08-01,UrbanThread,Google Ads,17263,589,394.28
2025-08-01,UrbanThread,Organic,2460,86,59.57
2025-08-01,UrbanThread,Influencer,12291,544,296.29
2025-08-01,UrbanThread,Email,6949,124,107.22
2025-08-01,HomeNest,Meta Ads,24855,980,460.0
2025-08-01,HomeNest,Google Ads,21417,384,337.3
2025-08-01,HomeNest,Organic,2850,84,45.68
2025-08-01,HomeNest,Influencer,21411,523,332.87
2025-08-01,HomeNest,Email,2879,121,72.41
2025-08-01,TechEase,Meta Ads,24902,1028,406.27
2025-08-01,TechEase,Google Ads,23374,512,531.39
2025-08-01,TechEase,Organic,2591,79,46.43
2025-08-01,TechEase,Influencer,13749,207,315.62
2025-08-01,TechEase,Email,4532,199,94.59
2025-08-01,WellRoot,Meta Ads,20753,452,384.76
2025-08-01,WellRoot,Google Ads,15314,328,249.08
2025-08-01,WellRoot,Organic,1535,24,24.48
2025-08-01,WellRoot,Influencer,9105,246,194.13
2025-08-01,WellRoot,Email,4167,175,66.37
2025-08-02,AuraGlow,Meta Ads,30256,1243,483.42
2025-08-02,AuraGlow,Google Ads,16082,545,350.31
2025-08-02,AuraGlow,Organic,1612,49,35.97
2025-08-02,AuraGlow,Influencer,14812,331,233.27
2025-08-02,AuraGlow,Email,3865,90,70.45
2025-08-02,UrbanThread,Meta Ads,42039,727,685.79
2025-08-02,UrbanThread,Google Ads,21091,748,437.67
2025-08-02,UrbanThread,Organic,1699,66,45.64
2025-08-02,UrbanThread,Influencer,12770,429,247.33
2025-08-02,UrbanThread,Email,3861,104,102.96
2025-08-02,HomeNest,Meta Ads,31461,1159,566.56
2025-08-02,HomeNest,Google Ads,21074,703,429.53
2025-08-02,HomeNest,Organic,1318,51,37.42
2025-08-02,HomeNest,Influencer,11911,489,233.57
2025-08-02,HomeNest,Email,3332,76,82.91
2025-08-02,TechEase,Meta Ads,34057,1364,549.1
2025-08-02,TechEase,Google Ads,17780,373,429.46
2025-08-02,TechEase,Organic,1355,54,38.16
2025-08-02,TechEase,Influencer,16167,252,315.5
2025-08-02,TechEase,Email,5396,92,92.7
2025-08-02,WellRoot,Meta Ads,19194,851,341.35
2025-08-02,WellRoot,Google Ads,25625,387,405.05
2025-08-02,WellRoot,Organic,2091,87,34.98
2025-08-02,WellRoot,Influencer,13179,366,231.59
2025-08-02,WellRoot,Email,3985,68,82.56
2025-08-03,AuraGlow,Meta Ads,29581,1097,497.87
2025-08-03,AuraGlow,Google Ads,19306,660,363.19
2025-08-03,AuraGlow,Organic,2082,83,41.9
2025-08-03,AuraGlow,Influencer,14040,252,286.93
2025-08-03,AuraGlow,Email,4823,160,105.02
2025-08-03,UrbanThread,Meta Ads,15925,650,451.49
2025-08-03,UrbanThread,Google Ads,17050,645,373.57
2025-08-03,UrbanThread,Organic,3426,109,56.5
2025-08-03,UrbanThread,Influencer,8334,256,175.84
2025-08-03,UrbanThread,Email,4759,92,134.88
2025-08-03,HomeNest,Meta Ads,16677,295,417.73
2025-08-03,HomeNest,Google Ads,17272,329,289.65
2025-08-03,HomeNest,Organic,1836,34,40.97
2025-08-03,HomeNest,Influencer,8062,264,228.4
2025-08-03,HomeNest,Email,4557,199,86.53
2025-08-03,TechEase,Meta Ads,17651,514,452.08
2025-08-03,TechEase,Google Ads,25765,434,438.7
2025-08-03,TechEase,Organic,2946,60,52.61
2025-08-03,TechEase,Influencer,9527,169,238.55
2025-08-03,TechEase,Email,4789,81,118.21
2025-08-03,WellRoot,Meta Ads,21881,338,450.82
2025-08-03,WellRoot,Google Ads,11338,246,265.84
2025-08-03,WellRoot,Organic,2049,55,40.23
2025-08-03,WellRoot,Influencer,11024,229,259.64
2025-08-03,WellRoot,Email,2994,96,66.86
2025-08-04,AuraGlow,Meta Ads,23365,893,502.45
2025-08-04,AuraGlow,Google Ads,16616,350,343.86
2025-08-04,AuraGlow,Organic,2079,66,50.66
2025-08-04,AuraGlow,Influencer,15252,577,262.1
2025-08-04,AuraGlow,Email,4511,131,85.11
2025-08-04,UrbanThread,Meta Ads,21159,642,512.85
2025-08-04,UrbanThread,Google Ads,15694,380,442.4
2025-08-04,UrbanThread,Organic,2858,66,51.56
2025-08-04,UrbanThread,Influencer,11061,253,296.49
2025-08-04,UrbanThread,Email,3870,136,91.47
2025-08-04,HomeNest,Meta Ads,13554,512,314.71
2025-08-04,HomeNest,Google Ads,14092,284,278.6
2025-08-04,HomeNest,Organic,1728,33,47.34
2025-08-04,HomeNest,Influencer,16446,315,269.37
2025-08-04,HomeNest,Email,5687,88,97.33
2025-08-04,TechEase,Meta Ads,26046,440,636.09
2025-08-04,TechEase,Google Ads,23702,527,384.83
2025-08-04,TechEase,Organic,1108,38,25.93
2025-08-04,TechEase,Influencer,15352,606,276.15
2025-08-04,TechEase,Email,4347,194,110.61
2025-08-04,WellRoot,Meta Ads,29008,1276,465.35
2025-08-04,WellRoot,Google Ads,15187,470,297.86
2025-08-04,WellRoot,Organic,1326,55,26.55
2025-08-04,WellRoot,Influencer,6639,169,167.69
2025-08-04,WellRoot,Email,4142,94,68.79
2025-08-05,AuraGlow,Meta Ads,13937,330,345.39
2025-08-05,AuraGlow,Google Ads,30265,724,472.31
2025-08-05,AuraGlow,Organic,1828,29,40.17
2025-08-05,AuraGlow,Influencer,13484,446,272.68
2025-08-05,AuraGlow,Email,3096,49,79.05
2025-08-05,UrbanThread,Meta Ads,23279,671,652.77
2025-08-05,UrbanThread,Google Ads,28146,1178,472.23
2025-08-05,UrbanThread,Organic,3767,63,62.72
2025-08-05,UrbanThread,Influencer,10036,430,179.69
2025-08-05,UrbanThread,Email,5653,107,92.62
2025-08-05,HomeNest,Meta Ads,31592,720,572.5
2025-08-05,HomeNest,Google Ads,12191,212,338.19
2025-08-05,HomeNest,Organic,2744,115,46.0
2025-08-05,HomeNest,Influencer,16531,719,276.01
2025-08-05,HomeNest,Email,4750,150,93.48
2025-08-05,TechEase,Meta Ads,37422,631,628.93
2025-08-05,TechEase,Google Ads,20673,565,464.53
2025-08-05,TechEase,Organic,2506,101,48.33
2025-08-05,TechEase,Influencer,14578,614,271.27
2025-08-05,TechEase,Email,3318,147,58.29
2025-08-05,WellRoot,Meta Ads,24314,1081,477.29
2025-08-05,WellRoot,Google Ads,15791,542,290.01
2025-08-05,WellRoot,Organic,2355,75,42.43
2025-08-05,WellRoot,Influencer,10350,231,195.15
2025-08-05,WellRoot,Email,2948,110,72.45
2025-08-06,AuraGlow,Meta Ads,31055,903,631.65
2025-08-06,AuraGlow,Google Ads,16531,281,406.73
2025-08-06,AuraGlow,Organic,2836,119,49.77
2025-08-06,AuraGlow,Influencer,18816,748,304.04
2025-08-06,AuraGlow,Email,3842,164,99.5
2025-08-06,UrbanThread,Meta Ads,31935,893,554.42
2025-08-06,UrbanThread,Google Ads,23627,604,411.6
2025-08-06,UrbanThread,Organic,2046,60,53.49
2025-08-06,UrbanThread,Influencer,12241,409,263.39
2025-08-06,UrbanThread,Email,3781,88,88.77
2025-08-06,HomeNest,Meta Ads,21370,583,555.0
2025-08-06,HomeNest,Google Ads,19122,582,405.52
2025-08-06,HomeNest,Organic,2113,69,44.58
2025-08-06,HomeNest,Influencer,8168,327,230.14
2025-08-06,HomeNest,Email,3703,166,101.46
2025-08-06,TechEase,Meta Ads,20115,510,521.1
2025-08-06,TechEase,Google Ads,13611,409,372.17
2025-08-06,TechEase,Organic,2849,109,46.66
2025-08-06,TechEase,Influencer,11141,356,273.18
2025-08-06,TechEase,Email,4488,101,86.97
2025-08-06,WellRoot,Meta Ads,23825,480,451.41
2025-08-06,WellRoot,Google Ads,14571,510,243.52
2025-08-06,WellRoot,Organic,1631,47,32.9
2025-08-06,WellRoot,Influencer,9082,314,179.35
2025-08-06,WellRoot,Email,2919,54,63.13
2025-08-07,AuraGlow,Meta Ads,31943,1401,513.06
2025-08-07,AuraGlow,Google Ads,24816,970,454.21
2025-08-07,AuraGlow,Organic,1796,32,47.0
2025-08-07,AuraGlow,Influencer,15119,326,244.08
2025-08-07,AuraGlow,Email,4541,120,97.15
2025-08-07,UrbanThread,Meta Ads,29232,1263,602.13
2025-08-07,UrbanThread,Google Ads,19915,518,432.32
2025-08-07,UrbanThread,Organic,2067,43,46.98
2025-08-07,UrbanThread,Influencer,14996,517,236.64
2025-08-07,UrbanThread,Email,5202,231,89.87
2025-08-07,HomeNest,Meta Ads,15110,335,415.65
2025-08-07,HomeNest,Google Ads,10046,254,281.18
2025-08-07,HomeNest,Organic,1797,54,35.98
2025-08-07,HomeNest,Influencer,11629,476,236.95
2025-08-07,HomeNest,Email,3100,126,62.28
2025-08-07,TechEase,Meta Ads,21900,537,540.79
2025-08-07,TechEase,Google Ads,22534,533,384.27
2025-08-07,TechEase,Organic,2748,63,44.66
2025-08-07,TechEase,Influencer,18165,473,337.12
2025-08-07,TechEase,Email,4353,107,94.99
2025-08-07,WellRoot,Meta Ads,27399,733,445.07
2025-08-07,WellRoot,Google Ads,15919,683,311.48
2025-08-07,WellRoot,Organic,1959,83,35.88
2025-08-07,WellRoot,Influencer,12495,547,206.0
2025-08-07,WellRoot,Email,2603,99,45.04
2025-08-08,AuraGlow,Meta Ads,22279,726,456.51
2025-08-08,AuraGlow,Google Ads,17651,617,414.63
2025-08-08,AuraGlow,Organic,2010,58,54.38
2025-08-08,AuraGlow,Influencer,15512,304,251.34
2025-08-08,AuraGlow,Email,5155,136,97.57
2025-08-08,UrbanThread,Meta Ads,31286,990,532.98
2025-08-08,UrbanThread,Google Ads,18041,786,468.51
2025-08-08,UrbanThread,Organic,3238,104,52.04
2025-08-08,UrbanThread,Influencer,16238,360,288.82
2025-08-08,UrbanThread,Email,6800,285,108.06
2025-08-08,HomeNest,Meta Ads,23724,481,450.84
2025-08-08,HomeNest,Google Ads,18335,706,309.91
2025-08-08,HomeNest,Organic,1660,32,37.21
2025-08-08,HomeNest,Influencer,8963,168,196.29
2025-08-08,HomeNest,Email,4408,144,92.39
2025-08-08,TechEase,Meta Ads,34308,1482,549.27
2025-08-08,TechEase,Google Ads,18854,687,386.45
2025-08-08,TechEase,Organic,2300,67,44.09
2025-08-08,TechEase,Influencer,12818,507,201.44
2025-08-08,TechEase,Email,6839,213,107.96
2025-08-08,WellRoot,Meta Ads,33060,1476,536.65
2025-08-08,WellRoot,Google Ads,13614,238,265.66
2025-08-08,WellRoot,Organic,2030,73,35.53
2025-08-08,WellRoot,Influencer,11585,245,201.31
2025-08-08,WellRoot,Email,2821,80,60.74
2025-08-09,AuraGlow,Meta Ads,25652,421,542.72
2025-08-09,AuraGlow,Google Ads,8723,231,219.56
2025-08-09,AuraGlow,Organic,3850,82,63.04
2025-08-09,AuraGlow,Influencer,10701,341,292.62
2025-08-09,AuraGlow,Email,5054,88,131.52
2025-08-09,UrbanThread,Meta Ads,24561,807,494.64
2025-08-09,UrbanThread,Google Ads,13088,422,329.23
2025-08-09,UrbanThread,Organic,2780,110,51.65
2025-08-09,UrbanThread,Influencer,12025,208,237.79
2025-08-09,UrbanThread,Email,4717,155,94.71
2025-08-09,HomeNest,Meta Ads,23525,571,429.45
2025-08-09,HomeNest,Google Ads,22464,947,351.2
2025-08-09,HomeNest,Organic,2103,43,44.7
2025-08-09,HomeNest,Influencer,12846,564,215.98
2025-08-09,HomeNest,Email,4447,101,84.56
2025-08-09,TechEase,Meta Ads,23946,516,483.23
2025-08-09,TechEase,Google Ads,16543,738,398.56
2025-08-09,TechEase,Organic,1460,50,40.89
2025-08-09,TechEase,Influencer,19948,729,340.4
2025-08-09,TechEase,Email,4171,145,109.4
2025-08-09,WellRoot,Meta Ads,26247,460,524.58
2025-08-09,WellRoot,Google Ads,9206,353,214.41
2025-08-09,WellRoot,Organic,1337,27,33.59
2025-08-09,WellRoot,Influencer,7868,290,195.41
2025-08-09,WellRoot,Email,2651,92,69.12
2025-08-10,AuraGlow,Meta Ads,33571,665,522.53
2025-08-10,AuraGlow,Google Ads,14633,345,409.86
2025-08-10,AuraGlow,Organic,1582,27,36.26
2025-08-10,AuraGlow,Influencer,10735,217,243.06
2025-08-10,AuraGlow,Email,3064,64,75.69
2025-08-10,UrbanThread,Meta Ads,31094,1055,561.88
2025-08-10,UrbanThread,Google Ads,14322,554,368.49
2025-08-10,UrbanThread,Organic,1492,53,38.78
2025-08-10,UrbanThread,Influencer,19589,307,315.9
2025-08-10,UrbanThread,Email,4927,85,83.05
2025-08-10,HomeNest,Meta Ads,24433,1091,604.03
2025-08-10,HomeNest,Google Ads,23233,695,385.43
2025-08-10,HomeNest,Organic,2292,101,40.17
2025-08-10,HomeNest,Influencer,11963,434,243.13
2025-08-10,HomeNest,Email,4537,177,81.36
2025-08-10,TechEase,Meta Ads,32033,529,507.65
2025-08-10,TechEase,Google Ads,22001,458,438.07
2025-08-10,TechEase,Organic,1748,69,47.32
2025-08-10,TechEase,Influencer,17750,476,280.13
2025-08-10,TechEase,Email,4518,83,73.17
2025-08-10,WellRoot,Meta Ads,27027,532,424.41
2025-08-10,WellRoot,Google Ads,19994,679,326.3
2025-08-10,WellRoot,Organic,2264,61,35.03
2025-08-10,WellRoot,Influencer,7854,295,215.46
2025-08-10,WellRoot,Email,3577,68,71.07
2025-08-11,AuraGlow,Meta Ads,18945,537,466.43
2025-08-11,AuraGlow,Google Ads,18005,698,394.43
2025-08-11,AuraGlow,Organic,1701,61,37.15
2025-08-11,AuraGlow,Influencer,9220,344,227.54
2025-08-11,AuraGlow,Email,2562,98,68.56
2025-08-11,UrbanThread,Meta Ads,21864,761,476.06
2025-08-11,UrbanThread,Google Ads,13335,203,360.63
2025-08-11,UrbanThread,Organic,2987,112,57.06
2025-08-11,UrbanThread,Influencer,17999,546,315.47
2025-08-11,UrbanThread,Email,5328,178,118.04
2025-08-11,HomeNest,Meta Ads,20995,734,405.64
2025-08-11,HomeNest,Google Ads,12926,559,327.77
2025-08-11,HomeNest,Organic,1831,56,36.04
2025-08-11,HomeNest,Influencer,8166,279,232.5
2025-08-11,HomeNest,Email,2816,70,69.87
2025-08-11,TechEase,Meta Ads,21035,914,447.8
2025-08-11,TechEase,Google Ads,24646,880,437.9
2025-08-11,TechEase,Organic,2169,38,52.58
2025-08-11,TechEase,Influencer,16284,580,288.76
2025-08-11,TechEase,Email,4880,137,97.37
2025-08-11,WellRoot,Meta Ads,16776,382,321.1
2025-08-11,WellRoot,Google Ads,10586,406,204.06
2025-08-11,WellRoot,Organic,1676,46,31.26
2025-08-11,WellRoot,Influencer,14084,539,235.24
2025-08-11,WellRoot,Email,5582,150,96.34
2025-08-12,AuraGlow,Meta Ads,18092,338,406.26
2025-08-12,AuraGlow,Google Ads,25764,392,486.7
2025-08-12,AuraGlow,Organic,2674,74,45.97
2025-08-12,AuraGlow,Influencer,14621,534,258.79
2025-08-12,AuraGlow,Email,5266,208,85.45
2025-08-12,UrbanThread,Meta Ads,44014,1216,713.02
2025-08-12,UrbanThread,Google Ads,25757,406,534.47
2025-08-12,UrbanThread,Organic,1402,59,34.16
2025-08-12,UrbanThread,Influencer,8639,209,224.47
2025-08-12,UrbanThread,Email,4914,147,88.87
2025-08-12,HomeNest,Meta Ads,18955,679,482.84
2025-08-12,HomeNest,Google Ads,25880,953,473.87
2025-08-12,HomeNest,Organic,1457,29,34.88
2025-08-12,HomeNest,Influencer,13525,545,247.43
2025-08-12,HomeNest,Email,4211,65,84.54
2025-08-12,TechEase,Meta Ads,18965,507,520.31
2025-08-12,TechEase,Google Ads,16634,736,421.06
2025-08-12,TechEase,Organic,3380,62,53.94
2025-08-12,TechEase,Influencer,12760,192,224.72
2025-08-12,TechEase,Email,2512,41,57.44
2025-08-12,WellRoot,Meta Ads,15173,474,338.63
2025-08-12,WellRoot,Google Ads,15964,503,270.22
2025-08-12,WellRoot,Organic,1405,40,36.35
2025-08-12,WellRoot,Influencer,7662,288,153.93
2025-08-12,WellRoot,Email,3541,111,77.89
2025-08-13,AuraGlow,Meta Ads,22636,898,431.26
2025-08-13,AuraGlow,Google Ads,14663,402,326.95
2025-08-13,AuraGlow,Organic,2242,47,48.23
2025-08-13,AuraGlow,Influencer,8150,251,201.3
2025-08-13,AuraGlow,Email,4052,62,89.34
2025-08-13,UrbanThread,Meta Ads,19014,556,435.45
2025-08-13,UrbanThread,Google Ads,18833,605,476.38
2025-08-13,UrbanThread,Organic,1616,70,42.48
2025-08-13,UrbanThread,Influencer,16784,580,290.94
2025-08-13,UrbanThread,Email,5391,87,86.97
2025-08-13,HomeNest,Meta Ads,30419,488,541.86
2025-08-13,HomeNest,Google Ads,18662,804,453.33
2025-08-13,HomeNest,Organic,2345,79,41.17
2025-08-13,HomeNest,Influencer,9755,301,187.27
2025-08-13,HomeNest,Email,3969,139,82.25
2025-08-13,TechEase,Meta Ads,24298,977,649.96
2025-08-13,TechEase,Google Ads,20807,742,395.66
2025-08-13,TechEase,Organic,1595,58,39.9
2025-08-13,TechEase,Influencer,16739,432,261.3
2025-08-13,TechEase,Email,5635,100,101.55
2025-08-13,WellRoot,Meta Ads,16035,321,410.37
2025-08-13,WellRoot,Google Ads,18057,324,288.78
2025-08-13,WellRoot,Organic,1124,26,18.37
2025-08-13,WellRoot,Influencer,5159,180,141.52
2025-08-13,WellRoot,Email,4461,137,71.98
2025-08-14,AuraGlow,Meta Ads,25996,617,540.35
2025-08-14,AuraGlow,Google Ads,23875,702,436.91
2025-08-14,AuraGlow,Organic,2485,82,49.39
2025-08-14,AuraGlow,Influencer,11787,235,186.32
2025-08-14,AuraGlow,Email,3204,96,86.85
2025-08-14,UrbanThread,Meta Ads,25313,538,538.91
2025-08-14,UrbanThread,Google Ads,17228,537,355.2
2025-08-14,UrbanThread,Organic,2480,72,45.69
2025-08-14,UrbanThread,Influencer,14390,231,296.83
2025-08-14,UrbanThread,Email,4374,189,99.02
2025-08-14,HomeNest,Meta Ads,22591,363,392.17
2025-08-14,HomeNest,Google Ads,21727,758,380.83
2025-08-14,HomeNest,Organic,2717,60,44.21
2025-08-14,HomeNest,Influencer,17524,686,281.97
2025-08-14,HomeNest,Email,1954,67,51.26
2025-08-14,TechEase,Meta Ads,26915,702,548.95
2025-08-14,TechEase,Google Ads,17534,635,462.84
2025-08-14,TechEase,Organic,1848,36,31.84
2025-08-14,TechEase,Influencer,10672,203,282.11
2025-08-14,TechEase,Email,2605,109,67.61
2025-08-14,WellRoot,Meta Ads,28306,738,457.4
2025-08-14,WellRoot,Google Ads,11552,262,328.25
2025-08-14,WellRoot,Organic,2065,45,41.76
2025-08-14,WellRoot,Influencer,12624,557,236.62
2025-08-14,WellRoot,Email,3588,64,67.38
2025-08-15,AuraGlow,Meta Ads,17661,522,500.02
2025-08-15,AuraGlow,Google Ads,17507,478,429.37
2025-08-15,AuraGlow,Organic,2369,36,46.45
2025-08-15,AuraGlow,Influencer,14271,574,255.78
2025-08-15,AuraGlow,Email,4468,163,106.0
2025-08-15,UrbanThread,Meta Ads,32303,1111,506.53
2025-08-15,UrbanThread,Google Ads,20207,560,349.28
2025-08-15,UrbanThread,Organic,2034,53,43.89
2025-08-15,UrbanThread,Influencer,11830,400,252.09
2025-08-15,UrbanThread,Email,4798,145,116.39
2025-08-15,HomeNest,Meta Ads,18833,309,470.43
2025-08-15,HomeNest,Google Ads,19991,837,439.34
2025-08-15,HomeNest,Organic,2531,40,40.2
2025-08-15,HomeNest,Influencer,14193,486,278.32
2025-08-15,HomeNest,Email,2689,95,73.14
2025-08-15,TechEase,Meta Ads,33595,915,691.82
2025-08-15,TechEase,Google Ads,22262,558,407.99
2025-08-15,TechEase,Organic,1761,26,47.73
2025-08-15,TechEase,Influencer,15897,457,257.41
2025-08-15,TechEase,Email,5154,222,102.48
2025-08-15,WellRoot,Meta Ads,11573,434,290.42
2025-08-15,WellRoot,Google Ads,23444,952,397.51
2025-08-15,WellRoot,Organic,991,33,23.02
2025-08-15,WellRoot,Influencer,9352,177,179.97
2025-08-15,WellRoot,Email,1835,30,47.21
2025-08-16,AuraGlow,Meta Ads,12943,457,310.04
2025-08-16,AuraGlow,Google Ads,18068,746,397.37
2025-08-16,AuraGlow,Organic,2701,117,43.98
2025-08-16,AuraGlow,Influencer,12893,247,227.65
2025-08-16,AuraGlow,Email,3695,73,89.31
2025-08-16,UrbanThread,Meta Ads,20900,344,522.55
2025-08-16,UrbanThread,Google Ads,20154,566,450.29
2025-08-16,UrbanThread,Organic,2679,41,54.37
2025-08-16,UrbanThread,Influencer,12428,398,253.13
2025-08-16,UrbanThread,Email,5522,244,95.85
2025-08-16,HomeNest,Meta Ads,20134,872,410.83
2025-08-16,HomeNest,Google Ads,17106,757,350.03
2025-08-16,HomeNest,Organic,1252,33,32.56
2025-08-16,HomeNest,Influencer,15019,533,276.25
2025-08-16,HomeNest,Email,2329,43,62.18
2025-08-16,TechEase,Meta Ads,40095,863,630.11
2025-08-16,TechEase,Google Ads,25115,746,403.67
2025-08-16,TechEase,Organic,2747,78,42.57
2025-08-16,TechEase,Influencer,10906,264,217.63
2025-08-16,TechEase,Email,5706,144,125.59
2025-08-16,WellRoot,Meta Ads,18272,364,409.41
2025-08-16,WellRoot,Google Ads,16220,392,327.63
2025-08-16,WellRoot,Organic,830,17,22.93
2025-08-16,WellRoot,Influencer,9408,306,246.09
2025-08-16,WellRoot,Email,3339,58,72.85
2025-08-17,AuraGlow,Meta Ads,30617,733,523.34
2025-08-17,AuraGlow,Google Ads,13315,254,345.34
2025-08-17,AuraGlow,Organic,2116,90,43.61
2025-08-17,AuraGlow,Influencer,14877,521,250.09
2025-08-17,AuraGlow,Email,5948,150,113.39
2025-08-17,UrbanThread,Meta Ads,34009,955,555.22
2025-08-17,UrbanThread,Google Ads,24011,978,406.73
2025-08-17,UrbanThread,Organic,1916,84,42.33
2025-08-17,UrbanThread,Influencer,13635,497,271.64
2025-08-17,UrbanThread,Email,3513,54,89.05
2025-08-17,HomeNest,Meta Ads,23979,1011,459.15
2025-08-17,HomeNest,Google Ads,22664,672,385.7
2025-08-17,HomeNest,Organic,2267,88,54.21
2025-08-17,HomeNest,Influencer,11006,239,205.31
2025-08-17,HomeNest,Email,5221,179,94.88
2025-08-17,TechEase,Meta Ads,31327,1305,524.5
2025-08-17,TechEase,Google Ads,20827,654,450.65
2025-08-17,TechEase,Organic,3158,102,52.42
2025-08-17,TechEase,Influencer,15288,395,266.75
2025-08-17,TechEase,Email,4332,71,94.98
2025-08-17,WellRoot,Meta Ads,31035,845,578.21
2025-08-17,WellRoot,Google Ads,14477,433,307.16
2025-08-17,WellRoot,Organic,2123,63,52.87
2025-08-17,WellRoot,Influencer,5898,168,138.14
2025-08-17,WellRoot,Email,4749,181,82.33
2025-08-18,AuraGlow,Meta Ads,29037,829,453.97
2025-08-18,AuraGlow,Google Ads,20611,903,435.01
2025-08-18,AuraGlow,Organic,1617,28,40.25
2025-08-18,AuraGlow,Influencer,14119,365,230.38
2025-08-18,AuraGlow,Email,5554,238,105.05
2025-08-18,UrbanThread,Meta Ads,39270,1182,719.32
2025-08-18,UrbanThread,Google Ads,27099,449,478.83
2025-08-18,UrbanThread,Organic,1963,39,47.43
2025-08-18,UrbanThread,Influencer,11539,199,246.63
2025-08-18,UrbanThread,Email,5025,168,87.59
2025-08-18,HomeNest,Meta Ads,25820,548,596.02
2025-08-18,HomeNest,Google Ads,21341,570,350.16
2025-08-18,HomeNest,Organic,3064,124,48.24
2025-08-18,HomeNest,Influencer,15110,418,238.6
2025-08-18,HomeNest,Email,4912,114,93.66
2025-08-18,TechEase,Meta Ads,23855,791,502.31
2025-08-18,TechEase,Google Ads,23746,817,460.06
2025-08-18,TechEase,Organic,1686,63,33.19
2025-08-18,TechEase,Influencer,9426,164,255.74
2025-08-18,TechEase,Email,4829,89,96.29
2025-08-18,WellRoot,Meta Ads,19251,601,344.98
2025-08-18,WellRoot,Google Ads,8697,199,179.24
2025-08-18,WellRoot,Organic,2100,75,38.07
2025-08-18,WellRoot,Influencer,8576,336,238.01
2025-08-18,WellRoot,Email,3609,144,89.74
2025-08-19,AuraGlow,Meta Ads,29361,912,562.53
2025-08-19,AuraGlow,Google Ads,27338,701,466.96
2025-08-19,AuraGlow,Organic,2129,46,45.05
2025-08-19,AuraGlow,Influencer,14057,483,239.69
2025-08-19,AuraGlow,Email,4762,160,104.77
2025-08-19,UrbanThread,Meta Ads,30011,1293,501.2
2025-08-19,UrbanThread,Google Ads,21739,599,479.26
2025-08-19,UrbanThread,Organic,2570,60,59.7
2025-08-19,UrbanThread,Influencer,9805,277,243.78
2025-08-19,UrbanThread,Email,5930,99,96.11
2025-08-19,HomeNest,Meta Ads,34122,1124,536.79
2025-08-19,HomeNest,Google Ads,13777,407,338.51
2025-08-19,HomeNest,Organic,2111,73,49.21
2025-08-19,HomeNest,Influencer,16232,410,256.18
2025-08-19,HomeNest,Email,3592,109,87.78
2025-08-19,TechEase,Meta Ads,31705,1196,512.41
2025-08-19,TechEase,Google Ads,20115,441,392.01
2025-08-19,TechEase,Organic,2544,92,55.97
2025-08-19,TechEase,Influencer,13650,500,242.9
2025-08-19,TechEase,Email,3951,74,95.26
2025-08-19,WellRoot,Meta Ads,14823,518,260.13
2025-08-19,WellRoot,Google Ads,11080,490,309.8
2025-08-19,WellRoot,Organic,1575,60,31.97
2025-08-19,WellRoot,Influencer,9651,414,194.04
2025-08-19,WellRoot,Email,4233,150,78.03
2025-08-20,AuraGlow,Meta Ads,23361,754,468.39
2025-08-20,AuraGlow,Google Ads,23234,484,481.5
2025-08-20,AuraGlow,Organic,1146,34,29.89
2025-08-20,AuraGlow,Influencer,5456,180,144.44
2025-08-20,AuraGlow,Email,3916,137,81.59
2025-08-20,UrbanThread,Meta Ads,21244,782,426.21
2025-08-20,UrbanThread,Google Ads,26560,1122,468.11
2025-08-20,UrbanThread,Organic,3676,129,60.65
2025-08-20,UrbanThread,Influencer,13898,424,244.66
2025-08-20,UrbanThread,Email,5933,261,113.9
2025-08-20,HomeNest,Meta Ads,13151,374,338.99
2025-08-20,HomeNest,Google Ads,14127,553,386.7
2025-08-20,HomeNest,Organic,1279,36,33.92
2025-08-20,HomeNest,Influencer,11352,355,257.76
2025-08-20,HomeNest,Email,2952,47,53.29
2025-08-20,TechEase,Meta Ads,35424,1166,576.7
2025-08-20,TechEase,Google Ads,24595,1004,403.23
2025-08-20,TechEase,Organic,2799,115,49.5
2025-08-20,TechEase,Influencer,10302,159,250.95
2025-08-20,TechEase,Email,5679,224,94.37
2025-08-20,WellRoot,Meta Ads,25922,1031,445.36
2025-08-20,WellRoot,Google Ads,14944,605,307.44
2025-08-20,WellRoot,Organic,1971,56,32.45
2025-08-20,WellRoot,Influencer,8204,306,176.59
2025-08-20,WellRoot,Email,2321,38,40.9
2025-08-21,AuraGlow,Meta Ads,22512,703,607.57
2025-08-21,AuraGlow,Google Ads,18520,538,390.55
2025-08-21,AuraGlow,Organic,3496,82,56.8
2025-08-21,AuraGlow,Influencer,10600,279,249.43
2025-08-21,AuraGlow,Email,4838,148,104.21
2025-08-21,UrbanThread,Meta Ads,26951,435,553.87
2025-08-21,UrbanThread,Google Ads,18498,509,458.73
2025-08-21,UrbanThread,Organic,2351,80,52.09
2025-08-21,UrbanThread,Influencer,11369,274,271.99
2025-08-21,UrbanThread,Email,3708,104,100.47
2025-08-21,HomeNest,Meta Ads,25923,1000,411.42
2025-08-21,HomeNest,Google Ads,16873,512,342.59
2025-08-21,HomeNest,Organic,2046,34,52.43
2025-08-21,HomeNest,Influencer,10679,321,186.92
2025-08-21,HomeNest,Email,5702,243,122.92
2025-08-21,TechEase,Meta Ads,34162,1230,680.22
2025-08-21,TechEase,Google Ads,26423,748,410.0
2025-08-21,TechEase,Organic,2641,101,50.72
2025-08-21,TechEase,Influencer,15606,693,328.21
2025-08-21,TechEase,Email,2793,53,76.49
2025-08-21,WellRoot,Meta Ads,14748,581,367.51
2025-08-21,WellRoot,Google Ads,17206,392,334.88
2025-08-21,WellRoot,Organic,1745,34,28.44
2025-08-21,WellRoot,Influencer,7705,267,199.23
2025-08-21,WellRoot,Email,4558,162,77.15
2025-08-22,AuraGlow,Meta Ads,16772,412,425.78
2025-08-22,AuraGlow,Google Ads,33650,1404,536.09
2025-08-22,AuraGlow,Organic,3064,116,52.29
2025-08-22,AuraGlow,Influencer,14740,321,240.13
2025-08-22,AuraGlow,Email,3316,126,65.68
2025-08-22,UrbanThread,Meta Ads,27367,615,606.13
2025-08-22,UrbanThread,Google Ads,13883,527,364.09
2025-08-22,UrbanThread,Organic,2349,94,56.49
2025-08-22,UrbanThread,Influencer,17862,576,285.08
2025-08-22,UrbanThread,Email,5445,234,108.82
2025-08-22,HomeNest,Meta Ads,27875,638,470.67
2025-08-22,HomeNest,Google Ads,22906,383,420.04
2025-08-22,HomeNest,Organic,1711,70,36.5
2025-08-22,HomeNest,Influencer,9135,165,211.82
2025-08-22,HomeNest,Email,5457,84,94.17
2025-08-22,TechEase,Meta Ads,21368,799,562.45
2025-08-22,TechEase,Google Ads,22474,706,460.97
2025-08-22,TechEase,Organic,3868,118,60.5
2025-08-22,TechEase,Influencer,16574,301,330.54
2025-08-22,TechEase,Email,5284,139,92.06
2025-08-22,WellRoot,Meta Ads,25615,548,449.89
2025-08-22,WellRoot,Google Ads,21987,577,340.05
2025-08-22,WellRoot,Organic,1277,55,28.6
2025-08-22,WellRoot,Influencer,9866,261,182.51
2025-08-22,WellRoot,Email,2616,89,42.42
2025-08-23,AuraGlow,Meta Ads,22882,709,582.96
2025-08-23,AuraGlow,Google Ads,12440,543,284.69
2025-08-23,AuraGlow,Organic,2537,54,45.17
2025-08-23,AuraGlow,Influencer,13486,559,236.93
2025-08-23,AuraGlow,Email,4991,81,113.75
2025-08-23,UrbanThread,Meta Ads,22161,689,508.39
2025-08-23,UrbanThread,Google Ads,17853,499,456.54
2025-08-23,UrbanThread,Organic,2429,107,48.59
2025-08-23,UrbanThread,Influencer,17382,600,295.25
2025-08-23,UrbanThread,Email,3874,173,83.95
2025-08-23,HomeNest,Meta Ads,27027,1200,607.34
2025-08-23,HomeNest,Google Ads,14015,625,365.07
2025-08-23,HomeNest,Organic,1284,23,35.89
2025-08-23,HomeNest,Influencer,16034,701,300.8
2025-08-23,HomeNest,Email,5130,102,82.23
2025-08-23,TechEase,Meta Ads,20562,699,491.51
2025-08-23,TechEase,Google Ads,26603,798,514.14
2025-08-23,TechEase,Organic,1686,28,43.06
2025-08-23,TechEase,Influencer,15631,384,283.55
2025-08-23,TechEase,Email,4532,74,86.06
2025-08-23,WellRoot,Meta Ads,9365,164,245.06
2025-08-23,WellRoot,Google Ads,9892,214,273.55
2025-08-23,WellRoot,Organic,2240,95,36.57
2025-08-23,WellRoot,Influencer,10632,340,180.48
2025-08-23,WellRoot,Email,2412,92,61.21
2025-08-24,AuraGlow,Meta Ads,19583,561,525.91
2025-08-24,AuraGlow,Google Ads,20448,771,334.13
2025-08-24,AuraGlow,Organic,2402,93,47.45
2025-08-24,AuraGlow,Influencer,8362,335,205.18
2025-08-24,AuraGlow,Email,6357,124,112.67
2025-08-24,UrbanThread,Meta Ads,34586,1005,532.46
2025-08-24,UrbanThread,Google Ads,22342,945,433.01
2025-08-24,UrbanThread,Organic,1774,73,46.83
2025-08-24,UrbanThread,Influencer,8273,360,213.0
2025-08-24,UrbanThread,Email,3883,74,84.91
2025-08-24,HomeNest,Meta Ads,19225,724,543.65
2025-08-24,HomeNest,Google Ads,12291,339,326.15
2025-08-24,HomeNest,Organic,3038,52,51.01
2025-08-24,HomeNest,Influencer,8947,143,213.75
2025-08-24,HomeNest,Email,3226,84,87.65
2025-08-24,TechEase,Meta Ads,37346,785,599.94
2025-08-24,TechEase,Google Ads,21925,677,382.5
2025-08-24,TechEase,Organic,3598,100,64.05
2025-08-24,TechEase,Influencer,12531,211,242.46
2025-08-24,TechEase,Email,4663,164,112.16
2025-08-24,WellRoot,Meta Ads,17116,589,386.07
2025-08-24,WellRoot,Google Ads,15850,522,331.04
2025-08-24,WellRoot,Organic,1787,71,37.94
2025-08-24,WellRoot,Influencer,10773,312,185.27
2025-08-24,WellRoot,Email,3197,131,80.96
2025-08-25,AuraGlow,Meta Ads,21186,482,512.95
2025-08-25,AuraGlow,Google Ads,11622,307,308.14
2025-08-25,AuraGlow,Organic,3640,123,56.46
2025-08-25,AuraGlow,Influencer,11101,304,239.8
2025-08-25,AuraGlow,Email,4982,155,134.76
2025-08-25,UrbanThread,Meta Ads,33664,1261,579.38
2025-08-25,UrbanThread,Google Ads,17124,492,482.9
2025-08-25,UrbanThread,Organic,2323,58,52.9
2025-08-25,UrbanThread,Influencer,10974,290,293.99
2025-08-25,UrbanThread,Email,4895,89,121.82
2025-08-25,HomeNest,Meta Ads,37215,1510,620.48
2025-08-25,HomeNest,Google Ads,13369,254,215.32
2025-08-25,HomeNest,Organic,2194,85,48.92
2025-08-25,HomeNest,Influencer,12699,387,259.93
2025-08-25,HomeNest,Email,5238,213,82.04
2025-08-25,TechEase,Meta Ads,23186,805,512.37
2025-08-25,TechEase,Google Ads,29117,923,461.75
2025-08-25,TechEase,Organic,3576,80,55.77
2025-08-25,TechEase,Influencer,12293,422,266.63
2025-08-25,TechEase,Email,4916,91,96.39
2025-08-25,WellRoot,Meta Ads,10888,274,254.17
2025-08-25,WellRoot,Google Ads,13046,302,226.87
2025-08-25,WellRoot,Organic,1869,31,33.03
2025-08-25,WellRoot,Influencer,10181,155,189.2
2025-08-25,WellRoot,Email,3821,146,84.06
2025-08-26,AuraGlow,Meta Ads,23189,704,410.01
2025-08-26,AuraGlow,Google Ads,15251,338,404.71
2025-08-26,AuraGlow,Organic,1651,60,39.99
2025-08-26,AuraGlow,Influencer,8516,367,219.78
2025-08-26,AuraGlow,Email,3930,155,62.32
2025-08-26,UrbanThread,Meta Ads,19441,452,496.34
2025-08-26,UrbanThread,Google Ads,16722,257,451.39
2025-08-26,UrbanThread,Organic,2324,41,45.38
2025-08-26,UrbanThread,Influencer,14488,308,263.47
2025-08-26,UrbanThread,Email,7075,221,116.62
2025-08-26,HomeNest,Meta Ads,24444,952,431.22
2025-08-26,HomeNest,Google Ads,18648,328,371.47
2025-08-26,HomeNest,Organic,1935,82,49.29
2025-08-26,HomeNest,Influencer,15385,269,246.92
2025-08-26,HomeNest,Email,5774,181,114.66
2025-08-26,TechEase,Meta Ads,20438,786,472.4
2025-08-26,TechEase,Google Ads,23352,934,511.8
2025-08-26,TechEase,Organic,1968,35,44.46
2025-08-26,TechEase,Influencer,15898,525,257.52
2025-08-26,TechEase,Email,4704,195,116.82
2025-08-26,WellRoot,Meta Ads,20523,747,427.37
2025-08-26,WellRoot,Google Ads,12292,249,307.08
2025-08-26,WellRoot,Organic,1654,59,36.66
2025-08-26,WellRoot,Influencer,9495,234,224.5
2025-08-26,WellRoot,Email,2818,110,70.1
2025-08-27,AuraGlow,Meta Ads,27537,1164,523.99
2025-08-27,AuraGlow,Google Ads,14501,289,380.67
2025-08-27,AuraGlow,Organic,1960,31,52.0
2025-08-27,AuraGlow,Influencer,9617,188,266.25
2025-08-27,AuraGlow,Email,4793,120,91.84
2025-08-27,UrbanThread,Meta Ads,21287,342,595.52
2025-08-27,UrbanThread,Google Ads,17004,658,383.98
2025-08-27,UrbanThread,Organic,2327,45,49.33
2025-08-27,UrbanThread,Influencer,9604,335,245.61
2025-08-27,UrbanThread,Email,4039,74,84.85
2025-08-27,HomeNest,Meta Ads,29490,1067,483.84
2025-08-27,HomeNest,Google Ads,16009,416,273.57
2025-08-27,HomeNest,Organic,2298,88,52.39
2025-08-27,HomeNest,Influencer,12673,207,281.9
2025-08-27,HomeNest,Email,2188,70,51.23
2025-08-27,TechEase,Meta Ads,45225,2008,741.4
2025-08-27,TechEase,Google Ads,23420,533,454.24
2025-08-27,TechEase,Organic,2053,64,42.12
2025-08-27,TechEase,Influencer,15673,644,260.5
2025-08-27,TechEase,Email,4405,83,93.81
2025-08-27,WellRoot,Meta Ads,19988,774,489.23
2025-08-27,WellRoot,Google Ads,10943,318,189.23
2025-08-27,WellRoot,Organic,1955,36,33.4
2025-08-27,WellRoot,Influencer,7126,193,119.24
2025-08-27,WellRoot,Email,5277,178,84.43
2025-08-28,AuraGlow,Meta Ads,19427,596,535.01
2025-08-28,AuraGlow,Google Ads,15926,452,279.41
2025-08-28,AuraGlow,Organic,1748,38,36.06
2025-08-28,AuraGlow,Influencer,10407,437,223.26
2025-08-28,AuraGlow,Email,6134,133,97.72
2025-08-28,UrbanThread,Meta Ads,21957,332,622.79
2025-08-28,UrbanThread,Google Ads,26307,1089,475.73
2025-08-28,UrbanThread,Organic,1767,66,48.44
2025-08-28,UrbanThread,Influencer,12267,413,319.44
2025-08-28,UrbanThread,Email,6156,153,123.22
2025-08-28,HomeNest,Meta Ads,25582,698,496.22
2025-08-28,HomeNest,Google Ads,11489,179,273.35
2025-08-28,HomeNest,Organic,1644,40,39.6
2025-08-28,HomeNest,Influencer,9467,157,224.34
2025-08-28,HomeNest,Email,4236,83,96.47
2025-08-28,TechEase,Meta Ads,22400,401,530.48
2025-08-28,TechEase,Google Ads,20454,455,482.32
2025-08-28,TechEase,Organic,2368,67,50.88
2025-08-28,TechEase,Influencer,11966,494,295.31
2025-08-28,TechEase,Email,4920,93,90.19
2025-08-28,WellRoot,Meta Ads,25515,1107,446.73
2025-08-28,WellRoot,Google Ads,12143,522,292.19
2025-08-28,WellRoot,Organic,1714,33,36.16
2025-08-28,WellRoot,Influencer,8290,154,198.57
2025-08-28,WellRoot,Email,3829,166,74.81
2025-08-29,AuraGlow,Meta Ads,32751,966,597.82
2025-08-29,AuraGlow,Google Ads,21560,825,341.99
2025-08-29,AuraGlow,Organic,2144,56,40.05
2025-08-29,AuraGlow,Influencer,13694,473,237.57
2025-08-29,AuraGlow,Email,4723,76,102.15
2025-08-29,UrbanThread,Meta Ads,36714,883,593.91
2025-08-29,UrbanThread,Google Ads,32996,1191,530.18
2025-08-29,UrbanThread,Organic,1833,51,44.01
2025-08-29,UrbanThread,Influencer,15966,696,268.22
2025-08-29,UrbanThread,Email,4254,129,95.84
2025-08-29,HomeNest,Meta Ads,21568,834,472.09
2025-08-29,HomeNest,Google Ads,19470,587,380.43
2025-08-29,HomeNest,Organic,2498,86,44.75
2025-08-29,HomeNest,Influencer,9804,244,192.47
2025-08-29,HomeNest,Email,4950,187,76.47
2025-08-29,TechEase,Meta Ads,32374,1132,572.33
2025-08-29,TechEase,Google Ads,20280,372,411.75
2025-08-29,TechEase,Organic,2143,89,46.15
2025-08-29,TechEase,Influencer,12779,432,278.8
2025-08-29,TechEase,Email,5710,229,89.32
2025-08-29,WellRoot,Meta Ads,14869,597,319.24
2025-08-29,WellRoot,Google Ads,14261,427,220.71
2025-08-29,WellRoot,Organic,1430,28,28.54
2025-08-29,WellRoot,Influencer,6233,114,144.67
2025-08-29,WellRoot,Email,3859,95,74.61
2025-08-30,AuraGlow,Meta Ads,24141,385,440.81
2025-08-30,AuraGlow,Google Ads,19384,751,477.21
2025-08-30,AuraGlow,Organic,1695,66,37.82
2025-08-30,AuraGlow,Influencer,13493,374,242.98
2025-08-30,AuraGlow,Email,3255,57,67.48
2025-08-30,UrbanThread,Meta Ads,31522,745,514.96
2025-08-30,UrbanThread,Google Ads,21568,945,439.84
2025-08-30,UrbanThread,Organic,3204,64,56.0
2025-08-30,UrbanThread,Influencer,15731,516,262.14
2025-08-30,UrbanThread,Email,4843,144,80.02
2025-08-30,HomeNest,Meta Ads,38220,1643,635.49
2025-08-30,HomeNest,Google Ads,16244,340,358.41
2025-08-30,HomeNest,Organic,1930,60,30.42
2025-08-30,HomeNest,Influencer,7778,231,134.81
2025-08-30,HomeNest,Email,3865,94,91.45
2025-08-30,TechEase,Meta Ads,27035,419,678.84
2025-08-30,TechEase,Google Ads,19882,384,463.38
2025-08-30,TechEase,Organic,2467,83,63.65
2025-08-30,TechEase,Influencer,11345,485,220.9
2025-08-30,TechEase,Email,4259,170,110.39
2025-08-30,WellRoot,Meta Ads,29851,699,486.25
2025-08-30,WellRoot,Google Ads,12509,375,212.06
2025-08-30,WellRoot,Organic,2046,38,38.65
2025-08-30,WellRoot,Influencer,11156,389,176.43
2025-08-30,WellRoot,Email,3817,62,59.63
2025-08-31,AuraGlow,Meta Ads,17720,714,485.59
2025-08-31,AuraGlow,Google Ads,22437,450,385.58
2025-08-31,AuraGlow,Organic,1879,43,48.43
2025-08-31,AuraGlow,Influencer,9817,335,242.52
2025-08-31,AuraGlow,Email,4868,205,106.37
2025-08-31,UrbanThread,Meta Ads,29678,596,507.95
2025-08-31,UrbanThread,Google Ads,28985,1101,450.42
2025-08-31,UrbanThread,Organic,2248,54,56.46
2025-08-31,UrbanThread,Influencer,14674,382,279.23
2025-08-31,UrbanThread,Email,4038,175,97.59
2025-08-31,HomeNest,Meta Ads,34714,1373,603.89
2025-08-31,HomeNest,Google Ads,15842,464,400.46
2025-08-31,HomeNest,Organic,1885,77,45.96
2025-08-31,HomeNest,Influencer,11265,396,211.23
2025-08-31,HomeNest,Email,4204,170,91.26
2025-08-31,TechEase,Meta Ads,23700,561,593.93
2025-08-31,TechEase,Google Ads,25231,739,428.61
2025-08-31,TechEase,Organic,2150,64,46.05
2025-08-31,TechEase,Influencer,13616,526,309.46
2025-08-31,TechEase,Email,5872,239,107.95
2025-08-31,WellRoot,Meta Ads,28851,1129,570.72
2025-08-31,WellRoot,Google Ads,15964,683,337.41
2025-08-31,WellRoot,Organic,2302,46,37.53
2025-08-31,WellRoot,Influencer,10228,213,186.39
2025-08-31,WellRoot,Email,5145,82,99.83
2025-09-01,AuraGlow,Meta Ads,34153,613,653.11
2025-09-01,AuraGlow,Google Ads,18641,595,410.76
2025-09-01,AuraGlow,Organic,1831,62,40.25
2025-09-01,AuraGlow,Influencer,11448,240,184.21
2025-09-01,AuraGlow,Email,6428,177,100.52
2025-09-01,UrbanThread,Meta Ads,26785,886,630.43
2025-09-01,UrbanThread,Google Ads,22392,686,537.24
2025-09-01,UrbanThread,Organic,2224,66,52.04
2025-09-01,UrbanThread,Influencer,9436,158,242.1
2025-09-01,UrbanThread,Email,7934,173,125.84
2025-09-01,HomeNest,Meta Ads,16862,420,441.1
2025-09-01,HomeNest,Google Ads,17591,684,332.61
2025-09-01,HomeNest,Organic,1993,78,32.87
2025-09-01,HomeNest,Influencer,11588,494,234.05
2025-09-01,HomeNest,Email,6260,231,120.2
2025-09-01,TechEase,Meta Ads,28631,1279,502.73
2025-09-01,TechEase,Google Ads,22629,353,358.76
2025-09-01,TechEase,Organic,2414,70,40.34
2025-09-01,TechEase,Influencer,10707,195,281.98
2025-09-01,TechEase,Email,5207,167,92.38
2025-09-01,WellRoot,Meta Ads,19708,602,528.32
2025-09-01,WellRoot,Google Ads,18777,700,344.79
2025-09-01,WellRoot,Organic,1529,55,28.13
2025-09-01,WellRoot,Influencer,7843,178,139.87
2025-09-01,WellRoot,Email,2984,67,58.23
2025-09-02,AuraGlow,Meta Ads,20191,392,541.57
2025-09-02,AuraGlow,Google Ads,17143,725,404.29
2025-09-02,AuraGlow,Organic,3001,83,49.05
2025-09-02,AuraGlow,Influencer,16578,256,276.1
2025-09-02,AuraGlow,Email,4718,84,90.23
2025-09-02,UrbanThread,Meta Ads,37270,1327,593.75
2025-09-02,UrbanThread,Google Ads,22881,636,440.74
2025-09-02,UrbanThread,Organic,2092,89,50.29
2025-09-02,UrbanThread,Influencer,14365,634,287.98
2025-09-02,UrbanThread,Email,5062,186,116.7
2025-09-02,HomeNest,Meta Ads,17775,754,498.45
2025-09-02,HomeNest,Google Ads,18942,575,364.35
2025-09-02,HomeNest,Organic,2237,70,55.13
2025-09-02,HomeNest,Influencer,12981,554,279.84
2025-09-02,HomeNest,Email,3326,63,88.51
2025-09-02,TechEase,Meta Ads,30318,1123,469.07
2025-09-02,TechEase,Google Ads,21363,432,436.82
2025-09-02,TechEase,Organic,1971,69,39.97
2025-09-02,TechEase,Influencer,16664,743,306.87
2025-09-02,TechEase,Email,5704,192,106.01
2025-09-02,WellRoot,Meta Ads,20377,309,391.03
2025-09-02,WellRoot,Google Ads,13137,564,326.87
2025-09-02,WellRoot,Organic,1895,55,31.0
2025-09-02,WellRoot,Influencer,17263,470,289.46
2025-09-02,WellRoot,Email,4223,184,77.57
2025-09-03,AuraGlow,Meta Ads,28827,1262,515.9
2025-09-03,AuraGlow,Google Ads,12323,446,307.02
2025-09-03,AuraGlow,Organic,1706,68,43.11
2025-09-03,AuraGlow,Influencer,10417,336,253.6
2025-09-03,AuraGlow,Email,3691,116,73.68
2025-09-03,UrbanThread,Meta Ads,29111,703,652.8
2025-09-03,UrbanThread,Google Ads,23235,635,383.06
2025-09-03,UrbanThread,Organic,2071,92,36.99
2025-09-03,UrbanThread,Influencer,20225,640,313.67
2025-09-03,UrbanThread,Email,5650,215,98.56
2025-09-03,HomeNest,Meta Ads,21796,976,438.42
2025-09-03,HomeNest,Google Ads,7516,153,151.55
2025-09-03,HomeNest,Organic,2067,38,49.3
2025-09-03,HomeNest,Influencer,5327,82,151.5
2025-09-03,HomeNest,Email,5815,142,95.92
2025-09-03,TechEase,Meta Ads,22900,777,502.86
2025-09-03,TechEase,Google Ads,19869,695,401.79
2025-09-03,TechEase,Organic,3460,86,53.8
2025-09-03,TechEase,Influencer,15530,395,304.38
2025-09-03,TechEase,Email,5944,122,93.56
2025-09-03,WellRoot,Meta Ads,14353,476,374.4
2025-09-03,WellRoot,Google Ads,10012,263,177.93
2025-09-03,WellRoot,Organic,1784,33,34.92
2025-09-03,WellRoot,Influencer,8036,321,208.6
2025-09-03,WellRoot,Email,3233,140,80.37
2025-09-04,AuraGlow,Meta Ads,25602,479,507.13
2025-09-04,AuraGlow,Google Ads,19323,466,429.1
2025-09-04,AuraGlow,Organic,2634,75,48.98
2025-09-04,AuraGlow,Influencer,14084,567,265.61
2025-09-04,AuraGlow,Email,2673,60,72.22
2025-09-04,UrbanThread,Meta Ads,32958,739,530.47
2025-09-04,UrbanThread,Google Ads,18388,685,474.24
2025-09-04,UrbanThread,Organic,1915,73,50.6
2025-09-04,UrbanThread,Influencer,12664,351,280.54
2025-09-04,UrbanThread,Email,3372,117,90.27
2025-09-04,HomeNest,Meta Ads,23195,484,541.05
2025-09-04,HomeNest,Google Ads,16922,678,390.92
2025-09-04,HomeNest,Organic,2020,30,42.57
2025-09-04,HomeNest,Influencer,12284,437,232.32
2025-09-04,HomeNest,Email,4256,163,88.34
2025-09-04,TechEase,Meta Ads,24976,671,460.77
2025-09-04,TechEase,Google Ads,17078,310,283.62
2025-09-04,TechEase,Organic,2506,45,50.66
2025-09-04,TechEase,Influencer,15268,618,249.27
2025-09-04,TechEase,Email,7002,194,118.52
2025-09-04,WellRoot,Meta Ads,15256,568,356.07
2025-09-04,WellRoot,Google Ads,14022,523,292.33
2025-09-04,WellRoot,Organic,1223,49,21.58
2025-09-04,WellRoot,Influencer,8770,173,192.01
2025-09-04,WellRoot,Email,2218,93,59.63
2025-09-05,AuraGlow,Meta Ads,19482,832,530.89
2025-09-05,AuraGlow,Google Ads,24419,645,446.82
2025-09-05,AuraGlow,Organic,2826,61,44.81
2025-09-05,AuraGlow,Influencer,12746,458,200.23
2025-09-05,AuraGlow,Email,5160,157,93.42
2025-09-05,UrbanThread,Meta Ads,19447,541,519.03
2025-09-05,UrbanThread,Google Ads,27734,951,443.23
2025-09-05,UrbanThread,Organic,2801,68,59.22
2025-09-05,UrbanThread,Influencer,8147,242,226.09
2025-09-05,UrbanThread,Email,6865,228,109.32
2025-09-05,HomeNest,Meta Ads,30341,1073,523.34
2025-09-05,HomeNest,Google Ads,16993,485,333.08
2025-09-05,HomeNest,Organic,1831,56,36.62
2025-09-05,HomeNest,Influencer,14524,600,239.8
2025-09-05,HomeNest,Email,5587,182,91.75
2025-09-05,TechEase,Meta Ads,24810,793,618.64
2025-09-05,TechEase,Google Ads,16283,290,438.21
2025-09-05,TechEase,Organic,2774,121,47.89
2025-09-05,TechEase,Influencer,9616,202,263.9
2025-09-05,TechEase,Email,4318,140,122.05
2025-09-05,WellRoot,Meta Ads,24996,460,454.98
2025-09-05,WellRoot,Google Ads,11947,232,339.07
2025-09-05,WellRoot,Organic,2093,68,41.07
2025-09-05,WellRoot,Influencer,10264,175,182.56
2025-09-05,WellRoot,Email,5058,119,89.11
2025-09-06,AuraGlow,Meta Ads,19997,882,523.53
2025-09-06,AuraGlow,Google Ads,18319,678,475.13
2025-09-06,AuraGlow,Organic,2127,63,45.56
2025-09-06,AuraGlow,Influencer,15028,531,291.71
2025-09-06,AuraGlow,Email,7048,146,118.2
2025-09-06,UrbanThread,Meta Ads,17755,620,427.48
2025-09-06,UrbanThread,Google Ads,14728,510,387.29
2025-09-06,UrbanThread,Organic,2864,121,59.25
2025-09-06,UrbanThread,Influencer,11281,318,304.38
2025-09-06,UrbanThread,Email,4780,83,76.94
2025-09-06,HomeNest,Meta Ads,22713,483,509.25
2025-09-06,HomeNest,Google Ads,17192,678,322.55
2025-09-06,HomeNest,Organic,1707,73,42.46
2025-09-06,HomeNest,Influencer,6658,186,187.74
2025-09-06,HomeNest,Email,3355,73,88.72
2025-09-06,TechEase,Meta Ads,37888,838,684.61
2025-09-06,TechEase,Google Ads,17373,373,440.36
2025-09-06,TechEase,Organic,1974,60,38.11
2025-09-06,TechEase,Influencer,13317,405,234.29
2025-09-06,TechEase,Email,6121,160,103.15
2025-09-06,WellRoot,Meta Ads,22505,459,360.61
2025-09-06,WellRoot,Google Ads,14221,418,296.17
2025-09-06,WellRoot,Organic,1795,27,32.9
2025-09-06,WellRoot,Influencer,7089,174,162.22
2025-09-06,WellRoot,Email,4559,119,83.07
2025-09-07,AuraGlow,Meta Ads,17701,567,499.14
2025-09-07,AuraGlow,Google Ads,27019,973,457.5
2025-09-07,AuraGlow,Organic,2635,99,41.25
2025-09-07,AuraGlow,Influencer,11562,479,280.74
2025-09-07,AuraGlow,Email,3666,138,90.11
2025-09-07,UrbanThread,Meta Ads,29760,622,472.17
2025-09-07,UrbanThread,Google Ads,20745,838,479.96
2025-09-07,UrbanThread,Organic,2621,115,51.5
2025-09-07,UrbanThread,Influencer,10714,333,267.92
2025-09-07,UrbanThread,Email,3826,133,99.46
2025-09-07,HomeNest,Meta Ads,22878,959,556.0
2025-09-07,HomeNest,Google Ads,21519,510,416.96
2025-09-07,HomeNest,Organic,2181,68,41.46
2025-09-07,HomeNest,Influencer,7681,236,132.9
2025-09-07,HomeNest,Email,4566,83,95.38
2025-09-07,TechEase,Meta Ads,21970,534,596.53
2025-09-07,TechEase,Google Ads,26045,706,527.76
2025-09-07,TechEase,Organic,1714,43,47.66
2025-09-07,TechEase,Influencer,11428,499,269.5
2025-09-07,TechEase,Email,5500,108,90.0
2025-09-07,WellRoot,Meta Ads,14445,288,384.59
2025-09-07,WellRoot,Google Ads,19539,370,313.44
2025-09-07,WellRoot,Organic,2079,75,34.94
2025-09-07,WellRoot,Influencer,8273,280,191.32
2025-09-07,WellRoot,Email,2767,81,71.09
2025-09-08,AuraGlow,Meta Ads,22948,684,589.54
2025-09-08,AuraGlow,Google Ads,21904,797,409.52
2025-09-08,AuraGlow,Organic,2117,32,47.19
2025-09-08,AuraGlow,Influencer,8380,320,210.67
2025-09-08,AuraGlow,Email,3042,97,76.42
2025-09-08,UrbanThread,Meta Ads,23391,866,595.12
2025-09-08,UrbanThread,Google Ads,18890,709,351.01
2025-09-08,UrbanThread,Organic,2121,60,52.09
2025-09-08,UrbanThread,Influencer,19917,445,319.55
2025-09-08,UrbanThread,Email,6311,228,97.53
2025-09-08,HomeNest,Meta Ads,16587,626,450.56
2025-09-08,HomeNest,Google Ads,16468,629,386.58
2025-09-08,HomeNest,Organic,1263,56,26.43
2025-09-08,HomeNest,Influencer,15764,565,256.57
2025-09-08,HomeNest,Email,2976,112,74.47
2025-09-08,TechEase,Meta Ads,27201,674,651.37
2025-09-08,TechEase,Google Ads,18257,566,424.91
2025-09-08,TechEase,Organic,2779,101,49.42
2025-09-08,TechEase,Influencer,16990,469,307.51
2025-09-08,TechEase,Email,4833,128,111.87
2025-09-08,WellRoot,Meta Ads,9933,282,221.59
2025-09-08,WellRoot,Google Ads,10457,167,273.0
2025-09-08,WellRoot,Organic,1306,48,33.86
2025-09-08,WellRoot,Influencer,9882,286,159.36
2025-09-08,WellRoot,Email,4124,156,69.79
2025-09-09,AuraGlow,Meta Ads,26710,787,506.13
2025-09-09,AuraGlow,Google Ads,14684,550,342.55
2025-09-09,AuraGlow,Organic,1649,45,38.7
2025-09-09,AuraGlow,Influencer,12882,466,266.21
2025-09-09,AuraGlow,Email,5891,155,97.49
2025-09-09,UrbanThread,Meta Ads,31983,1314,596.36
2025-09-09,UrbanThread,Google Ads,31699,1073,493.64
2025-09-09,UrbanThread,Organic,1971,43,47.32
2025-09-09,UrbanThread,Influencer,15946,300,399.24
2025-09-09,UrbanThread,Email,5223,198,105.41
2025-09-09,HomeNest,Meta Ads,18313,708,453.17
2025-09-09,HomeNest,Google Ads,17712,702,335.0
2025-09-09,HomeNest,Organic,1754,52,46.05
2025-09-09,HomeNest,Influencer,14163,478,246.98
2025-09-09,HomeNest,Email,3898,128,67.04
2025-09-09,TechEase,Meta Ads,31118,643,748.81
2025-09-09,TechEase,Google Ads,22692,913,366.63
2025-09-09,TechEase,Organic,2730,71,49.34
2025-09-09,TechEase,Influencer,8952,395,206.23
2025-09-09,TechEase,Email,3768,132,82.23
2025-09-09,WellRoot,Meta Ads,8782,270,227.15
2025-09-09,WellRoot,Google Ads,17660,380,339.9
2025-09-09,WellRoot,Organic,2276,42,38.96
2025-09-09,WellRoot,Influencer,11979,392,231.89
2025-09-09,WellRoot,Email,3138,66,62.16
2025-09-10,AuraGlow,Meta Ads,25064,1105,508.37
2025-09-10,AuraGlow,Google Ads,20351,448,437.49
2025-09-10,AuraGlow,Organic,2648,83,55.38
2025-09-10,AuraGlow,Influencer,6392,200,164.59
2025-09-10,AuraGlow,Email,3173,67,67.77
2025-09-10,UrbanThread,Meta Ads,19422,356,529.11
2025-09-10,UrbanThread,Google Ads,16528,687,461.74
2025-09-10,UrbanThread,Organic,1706,54,40.87
2025-09-10,UrbanThread,Influencer,15005,311,263.8
2025-09-10,UrbanThread,Email,7033,235,108.29
2025-09-10,HomeNest,Meta Ads,23657,859,428.82
2025-09-10,HomeNest,Google Ads,13080,229,266.3
2025-09-10,HomeNest,Organic,1514,32,38.51
2025-09-10,HomeNest,Influencer,13992,229,255.86
2025-09-10,HomeNest,Email,3547,140,92.71
2025-09-10,TechEase,Meta Ads,17710,448,505.01
2025-09-10,TechEase,Google Ads,16049,576,365.9
2025-09-10,TechEase,Organic,1924,40,45.17
2025-09-10,TechEase,Influencer,13737,524,270.93
2025-09-10,TechEase,Email,5917,215,106.93
2025-09-10,WellRoot,Meta Ads,14483,627,401.39
2025-09-10,WellRoot,Google Ads,14858,662,364.95
2025-09-10,WellRoot,Organic,1157,31,21.74
2025-09-10,WellRoot,Influencer,10671,402,183.71
2025-09-10,WellRoot,Email,3563,103,67.93
2025-09-11,AuraGlow,Meta Ads,28188,741,463.75
2025-09-11,AuraGlow,Google Ads,23783,927,528.59
2025-09-11,AuraGlow,Organic,2898,46,49.61
2025-09-11,AuraGlow,Influencer,12358,444,275.97
2025-09-11,AuraGlow,Email,5227,230,101.95
2025-09-11,UrbanThread,Meta Ads,19318,369,523.86
2025-09-11,UrbanThread,Google Ads,22177,958,471.96
2025-09-11,UrbanThread,Organic,2629,60,50.8
2025-09-11,UrbanThread,Influencer,13728,205,318.26
2025-09-11,UrbanThread,Email,6070,253,98.29
2025-09-11,HomeNest,Meta Ads,29991,671,511.61
2025-09-11,HomeNest,Google Ads,17636,496,388.76
2025-09-11,HomeNest,Organic,2021,46,45.1
2025-09-11,HomeNest,Influencer,7308,137,203.51
2025-09-11,HomeNest,Email,4338,148,112.93
2025-09-11,TechEase,Meta Ads,25693,810,660.6
2025-09-11,TechEase,Google Ads,23682,441,399.69
2025-09-11,TechEase,Organic,2929,128,48.5
2025-09-11,TechEase,Influencer,10655,256,264.67
2025-09-11,TechEase,Email,4812,106,99.17
2025-09-11,WellRoot,Meta Ads,16247,436,316.38
2025-09-11,WellRoot,Google Ads,14939,668,389.72
2025-09-11,WellRoot,Organic,1724,50,32.46
2025-09-11,WellRoot,Influencer,6453,175,177.79
2025-09-11,WellRoot,Email,3924,132,67.71
2025-09-12,AuraGlow,Meta Ads,30673,1372,513.38
2025-09-12,AuraGlow,Google Ads,22828,620,407.27
2025-09-12,AuraGlow,Organic,1620,26,42.02
2025-09-12,AuraGlow,Influencer,13580,303,281.99
2025-09-12,AuraGlow,Email,5005,95,100.3
2025-09-12,UrbanThread,Meta Ads,40244,690,645.69
2025-09-12,UrbanThread,Google Ads,13280,506,370.63
2025-09-12,UrbanThread,Organic,2687,83,46.27
2025-09-12,UrbanThread,Influencer,11601,222,253.47
2025-09-12,UrbanThread,Email,6142,123,95.6
2025-09-12,HomeNest,Meta Ads,29369,820,468.16
2025-09-12,HomeNest,Google Ads,15704,400,338.55
2025-09-12,HomeNest,Organic,2901,59,48.07
2025-09-12,HomeNest,Influencer,11251,374,262.34
2025-09-12,HomeNest,Email,4257,105,74.23
2025-09-12,TechEase,Meta Ads,26345,1072,514.32
2025-09-12,TechEase,Google Ads,25851,724,438.06
2025-09-12,TechEase,Organic,3667,118,59.64
2025-09-12,TechEase,Influencer,12296,546,229.45
2025-09-12,TechEase,Email,6087,126,97.94
2025-09-12,WellRoot,Meta Ads,17861,654,449.71
2025-09-12,WellRoot,Google Ads,17706,677,303.43
2025-09-12,WellRoot,Organic,1717,74,27.15
2025-09-12,WellRoot,Influencer,7434,214,178.97
2025-09-12,WellRoot,Email,2364,99,51.65
2025-09-13,AuraGlow,Meta Ads,30945,1255,559.31
2025-09-13,AuraGlow,Google Ads,19361,793,377.5
2025-09-13,AuraGlow,Organic,3088,61,48.57
2025-09-13,AuraGlow,Influencer,13342,258,256.86
2025-09-13,AuraGlow,Email,2946,103,70.91
2025-09-13,UrbanThread,Meta Ads,31789,1026,513.41
2025-09-13,UrbanThread,Google Ads,26606,1098,468.2
2025-09-13,UrbanThread,Organic,2018,83,41.01
2025-09-13,UrbanThread,Influencer,17079,487,334.71
2025-09-13,UrbanThread,Email,4637,150,109.38
2025-09-13,HomeNest,Meta Ads,18009,625,365.97
2025-09-13,HomeNest,Google Ads,17707,514,341.95
2025-09-13,HomeNest,Organic,2554,63,44.73
2025-09-13,HomeNest,Influencer,16092,300,275.46
2025-09-13,HomeNest,Email,3667,70,63.56
2025-09-13,TechEase,Meta Ads,32040,567,598.02
2025-09-13,TechEase,Google Ads,24328,700,489.94
2025-09-13,TechEase,Organic,2814,84,46.99
2025-09-13,TechEase,Influencer,15255,453,260.39
2025-09-13,TechEase,Email,3866,82,100.04
2025-09-13,WellRoot,Meta Ads,19209,826,474.1
2025-09-13,WellRoot,Google Ads,15870,581,262.59
2025-09-13,WellRoot,Organic,1594,67,37.02
2025-09-13,WellRoot,Influencer,8679,139,177.02
2025-09-13,WellRoot,Email,4760,146,76.79
2025-09-14,AuraGlow,Meta Ads,33468,1488,534.22
2025-09-14,AuraGlow,Google Ads,15349,365,373.48
2025-09-14,AuraGlow,Organic,2335,87,36.27
2025-09-14,AuraGlow,Influencer,14341,409,232.74
2025-09-14,AuraGlow,Email,5850,118,101.47
2025-09-14,UrbanThread,Meta Ads,20118,484,478.32
2025-09-14,UrbanThread,Google Ads,16095,567,375.58
2025-09-14,UrbanThread,Organic,3840,121,61.37
2025-09-14,UrbanThread,Influencer,11130,263,201.14
2025-09-14,UrbanThread,Email,4704,132,105.19
2025-09-14,HomeNest,Meta Ads,20858,659,480.36
2025-09-14,HomeNest,Google Ads,13805,438,369.75
2025-09-14,HomeNest,Organic,1616,35,32.86
2025-09-14,HomeNest,Influencer,15391,231,261.95
2025-09-14,HomeNest,Email,4756,118,83.74
2025-09-14,TechEase,Meta Ads,34987,964,643.22
2025-09-14,TechEase,Google Ads,20604,562,358.0
2025-09-14,TechEase,Organic,2278,42,39.6
2025-09-14,TechEase,Influencer,11871,352,247.73
2025-09-14,TechEase,Email,3573,102,74.72
2025-09-14,WellRoot,Meta Ads,18139,574,318.68
2025-09-14,WellRoot,Google Ads,17007,650,315.83
2025-09-14,WellRoot,Organic,2678,84,42.76
2025-09-14,WellRoot,Influencer,12519,330,194.24
2025-09-14,WellRoot,Email,3810,125,74.14
2025-09-15,AuraGlow,Meta Ads,27707,1229,487.98
2025-09-15,AuraGlow,Google Ads,23563,551,462.31
2025-09-15,AuraGlow,Organic,2660,63,42.53
2025-09-15,AuraGlow,Influencer,12044,483,268.82
2025-09-15,AuraGlow,Email,5328,207,116.53
2025-09-15,UrbanThread,Meta Ads,32522,1325,590.92
2025-09-15,UrbanThread,Google Ads,15115,349,345.97
2025-09-15,UrbanThread,Organic,3247,83,52.34
2025-09-15,UrbanThread,Influencer,16604,348,295.57
2025-09-15,UrbanThread,Email,5535,169,114.65
2025-09-15,HomeNest,Meta Ads,18483,808,466.15
2025-09-15,HomeNest,Google Ads,19337,832,388.15
2025-09-15,HomeNest,Organic,1889,54,45.0
2025-09-15,HomeNest,Influencer,7819,319,206.64
2025-09-15,HomeNest,Email,2898,91,75.79
2025-09-15,TechEase,Meta Ads,29132,530,510.66
2025-09-15,TechEase,Google Ads,19397,804,323.04
2025-09-15,TechEase,Organic,2603,94,52.9
2025-09-15,TechEase,Influencer,10492,317,284.95
2025-09-15,TechEase,Email,4323,147,110.25
2025-09-15,WellRoot,Meta Ads,27825,1068,450.12
2025-09-15,WellRoot,Google Ads,13783,455,289.59
2025-09-15,WellRoot,Organic,1088,22,30.25
2025-09-15,WellRoot,Influencer,8447,193,229.3
2025-09-15,WellRoot,Email,4258,178,70.7
2025-09-16,AuraGlow,Meta Ads,27542,890,545.49
2025-09-16,AuraGlow,Google Ads,19041,589,392.89
2025-09-16,AuraGlow,Organic,2709,62,54.31
2025-09-16,AuraGlow,Influencer,12952,544,205.7
2025-09-16,AuraGlow,Email,3596,103,64.05
2025-09-16,UrbanThread,Meta Ads,33838,1224,551.13
2025-09-16,UrbanThread,Google Ads,28634,657,447.63
2025-09-16,UrbanThread,Organic,2919,130,52.57
2025-09-16,UrbanThread,Influencer,16537,335,264.19
2025-09-16,UrbanThread,Email,5118,103,83.96
2025-09-16,HomeNest,Meta Ads,19423,367,413.7
2025-09-16,HomeNest,Google Ads,16853,712,438.07
2025-09-16,HomeNest,Organic,1965,71,37.7
2025-09-16,HomeNest,Influencer,6921,182,137.29
2025-09-16,HomeNest,Email,4399,85,86.34
2025-09-16,TechEase,Meta Ads,29818,1043,509.12
2025-09-16,TechEase,Google Ads,17830,778,403.29
2025-09-16,TechEase,Organic,2289,66,54.51
2025-09-16,TechEase,Influencer,12074,415,265.46
2025-09-16,TechEase,Email,4711,89,107.91
2025-09-16,WellRoot,Meta Ads,26665,403,530.65
2025-09-16,WellRoot,Google Ads,17598,273,373.05
2025-09-16,WellRoot,Organic,1357,34,30.57
2025-09-16,WellRoot,Influencer,14989,416,233.56
2025-09-16,WellRoot,Email,4034,124,73.59
2025-09-17,AuraGlow,Meta Ads,24297,855,439.26
2025-09-17,AuraGlow,Google Ads,14814,512,394.95
2025-09-17,AuraGlow,Organic,970,37,27.63
2025-09-17,AuraGlow,Influencer,15013,244,272.89
2025-09-17,AuraGlow,Email,5779,91,90.18
2025-09-17,UrbanThread,Meta Ads,23040,808,651.92
2025-09-17,UrbanThread,Google Ads,24591,409,439.76
2025-09-17,UrbanThread,Organic,3792,132,60.6
2025-09-17,UrbanThread,Influencer,12915,355,229.57
2025-09-17,UrbanThread,Email,5354,141,132.2
2025-09-17,HomeNest,Meta Ads,25590,1003,603.22
2025-09-17,HomeNest,Google Ads,12819,410,320.51
2025-09-17,HomeNest,Organic,1806,35,43.21
2025-09-17,HomeNest,Influencer,13537,331,219.55
2025-09-17,HomeNest,Email,3626,63,91.74
2025-09-17,TechEase,Meta Ads,32461,1058,509.95
2025-09-17,TechEase,Google Ads,18517,282,459.01
2025-09-17,TechEase,Organic,3886,110,61.98
2025-09-17,TechEase,Influencer,14953,544,238.75
2025-09-17,TechEase,Email,3913,72,99.54
2025-09-17,WellRoot,Meta Ads,30038,675,532.95
2025-09-17,WellRoot,Google Ads,19905,452,308.17
2025-09-17,WellRoot,Organic,2586,56,50.36
2025-09-17,WellRoot,Influencer,9663,270,199.36
2025-09-17,WellRoot,Email,2555,63,69.85
2025-09-18,AuraGlow,Meta Ads,36545,687,583.08
2025-09-18,AuraGlow,Google Ads,20486,350,532.34
2025-09-18,AuraGlow,Organic,2616,39,47.12
2025-09-18,AuraGlow,Influencer,13643,477,226.19
2025-09-18,AuraGlow,Email,6419,152,113.38
2025-09-18,UrbanThread,Meta Ads,31304,578,551.47
2025-09-18,UrbanThread,Google Ads,24540,591,502.88
2025-09-18,UrbanThread,Organic,2343,48,49.16
2025-09-18,UrbanThread,Influencer,18083,347,293.67
2025-09-18,UrbanThread,Email,6610,177,136.38
2025-09-18,HomeNest,Meta Ads,22366,947,370.91
2025-09-18,HomeNest,Google Ads,21126,594,334.82
2025-09-18,HomeNest,Organic,1938,37,42.02
2025-09-18,HomeNest,Influencer,14876,477,245.46
2025-09-18,HomeNest,Email,4943,146,85.23
2025-09-18,TechEase,Meta Ads,21995,889,381.89
2025-09-18,TechEase,Google Ads,22496,944,482.5
2025-09-18,TechEase,Organic,1774,28,43.41
2025-09-18,TechEase,Influencer,12491,449,270.12
2025-09-18,TechEase,Email,3938,139,99.16
2025-09-18,WellRoot,Meta Ads,28511,461,464.62
2025-09-18,WellRoot,Google Ads,15077,307,299.92
2025-09-18,WellRoot,Organic,1768,56,46.22
2025-09-18,WellRoot,Influencer,7744,247,201.29
2025-09-18,WellRoot,Email,2075,57,51.42
2025-09-19,AuraGlow,Meta Ads,35304,1570,551.88
2025-09-19,AuraGlow,Google Ads,15916,453,356.35
2025-09-19,AuraGlow,Organic,2299,75,44.23
2025-09-19,AuraGlow,Influencer,12552,549,229.74
2025-09-19,AuraGlow,Email,5427,195,99.0
2025-09-19,UrbanThread,Meta Ads,33713,853,549.88
2025-09-19,UrbanThread,Google Ads,18009,503,399.73
2025-09-19,UrbanThread,Organic,2346,52,42.58
2025-09-19,UrbanThread,Influencer,18793,785,294.09
2025-09-19,UrbanThread,Email,6000,96,130.99
2025-09-19,HomeNest,Meta Ads,26188,876,467.8
2025-09-19,HomeNest,Google Ads,15258,678,371.66
2025-09-19,HomeNest,Organic,1648,70,27.14
2025-09-19,HomeNest,Influencer,17650,713,286.55
2025-09-19,HomeNest,Email,3950,120,83.41
2025-09-19,TechEase,Meta Ads,29709,780,468.02
2025-09-19,TechEase,Google Ads,17435,741,336.43
2025-09-19,TechEase,Organic,2590,86,45.31
2025-09-19,TechEase,Influencer,18269,819,302.59
2025-09-19,TechEase,Email,4712,204,108.47
2025-09-19,WellRoot,Meta Ads,14137,423,355.09
2025-09-19,WellRoot,Google Ads,16057,624,291.38
2025-09-19,WellRoot,Organic,1224,32,33.27
2025-09-19,WellRoot,Influencer,7854,159,193.05
2025-09-19,WellRoot,Email,1385,32,35.98
2025-09-20,AuraGlow,Meta Ads,19593,806,491.65
2025-09-20,AuraGlow,Google Ads,24036,1023,384.82
2025-09-20,AuraGlow,Organic,2742,86,42.73
2025-09-20,AuraGlow,Influencer,10814,312,200.7
2025-09-20,AuraGlow,Email,3621,104,61.05
2025-09-20,UrbanThread,Meta Ads,20469,906,555.02
2025-09-20,UrbanThread,Google Ads,17281,429,429.29
2025-09-20,UrbanThread,Organic,2677,77,58.52
2025-09-20,UrbanThread,Influencer,16354,424,258.23
2025-09-20,UrbanThread,Email,5945,170,107.29
2025-09-20,HomeNest,Meta Ads,23485,406,552.58
2025-09-20,HomeNest,Google Ads,18162,282,382.35
2025-09-20,HomeNest,Organic,1506,45,36.52
2025-09-20,HomeNest,Influencer,8080,341,207.46
2025-09-20,HomeNest,Email,2689,73,61.27
2025-09-20,TechEase,Meta Ads,16870,660,477.47
2025-09-20,TechEase,Google Ads,24730,579,383.22
2025-09-20,TechEase,Organic,2161,58,57.59
2025-09-20,TechEase,Influencer,14456,628,254.6
2025-09-20,TechEase,Email,3863,158,109.68
2025-09-20,WellRoot,Meta Ads,14121,425,350.41
2025-09-20,WellRoot,Google Ads,15353,383,321.14
2025-09-20,WellRoot,Organic,1311,46,33.71
2025-09-20,WellRoot,Influencer,6542,125,124.4
2025-09-20,WellRoot,Email,5857,127,99.99
2025-09-21,AuraGlow,Meta Ads,17285,569,493.73
2025-09-21,AuraGlow,Google Ads,20165,683,397.04
2025-09-21,AuraGlow,Organic,2737,118,49.03
2025-09-21,AuraGlow,Influencer,9974,360,238.79
2025-09-21,AuraGlow,Email,3888,95,83.14
2025-09-21,UrbanThread,Meta Ads,22688,927,560.37
2025-09-21,UrbanThread,Google Ads,15045,441,422.89
2025-09-21,UrbanThread,Organic,2667,41,41.73
2025-09-21,UrbanThread,Influencer,12664,383,199.97
2025-09-21,UrbanThread,Email,5418,187,134.2
2025-09-21,HomeNest,Meta Ads,23305,656,393.3
2025-09-21,HomeNest,Google Ads,20345,644,347.2
2025-09-21,HomeNest,Organic,2487,109,39.06
2025-09-21,HomeNest,Influencer,9875,255,254.14
2025-09-21,HomeNest,Email,3814,83,100.47
2025-09-21,TechEase,Meta Ads,32345,1157,690.9
2025-09-21,TechEase,Google Ads,16777,539,367.71
2025-09-21,TechEase,Organic,1420,27,36.64
2025-09-21,TechEase,Influencer,20305,492,316.39
2025-09-21,TechEase,Email,5358,239,110.45
2025-09-21,WellRoot,Meta Ads,20409,326,378.89
2025-09-21,WellRoot,Google Ads,21113,322,356.13
2025-09-21,WellRoot,Organic,2272,72,36.49
2025-09-21,WellRoot,Influencer,5361,233,141.52
2025-09-21,WellRoot,Email,1594,61,42.48
2025-09-22,AuraGlow,Meta Ads,26941,1009,430.89
2025-09-22,AuraGlow,Google Ads,20120,303,405.3
2025-09-22,AuraGlow,Organic,2672,102,50.39
2025-09-22,AuraGlow,Influencer,16851,480,272.8
2025-09-22,AuraGlow,Email,5728,248,121.09
2025-09-22,UrbanThread,Meta Ads,29016,1276,508.99
2025-09-22,UrbanThread,Google Ads,22940,854,393.77
2025-09-22,UrbanThread,Organic,3012,105,49.45
2025-09-22,UrbanThread,Influencer,9988,180,186.9
2025-09-22,UrbanThread,Email,3016,101,76.32
2025-09-22,HomeNest,Meta Ads,21997,770,471.1
2025-09-22,HomeNest,Google Ads,16543,598,349.04
2025-09-22,HomeNest,Organic,1844,73,40.18
2025-09-22,HomeNest,Influencer,10757,215,206.96
2025-09-22,HomeNest,Email,3716,95,96.0
2025-09-22,TechEase,Meta Ads,29925,1306,489.49
2025-09-22,TechEase,Google Ads,26445,616,430.76
2025-09-22,TechEase,Organic,2334,55,54.87
2025-09-22,TechEase,Influencer,10488,228,275.52
2025-09-22,TechEase,Email,3432,97,78.77
2025-09-22,WellRoot,Meta Ads,17170,520,402.86
2025-09-22,WellRoot,Google Ads,17789,580,378.28
2025-09-22,WellRoot,Organic,1989,76,35.07
2025-09-22,WellRoot,Influencer,10463,287,208.56
2025-09-22,WellRoot,Email,2396,47,49.72
2025-09-23,AuraGlow,Meta Ads,23951,1072,428.13
2025-09-23,AuraGlow,Google Ads,23147,965,386.74
2025-09-23,AuraGlow,Organic,2698,85,54.12
2025-09-23,AuraGlow,Influencer,11096,433,268.42
2025-09-23,AuraGlow,Email,4297,65,106.03
2025-09-23,UrbanThread,Meta Ads,24120,479,584.4
2025-09-23,UrbanThread,Google Ads,17976,742,477.03
2025-09-23,UrbanThread,Organic,2966,77,47.24
2025-09-23,UrbanThread,Influencer,13617,575,313.89
2025-09-23,UrbanThread,Email,5538,164,94.87
2025-09-23,HomeNest,Meta Ads,15583,301,420.86
2025-09-23,HomeNest,Google Ads,13926,242,346.31
2025-09-23,HomeNest,Organic,2592,87,47.38
2025-09-23,HomeNest,Influencer,9430,205,237.93
2025-09-23,HomeNest,Email,4814,109,78.25
2025-09-23,TechEase,Meta Ads,40831,959,635.89
2025-09-23,TechEase,Google Ads,19283,642,447.46
2025-09-23,TechEase,Organic,1200,20,33.89
2025-09-23,TechEase,Influencer,10352,272,285.3
2025-09-23,TechEase,Email,4840,121,91.08
2025-09-23,WellRoot,Meta Ads,20655,683,446.19
2025-09-23,WellRoot,Google Ads,18877,715,395.41
2025-09-23,WellRoot,Organic,2432,72,46.58
2025-09-23,WellRoot,Influencer,7735,142,136.49
2025-09-23,WellRoot,Email,4284,127,77.66
2025-09-24,AuraGlow,Meta Ads,25728,437,506.73
2025-09-24,AuraGlow,Google Ads,19370,523,373.09
2025-09-24,AuraGlow,Organic,1745,52,45.37
2025-09-24,AuraGlow,Influencer,12967,370,223.06
2025-09-24,AuraGlow,Email,3785,79,77.9
2025-09-24,UrbanThread,Meta Ads,17847,773,509.58
2025-09-24,UrbanThread,Google Ads,12173,253,345.04
2025-09-24,UrbanThread,Organic,3094,49,52.32
2025-09-24,UrbanThread,Influencer,14701,448,254.42
2025-09-24,UrbanThread,Email,3346,60,92.75
2025-09-24,HomeNest,Meta Ads,24250,985,660.37
2025-09-24,HomeNest,Google Ads,22910,1006,390.67
2025-09-24,HomeNest,Organic,2351,35,40.87
2025-09-24,HomeNest,Influencer,11289,374,258.67
2025-09-24,HomeNest,Email,4483,156,95.45
2025-09-24,TechEase,Meta Ads,24947,870,566.88
2025-09-24,TechEase,Google Ads,12830,380,348.32
2025-09-24,TechEase,Organic,2910,116,51.03
2025-09-24,TechEase,Influencer,11768,405,244.67
2025-09-24,TechEase,Email,6549,216,104.22
2025-09-24,WellRoot,Meta Ads,28242,1246,481.91
2025-09-24,WellRoot,Google Ads,8657,318,240.2
2025-09-24,WellRoot,Organic,1269,33,24.82
2025-09-24,WellRoot,Influencer,11459,399,247.47
2025-09-24,WellRoot,Email,4399,152,70.18
2025-09-25,AuraGlow,Meta Ads,20844,318,365.75
2025-09-25,AuraGlow,Google Ads,23398,919,386.86
2025-09-25,AuraGlow,Organic,1590,45,34.69
2025-09-25,AuraGlow,Influencer,9907,356,212.65
2025-09-25,AuraGlow,Email,3797,57,96.22
2025-09-25,UrbanThread,Meta Ads,30600,1369,482.77
2025-09-25,UrbanThread,Google Ads,23762,495,407.77
2025-09-25,UrbanThread,Organic,2522,66,40.98
2025-09-25,UrbanThread,Influencer,10898,476,263.95
2025-09-25,UrbanThread,Email,7237,131,112.38
2025-09-25,HomeNest,Meta Ads,25408,605,403.19
2025-09-25,HomeNest,Google Ads,15067,506,326.5
2025-09-25,HomeNest,Organic,1970,48,45.2
2025-09-25,HomeNest,Influencer,12153,389,216.03
2025-09-25,HomeNest,Email,4929,199,91.2
2025-09-25,TechEase,Meta Ads,27183,1016,623.09
2025-09-25,TechEase,Google Ads,20473,802,408.59
2025-09-25,TechEase,Organic,2374,35,47.92
2025-09-25,TechEase,Influencer,13164,324,248.95
2025-09-25,TechEase,Email,6022,95,104.55
2025-09-25,WellRoot,Meta Ads,14183,524,399.66
2025-09-25,WellRoot,Google Ads,11881,458,287.6
2025-09-25,WellRoot,Organic,1271,48,23.45
2025-09-25,WellRoot,Influencer,6432,140,158.99
2025-09-25,WellRoot,Email,4485,92,88.74
2025-09-26,AuraGlow,Meta Ads,23039,539,598.03
2025-09-26,AuraGlow,Google Ads,19942,472,450.6
2025-09-26,AuraGlow,Organic,1689,48,45.31
2025-09-26,AuraGlow,Influencer,6283,269,165.72
2025-09-26,AuraGlow,Email,2981,97,77.28
2025-09-26,UrbanThread,Meta Ads,24403,743,498.45
2025-09-26,UrbanThread,Google Ads,23728,451,449.67
2025-09-26,UrbanThread,Organic,1748,33,47.87
2025-09-26,UrbanThread,Influencer,17803,725,274.76
2025-09-26,UrbanThread,Email,6444,101,114.15
2025-09-26,HomeNest,Meta Ads,16695,484,411.05
2025-09-26,HomeNest,Google Ads,16636,560,316.96
2025-09-26,HomeNest,Organic,2060,87,33.23
2025-09-26,HomeNest,Influencer,4834,80,114.82
2025-09-26,HomeNest,Email,5063,137,90.06
2025-09-26,TechEase,Meta Ads,18138,683,491.89
2025-09-26,TechEase,Google Ads,20244,696,453.81
2025-09-26,TechEase,Organic,1762,47,32.5
2025-09-26,TechEase,Influencer,10431,160,179.8
2025-09-26,TechEase,Email,5999,97,99.12
2025-09-26,WellRoot,Meta Ads,25138,1106,445.69
2025-09-26,WellRoot,Google Ads,11015,277,195.3
2025-09-26,WellRoot,Organic,1873,43,31.09
2025-09-26,WellRoot,Influencer,7167,274,135.82
2025-09-26,WellRoot,Email,2250,89,51.76
2025-09-27,AuraGlow,Meta Ads,13878,429,378.47
2025-09-27,AuraGlow,Google Ads,24709,810,503.42
2025-09-27,AuraGlow,Organic,2139,45,45.33
2025-09-27,AuraGlow,Influencer,9010,189,173.16
2025-09-27,AuraGlow,Email,5991,163,104.71
2025-09-27,UrbanThread,Meta Ads,31711,1085,628.22
2025-09-27,UrbanThread,Google Ads,17743,560,418.52
2025-09-27,UrbanThread,Organic,2516,79,42.74
2025-09-27,UrbanThread,Influencer,16735,560,296.86
2025-09-27,UrbanThread,Email,5312,140,95.63
2025-09-27,HomeNest,Meta Ads,13457,248,361.39
2025-09-27,HomeNest,Google Ads,17370,265,317.74
2025-09-27,HomeNest,Organic,3452,102,65.76
2025-09-27,HomeNest,Influencer,13973,564,254.47
2025-09-27,HomeNest,Email,5520,220,95.75
2025-09-27,TechEase,Meta Ads,32888,1286,533.28
2025-09-27,TechEase,Google Ads,22228,423,379.01
2025-09-27,TechEase,Organic,2504,73,52.08
2025-09-27,TechEase,Influencer,10463,389,211.43
2025-09-27,TechEase,Email,3942,104,87.98
2025-09-27,WellRoot,Meta Ads,22333,891,451.52
2025-09-27,WellRoot,Google Ads,18429,815,296.99
2025-09-27,WellRoot,Organic,2057,57,35.18
2025-09-27,WellRoot,Influencer,11130,288,208.06
2025-09-27,WellRoot,Email,4077,127,74.74
2025-09-28,AuraGlow,Meta Ads,19724,436,482.83
2025-09-28,AuraGlow,Google Ads,22671,341,434.59
2025-09-28,AuraGlow,Organic,2815,94,53.33
2025-09-28,AuraGlow,Influencer,14067,249,229.64
2025-09-28,AuraGlow,Email,4016,147,68.4
2025-09-28,UrbanThread,Meta Ads,40367,1403,627.67
2025-09-28,UrbanThread,Google Ads,17084,630,439.16
2025-09-28,UrbanThread,Organic,1634,35,36.57
2025-09-28,UrbanThread,Influencer,13332,218,258.8
2025-09-28,UrbanThread,Email,5211,231,82.47
2025-09-28,HomeNest,Meta Ads,27118,767,432.95
2025-09-28,HomeNest,Google Ads,20660,683,438.14
2025-09-28,HomeNest,Organic,1458,61,39.32
2025-09-28,HomeNest,Influencer,8619,221,198.9
2025-09-28,HomeNest,Email,2447,48,64.9
2025-09-28,TechEase,Meta Ads,26033,539,441.59
2025-09-28,TechEase,Google Ads,28931,444,479.42
2025-09-28,TechEase,Organic,2628,61,43.22
2025-09-28,TechEase,Influencer,17082,503,299.41
2025-09-28,TechEase,Email,7552,304,118.05
2025-09-28,WellRoot,Meta Ads,9057,141,228.84
2025-09-28,WellRoot,Google Ads,8420,157,229.13
2025-09-28,WellRoot,Organic,1776,52,42.54
2025-09-28,WellRoot,Influencer,13004,307,207.92
2025-09-28,WellRoot,Email,3354,144,69.89
2025-09-29,AuraGlow,Meta Ads,20204,712,495.51
2025-09-29,AuraGlow,Google Ads,15922,507,420.91
2025-09-29,AuraGlow,Organic,1406,50,39.07
2025-09-29,AuraGlow,Influencer,13595,252,260.33
2025-09-29,AuraGlow,Email,5832,254,94.48
2025-09-29,UrbanThread,Meta Ads,20148,864,512.6
2025-09-29,UrbanThread,Google Ads,29527,466,507.01
2025-09-29,UrbanThread,Organic,1809,37,46.61
2025-09-29,UrbanThread,Influencer,14501,348,247.32
2025-09-29,UrbanThread,Email,6367,97,111.0
2025-09-29,HomeNest,Meta Ads,32033,1163,524.49
2025-09-29,HomeNest,Google Ads,12550,473,353.16
2025-09-29,HomeNest,Organic,1749,76,37.92
2025-09-29,HomeNest,Influencer,10322,304,211.85
2025-09-29,HomeNest,Email,3664,107,90.08
2025-09-29,TechEase,Meta Ads,31303,1107,554.49
2025-09-29,TechEase,Google Ads,15410,269,386.19
2025-09-29,TechEase,Organic,2010,39,50.53
2025-09-29,TechEase,Influencer,13986,318,253.93
2025-09-29,TechEase,Email,4721,204,115.39
2025-09-29,WellRoot,Meta Ads,16348,337,427.07
2025-09-29,WellRoot,Google Ads,11843,338,299.01
2025-09-29,WellRoot,Organic,1734,65,30.42
2025-09-29,WellRoot,Influencer,7537,320,151.45
2025-09-29,WellRoot,Email,3056,74,65.73
2025-09-30,AuraGlow,Meta Ads,26276,963,450.06
2025-09-30,AuraGlow,Google Ads,15414,487,386.69
2025-09-30,AuraGlow,Organic,3061,107,50.56
2025-09-30,AuraGlow,Influencer,9569,204,158.46
2025-09-30,AuraGlow,Email,4156,112,93.52
2025-09-30,UrbanThread,Meta Ads,27768,1243,470.83
2025-09-30,UrbanThread,Google Ads,31135,877,527.43
2025-09-30,UrbanThread,Organic,2765,97,53.18
2025-09-30,UrbanThread,Influencer,15548,381,302.82
2025-09-30,UrbanThread,Email,5178,100,117.76
2025-09-30,HomeNest,Meta Ads,26467,1163,455.51
2025-09-30,HomeNest,Google Ads,15823,270,355.44
2025-09-30,HomeNest,Organic,2019,86,42.72
2025-09-30,HomeNest,Influencer,10393,243,273.26
2025-09-30,HomeNest,Email,4131,63,87.52
2025-09-30,TechEase,Meta Ads,26249,486,478.38
2025-09-30,TechEase,Google Ads,16628,631,316.56
2025-09-30,TechEase,Organic,2967,57,50.84
2025-09-30,TechEase,Influencer,11099,398,276.24
2025-09-30,TechEase,Email,3807,110,103.2
2025-09-30,WellRoot,Meta Ads,21026,438,339.99
2025-09-30,WellRoot,Google Ads,11418,511,256.12
2025-09-30,WellRoot,Organic,1456,60,25.31
2025-09-30,WellRoot,Influencer,5866,181,159.77
2025-09-30,WellRoot,Email,1675,62,33.9
2025-10-01,AuraGlow,Meta Ads,19837,646,535.18
2025-10-01,AuraGlow,Google Ads,14877,567,343.91
2025-10-01,AuraGlow,Organic,1517,50,30.74
2025-10-01,AuraGlow,Influencer,11476,453,305.19
2025-10-01,AuraGlow,Email,4852,208,80.68
2025-10-01,UrbanThread,Meta Ads,34093,1347,596.13
2025-10-01,UrbanThread,Google Ads,15437,595,439.64
2025-10-01,UrbanThread,Organic,2763,52,48.42
2025-10-01,UrbanThread,Influencer,15404,614,276.28
2025-10-01,UrbanThread,Email,5170,127,98.17
2025-10-01,HomeNest,Meta Ads,31863,649,530.22
2025-10-01,HomeNest,Google Ads,24394,660,381.99
2025-10-01,HomeNest,Organic,1589,64,38.62
2025-10-01,HomeNest,Influencer,11895,365,238.84
2025-10-01,HomeNest,Email,5565,132,87.78
2025-10-01,TechEase,Meta Ads,32353,1432,664.66
2025-10-01,TechEase,Google Ads,15513,314,377.76
2025-10-01,TechEase,Organic,2900,112,46.75
2025-10-01,TechEase,Influencer,13099,293,244.45
2025-10-01,TechEase,Email,4444,143,103.73
2025-10-01,WellRoot,Meta Ads,17378,681,463.27
2025-10-01,WellRoot,Google Ads,16641,683,287.84
2025-10-01,WellRoot,Organic,1882,79,45.5
2025-10-01,WellRoot,Influencer,3923,85,101.26
2025-10-01,WellRoot,Email,3508,110,73.57
2025-10-02,AuraGlow,Meta Ads,20623,709,514.34
2025-10-02,AuraGlow,Google Ads,26241,622,514.04
2025-10-02,AuraGlow,Organic,1860,54,49.83
2025-10-02,AuraGlow,Influencer,8671,379,222.56
2025-10-02,AuraGlow,Email,4364,158,81.35
2025-10-02,UrbanThread,Meta Ads,20374,899,523.32
2025-10-02,UrbanThread,Google Ads,15396,682,395.4
2025-10-02,UrbanThread,Organic,1644,38,46.24
2025-10-02,UrbanThread,Influencer,9301,341,198.92
2025-10-02,UrbanThread,Email,6603,212,104.03
2025-10-02,HomeNest,Meta Ads,22541,386,473.94
2025-10-02,HomeNest,Google Ads,18590,349,310.34
2025-10-02,HomeNest,Organic,2130,47,41.47
2025-10-02,HomeNest,Influencer,13363,284,242.09
2025-10-02,HomeNest,Email,4589,83,82.72
2025-10-02,TechEase,Meta Ads,29462,442,481.9
2025-10-02,TechEase,Google Ads,23798,1021,510.4
2025-10-02,TechEase,Organic,2676,110,46.14
2025-10-02,TechEase,Influencer,10567,383,285.04
2025-10-02,TechEase,Email,2880,57,81.35
2025-10-02,WellRoot,Meta Ads,31442,855,498.31
2025-10-02,WellRoot,Google Ads,9371,327,235.33
2025-10-02,WellRoot,Organic,1902,79,33.03
2025-10-02,WellRoot,Influencer,8819,200,198.73
2025-10-02,WellRoot,Email,3230,69,58.11
2025-10-03,AuraGlow,Meta Ads,31419,651,505.44
2025-10-03,AuraGlow,Google Ads,15469,447,374.94
2025-10-03,AuraGlow,Organic,2467,93,45.76
2025-10-03,AuraGlow,Influencer,14271,336,230.98
2025-10-03,AuraGlow,Email,3358,71,86.97
2025-10-03,UrbanThread,Meta Ads,31413,1316,518.92
2025-10-03,UrbanThread,Google Ads,17343,513,272.25
2025-10-03,UrbanThread,Organic,1743,26,46.44
2025-10-03,UrbanThread,Influencer,15026,380,273.06
2025-10-03,UrbanThread,Email,3633,116,103.37
2025-10-03,HomeNest,Meta Ads,15128,387,419.62
2025-10-03,HomeNest,Google Ads,22253,333,362.99
2025-10-03,HomeNest,Organic,2099,85,37.52
2025-10-03,HomeNest,Influencer,14389,335,258.35
2025-10-03,HomeNest,Email,5574,152,89.98
2025-10-03,TechEase,Meta Ads,31105,1099,483.5
2025-10-03,TechEase,Google Ads,21975,736,434.99
2025-10-03,TechEase,Organic,3196,104,49.28
2025-10-03,TechEase,Influencer,9030,305,235.2
2025-10-03,TechEase,Email,4026,98,113.53
2025-10-03,WellRoot,Meta Ads,15202,430,390.59
2025-10-03,WellRoot,Google Ads,14455,311,302.4
2025-10-03,WellRoot,Organic,1969,71,45.23
2025-10-03,WellRoot,Influencer,9823,372,215.17
2025-10-03,WellRoot,Email,2807,67,71.56
2025-10-04,AuraGlow,Meta Ads,16301,528,420.15
2025-10-04,AuraGlow,Google Ads,12500,327,336.59
2025-10-04,AuraGlow,Organic,2016,66,47.78
2025-10-04,AuraGlow,Influencer,16377,626,302.8
2025-10-04,AuraGlow,Email,2905,94,75.91
2025-10-04,UrbanThread,Meta Ads,16379,255,458.78
2025-10-04,UrbanThread,Google Ads,19226,568,423.67
2025-10-04,UrbanThread,Organic,1427,41,32.86
2025-10-04,UrbanThread,Influencer,13677,404,252.59
2025-10-04,UrbanThread,Email,3978,111,100.96
2025-10-04,HomeNest,Meta Ads,20803,923,409.57
2025-10-04,HomeNest,Google Ads,16472,368,365.14
2025-10-04,HomeNest,Organic,1898,77,43.24
2025-10-04,HomeNest,Influencer,8877,270,226.96
2025-10-04,HomeNest,Email,3048,90,65.01
2025-10-04,TechEase,Meta Ads,38621,817,645.92
2025-10-04,TechEase,Google Ads,17111,597,450.47
2025-10-04,TechEase,Organic,3399,79,54.97
2025-10-04,TechEase,Influencer,9795,330,234.83
2025-10-04,TechEase,Email,4585,95,81.53
2025-10-04,WellRoot,Meta Ads,14412,494,297.96
2025-10-04,WellRoot,Google Ads,16484,431,398.65
2025-10-04,WellRoot,Organic,2261,77,35.61
2025-10-04,WellRoot,Influencer,5299,200,124.03
2025-10-04,WellRoot,Email,2113,43,54.94
2025-10-05,AuraGlow,Meta Ads,28942,813,486.93
2025-10-05,AuraGlow,Google Ads,15434,680,385.09
2025-10-05,AuraGlow,Organic,2568,89,51.63
2025-10-05,AuraGlow,Influencer,10060,439,242.92
2025-10-05,AuraGlow,Email,3851,109,96.27
2025-10-05,UrbanThread,Meta Ads,23941,957,526.97
2025-10-05,UrbanThread,Google Ads,18836,684,338.22
2025-10-05,UrbanThread,Organic,1923,53,35.52
2025-10-05,UrbanThread,Influencer,9254,276,235.91
2025-10-05,UrbanThread,Email,4836,103,118.84
2025-10-05,HomeNest,Meta Ads,23164,564,443.65
2025-10-05,HomeNest,Google Ads,19197,352,401.01
2025-10-05,HomeNest,Organic,2373,103,45.16
2025-10-05,HomeNest,Influencer,11540,209,259.82
2025-10-05,HomeNest,Email,4891,143,77.15
2025-10-05,TechEase,Meta Ads,32672,1192,694.68
2025-10-05,TechEase,Google Ads,23156,1017,498.21
2025-10-05,TechEase,Organic,2098,42,51.87
2025-10-05,TechEase,Influencer,10790,330,261.99
2025-10-05,TechEase,Email,5038,218,82.16
2025-10-05,WellRoot,Meta Ads,17503,345,484.61
2025-10-05,WellRoot,Google Ads,16307,586,254.9
2025-10-05,WellRoot,Organic,921,25,24.86
2025-10-05,WellRoot,Influencer,12233,407,190.44
2025-10-05,WellRoot,Email,2027,33,57.04
2025-10-06,AuraGlow,Meta Ads,13421,242,381.11
2025-10-06,AuraGlow,Google Ads,12280,209,333.49
2025-10-06,AuraGlow,Organic,1937,83,37.4
2025-10-06,AuraGlow,Influencer,10525,182,293.9
2025-10-06,AuraGlow,Email,4258,154,100.69
2025-10-06,UrbanThread,Meta Ads,31083,969,645.88
2025-10-06,UrbanThread,Google Ads,20205,697,403.21
2025-10-06,UrbanThread,Organic,2176,76,58.88
2025-10-06,UrbanThread,Influencer,8991,310,235.07
2025-10-06,UrbanThread,Email,5525,204,93.74
2025-10-06,HomeNest,Meta Ads,30632,559,570.71
2025-10-06,HomeNest,Google Ads,24046,1004,392.37
2025-10-06,HomeNest,Organic,2720,60,48.23
2025-10-06,HomeNest,Influencer,9027,181,168.57
2025-10-06,HomeNest,Email,3273,53,62.55
2025-10-06,TechEase,Meta Ads,27114,1110,524.65
2025-10-06,TechEase,Google Ads,24044,404,482.05
2025-10-06,TechEase,Organic,1920,85,52.18
2025-10-06,TechEase,Influencer,9532,261,266.25
2025-10-06,TechEase,Email,7080,131,117.96
2025-10-06,WellRoot,Meta Ads,24839,1113,557.95
2025-10-06,WellRoot,Google Ads,14820,271,403.41
2025-10-06,WellRoot,Organic,1448,56,38.52
2025-10-06,WellRoot,Influencer,8941,326,215.74
2025-10-06,WellRoot,Email,2840,66,62.87
2025-10-07,AuraGlow,Meta Ads,17141,286,394.13
2025-10-07,AuraGlow,Google Ads,21704,652,434.14
2025-10-07,AuraGlow,Organic,2039,35,45.85
2025-10-07,AuraGlow,Influencer,11628,188,298.89
2025-10-07,AuraGlow,Email,5918,258,106.91
2025-10-07,UrbanThread,Meta Ads,25253,1023,520.24
2025-10-07,UrbanThread,Google Ads,30702,1148,475.83
2025-10-07,UrbanThread,Organic,2436,71,45.83
2025-10-07,UrbanThread,Influencer,10107,348,227.5
2025-10-07,UrbanThread,Email,6838,112,136.3
2025-10-07,HomeNest,Meta Ads,21907,705,469.3
2025-10-07,HomeNest,Google Ads,19829,880,358.04
2025-10-07,HomeNest,Organic,3592,76,63.33
2025-10-07,HomeNest,Influencer,9830,369,212.73
2025-10-07,HomeNest,Email,5691,116,99.25
2025-10-07,TechEase,Meta Ads,23150,772,395.51
2025-10-07,TechEase,Google Ads,27842,498,516.4
2025-10-07,TechEase,Organic,1807,52,48.43
2025-10-07,TechEase,Influencer,10368,283,290.41
2025-10-07,TechEase,Email,3497,105,69.14
2025-10-07,WellRoot,Meta Ads,18138,455,320.76
2025-10-07,WellRoot,Google Ads,19245,594,302.02
2025-10-07,WellRoot,Organic,1854,79,33.51
2025-10-07,WellRoot,Influencer,7012,184,199.03
2025-10-07,WellRoot,Email,2260,94,58.94
2025-10-08,AuraGlow,Meta Ads,21515,594,474.04
2025-10-08,AuraGlow,Google Ads,18072,657,505.12
2025-10-08,AuraGlow,Organic,2164,69,43.6
2025-10-08,AuraGlow,Influencer,9543,248,194.52
2025-10-08,AuraGlow,Email,4738,80,79.53
2025-10-08,UrbanThread,Meta Ads,20583,365,444.88
2025-10-08,UrbanThread,Google Ads,14672,640,417.64
2025-10-08,UrbanThread,Organic,2164,66,58.56
2025-10-08,UrbanThread,Influencer,18469,347,314.62
2025-10-08,UrbanThread,Email,4604,149,105.2
2025-10-08,HomeNest,Meta Ads,20090,436,445.29
2025-10-08,HomeNest,Google Ads,16959,446,430.99
2025-10-08,HomeNest,Organic,2376,83,55.94
2025-10-08,HomeNest,Influencer,9548,279,189.66
2025-10-08,HomeNest,Email,4210,146,80.72
2025-10-08,TechEase,Meta Ads,22634,643,547.82
2025-10-08,TechEase,Google Ads,16067,294,451.27
2025-10-08,TechEase,Organic,3407,77,60.2
2025-10-08,TechEase,Influencer,11107,236,282.89
2025-10-08,TechEase,Email,4910,205,94.74
2025-10-08,WellRoot,Meta Ads,24901,650,449.62
2025-10-08,WellRoot,Google Ads,10815,163,302.6
2025-10-08,WellRoot,Organic,1287,50,29.37
2025-10-08,WellRoot,Influencer,8568,315,149.5
2025-10-08,WellRoot,Email,3299,103,61.47
2025-10-09,AuraGlow,Meta Ads,27469,772,433.52
2025-10-09,AuraGlow,Google Ads,12496,252,345.73
2025-10-09,AuraGlow,Organic,2277,36,53.32
2025-10-09,AuraGlow,Influencer,7033,116,177.44
2025-10-09,AuraGlow,Email,4884,113,88.87
2025-10-09,UrbanThread,Meta Ads,20403,761,516.22
2025-10-09,UrbanThread,Google Ads,22551,395,479.97
2025-10-09,UrbanThread,Organic,3497,84,57.44
2025-10-09,UrbanThread,Influencer,12678,422,309.29
2025-10-09,UrbanThread,Email,3915,122,103.6
2025-10-09,HomeNest,Meta Ads,15259,680,336.34
2025-10-09,HomeNest,Google Ads,23139,987,379.07
2025-10-09,HomeNest,Organic,2368,68,49.71
2025-10-09,HomeNest,Influencer,10248,312,187.34
2025-10-09,HomeNest,Email,4349,86,81.75
2025-10-09,TechEase,Meta Ads,24038,506,502.95
2025-10-09,TechEase,Google Ads,17329,746,343.44
2025-10-09,TechEase,Organic,3022,104,67.18
2025-10-09,TechEase,Influencer,11219,453,228.18
2025-10-09,TechEase,Email,5259,148,100.32
2025-10-09,WellRoot,Meta Ads,21699,610,346.12
2025-10-09,WellRoot,Google Ads,11403,228,296.91
2025-10-09,WellRoot,Organic,1372,55,26.56
2025-10-09,WellRoot,Influencer,6526,179,177.43
2025-10-09,WellRoot,Email,2557,79,66.18
2025-10-10,AuraGlow,Meta Ads,25152,808,456.84
2025-10-10,AuraGlow,Google Ads,22871,399,525.77
2025-10-10,AuraGlow,Organic,2297,76,41.65
2025-10-10,AuraGlow,Influencer,16802,519,299.26
2025-10-10,AuraGlow,Email,3320,57,85.88
2025-10-10,UrbanThread,Meta Ads,37078,1632,642.79
2025-10-10,UrbanThread,Google Ads,21506,614,429.44
2025-10-10,UrbanThread,Organic,2845,119,49.68
2025-10-10,UrbanThread,Influencer,15011,642,271.23
2025-10-10,UrbanThread,Email,4290,137,74.3
2025-10-10,HomeNest,Meta Ads,17780,417,415.29
2025-10-10,HomeNest,Google Ads,15846,663,319.81
2025-10-10,HomeNest,Organic,2149,95,48.07
2025-10-10,HomeNest,Influencer,8290,297,184.97
2025-10-10,HomeNest,Email,5014,177,99.2
2025-10-10,TechEase,Meta Ads,21292,562,518.51
2025-10-10,TechEase,Google Ads,18667,473,419.91
2025-10-10,TechEase,Organic,1440,30,33.36
2025-10-10,TechEase,Influencer,15185,553,284.09
2025-10-10,TechEase,Email,5456,180,93.73
2025-10-10,WellRoot,Meta Ads,20139,768,437.08
2025-10-10,WellRoot,Google Ads,15464,654,264.77
2025-10-10,WellRoot,Organic,1533,24,31.06
2025-10-10,WellRoot,Influencer,9437,323,201.89
2025-10-10,WellRoot,Email,2615,91,57.35
2025-10-11,AuraGlow,Meta Ads,24256,1070,480.76
2025-10-11,AuraGlow,Google Ads,19663,695,358.76
2025-10-11,AuraGlow,Organic,2161,61,41.48
2025-10-11,AuraGlow,Influencer,9577,259,171.25
2025-10-11,AuraGlow,Email,4304,169,70.14
2025-10-11,UrbanThread,Meta Ads,38785,727,660.83
2025-10-11,UrbanThread,Google Ads,18429,757,412.52
2025-10-11,UrbanThread,Organic,2935,126,50.94
2025-10-11,UrbanThread,Influencer,12619,196,292.1
2025-10-11,UrbanThread,Email,4576,152,100.19
2025-10-11,HomeNest,Meta Ads,27399,874,538.93
2025-10-11,HomeNest,Google Ads,18706,826,317.53
2025-10-11,HomeNest,Organic,2195,78,59.9
2025-10-11,HomeNest,Influencer,9793,430,196.82
2025-10-11,HomeNest,Email,4758,154,77.22
2025-10-11,TechEase,Meta Ads,20622,399,483.84
2025-10-11,TechEase,Google Ads,18186,480,359.15
2025-10-11,TechEase,Organic,2110,63,55.29
2025-10-11,TechEase,Influencer,12517,410,307.69
2025-10-11,TechEase,Email,4586,97,92.97
2025-10-11,WellRoot,Meta Ads,23276,638,397.84
2025-10-11,WellRoot,Google Ads,13203,527,308.82
2025-10-11,WellRoot,Organic,1642,34,28.42
2025-10-11,WellRoot,Influencer,7461,312,181.73
2025-10-11,WellRoot,Email,3987,67,74.62
2025-10-12,AuraGlow,Meta Ads,15624,333,378.02
2025-10-12,AuraGlow,Google Ads,16306,713,434.42
2025-10-12,AuraGlow,Organic,2787,57,52.68
2025-10-12,AuraGlow,Influencer,11099,200,278.26
2025-10-12,AuraGlow,Email,4362,174,97.01
2025-10-12,UrbanThread,Meta Ads,21468,909,507.33
2025-10-12,UrbanThread,Google Ads,21438,603,345.14
2025-10-12,UrbanThread,Organic,1591,37,43.01
2025-10-12,UrbanThread,Influencer,10848,275,263.95
2025-10-12,UrbanThread,Email,5133,126,91.07
2025-10-12,HomeNest,Meta Ads,23859,787,483.22
2025-10-12,HomeNest,Google Ads,19123,433,462.56
2025-10-12,HomeNest,Organic,2713,97,42.44
2025-10-12,HomeNest,Influencer,11832,336,209.53
2025-10-12,HomeNest,Email,2690,69,69.62
2025-10-12,TechEase,Meta Ads,31910,1262,601.13
2025-10-12,TechEase,Google Ads,27615,952,454.97
2025-10-12,TechEase,Organic,1972,83,43.74
2025-10-12,TechEase,Influencer,10111,250,275.2
2025-10-12,TechEase,Email,4348,66,87.71
2025-10-12,WellRoot,Meta Ads,21879,487,396.82
2025-10-12,WellRoot,Google Ads,12289,233,223.29
2025-10-12,WellRoot,Organic,1964,70,45.41
2025-10-12,WellRoot,Influencer,9080,147,164.74
2025-10-12,WellRoot,Email,2663,107,50.84
2025-10-13,AuraGlow,Meta Ads,19493,646,399.73
2025-10-13,AuraGlow,Google Ads,14866,381,384.09
2025-10-13,AuraGlow,Organic,2381,61,36.64
2025-10-13,AuraGlow,Influencer,12845,322,235.66
2025-10-13,AuraGlow,Email,6198,251,101.46
2025-10-13,UrbanThread,Meta Ads,34338,996,608.65
2025-10-13,UrbanThread,Google Ads,25823,854,452.52
2025-10-13,UrbanThread,Organic,1972,81,44.57
2025-10-13,UrbanThread,Influencer,10576,298,246.45
2025-10-13,UrbanThread,Email,3447,68,79.44
2025-10-13,HomeNest,Meta Ads,21647,580,463.65
2025-10-13,HomeNest,Google Ads,23588,856,399.38
2025-10-13,HomeNest,Organic,2516,98,48.14
2025-10-13,HomeNest,Influencer,9842,350,225.24
2025-10-13,HomeNest,Email,3810,77,87.83
2025-10-13,TechEase,Meta Ads,31063,803,565.64
2025-10-13,TechEase,Google Ads,23853,896,469.43
2025-10-13,TechEase,Organic,2014,55,49.05
2025-10-13,TechEase,Influencer,17257,572,278.05
2025-10-13,TechEase,Email,5413,178,109.24
2025-10-13,WellRoot,Meta Ads,11836,361,325.34
2025-10-13,WellRoot,Google Ads,7124,240,199.15
2025-10-13,WellRoot,Organic,1039,17,21.17
2025-10-13,WellRoot,Influencer,7340,318,184.07
2025-10-13,WellRoot,Email,2331,95,44.0
2025-10-14,AuraGlow,Meta Ads,27885,1140,496.74
2025-10-14,AuraGlow,Google Ads,15521,335,398.35
2025-10-14,AuraGlow,Organic,1960,49,55.42
2025-10-14,AuraGlow,Influencer,13462,421,267.35
2025-10-14,AuraGlow,Email,3688,56,102.72
2025-10-14,UrbanThread,Meta Ads,22478,378,483.6
2025-10-14,UrbanThread,Google Ads,23334,511,398.94
2025-10-14,UrbanThread,Organic,2209,73,43.84
2025-10-14,UrbanThread,Influencer,16050,341,275.31
2025-10-14,UrbanThread,Email,5107,88,99.74
2025-10-14,HomeNest,Meta Ads,29526,448,530.69
2025-10-14,HomeNest,Google Ads,21511,535,421.35
2025-10-14,HomeNest,Organic,2285,96,35.86
2025-10-14,HomeNest,Influencer,10336,311,249.29
2025-10-14,HomeNest,Email,2934,90,75.1
2025-10-14,TechEase,Meta Ads,22780,357,487.58
2025-10-14,TechEase,Google Ads,12998,437,306.68
2025-10-14,TechEase,Organic,2065,53,39.13
2025-10-14,TechEase,Influencer,11611,501,198.62
2025-10-14,TechEase,Email,7548,115,128.44
2025-10-14,WellRoot,Meta Ads,24548,810,396.91
2025-10-14,WellRoot,Google Ads,19469,816,301.11
2025-10-14,WellRoot,Organic,1976,54,39.88
2025-10-14,WellRoot,Influencer,6865,274,143.92
2025-10-14,WellRoot,Email,3883,92,92.49
2025-10-15,AuraGlow,Meta Ads,34207,538,531.45
2025-10-15,AuraGlow,Google Ads,22885,374,412.29
2025-10-15,AuraGlow,Organic,2786,103,53.71
2025-10-15,AuraGlow,Influencer,8374,350,236.39
2025-10-15,AuraGlow,Email,4891,208,77.99
2025-10-15,UrbanThread,Meta Ads,27235,645,633.74
2025-10-15,UrbanThread,Google Ads,19020,446,445.94
2025-10-15,UrbanThread,Organic,2057,80,44.65
2025-10-15,UrbanThread,Influencer,11215,458,261.92
2025-10-15,UrbanThread,Email,4662,70,78.85
2025-10-15,HomeNest,Meta Ads,31099,848,532.15
2025-10-15,HomeNest,Google Ads,15058,635,401.08
2025-10-15,HomeNest,Organic,1694,42,39.94
2025-10-15,HomeNest,Influencer,9284,184,195.59
2025-10-15,HomeNest,Email,2756,77,61.97
2025-10-15,TechEase,Meta Ads,19225,682,525.62
2025-10-15,TechEase,Google Ads,15602,557,440.54
2025-10-15,TechEase,Organic,1723,61,42.88
2025-10-15,TechEase,Influencer,12094,403,260.04
2025-10-15,TechEase,Email,5615,182,106.95
2025-10-15,WellRoot,Meta Ads,19193,510,451.92
2025-10-15,WellRoot,Google Ads,10730,301,182.91
2025-10-15,WellRoot,Organic,1502,35,27.18
2025-10-15,WellRoot,Influencer,11867,236,228.92
2025-10-15,WellRoot,Email,3390,135,54.92
2025-10-16,AuraGlow,Meta Ads,24424,908,483.35
2025-10-16,AuraGlow,Google Ads,22028,955,351.9
2025-10-16,AuraGlow,Organic,1981,66,36.75
2025-10-16,AuraGlow,Influencer,9404,197,245.67
2025-10-16,AuraGlow,Email,5624,145,87.82
2025-10-16,UrbanThread,Meta Ads,21975,703,488.12
2025-10-16,UrbanThread,Google Ads,24180,1040,382.9
2025-10-16,UrbanThread,Organic,2282,80,39.82
2025-10-16,UrbanThread,Influencer,18652,377,304.4
2025-10-16,UrbanThread,Email,5468,85,114.29
2025-10-16,HomeNest,Meta Ads,10279,412,282.56
2025-10-16,HomeNest,Google Ads,13614,491,381.78
2025-10-16,HomeNest,Organic,2416,106,47.99
2025-10-16,HomeNest,Influencer,5583,243,158.6
2025-10-16,HomeNest,Email,4267,155,95.85
2025-10-16,TechEase,Meta Ads,24550,980,537.34
2025-10-16,TechEase,Google Ads,19919,597,397.91
2025-10-16,TechEase,Organic,2614,52,45.05
2025-10-16,TechEase,Influencer,14972,532,297.34
2025-10-16,TechEase,Email,4816,126,104.88
2025-10-16,WellRoot,Meta Ads,23599,1036,425.19
2025-10-16,WellRoot,Google Ads,13222,267,264.39
2025-10-16,WellRoot,Organic,1754,53,37.03
2025-10-16,WellRoot,Influencer,9230,213,263.13
2025-10-16,WellRoot,Email,4000,96,68.38
2025-10-17,AuraGlow,Meta Ads,31353,942,506.57
2025-10-17,AuraGlow,Google Ads,19748,409,452.76
2025-10-17,AuraGlow,Organic,2008,66,37.35
2025-10-17,AuraGlow,Influencer,4972,200,129.27
2025-10-17,AuraGlow,Email,4851,201,95.63
2025-10-17,UrbanThread,Meta Ads,24677,740,436.93
2025-10-17,UrbanThread,Google Ads,22719,557,422.0
2025-10-17,UrbanThread,Organic,2448,63,44.17
2025-10-17,UrbanThread,Influencer,11654,396,252.1
2025-10-17,UrbanThread,Email,4194,109,97.84
2025-10-17,HomeNest,Meta Ads,29656,907,476.97
2025-10-17,HomeNest,Google Ads,21169,550,451.18
2025-10-17,HomeNest,Organic,1413,61,25.82
2025-10-17,HomeNest,Influencer,11135,195,202.85
2025-10-17,HomeNest,Email,4618,182,81.1
2025-10-17,TechEase,Meta Ads,35503,1108,558.38
2025-10-17,TechEase,Google Ads,22134,687,375.53
2025-10-17,TechEase,Organic,2072,32,56.25
2025-10-17,TechEase,Influencer,16952,326,267.75
2025-10-17,TechEase,Email,5265,166,115.63
2025-10-17,WellRoot,Meta Ads,20494,856,376.68
2025-10-17,WellRoot,Google Ads,13820,389,277.76
2025-10-17,WellRoot,Organic,1647,39,30.96
2025-10-17,WellRoot,Influencer,9158,314,220.06
2025-10-17,WellRoot,Email,4197,111,73.89
2025-10-18,AuraGlow,Meta Ads,25258,675,419.69
2025-10-18,AuraGlow,Google Ads,25447,972,480.79
2025-10-18,AuraGlow,Organic,2125,90,45.32
2025-10-18,AuraGlow,Influencer,10406,265,202.39
2025-10-18,AuraGlow,Email,4838,95,104.98
2025-10-18,UrbanThread,Meta Ads,20010,849,472.77
2025-10-18,UrbanThread,Google Ads,28553,937,500.98
2025-10-18,UrbanThread,Organic,2948,102,46.06
2025-10-18,UrbanThread,Influencer,15206,465,248.29
2025-10-18,UrbanThread,Email,5131,119,95.34
2025-10-18,HomeNest,Meta Ads,22383,596,470.18
2025-10-18,HomeNest,Google Ads,24682,700,423.68
2025-10-18,HomeNest,Organic,2097,65,45.06
2025-10-18,HomeNest,Influencer,11352,233,247.6
2025-10-18,HomeNest,Email,6328,274,99.47
2025-10-18,TechEase,Meta Ads,19336,404,412.49
2025-10-18,TechEase,Google Ads,14306,229,352.1
2025-10-18,TechEase,Organic,2105,59,48.15
2025-10-18,TechEase,Influencer,12587,431,272.07
2025-10-18,TechEase,Email,5585,204,93.3
2025-10-18,WellRoot,Meta Ads,21641,578,373.99
2025-10-18,WellRoot,Google Ads,15501,584,310.81
2025-10-18,WellRoot,Organic,1580,36,44.51
2025-10-18,WellRoot,Influencer,9168,202,160.11
2025-10-18,WellRoot,Email,3945,120,60.85
2025-10-19,AuraGlow,Meta Ads,29269,559,490.32
2025-10-19,AuraGlow,Google Ads,13976,449,394.72
2025-10-19,AuraGlow,Organic,2233,96,39.9
2025-10-19,AuraGlow,Influencer,12003,444,214.39
2025-10-19,AuraGlow,Email,4365,113,82.28
2025-10-19,UrbanThread,Meta Ads,34239,1094,571.05
2025-10-19,UrbanThread,Google Ads,28910,1181,454.82
2025-10-19,UrbanThread,Organic,3039,100,49.08
2025-10-19,UrbanThread,Influencer,14266,382,350.06
2025-10-19,UrbanThread,Email,4116,82,89.92
2025-10-19,HomeNest,Meta Ads,18163,801,324.77
2025-10-19,HomeNest,Google Ads,18606,492,362.09
2025-10-19,HomeNest,Organic,3082,97,51.03
2025-10-19,HomeNest,Influencer,6849,269,168.87
2025-10-19,HomeNest,Email,2761,110,75.9
2025-10-19,TechEase,Meta Ads,21398,833,471.63
2025-10-19,TechEase,Google Ads,13355,234,363.96
2025-10-19,TechEase,Organic,2229,63,41.3
2025-10-19,TechEase,Influencer,13674,267,293.31
2025-10-19,TechEase,Email,4351,143,93.66
2025-10-19,WellRoot,Meta Ads,25536,829,435.33
2025-10-19,WellRoot,Google Ads,16867,623,288.51
2025-10-19,WellRoot,Organic,2003,78,42.42
2025-10-19,WellRoot,Influencer,11700,233,239.34
2025-10-19,WellRoot,Email,2147,49,51.02
2025-10-20,AuraGlow,Meta Ads,24890,573,607.67
2025-10-20,AuraGlow,Google Ads,21655,644,374.86
2025-10-20,AuraGlow,Organic,1857,36,42.61
2025-10-20,AuraGlow,Influencer,11641,400,218.95
2025-10-20,AuraGlow,Email,4400,131,75.55
2025-10-20,UrbanThread,Meta Ads,28903,885,502.33
2025-10-20,UrbanThread,Google Ads,21173,404,484.06
2025-10-20,UrbanThread,Organic,2009,77,50.72
2025-10-20,UrbanThread,Influencer,19353,535,305.91
2025-10-20,UrbanThread,Email,4090,101,101.64
2025-10-20,HomeNest,Meta Ads,19590,803,527.13
2025-10-20,HomeNest,Google Ads,14810,399,355.7
2025-10-20,HomeNest,Organic,2387,46,46.49
2025-10-20,HomeNest,Influencer,14356,411,229.26
2025-10-20,HomeNest,Email,3716,112,77.77
2025-10-20,TechEase,Meta Ads,27863,455,651.2
2025-10-20,TechEase,Google Ads,14943,293,410.85
2025-10-20,TechEase,Organic,2783,109,67.71
2025-10-20,TechEase,Influencer,9349,283,246.04
2025-10-20,TechEase,Email,4673,199,101.56
2025-10-20,WellRoot,Meta Ads,16242,481,427.04
2025-10-20,WellRoot,Google Ads,11168,292,264.38
2025-10-20,WellRoot,Organic,1095,42,26.93
2025-10-20,WellRoot,Influencer,9822,174,170.92
2025-10-20,WellRoot,Email,3081,85,87.99
2025-10-21,AuraGlow,Meta Ads,29050,954,449.63
2025-10-21,AuraGlow,Google Ads,11824,270,267.74
2025-10-21,AuraGlow,Organic,2123,54,42.01
2025-10-21,AuraGlow,Influencer,10481,451,292.58
2025-10-21,AuraGlow,Email,4209,155,98.78
2025-10-21,UrbanThread,Meta Ads,27849,561,642.79
2025-10-21,UrbanThread,Google Ads,19262,418,391.17
2025-10-21,UrbanThread,Organic,2391,93,54.39
2025-10-21,UrbanThread,Influencer,18006,591,306.08
2025-10-21,UrbanThread,Email,5915,200,92.97
2025-10-21,HomeNest,Meta Ads,29178,623,638.22
2025-10-21,HomeNest,Google Ads,15883,528,335.85
2025-10-21,HomeNest,Organic,1958,72,31.05
2025-10-21,HomeNest,Influencer,18325,665,296.2
2025-10-21,HomeNest,Email,6954,250,107.99
2025-10-21,TechEase,Meta Ads,28809,953,571.03
2025-10-21,TechEase,Google Ads,23079,729,427.47
2025-10-21,TechEase,Organic,1901,69,44.42
2025-10-21,TechEase,Influencer,14566,583,246.21
2025-10-21,TechEase,Email,7072,304,124.35
2025-10-21,WellRoot,Meta Ads,27897,1136,476.04
2025-10-21,WellRoot,Google Ads,18800,474,294.72
2025-10-21,WellRoot,Organic,444,13,12.09
2025-10-21,WellRoot,Influencer,8501,201,173.65
2025-10-21,WellRoot,Email,1816,30,37.19
2025-10-22,AuraGlow,Meta Ads,24625,755,572.8
2025-10-22,AuraGlow,Google Ads,17859,349,468.12
2025-10-22,AuraGlow,Organic,1818,43,36.83
2025-10-22,AuraGlow,Influencer,11694,319,228.64
2025-10-22,AuraGlow,Email,4002,150,82.46
2025-10-22,UrbanThread,Meta Ads,21973,892,548.35
2025-10-22,UrbanThread,Google Ads,22840,486,415.05
2025-10-22,UrbanThread,Organic,2900,85,63.29
2025-10-22,UrbanThread,Influencer,20646,478,319.26
2025-10-22,UrbanThread,Email,4249,135,96.11
2025-10-22,HomeNest,Meta Ads,33350,821,536.69
2025-10-22,HomeNest,Google Ads,18505,350,366.09
2025-10-22,HomeNest,Organic,2729,42,46.4
2025-10-22,HomeNest,Influencer,11247,410,210.05
2025-10-22,HomeNest,Email,4477,138,103.1
2025-10-22,TechEase,Meta Ads,20214,887,556.61
2025-10-22,TechEase,Google Ads,22694,871,423.95
2025-10-22,TechEase,Organic,2605,90,60.83
2025-10-22,TechEase,Influencer,15707,600,272.68
2025-10-22,TechEase,Email,2998,46,85.04
2025-10-22,WellRoot,Meta Ads,18750,338,355.87
2025-10-22,WellRoot,Google Ads,14667,333,365.32
2025-10-22,WellRoot,Organic,1925,55,35.52
2025-10-22,WellRoot,Influencer,13260,264,204.83
2025-10-22,WellRoot,Email,2951,95,68.31
2025-10-23,AuraGlow,Meta Ads,28244,648,649.25
2025-10-23,AuraGlow,Google Ads,14165,477,313.39
2025-10-23,AuraGlow,Organic,2118,85,49.46
2025-10-23,AuraGlow,Influencer,12345,256,247.88
2025-10-23,AuraGlow,Email,3697,116,88.52
2025-10-23,UrbanThread,Meta Ads,38812,1577,636.77
2025-10-23,UrbanThread,Google Ads,25410,422,461.38
2025-10-23,UrbanThread,Organic,3583,151,61.66
2025-10-23,UrbanThread,Influencer,9533,192,264.53
2025-10-23,UrbanThread,Email,5472,236,112.26
2025-10-23,HomeNest,Meta Ads,25975,434,435.81
2025-10-23,HomeNest,Google Ads,22726,686,400.8
2025-10-23,HomeNest,Organic,2079,37,32.09
2025-10-23,HomeNest,Influencer,6236,131,177.98
2025-10-23,HomeNest,Email,3329,56,75.74
2025-10-23,TechEase,Meta Ads,26679,1055,490.25
2025-10-23,TechEase,Google Ads,16443,296,282.58
2025-10-23,TechEase,Organic,1783,65,46.11
2025-10-23,TechEase,Influencer,10861,418,251.14
2025-10-23,TechEase,Email,5867,249,100.97
2025-10-23,WellRoot,Meta Ads,17015,666,318.59
2025-10-23,WellRoot,Google Ads,14817,651,368.33
2025-10-23,WellRoot,Organic,1935,78,47.45
2025-10-23,WellRoot,Influencer,11233,183,219.03
2025-10-23,WellRoot,Email,2595,73,62.85
2025-10-24,AuraGlow,Meta Ads,21351,388,573.1
2025-10-24,AuraGlow,Google Ads,15961,715,310.63
2025-10-24,AuraGlow,Organic,1817,77,44.86
2025-10-24,AuraGlow,Influencer,10292,417,247.3
2025-10-24,AuraGlow,Email,4730,127,72.81
2025-10-24,UrbanThread,Meta Ads,26362,880,575.01
2025-10-24,UrbanThread,Google Ads,16696,391,264.49
2025-10-24,UrbanThread,Organic,2387,89,46.07
2025-10-24,UrbanThread,Influencer,17528,551,388.5
2025-10-24,UrbanThread,Email,6838,287,126.94
2025-10-24,HomeNest,Meta Ads,26922,942,570.98
2025-10-24,HomeNest,Google Ads,15177,402,381.81
2025-10-24,HomeNest,Organic,2041,66,42.68
2025-10-24,HomeNest,Influencer,10187,444,165.65
2025-10-24,HomeNest,Email,5764,137,102.54
2025-10-24,TechEase,Meta Ads,38773,1244,598.24
2025-10-24,TechEase,Google Ads,16221,611,406.55
2025-10-24,TechEase,Organic,1598,70,41.29
2025-10-24,TechEase,Influencer,15938,292,330.99
2025-10-24,TechEase,Email,4578,94,87.97
2025-10-24,WellRoot,Meta Ads,30241,501,507.24
2025-10-24,WellRoot,Google Ads,14359,541,241.92
2025-10-24,WellRoot,Organic,1938,49,37.75
2025-10-24,WellRoot,Influencer,6266,212,148.18
2025-10-24,WellRoot,Email,3850,155,72.08
2025-10-25,AuraGlow,Meta Ads,16459,478,438.44
2025-10-25,AuraGlow,Google Ads,17224,327,375.7
2025-10-25,AuraGlow,Organic,2158,47,55.5
2025-10-25,AuraGlow,Influencer,8294,261,190.45
2025-10-25,AuraGlow,Email,4125,178,95.74
2025-10-25,UrbanThread,Meta Ads,21463,608,524.5
2025-10-25,UrbanThread,Google Ads,29219,1226,532.46
2025-10-25,UrbanThread,Organic,2350,39,46.03
2025-10-25,UrbanThread,Influencer,15846,459,338.31
2025-10-25,UrbanThread,Email,4337,98,110.94
2025-10-25,HomeNest,Meta Ads,23644,361,537.9
2025-10-25,HomeNest,Google Ads,13081,429,362.93
2025-10-25,HomeNest,Organic,1884,84,34.98
2025-10-25,HomeNest,Influencer,14745,449,263.13
2025-10-25,HomeNest,Email,2504,71,60.72
2025-10-25,TechEase,Meta Ads,23855,817,626.9
2025-10-25,TechEase,Google Ads,12896,252,324.02
2025-10-25,TechEase,Organic,2180,51,36.7
2025-10-25,TechEase,Influencer,14584,548,321.37
2025-10-25,TechEase,Email,5174,114,86.25
2025-10-25,WellRoot,Meta Ads,26123,692,488.25
2025-10-25,WellRoot,Google Ads,11343,239,310.81
2025-10-25,WellRoot,Organic,1476,25,36.52
2025-10-25,WellRoot,Influencer,14911,271,230.82
2025-10-25,WellRoot,Email,3001,99,58.34
2025-10-26,AuraGlow,Meta Ads,25417,1064,480.87
2025-10-26,AuraGlow,Google Ads,26367,1035,477.18
2025-10-26,AuraGlow,Organic,1753,72,39.1
2025-10-26,AuraGlow,Influencer,14942,363,265.21
2025-10-26,AuraGlow,Email,5393,120,97.21
2025-10-26,UrbanThread,Meta Ads,35469,832,619.22
2025-10-26,UrbanThread,Google Ads,20102,396,477.9
2025-10-26,UrbanThread,Organic,2199,37,44.67
2025-10-26,UrbanThread,Influencer,12714,346,301.04
2025-10-26,UrbanThread,Email,3609,122,92.48
2025-10-26,HomeNest,Meta Ads,42427,1730,655.28
2025-10-26,HomeNest,Google Ads,11720,303,250.19
2025-10-26,HomeNest,Organic,2118,60,58.35
2025-10-26,HomeNest,Influencer,11579,462,256.64
2025-10-26,HomeNest,Email,4809,126,106.08
2025-10-26,TechEase,Meta Ads,25200,702,677.14
2025-10-26,TechEase,Google Ads,15691,608,443.77
2025-10-26,TechEase,Organic,1552,30,41.9
2025-10-26,TechEase,Influencer,13947,401,237.29
2025-10-26,TechEase,Email,5261,83,91.84
2025-10-26,WellRoot,Meta Ads,12775,257,279.73
2025-10-26,WellRoot,Google Ads,16106,400,383.6
2025-10-26,WellRoot,Organic,1498,30,29.54
2025-10-26,WellRoot,Influencer,8220,269,162.83
2025-10-26,WellRoot,Email,2920,70,70.62
2025-10-27,AuraGlow,Meta Ads,29288,1259,480.01
2025-10-27,AuraGlow,Google Ads,14398,238,361.65
2025-10-27,AuraGlow,Organic,1113,36,31.52
2025-10-27,AuraGlow,Influencer,11607,198,272.65
2025-10-27,AuraGlow,Email,4015,90,95.91
2025-10-27,UrbanThread,Meta Ads,40186,937,680.27
2025-10-27,UrbanThread,Google Ads,20856,436,445.82
2025-10-27,UrbanThread,Organic,1895,79,46.63
2025-10-27,UrbanThread,Influencer,14782,516,237.29
2025-10-27,UrbanThread,Email,7002,202,118.91
2025-10-27,HomeNest,Meta Ads,14801,404,298.23
2025-10-27,HomeNest,Google Ads,16770,592,335.71
2025-10-27,HomeNest,Organic,2043,86,36.54
2025-10-27,HomeNest,Influencer,11149,438,214.74
2025-10-27,HomeNest,Email,5104,164,89.14
2025-10-27,TechEase,Meta Ads,35094,929,676.77
2025-10-27,TechEase,Google Ads,15276,495,331.94
2025-10-27,TechEase,Organic,2918,81,45.44
2025-10-27,TechEase,Influencer,16002,347,287.4
2025-10-27,TechEase,Email,2671,83,70.7
2025-10-27,WellRoot,Meta Ads,23464,515,410.78
2025-10-27,WellRoot,Google Ads,17607,625,330.63
2025-10-27,WellRoot,Organic,1757,52,30.91
2025-10-27,WellRoot,Influencer,8483,356,168.72
2025-10-27,WellRoot,Email,3312,116,74.01
2025-10-28,AuraGlow,Meta Ads,16990,629,453.27
2025-10-28,AuraGlow,Google Ads,22435,864,368.55
2025-10-28,AuraGlow,Organic,1359,30,32.28
2025-10-28,AuraGlow,Influencer,12907,578,230.41
2025-10-28,AuraGlow,Email,2913,71,82.99
2025-10-28,UrbanThread,Meta Ads,21258,750,522.96
2025-10-28,UrbanThread,Google Ads,19260,311,458.59
2025-10-28,UrbanThread,Organic,2364,78,59.1
2025-10-28,UrbanThread,Influencer,10412,235,262.74
2025-10-28,UrbanThread,Email,5594,119,116.55
2025-10-28,HomeNest,Meta Ads,25780,1155,496.98
2025-10-28,HomeNest,Google Ads,21574,378,472.62
2025-10-28,HomeNest,Organic,1589,55,34.54
2025-10-28,HomeNest,Influencer,6797,154,167.7
2025-10-28,HomeNest,Email,3297,142,75.11
2025-10-28,TechEase,Meta Ads,39229,1153,609.33
2025-10-28,TechEase,Google Ads,24654,968,431.94
2025-10-28,TechEase,Organic,1733,31,40.92
2025-10-28,TechEase,Influencer,17496,374,292.78
2025-10-28,TechEase,Email,5550,178,99.17
2025-10-28,WellRoot,Meta Ads,20084,430,336.46
2025-10-28,WellRoot,Google Ads,13380,256,221.7
2025-10-28,WellRoot,Organic,2004,58,40.15
2025-10-28,WellRoot,Influencer,7461,321,201.57
2025-10-28,WellRoot,Email,2353,64,53.73
2025-10-29,AuraGlow,Meta Ads,18613,652,441.07
2025-10-29,AuraGlow,Google Ads,19804,297,374.67
2025-10-29,AuraGlow,Organic,2368,84,44.26
2025-10-29,AuraGlow,Influencer,10209,431,189.63
2025-10-29,AuraGlow,Email,4827,96,83.67
2025-10-29,UrbanThread,Meta Ads,26999,901,492.11
2025-10-29,UrbanThread,Google Ads,12429,400,354.64
2025-10-29,UrbanThread,Organic,2806,101,48.43
2025-10-29,UrbanThread,Influencer,19155,583,337.25
2025-10-29,UrbanThread,Email,7075,278,118.75
2025-10-29,HomeNest,Meta Ads,20844,452,490.47
2025-10-29,HomeNest,Google Ads,20726,539,367.07
2025-10-29,HomeNest,Organic,2750,99,42.6
2025-10-29,HomeNest,Influencer,15569,233,240.99
2025-10-29,HomeNest,Email,3776,57,79.62
2025-10-29,TechEase,Meta Ads,27975,430,627.58
2025-10-29,TechEase,Google Ads,19414,378,462.9
2025-10-29,TechEase,Organic,2143,75,39.17
2025-10-29,TechEase,Influencer,8943,288,227.56
2025-10-29,TechEase,Email,3155,59,81.83
2025-10-29,WellRoot,Meta Ads,16438,539,345.33
2025-10-29,WellRoot,Google Ads,17427,712,355.03
2025-10-29,WellRoot,Organic,1215,26,22.34
2025-10-29,WellRoot,Influencer,5927,93,167.67
2025-10-29,WellRoot,Email,5666,176,88.73
2025-10-30,AuraGlow,Meta Ads,20276,669,369.58
2025-10-30,AuraGlow,Google Ads,19985,506,337.71
2025-10-30,AuraGlow,Organic,1545,52,38.12
2025-10-30,AuraGlow,Influencer,9259,279,251.86
2025-10-30,AuraGlow,Email,4577,83,79.76
2025-10-30,UrbanThread,Meta Ads,25789,401,640.28
2025-10-30,UrbanThread,Google Ads,22530,742,395.73
2025-10-30,UrbanThread,Organic,3622,91,62.21
2025-10-30,UrbanThread,Influencer,8869,185,230.62
2025-10-30,UrbanThread,Email,3440,128,79.4
2025-10-30,HomeNest,Meta Ads,35445,1301,669.03
2025-10-30,HomeNest,Google Ads,19120,299,302.2
2025-10-30,HomeNest,Organic,2926,57,54.81
2025-10-30,HomeNest,Influencer,6772,166,192.26
2025-10-30,HomeNest,Email,4365,100,91.21
2025-10-30,TechEase,Meta Ads,28861,653,553.41
2025-10-30,TechEase,Google Ads,17715,738,330.97
2025-10-30,TechEase,Organic,2316,89,47.28
2025-10-30,TechEase,Influencer,17796,300,300.11
2025-10-30,TechEase,Email,2709,98,70.19
2025-10-30,WellRoot,Meta Ads,19963,736,402.43
2025-10-30,WellRoot,Google Ads,20333,850,317.26
2025-10-30,WellRoot,Organic,1077,47,26.19
2025-10-30,WellRoot,Influencer,7189,266,110.93
2025-10-30,WellRoot,Email,2090,60,58.36
2025-10-31,AuraGlow,Meta Ads,28629,736,444.62
2025-10-31,AuraGlow,Google Ads,22266,559,382.56
2025-10-31,AuraGlow,Organic,2235,34,38.61
2025-10-31,AuraGlow,Influencer,13364,242,246.97
2025-10-31,AuraGlow,Email,4325,112,74.77
2025-10-31,UrbanThread,Meta Ads,24615,859,413.83
2025-10-31,UrbanThread,Google Ads,26709,828,499.77
2025-10-31,UrbanThread,Organic,2686,114,50.71
2025-10-31,UrbanThread,Influencer,12879,256,208.92
2025-10-31,UrbanThread,Email,3010,113,76.11
2025-10-31,HomeNest,Meta Ads,18724,514,415.64
2025-10-31,HomeNest,Google Ads,12354,379,328.14
2025-10-31,HomeNest,Organic,2350,61,39.18
2025-10-31,HomeNest,Influencer,9862,221,203.05
2025-10-31,HomeNest,Email,3239,118,88.82
2025-10-31,TechEase,Meta Ads,18807,350,499.65
2025-10-31,TechEase,Google Ads,17904,364,334.97
2025-10-31,TechEase,Organic,2835,120,45.69
2025-10-31,TechEase,Influencer,11039,440,271.39
2025-10-31,TechEase,Email,5654,180,106.72
2025-10-31,WellRoot,Meta Ads,18600,586,502.65
2025-10-31,WellRoot,Google Ads,11878,350,225.15
2025-10-31,WellRoot,Organic,2248,70,38.89
2025-10-31,WellRoot,Influencer,7250,241,128.99
2025-10-31,WellRoot,Email,5057,166,92.54
2025-11-01,AuraGlow,Meta Ads,26317,946,469.2
2025-11-01,AuraGlow,Google Ads,21759,338,367.32
2025-11-01,AuraGlow,Organic,2144,77,46.87
2025-11-01,AuraGlow,Influencer,10427,411,174.42
2025-11-01,AuraGlow,Email,3369,67,87.89
2025-11-01,UrbanThread,Meta Ads,34744,1332,544.69
2025-11-01,UrbanThread,Google Ads,20867,698,361.96
2025-11-01,UrbanThread,Organic,2549,78,46.35
2025-11-01,UrbanThread,Influencer,19105,306,336.5
2025-11-01,UrbanThread,Email,5034,207,108.73
2025-11-01,HomeNest,Meta Ads,13504,512,385.84
2025-11-01,HomeNest,Google Ads,20567,853,354.41
2025-11-01,HomeNest,Organic,2092,90,42.99
2025-11-01,HomeNest,Influencer,12381,312,231.44
2025-11-01,HomeNest,Email,5933,92,110.26
2025-11-01,TechEase,Meta Ads,26063,1162,537.93
2025-11-01,TechEase,Google Ads,16074,638,397.49
2025-11-01,TechEase,Organic,1984,85,55.27
2025-11-01,TechEase,Influencer,15321,448,244.49
2025-11-01,TechEase,Email,3553,132,92.06
2025-11-01,WellRoot,Meta Ads,14721,586,282.55
2025-11-01,WellRoot,Google Ads,17923,600,294.76
2025-11-01,WellRoot,Organic,1098,24,26.02
2025-11-01,WellRoot,Influencer,8651,364,169.18
2025-11-01,WellRoot,Email,3479,106,65.03
2025-11-02,AuraGlow,Meta Ads,30826,1238,523.3
2025-11-02,AuraGlow,Google Ads,22364,442,423.21
2025-11-02,AuraGlow,Organic,1931,79,37.4
2025-11-02,AuraGlow,Influencer,10401,261,231.94
2025-11-02,AuraGlow,Email,3962,148,99.03
2025-11-02,UrbanThread,Meta Ads,42697,902,749.49
2025-11-02,UrbanThread,Google Ads,22492,705,415.52
2025-11-02,UrbanThread,Organic,3742,105,61.6
2025-11-02,UrbanThread,Influencer,18275,483,284.77
2025-11-02,UrbanThread,Email,3428,130,93.29
2025-11-02,HomeNest,Meta Ads,21878,974,492.17
2025-11-02,HomeNest,Google Ads,11459,188,314.08
2025-11-02,HomeNest,Organic,2429,99,41.39
2025-11-02,HomeNest,Influencer,10396,368,220.13
2025-11-02,HomeNest,Email,4869,196,78.5
2025-11-02,TechEase,Meta Ads,20216,591,554.85
2025-11-02,TechEase,Google Ads,21830,769,364.55
2025-11-02,TechEase,Organic,2106,42,43.35
2025-11-02,TechEase,Influencer,10453,265,244.32
2025-11-02,TechEase,Email,2998,115,83.79
2025-11-02,WellRoot,Meta Ads,23906,790,488.11
2025-11-02,WellRoot,Google Ads,15730,535,327.5
2025-11-02,WellRoot,Organic,1186,25,19.36
2025-11-02,WellRoot,Influencer,9744,369,201.54
2025-11-02,WellRoot,Email,3505,148,86.34
2025-11-03,AuraGlow,Meta Ads,15470,639,390.31
2025-11-03,AuraGlow,Google Ads,23094,493,401.3
2025-11-03,AuraGlow,Organic,2633,109,41.08
2025-11-03,AuraGlow,Influencer,19969,438,327.9
2025-11-03,AuraGlow,Email,3325,99,79.89
2025-11-03,UrbanThread,Meta Ads,29685,549,495.03
2025-11-03,UrbanThread,Google Ads,31481,1130,492.46
2025-11-03,UrbanThread,Organic,1651,69,45.72
2025-11-03,UrbanThread,Influencer,18750,727,311.78
2025-11-03,UrbanThread,Email,6571,281,103.09
2025-11-03,HomeNest,Meta Ads,24037,958,429.68
2025-11-03,HomeNest,Google Ads,17270,676,472.94
2025-11-03,HomeNest,Organic,1543,52,37.33
2025-11-03,HomeNest,Influencer,7871,143,196.33
2025-11-03,HomeNest,Email,3901,150,93.5
2025-11-03,TechEase,Meta Ads,22582,420,444.74
2025-11-03,TechEase,Google Ads,17532,588,319.76
2025-11-03,TechEase,Organic,2683,79,52.14
2025-11-03,TechEase,Influencer,10869,442,229.49
2025-11-03,TechEase,Email,6090,161,96.23
2025-11-03,WellRoot,Meta Ads,24186,746,433.26
2025-11-03,WellRoot,Google Ads,25291,853,434.52
2025-11-03,WellRoot,Organic,1715,68,32.85
2025-11-03,WellRoot,Influencer,11414,377,221.69
2025-11-03,WellRoot,Email,3197,110,77.65
2025-11-04,AuraGlow,Meta Ads,19044,384,476.49
2025-11-04,AuraGlow,Google Ads,18231,541,453.16
2025-11-04,AuraGlow,Organic,2262,63,42.44
2025-11-04,AuraGlow,Influencer,10891,384,239.61
2025-11-04,AuraGlow,Email,3057,67,77.47
2025-11-04,UrbanThread,Meta Ads,29414,1006,630.66
2025-11-04,UrbanThread,Google Ads,18543,399,373.0
2025-11-04,UrbanThread,Organic,3484,101,53.82
2025-11-04,UrbanThread,Influencer,13793,595,259.25
2025-11-04,UrbanThread,Email,3709,154,77.66
2025-11-04,HomeNest,Meta Ads,14742,576,396.22
2025-11-04,HomeNest,Google Ads,13786,539,266.72
2025-11-04,HomeNest,Organic,2243,38,40.97
2025-11-04,HomeNest,Influencer,9582,357,231.11
2025-11-04,HomeNest,Email,3627,145,78.94
2025-11-04,TechEase,Meta Ads,35951,788,643.06
2025-11-04,TechEase,Google Ads,23015,700,495.44
2025-11-04,TechEase,Organic,2308,65,52.13
2025-11-04,TechEase,Influencer,14666,521,233.49
2025-11-04,TechEase,Email,4639,163,98.47
2025-11-04,WellRoot,Meta Ads,25268,1113,391.55
2025-11-04,WellRoot,Google Ads,8240,330,206.03
2025-11-04,WellRoot,Organic,1202,49,23.03
2025-11-04,WellRoot,Influencer,8657,365,157.11
2025-11-04,WellRoot,Email,3541,144,59.0
2025-11-05,AuraGlow,Meta Ads,18640,560,516.31
2025-11-05,AuraGlow,Google Ads,12176,410,244.35
2025-11-05,AuraGlow,Organic,2386,36,38.38
2025-11-05,AuraGlow,Influencer,11596,275,234.32
2025-11-05,AuraGlow,Email,5119,221,90.58
2025-11-05,UrbanThread,Meta Ads,34332,1535,634.69
2025-11-05,UrbanThread,Google Ads,26913,823,420.28
2025-11-05,UrbanThread,Organic,1994,53,49.82
2025-11-05,UrbanThread,Influencer,7463,123,212.86
2025-11-05,UrbanThread,Email,5363,103,87.7
2025-11-05,HomeNest,Meta Ads,27012,1022,500.52
2025-11-05,HomeNest,Google Ads,16802,507,353.94
2025-11-05,HomeNest,Organic,1224,35,33.18
2025-11-05,HomeNest,Influencer,8853,198,213.92
2025-11-05,HomeNest,Email,5656,180,88.8
2025-11-05,TechEase,Meta Ads,25835,711,522.61
2025-11-05,TechEase,Google Ads,16365,708,432.76
2025-11-05,TechEase,Organic,2789,103,53.11
2025-11-05,TechEase,Influencer,13090,231,227.68
2025-11-05,TechEase,Email,4617,154,81.13
2025-11-05,WellRoot,Meta Ads,17207,367,464.95
2025-11-05,WellRoot,Google Ads,20972,491,349.04
2025-11-05,WellRoot,Organic,3151,92,50.47
2025-11-05,WellRoot,Influencer,12906,252,272.78
2025-11-05,WellRoot,Email,3786,132,71.46
2025-11-06,AuraGlow,Meta Ads,28420,573,638.81
2025-11-06,AuraGlow,Google Ads,14910,664,372.48
2025-11-06,AuraGlow,Organic,1943,31,48.4
2025-11-06,AuraGlow,Influencer,11405,433,308.67
2025-11-06,AuraGlow,Email,3456,122,96.43
2025-11-06,UrbanThread,Meta Ads,32558,1249,528.08
2025-11-06,UrbanThread,Google Ads,16873,309,430.74
2025-11-06,UrbanThread,Organic,2314,72,50.7
2025-11-06,UrbanThread,Influencer,12160,542,266.34
2025-11-06,UrbanThread,Email,6344,190,102.43
2025-11-06,HomeNest,Meta Ads,31425,543,566.36
2025-11-06,HomeNest,Google Ads,17121,397,297.58
2025-11-06,HomeNest,Organic,1941,65,35.85
2025-11-06,HomeNest,Influencer,8994,152,178.24
2025-11-06,HomeNest,Email,3454,56,94.49
2025-11-06,TechEase,Meta Ads,29606,965,672.86
2025-11-06,TechEase,Google Ads,24671,429,451.88
2025-11-06,TechEase,Organic,2471,63,40.56
2025-11-06,TechEase,Influencer,8207,160,203.06
2025-11-06,TechEase,Email,5990,244,97.66
2025-11-06,WellRoot,Meta Ads,18168,479,415.49
2025-11-06,WellRoot,Google Ads,23006,776,368.0
2025-11-06,WellRoot,Organic,1106,32,19.39
2025-11-06,WellRoot,Influencer,8067,303,150.1
2025-11-06,WellRoot,Email,2437,84,63.48
2025-11-07,AuraGlow,Meta Ads,29969,1244,592.41
2025-11-07,AuraGlow,Google Ads,13824,548,349.04
2025-11-07,AuraGlow,Organic,2752,65,45.52
2025-11-07,AuraGlow,Influencer,8407,373,190.99
2025-11-07,AuraGlow,Email,6367,262,103.59
2025-11-07,UrbanThread,Meta Ads,29900,1271,578.25
2025-11-07,UrbanThread,Google Ads,24222,1012,390.14
2025-11-07,UrbanThread,Organic,2587,97,43.3
2025-11-07,UrbanThread,Influencer,10583,365,187.57
2025-11-07,UrbanThread,Email,5511,228,107.57
2025-11-07,HomeNest,Meta Ads,19046,537,394.73
2025-11-07,HomeNest,Google Ads,21275,443,383.61
2025-11-07,HomeNest,Organic,1497,61,41.67
2025-11-07,HomeNest,Influencer,10841,409,227.69
2025-11-07,HomeNest,Email,4209,102,75.84
2025-11-07,TechEase,Meta Ads,23646,732,608.61
2025-11-07,TechEase,Google Ads,9874,232,264.69
2025-11-07,TechEase,Organic,2487,39,48.75
2025-11-07,TechEase,Influencer,9508,178,245.54
2025-11-07,TechEase,Email,5165,169,81.61
2025-11-07,WellRoot,Meta Ads,11249,385,227.88
2025-11-07,WellRoot,Google Ads,10797,279,224.4
2025-11-07,WellRoot,Organic,1912,63,42.91
2025-11-07,WellRoot,Influencer,9219,296,238.99
2025-11-07,WellRoot,Email,5008,140,82.79
2025-11-08,AuraGlow,Meta Ads,34150,1128,630.26
2025-11-08,AuraGlow,Google Ads,12651,517,299.44
2025-11-08,AuraGlow,Organic,1500,35,38.7
2025-11-08,AuraGlow,Influencer,14836,269,285.58
2025-11-08,AuraGlow,Email,4657,194,97.1
2025-11-08,UrbanThread,Meta Ads,38735,1464,617.65
2025-11-08,UrbanThread,Google Ads,23761,785,433.98
2025-11-08,UrbanThread,Organic,2498,61,43.74
2025-11-08,UrbanThread,Influencer,14151,434,305.51
2025-11-08,UrbanThread,Email,5806,213,109.96
2025-11-08,HomeNest,Meta Ads,26254,867,493.49
2025-11-08,HomeNest,Google Ads,21207,784,421.49
2025-11-08,HomeNest,Organic,2732,73,47.07
2025-11-08,HomeNest,Influencer,9822,256,223.38
2025-11-08,HomeNest,Email,3478,62,80.16
2025-11-08,TechEase,Meta Ads,34833,1042,554.85
2025-11-08,TechEase,Google Ads,24018,390,501.78
2025-11-08,TechEase,Organic,2302,50,44.78
2025-11-08,TechEase,Influencer,13871,220,237.16
2025-11-08,TechEase,Email,4411,80,99.56
2025-11-08,WellRoot,Meta Ads,32616,1065,539.59
2025-11-08,WellRoot,Google Ads,14152,267,296.49
2025-11-08,WellRoot,Organic,1211,53,30.21
2025-11-08,WellRoot,Influencer,13001,243,205.87
2025-11-08,WellRoot,Email,4051,83,85.78
2025-11-09,AuraGlow,Meta Ads,20511,401,548.58
2025-11-09,AuraGlow,Google Ads,25689,565,444.66
2025-11-09,AuraGlow,Organic,1533,59,38.22
2025-11-09,AuraGlow,Influencer,13918,294,224.45
2025-11-09,AuraGlow,Email,3459,119,84.06
2025-11-09,UrbanThread,Meta Ads,22302,987,586.38
2025-11-09,UrbanThread,Google Ads,26869,1139,439.63
2025-11-09,UrbanThread,Organic,2884,73,61.99
2025-11-09,UrbanThread,Influencer,11585,211,242.88
2025-11-09,UrbanThread,Email,3065,117,74.29
2025-11-09,HomeNest,Meta Ads,23419,469,528.32
2025-11-09,HomeNest,Google Ads,14268,576,373.42
2025-11-09,HomeNest,Organic,2784,64,50.28
2025-11-09,HomeNest,Influencer,15888,653,272.24
2025-11-09,HomeNest,Email,3363,106,71.03
2025-11-09,TechEase,Meta Ads,23079,992,477.61
2025-11-09,TechEase,Google Ads,23309,692,387.46
2025-11-09,TechEase,Organic,2408,85,46.67
2025-11-09,TechEase,Influencer,13459,336,240.16
2025-11-09,TechEase,Email,5267,133,98.02
2025-11-09,WellRoot,Meta Ads,32650,810,505.97
2025-11-09,WellRoot,Google Ads,19585,555,352.89
2025-11-09,WellRoot,Organic,1288,44,33.41
2025-11-09,WellRoot,Influencer,7018,145,177.12
2025-11-09,WellRoot,Email,4540,152,70.12
2025-11-10,AuraGlow,Meta Ads,19013,703,463.95
2025-11-10,AuraGlow,Google Ads,21511,663,409.87
2025-11-10,AuraGlow,Organic,2289,82,40.64
2025-11-10,AuraGlow,Influencer,16654,748,262.6
2025-11-10,AuraGlow,Email,3394,51,89.46
2025-11-10,UrbanThread,Meta Ads,30403,1227,563.87
2025-11-10,UrbanThread,Google Ads,20015,650,511.91
2025-11-10,UrbanThread,Organic,2480,57,42.53
2025-11-10,UrbanThread,Influencer,13090,394,285.64
2025-11-10,UrbanThread,Email,4526,185,106.78
2025-11-10,HomeNest,Meta Ads,16413,452,398.2
2025-11-10,HomeNest,Google Ads,25099,638,469.64
2025-11-10,HomeNest,Organic,2828,106,50.46
2025-11-10,HomeNest,Influencer,8173,275,169.84
2025-11-10,HomeNest,Email,3803,62,67.05
2025-11-10,TechEase,Meta Ads,25698,418,421.26
2025-11-10,TechEase,Google Ads,14446,382,393.82
2025-11-10,TechEase,Organic,2832,68,52.12
2025-11-10,TechEase,Influencer,15583,636,255.43
2025-11-10,TechEase,Email,5000,190,98.76
2025-11-10,WellRoot,Meta Ads,20752,395,433.98
2025-11-10,WellRoot,Google Ads,23221,756,421.05
2025-11-10,WellRoot,Organic,2931,122,45.67
2025-11-10,WellRoot,Influencer,8271,363,235.35
2025-11-10,WellRoot,Email,4613,89,71.9
2025-11-11,AuraGlow,Meta Ads,26387,1149,584.59
2025-11-11,AuraGlow,Google Ads,17031,506,331.22
2025-11-11,AuraGlow,Organic,1484,39,33.97
2025-11-11,AuraGlow,Influencer,12517,397,297.24
2025-11-11,AuraGlow,Email,3801,156,78.36
2025-11-11,UrbanThread,Meta Ads,20578,782,461.94
2025-11-11,UrbanThread,Google Ads,16678,718,455.38
2025-11-11,UrbanThread,Organic,1898,85,49.73
2025-11-11,UrbanThread,Influencer,12859,402,251.07
2025-11-11,UrbanThread,Email,3725,67,102.59
2025-11-11,HomeNest,Meta Ads,18470,817,413.91
2025-11-11,HomeNest,Google Ads,17520,309,325.73
2025-11-11,HomeNest,Organic,2504,50,42.31
2025-11-11,HomeNest,Influencer,10205,171,252.22
2025-11-11,HomeNest,Email,3575,73,97.7
2025-11-11,TechEase,Meta Ads,22349,893,437.31
2025-11-11,TechEase,Google Ads,16741,449,370.35
2025-11-11,TechEase,Organic,1609,44,41.71
2025-11-11,TechEase,Influencer,12929,559,267.12
2025-11-11,TechEase,Email,4434,162,80.21
2025-11-11,WellRoot,Meta Ads,14485,537,309.32
2025-11-11,WellRoot,Google Ads,13304,374,287.25
2025-11-11,WellRoot,Organic,2340,66,40.3
2025-11-11,WellRoot,Influencer,6166,236,120.87
2025-11-11,WellRoot,Email,1477,24,30.4
2025-11-12,AuraGlow,Meta Ads,20715,668,496.84
2025-11-12,AuraGlow,Google Ads,17593,790,413.92
2025-11-12,AuraGlow,Organic,2371,47,43.66
2025-11-12,AuraGlow,Influencer,10474,332,245.12
2025-11-12,AuraGlow,Email,2436,57,61.82
2025-11-12,UrbanThread,Meta Ads,23738,1017,400.9
2025-11-12,UrbanThread,Google Ads,29498,561,475.39
2025-11-12,UrbanThread,Organic,3557,93,56.85
2025-11-12,UrbanThread,Influencer,18866,515,294.98
2025-11-12,UrbanThread,Email,7732,228,123.55
2025-11-12,HomeNest,Meta Ads,22842,389,451.84
2025-11-12,HomeNest,Google Ads,25182,925,516.61
2025-11-12,HomeNest,Organic,2127,44,40.98
2025-11-12,HomeNest,Influencer,15183,347,254.98
2025-11-12,HomeNest,Email,3131,133,74.54
2025-11-12,TechEase,Meta Ads,22012,681,577.51
2025-11-12,TechEase,Google Ads,24153,598,380.77
2025-11-12,TechEase,Organic,2050,44,58.24
2025-11-12,TechEase,Influencer,20352,713,359.62
2025-11-12,TechEase,Email,3944,166,111.97
2025-11-12,WellRoot,Meta Ads,20252,343,420.06
2025-11-12,WellRoot,Google Ads,18212,514,379.49
2025-11-12,WellRoot,Organic,1596,52,32.82
2025-11-12,WellRoot,Influencer,8121,149,159.48
2025-11-12,WellRoot,Email,2450,82,54.53
2025-11-13,AuraGlow,Meta Ads,27967,1087,459.66
2025-11-13,AuraGlow,Google Ads,21433,755,458.21
2025-11-13,AuraGlow,Organic,1764,65,33.57
2025-11-13,AuraGlow,Influencer,11732,479,278.04
2025-11-13,AuraGlow,Email,3585,103,69.9
2025-11-13,UrbanThread,Meta Ads,17067,600,452.91
2025-11-13,UrbanThread,Google Ads,18455,460,413.74
2025-11-13,UrbanThread,Organic,1842,61,47.21
2025-11-13,UrbanThread,Influencer,16048,257,275.35
2025-11-13,UrbanThread,Email,4964,127,87.37
2025-11-13,HomeNest,Meta Ads,30401,1309,519.77
2025-11-13,HomeNest,Google Ads,20419,415,371.52
2025-11-13,HomeNest,Organic,2128,63,44.49
2025-11-13,HomeNest,Influencer,11020,353,220.97
2025-11-13,HomeNest,Email,6236,170,96.41
2025-11-13,TechEase,Meta Ads,28985,1238,528.92
2025-11-13,TechEase,Google Ads,15352,548,395.97
2025-11-13,TechEase,Organic,3406,105,54.03
2025-11-13,TechEase,Influencer,15291,319,309.1
2025-11-13,TechEase,Email,6899,183,111.97
2025-11-13,WellRoot,Meta Ads,31260,746,534.13
2025-11-13,WellRoot,Google Ads,14826,334,338.91
2025-11-13,WellRoot,Organic,1790,64,36.24
2025-11-13,WellRoot,Influencer,9588,350,156.95
2025-11-13,WellRoot,Email,5381,112,83.7
2025-11-14,AuraGlow,Meta Ads,16705,580,416.34
2025-11-14,AuraGlow,Google Ads,18840,593,439.54
2025-11-14,AuraGlow,Organic,1920,77,53.46
2025-11-14,AuraGlow,Influencer,10291,426,221.65
2025-11-14,AuraGlow,Email,5043,122,77.62
2025-11-14,UrbanThread,Meta Ads,27760,560,494.84
2025-11-14,UrbanThread,Google Ads,33757,964,546.38
2025-11-14,UrbanThread,Organic,2962,106,72.54
2025-11-14,UrbanThread,Influencer,16017,266,259.54
2025-11-14,UrbanThread,Email,4601,204,92.67
2025-11-14,HomeNest,Meta Ads,15643,615,353.39
2025-11-14,HomeNest,Google Ads,19615,536,426.91
2025-11-14,HomeNest,Organic,2445,103,49.27
2025-11-14,HomeNest,Influencer,9009,154,215.94
2025-11-14,HomeNest,Email,5096,225,108.05
2025-11-14,TechEase,Meta Ads,40133,990,735.88
2025-11-14,TechEase,Google Ads,22344,829,415.57
2025-11-14,TechEase,Organic,1454,44,36.78
2025-11-14,TechEase,Influencer,10453,344,228.06
2025-11-14,TechEase,Email,7108,220,112.52
2025-11-14,WellRoot,Meta Ads,13669,296,354.55
2025-11-14,WellRoot,Google Ads,13876,211,287.6
2025-11-14,WellRoot,Organic,1694,50,31.59
2025-11-14,WellRoot,Influencer,8040,235,138.18
2025-11-14,WellRoot,Email,4290,105,76.62
2025-11-15,AuraGlow,Meta Ads,18131,375,373.01
2025-11-15,AuraGlow,Google Ads,26634,973,435.34
2025-11-15,AuraGlow,Organic,2663,81,42.54
2025-11-15,AuraGlow,Influencer,12985,419,226.73
2025-11-15,AuraGlow,Email,5104,186,86.19
2025-11-15,UrbanThread,Meta Ads,27353,727,505.84
2025-11-15,UrbanThread,Google Ads,25240,583,414.32
2025-11-15,UrbanThread,Organic,1536,45,40.65
2025-11-15,UrbanThread,Influencer,11511,215,207.86
2025-11-15,UrbanThread,Email,3455,90,67.42
2025-11-15,HomeNest,Meta Ads,23722,919,501.25
2025-11-15,HomeNest,Google Ads,23900,906,417.74
2025-11-15,HomeNest,Organic,1650,31,41.02
2025-11-15,HomeNest,Influencer,11006,446,234.85
2025-11-15,HomeNest,Email,4144,95,76.34
2025-11-15,TechEase,Meta Ads,23138,519,456.78
2025-11-15,TechEase,Google Ads,20887,697,447.84
2025-11-15,TechEase,Organic,2779,63,45.3
2025-11-15,TechEase,Influencer,9289,389,248.22
2025-11-15,TechEase,Email,3727,69,103.14
2025-11-15,WellRoot,Meta Ads,30386,735,502.72
2025-11-15,WellRoot,Google Ads,12560,257,251.1
2025-11-15,WellRoot,Organic,2275,52,44.37
2025-11-15,WellRoot,Influencer,10407,458,200.96
2025-11-15,WellRoot,Email,2954,111,78.17
2025-11-16,AuraGlow,Meta Ads,17600,549,470.1
2025-11-16,AuraGlow,Google Ads,21425,498,371.31
2025-11-16,AuraGlow,Organic,2709,64,47.95
2025-11-16,AuraGlow,Influencer,15304,384,287.25
2025-11-16,AuraGlow,Email,4376,127,78.84
2025-11-16,UrbanThread,Meta Ads,38321,1077,623.79
2025-11-16,UrbanThread,Google Ads,24012,653,464.88
2025-11-16,UrbanThread,Organic,2383,105,46.97
2025-11-16,UrbanThread,Influencer,16456,515,297.12
2025-11-16,UrbanThread,Email,5214,190,137.89
2025-11-16,HomeNest,Meta Ads,17575,743,394.75
2025-11-16,HomeNest,Google Ads,15403,475,339.95
2025-11-16,HomeNest,Organic,1637,58,39.07
2025-11-16,HomeNest,Influencer,10222,216,291.44
2025-11-16,HomeNest,Email,2977,124,65.45
2025-11-16,TechEase,Meta Ads,19895,725,559.18
2025-11-16,TechEase,Google Ads,20821,659,399.58
2025-11-16,TechEase,Organic,2139,82,57.26
2025-11-16,TechEase,Influencer,11945,403,258.77
2025-11-16,TechEase,Email,5873,260,118.13
2025-11-16,WellRoot,Meta Ads,12213,221,277.28
2025-11-16,WellRoot,Google Ads,17309,468,272.04
2025-11-16,WellRoot,Organic,992,22,27.88
2025-11-16,WellRoot,Influencer,15210,516,241.46
2025-11-16,WellRoot,Email,2673,75,44.1
2025-11-17,AuraGlow,Meta Ads,22748,465,384.7
2025-11-17,AuraGlow,Google Ads,16828,483,422.56
2025-11-17,AuraGlow,Organic,2796,65,47.72
2025-11-17,AuraGlow,Influencer,13323,470,230.83
2025-11-17,AuraGlow,Email,4095,132,95.38
2025-11-17,UrbanThread,Meta Ads,28177,677,587.57
2025-11-17,UrbanThread,Google Ads,24481,520,442.99
2025-11-17,UrbanThread,Organic,2196,95,38.1
2025-11-17,UrbanThread,Influencer,12929,520,335.66
2025-11-17,UrbanThread,Email,7016,264,123.69
2025-11-17,HomeNest,Meta Ads,27917,1210,490.58
2025-11-17,HomeNest,Google Ads,26599,507,462.63
2025-11-17,HomeNest,Organic,2854,122,53.57
2025-11-17,HomeNest,Influencer,7887,322,156.0
2025-11-17,HomeNest,Email,3098,81,77.71
2025-11-17,TechEase,Meta Ads,27249,943,546.49
2025-11-17,TechEase,Google Ads,18487,782,341.18
2025-11-17,TechEase,Organic,2612,53,53.25
2025-11-17,TechEase,Influencer,9503,201,236.7
2025-11-17,TechEase,Email,4170,102,91.69
2025-11-17,WellRoot,Meta Ads,23207,606,377.4
2025-11-17,WellRoot,Google Ads,17395,483,308.35
2025-11-17,WellRoot,Organic,902,27,25.64
2025-11-17,WellRoot,Influencer,8044,182,140.23
2025-11-17,WellRoot,Email,4750,127,75.03
2025-11-18,AuraGlow,Meta Ads,20361,606,432.46
2025-11-18,AuraGlow,Google Ads,15730,282,438.24
2025-11-18,AuraGlow,Organic,1689,36,33.83
2025-11-18,AuraGlow,Influencer,9185,147,212.14
2025-11-18,AuraGlow,Email,7311,302,126.54
2025-11-18,UrbanThread,Meta Ads,32404,737,616.66
2025-11-18,UrbanThread,Google Ads,19635,358,427.09
2025-11-18,UrbanThread,Organic,3476,101,68.59
2025-11-18,UrbanThread,Influencer,11763,363,203.1
2025-11-18,UrbanThread,Email,3373,124,86.34
2025-11-18,HomeNest,Meta Ads,25506,958,573.02
2025-11-18,HomeNest,Google Ads,22483,627,443.68
2025-11-18,HomeNest,Organic,1879,46,41.13
2025-11-18,HomeNest,Influencer,9255,256,252.18
2025-11-18,HomeNest,Email,3142,57,72.46
2025-11-18,TechEase,Meta Ads,24392,655,469.64
2025-11-18,TechEase,Google Ads,13528,307,377.22
2025-11-18,TechEase,Organic,2480,91,56.24
2025-11-18,TechEase,Influencer,19908,459,350.17
2025-11-18,TechEase,Email,6426,132,105.76
2025-11-18,WellRoot,Meta Ads,21927,376,374.47
2025-11-18,WellRoot,Google Ads,10171,340,272.01
2025-11-18,WellRoot,Organic,2952,57,48.96
2025-11-18,WellRoot,Influencer,4936,164,103.09
2025-11-18,WellRoot,Email,1805,60,50.1
2025-11-19,AuraGlow,Meta Ads,22903,506,353.23
2025-11-19,AuraGlow,Google Ads,30081,884,490.64
2025-11-19,AuraGlow,Organic,2557,66,44.42
2025-11-19,AuraGlow,Influencer,8454,373,223.53
2025-11-19,AuraGlow,Email,4879,116,84.86
2025-11-19,UrbanThread,Meta Ads,25649,873,567.54
2025-11-19,UrbanThread,Google Ads,24441,987,515.6
2025-11-19,UrbanThread,Organic,2113,50,41.39
2025-11-19,UrbanThread,Influencer,11657,209,220.51
2025-11-19,UrbanThread,Email,3629,159,102.63
2025-11-19,HomeNest,Meta Ads,24278,636,642.14
2025-11-19,HomeNest,Google Ads,18552,412,378.04
2025-11-19,HomeNest,Organic,3004,70,53.12
2025-11-19,HomeNest,Influencer,10946,229,287.54
2025-11-19,HomeNest,Email,4930,100,79.92
2025-11-19,TechEase,Meta Ads,30076,574,562.61
2025-11-19,TechEase,Google Ads,24071,378,370.92
2025-11-19,TechEase,Organic,1718,26,43.53
2025-11-19,TechEase,Influencer,10340,345,197.37
2025-11-19,TechEase,Email,5520,183,101.91
2025-11-19,WellRoot,Meta Ads,26224,680,404.84
2025-11-19,WellRoot,Google Ads,14392,296,271.71
2025-11-19,WellRoot,Organic,531,19,15.03
2025-11-19,WellRoot,Influencer,4133,86,114.52
2025-11-19,WellRoot,Email,3522,139,70.69
2025-11-20,AuraGlow,Meta Ads,23711,1047,394.46
2025-11-20,AuraGlow,Google Ads,16945,648,407.36
2025-11-20,AuraGlow,Organic,2051,43,48.66
2025-11-20,AuraGlow,Influencer,10565,387,210.28
2025-11-20,AuraGlow,Email,3756,114,81.73
2025-11-20,UrbanThread,Meta Ads,25312,776,595.06
2025-11-20,UrbanThread,Google Ads,24725,826,402.42
2025-11-20,UrbanThread,Organic,1905,45,53.88
2025-11-20,UrbanThread,Influencer,17475,566,287.49
2025-11-20,UrbanThread,Email,5745,124,108.79
2025-11-20,HomeNest,Meta Ads,16369,496,385.51
2025-11-20,HomeNest,Google Ads,21141,519,389.98
2025-11-20,HomeNest,Organic,2561,41,43.71
2025-11-20,HomeNest,Influencer,16224,567,253.2
2025-11-20,HomeNest,Email,5442,116,88.52
2025-11-20,TechEase,Meta Ads,24566,508,422.9
2025-11-20,TechEase,Google Ads,21526,405,540.55
2025-11-20,TechEase,Organic,2040,70,49.65
2025-11-20,TechEase,Influencer,15589,258,243.38
2025-11-20,TechEase,Email,5089,191,123.76
2025-11-20,WellRoot,Meta Ads,27435,421,530.86
2025-11-20,WellRoot,Google Ads,9347,344,224.2
2025-11-20,WellRoot,Organic,2805,68,46.13
2025-11-20,WellRoot,Influencer,8368,220,151.88
2025-11-20,WellRoot,Email,3777,150,89.7
2025-11-21,AuraGlow,Meta Ads,15780,473,445.68
2025-11-21,AuraGlow,Google Ads,20263,906,410.4
2025-11-21,AuraGlow,Organic,2180,89,49.26
2025-11-21,AuraGlow,Influencer,13226,456,257.11
2025-11-21,AuraGlow,Email,4473,129,92.82
2025-11-21,UrbanThread,Meta Ads,24676,696,472.01
2025-11-21,UrbanThread,Google Ads,26113,474,419.26
2025-11-21,UrbanThread,Organic,2048,50,53.74
2025-11-21,UrbanThread,Influencer,16985,539,282.02
2025-11-21,UrbanThread,Email,4167,140,113.02
2025-11-21,HomeNest,Meta Ads,21788,938,479.37
2025-11-21,HomeNest,Google Ads,19714,595,388.81
2025-11-21,HomeNest,Organic,1832,43,50.41
2025-11-21,HomeNest,Influencer,14681,620,298.88
2025-11-21,HomeNest,Email,5739,86,92.13
2025-11-21,TechEase,Meta Ads,29639,1055,696.75
2025-11-21,TechEase,Google Ads,26242,443,551.41
2025-11-21,TechEase,Organic,3573,61,56.74
2025-11-21,TechEase,Influencer,13697,476,338.15
2025-11-21,TechEase,Email,3270,55,57.89
2025-11-21,WellRoot,Meta Ads,30520,1213,548.11
2025-11-21,WellRoot,Google Ads,22583,574,366.21
2025-11-21,WellRoot,Organic,1870,59,34.48
2025-11-21,WellRoot,Influencer,10177,379,220.93
2025-11-21,WellRoot,Email,3978,177,111.69
2025-11-22,AuraGlow,Meta Ads,19835,592,512.05
2025-11-22,AuraGlow,Google Ads,15265,334,396.07
2025-11-22,AuraGlow,Organic,2553,43,48.81
2025-11-22,AuraGlow,Influencer,15181,248,248.72
2025-11-22,AuraGlow,Email,6331,188,103.8
2025-11-22,UrbanThread,Meta Ads,18150,657,514.2
2025-11-22,UrbanThread,Google Ads,23536,487,395.81
2025-11-22,UrbanThread,Organic,1807,53,50.38
2025-11-22,UrbanThread,Influencer,11274,410,257.37
2025-11-22,UrbanThread,Email,4877,116,123.72
2025-11-22,HomeNest,Meta Ads,18303,456,313.45
2025-11-22,HomeNest,Google Ads,13490,240,280.97
2025-11-22,HomeNest,Organic,1883,40,43.71
2025-11-22,HomeNest,Influencer,7221,164,177.05
2025-11-22,HomeNest,Email,6839,186,113.53
2025-11-22,TechEase,Meta Ads,22617,883,596.85
2025-11-22,TechEase,Google Ads,18273,679,366.49
2025-11-22,TechEase,Organic,2265,65,45.82
2025-11-22,TechEase,Influencer,8736,281,246.98
2025-11-22,TechEase,Email,4062,174,98.74
2025-11-22,WellRoot,Meta Ads,11284,424,230.27
2025-11-22,WellRoot,Google Ads,8712,275,239.01
2025-11-22,WellRoot,Organic,1431,58,34.45
2025-11-22,WellRoot,Influencer,6140,167,112.32
2025-11-22,WellRoot,Email,3955,117,68.13
2025-11-23,AuraGlow,Meta Ads,14023,389,382.92
2025-11-23,AuraGlow,Google Ads,23719,837,471.39
2025-11-23,AuraGlow,Organic,1584,61,42.96
2025-11-23,AuraGlow,Influencer,15646,411,252.72
2025-11-23,AuraGlow,Email,4224,182,71.81
2025-11-23,UrbanThread,Meta Ads,30035,1209,570.74
2025-11-23,UrbanThread,Google Ads,19162,369,458.88
2025-11-23,UrbanThread,Organic,2766,87,51.15
2025-11-23,UrbanThread,Influencer,15848,587,319.32
2025-11-23,UrbanThread,Email,4082,73,115.69
2025-11-23,HomeNest,Meta Ads,23478,450,368.67
2025-11-23,HomeNest,Google Ads,15589,498,254.65
2025-11-23,HomeNest,Organic,2486,104,43.41
2025-11-23,HomeNest,Influencer,12408,440,247.52
2025-11-23,HomeNest,Email,2984,115,85.15
2025-11-23,TechEase,Meta Ads,31694,820,617.42
2025-11-23,TechEase,Google Ads,26451,866,432.31
2025-11-23,TechEase,Organic,2484,53,58.77
2025-11-23,TechEase,Influencer,15958,552,260.95
2025-11-23,TechEase,Email,4934,200,92.94
2025-11-23,WellRoot,Meta Ads,21895,738,345.68
2025-11-23,WellRoot,Google Ads,14933,508,373.61
2025-11-23,WellRoot,Organic,1162,24,25.04
2025-11-23,WellRoot,Influencer,4888,136,107.04
2025-11-23,WellRoot,Email,4418,156,70.92
2025-11-24,AuraGlow,Meta Ads,29438,1162,582.82
2025-11-24,AuraGlow,Google Ads,16850,744,372.98
2025-11-24,AuraGlow,Organic,1787,37,44.98
2025-11-24,AuraGlow,Influencer,11389,499,257.6
2025-11-24,AuraGlow,Email,3202,55,82.22
2025-11-24,UrbanThread,Meta Ads,24704,864,533.18
2025-11-24,UrbanThread,Google Ads,19724,618,423.79
2025-11-24,UrbanThread,Organic,1891,63,41.65
2025-11-24,UrbanThread,Influencer,14889,502,236.71
2025-11-24,UrbanThread,Email,4486,128,124.29
2025-11-24,HomeNest,Meta Ads,18202,326,455.46
2025-11-24,HomeNest,Google Ads,23130,580,357.4
2025-11-24,HomeNest,Organic,2718,51,43.4
2025-11-24,HomeNest,Influencer,10300,304,221.43
2025-11-24,HomeNest,Email,4533,135,91.71
2025-11-24,TechEase,Meta Ads,29559,453,493.34
2025-11-24,TechEase,Google Ads,24409,943,496.08
2025-11-24,TechEase,Organic,3164,132,52.53
2025-11-24,TechEase,Influencer,10005,316,237.72
2025-11-24,TechEase,Email,3664,127,70.3
2025-11-24,WellRoot,Meta Ads,30677,875,522.09
2025-11-24,WellRoot,Google Ads,12710,452,254.43
2025-11-24,WellRoot,Organic,2820,110,43.78
2025-11-24,WellRoot,Influencer,5487,145,144.48
2025-11-24,WellRoot,Email,3220,123,67.44
2025-11-25,AuraGlow,Meta Ads,23302,866,507.07
2025-11-25,AuraGlow,Google Ads,16966,635,368.48
2025-11-25,AuraGlow,Organic,2707,117,47.0
2025-11-25,AuraGlow,Influencer,11661,214,261.43
2025-11-25,AuraGlow,Email,2496,39,47.39
2025-11-25,UrbanThread,Meta Ads,31414,1365,621.86
2025-11-25,UrbanThread,Google Ads,22003,588,414.96
2025-11-25,UrbanThread,Organic,2328,51,42.11
2025-11-25,UrbanThread,Influencer,20454,503,317.15
2025-11-25,UrbanThread,Email,5746,189,118.79
2025-11-25,HomeNest,Meta Ads,25937,948,422.15
2025-11-25,HomeNest,Google Ads,16014,375,369.48
2025-11-25,HomeNest,Organic,2342,63,50.63
2025-11-25,HomeNest,Influencer,7201,196,139.37
2025-11-25,HomeNest,Email,3846,138,77.2
2025-11-25,TechEase,Meta Ads,23953,892,473.95
2025-11-25,TechEase,Google Ads,22304,460,454.47
2025-11-25,TechEase,Organic,1157,44,26.38
2025-11-25,TechEase,Influencer,11711,302,239.83
2025-11-25,TechEase,Email,4841,147,91.82
2025-11-25,WellRoot,Meta Ads,13769,313,391.54
2025-11-25,WellRoot,Google Ads,11601,393,214.82
2025-11-25,WellRoot,Organic,1093,27,26.32
2025-11-25,WellRoot,Influencer,8518,317,193.45
2025-11-25,WellRoot,Email,1881,43,44.42
2025-11-26,AuraGlow,Meta Ads,28484,673,586.77
2025-11-26,AuraGlow,Google Ads,13709,343,372.78
2025-11-26,AuraGlow,Organic,2825,49,43.81
2025-11-26,AuraGlow,Influencer,14394,531,229.97
2025-11-26,AuraGlow,Email,5689,104,101.25
2025-11-26,UrbanThread,Meta Ads,27438,753,666.88
2025-11-26,UrbanThread,Google Ads,31267,1168,591.28
2025-11-26,UrbanThread,Organic,2837,110,47.33
2025-11-26,UrbanThread,Influencer,16165,383,321.78
2025-11-26,UrbanThread,Email,3744,133,105.93
2025-11-26,HomeNest,Meta Ads,19554,367,441.63
2025-11-26,HomeNest,Google Ads,21163,383,414.76
2025-11-26,HomeNest,Organic,2131,46,37.46
2025-11-26,HomeNest,Influencer,6685,263,177.89
2025-11-26,HomeNest,Email,3020,89,64.01
2025-11-26,TechEase,Meta Ads,45105,1527,731.57
2025-11-26,TechEase,Google Ads,28058,739,537.32
2025-11-26,TechEase,Organic,2334,42,47.28
2025-11-26,TechEase,Influencer,11961,345,245.85
2025-11-26,TechEase,Email,5791,124,96.08
2025-11-26,WellRoot,Meta Ads,16420,721,434.14
2025-11-26,WellRoot,Google Ads,14311,233,308.48
2025-11-26,WellRoot,Organic,1004,36,24.2
2025-11-26,WellRoot,Influencer,8640,364,172.68
2025-11-26,WellRoot,Email,3996,119,79.16
2025-11-27,AuraGlow,Meta Ads,24485,479,380.2
2025-11-27,AuraGlow,Google Ads,8275,324,193.18
2025-11-27,AuraGlow,Organic,2034,81,46.25
2025-11-27,AuraGlow,Influencer,11442,288,222.27
2025-11-27,AuraGlow,Email,5536,115,89.66
2025-11-27,UrbanThread,Meta Ads,28928,1234,559.26
2025-11-27,UrbanThread,Google Ads,30498,1149,506.39
2025-11-27,UrbanThread,Organic,2467,57,41.0
2025-11-27,UrbanThread,Influencer,16177,263,256.25
2025-11-27,UrbanThread,Email,6462,263,100.32
2025-11-27,HomeNest,Meta Ads,21861,609,367.45
2025-11-27,HomeNest,Google Ads,21334,717,364.64
2025-11-27,HomeNest,Organic,1884,45,32.56
2025-11-27,HomeNest,Influencer,15180,536,310.96
2025-11-27,HomeNest,Email,4287,138,79.87
2025-11-27,TechEase,Meta Ads,27030,515,513.9
2025-11-27,TechEase,Google Ads,25918,828,413.93
2025-11-27,TechEase,Organic,2653,43,43.15
2025-11-27,TechEase,Influencer,16038,251,294.23
2025-11-27,TechEase,Email,4708,120,111.74
2025-11-27,WellRoot,Meta Ads,29174,577,521.08
2025-11-27,WellRoot,Google Ads,17570,582,321.56
2025-11-27,WellRoot,Organic,1456,30,41.06
2025-11-27,WellRoot,Influencer,10190,425,184.94
2025-11-27,WellRoot,Email,3319,139,53.08
2025-11-28,AuraGlow,Meta Ads,36115,832,621.62
2025-11-28,AuraGlow,Google Ads,23802,986,411.54
2025-11-28,AuraGlow,Organic,2374,49,43.83
2025-11-28,AuraGlow,Influencer,14804,494,247.19
2025-11-28,AuraGlow,Email,6524,146,102.24
2025-11-28,UrbanThread,Meta Ads,31472,1077,544.6
2025-11-28,UrbanThread,Google Ads,21911,616,408.18
2025-11-28,UrbanThread,Organic,1444,42,38.81
2025-11-28,UrbanThread,Influencer,13479,453,213.0
2025-11-28,UrbanThread,Email,6182,173,106.92
2025-11-28,HomeNest,Meta Ads,25183,688,456.78
2025-11-28,HomeNest,Google Ads,14164,314,347.59
2025-11-28,HomeNest,Organic,2675,84,50.35
2025-11-28,HomeNest,Influencer,8293,270,205.56
2025-11-28,HomeNest,Email,4180,81,78.85
2025-11-28,TechEase,Meta Ads,20811,620,572.82
2025-11-28,TechEase,Google Ads,16369,635,289.63
2025-11-28,TechEase,Organic,1849,35,46.33
2025-11-28,TechEase,Influencer,12927,348,347.35
2025-11-28,TechEase,Email,5780,206,115.44
2025-11-28,WellRoot,Meta Ads,21288,523,527.72
2025-11-28,WellRoot,Google Ads,17905,483,359.55
2025-11-28,WellRoot,Organic,1163,25,24.38
2025-11-28,WellRoot,Influencer,9887,188,176.89
2025-11-28,WellRoot,Email,3525,98,57.85
2025-11-29,AuraGlow,Meta Ads,23653,580,516.85
2025-11-29,AuraGlow,Google Ads,22696,574,449.93
2025-11-29,AuraGlow,Organic,2234,88,39.1
2025-11-29,AuraGlow,Influencer,14294,619,297.41
2025-11-29,AuraGlow,Email,3661,141,96.52
2025-11-29,UrbanThread,Meta Ads,26943,516,446.15
2025-11-29,UrbanThread,Google Ads,26041,589,478.68
2025-11-29,UrbanThread,Organic,3454,120,54.42
2025-11-29,UrbanThread,Influencer,13978,241,243.89
2025-11-29,UrbanThread,Email,4506,168,107.22
2025-11-29,HomeNest,Meta Ads,18251,759,329.21
2025-11-29,HomeNest,Google Ads,19651,879,372.82
2025-11-29,HomeNest,Organic,1966,65,38.35
2025-11-29,HomeNest,Influencer,6560,206,140.8
2025-11-29,HomeNest,Email,5442,145,99.37
2025-11-29,TechEase,Meta Ads,25644,1135,395.72
2025-11-29,TechEase,Google Ads,16323,436,355.24
2025-11-29,TechEase,Organic,2545,58,50.16
2025-11-29,TechEase,Influencer,13485,295,231.57
2025-11-29,TechEase,Email,5017,86,90.67
2025-11-29,WellRoot,Meta Ads,33698,626,523.96
2025-11-29,WellRoot,Google Ads,17306,284,386.19
2025-11-29,WellRoot,Organic,1463,62,26.3
2025-11-29,WellRoot,Influencer,7630,331,152.27
2025-11-29,WellRoot,Email,2943,66,64.57
2025-11-30,AuraGlow,Meta Ads,19466,323,507.91
2025-11-30,AuraGlow,Google Ads,20642,760,328.84
2025-11-30,AuraGlow,Organic,2176,52,59.1
2025-11-30,AuraGlow,Influencer,12478,399,279.77
2025-11-30,AuraGlow,Email,4524,98,88.28
2025-11-30,UrbanThread,Meta Ads,18219,527,491.22
2025-11-30,UrbanThread,Google Ads,15586,477,378.86
2025-11-30,UrbanThread,Organic,1329,51,37.13
2025-11-30,UrbanThread,Influencer,12835,563,277.26
2025-11-30,UrbanThread,Email,3776,74,99.8
2025-11-30,HomeNest,Meta Ads,20622,903,483.95
2025-11-30,HomeNest,Google Ads,5926,196,164.23
2025-11-30,HomeNest,Organic,2749,110,48.92
2025-11-30,HomeNest,Influencer,7544,238,210.41
2025-11-30,HomeNest,Email,4412,96,84.11
2025-11-30,TechEase,Meta Ads,23954,436,521.26
2025-11-30,TechEase,Google Ads,30538,614,494.3
2025-11-30,TechEase,Organic,2654,88,46.83
2025-11-30,TechEase,Influencer,12086,322,231.21
2025-11-30,TechEase,Email,4563,101,112.76
2025-11-30,WellRoot,Meta Ads,11530,394,287.97
2025-11-30,WellRoot,Google Ads,12236,275,299.43
2025-11-30,WellRoot,Organic,1310,35,29.65
2025-11-30,WellRoot,Influencer,11048,328,228.43
2025-11-30,WellRoot,Email,4507,100,69.64
2025-12-01,AuraGlow,Meta Ads,34641,1021,590.35
2025-12-01,AuraGlow,Google Ads,15508,563,425.99
2025-12-01,AuraGlow,Organic,2592,65,44.34
2025-12-01,AuraGlow,Influencer,10966,267,256.16
2025-12-01,AuraGlow,Email,5136,108,90.27
2025-12-01,UrbanThread,Meta Ads,36967,1622,589.33
2025-12-01,UrbanThread,Google Ads,39669,1713,613.65
2025-12-01,UrbanThread,Organic,2787,103,54.11
2025-12-01,UrbanThread,Influencer,10631,302,271.56
2025-12-01,UrbanThread,Email,4668,192,84.78
2025-12-01,HomeNest,Meta Ads,19899,586,504.89
2025-12-01,HomeNest,Google Ads,24268,468,456.25
2025-12-01,HomeNest,Organic,2262,59,49.13
2025-12-01,HomeNest,Influencer,13774,551,217.64
2025-12-01,HomeNest,Email,2513,108,68.28
2025-12-01,TechEase,Meta Ads,32457,1055,511.84
2025-12-01,TechEase,Google Ads,21911,673,499.4
2025-12-01,TechEase,Organic,2137,42,50.03
2025-12-01,TechEase,Influencer,18071,323,281.1
2025-12-01,TechEase,Email,5957,185,124.87
2025-12-01,WellRoot,Meta Ads,16238,665,397.77
2025-12-01,WellRoot,Google Ads,7451,270,211.27
2025-12-01,WellRoot,Organic,1703,69,33.49
2025-12-01,WellRoot,Influencer,10544,236,201.2
2025-12-01,WellRoot,Email,4841,205,82.76
2025-12-02,AuraGlow,Meta Ads,20603,398,488.97
2025-12-02,AuraGlow,Google Ads,17010,744,414.08
2025-12-02,AuraGlow,Organic,1761,33,43.6
2025-12-02,AuraGlow,Influencer,7480,320,181.28
2025-12-02,AuraGlow,Email,6003,156,103.74
2025-12-02,UrbanThread,Meta Ads,24704,498,484.93
2025-12-02,UrbanThread,Google Ads,30251,932,537.26
2025-12-02,UrbanThread,Organic,2673,79,57.61
2025-12-02,UrbanThread,Influencer,13508,253,283.0
2025-12-02,UrbanThread,Email,5050,79,103.68
2025-12-02,HomeNest,Meta Ads,23892,382,393.32
2025-12-02,HomeNest,Google Ads,15490,642,421.98
2025-12-02,HomeNest,Organic,1814,61,36.52
2025-12-02,HomeNest,Influencer,10975,332,240.65
2025-12-02,HomeNest,Email,3069,63,78.79
2025-12-02,TechEase,Meta Ads,32985,1291,684.3
2025-12-02,TechEase,Google Ads,32604,729,514.21
2025-12-02,TechEase,Organic,2767,89,47.62
2025-12-02,TechEase,Influencer,13659,528,258.87
2025-12-02,TechEase,Email,4375,85,94.18
2025-12-02,WellRoot,Meta Ads,20784,728,393.8
2025-12-02,WellRoot,Google Ads,11863,442,255.02
2025-12-02,WellRoot,Organic,2167,37,35.94
2025-12-02,WellRoot,Influencer,7945,190,169.19
2025-12-02,WellRoot,Email,3305,83,64.92
2025-12-03,AuraGlow,Meta Ads,20344,897,454.84
2025-12-03,AuraGlow,Google Ads,33461,1336,530.28
2025-12-03,AuraGlow,Organic,2305,77,54.53
2025-12-03,AuraGlow,Influencer,13733,558,243.21
2025-12-03,AuraGlow,Email,4773,162,91.68
2025-12-03,UrbanThread,Meta Ads,23570,375,628.49
2025-12-03,UrbanThread,Google Ads,19734,853,440.1
2025-12-03,UrbanThread,Organic,2963,56,49.91
2025-12-03,UrbanThread,Influencer,11020,388,301.49
2025-12-03,UrbanThread,Email,3851,74,78.38
2025-12-03,HomeNest,Meta Ads,23783,662,547.97
2025-12-03,HomeNest,Google Ads,21434,815,490.65
2025-12-03,HomeNest,Organic,1961,72,41.27
2025-12-03,HomeNest,Influencer,11529,476,246.45
2025-12-03,HomeNest,Email,4239,78,97.53
2025-12-03,TechEase,Meta Ads,18900,356,465.95
2025-12-03,TechEase,Google Ads,23867,1002,405.17
2025-12-03,TechEase,Organic,2437,90,45.83
2025-12-03,TechEase,Influencer,15920,383,281.48
2025-12-03,TechEase,Email,3063,71,82.35
2025-12-03,WellRoot,Meta Ads,23780,667,384.63
2025-12-03,WellRoot,Google Ads,15887,308,262.81
2025-12-03,WellRoot,Organic,1438,26,26.95
2025-12-03,WellRoot,Influencer,5833,219,130.33
2025-12-03,WellRoot,Email,3405,137,55.75
2025-12-04,AuraGlow,Meta Ads,36749,1262,585.78
2025-12-04,AuraGlow,Google Ads,14317,600,327.4
2025-12-04,AuraGlow,Organic,1308,50,34.73
2025-12-04,AuraGlow,Influencer,9592,404,224.53
2025-12-04,AuraGlow,Email,3460,71,80.62
2025-12-04,UrbanThread,Meta Ads,27981,863,541.57
2025-12-04,UrbanThread,Google Ads,21858,968,497.41
2025-12-04,UrbanThread,Organic,3137,66,58.64
2025-12-04,UrbanThread,Influencer,14932,383,236.58
2025-12-04,UrbanThread,Email,5931,221,98.43
2025-12-04,HomeNest,Meta Ads,20215,395,355.55
2025-12-04,HomeNest,Google Ads,14547,608,281.64
2025-12-04,HomeNest,Organic,1894,36,33.88
2025-12-04,HomeNest,Influencer,10317,452,264.95
2025-12-04,HomeNest,Email,4133,86,73.9
2025-12-04,TechEase,Meta Ads,28112,1035,560.68
2025-12-04,TechEase,Google Ads,18302,455,452.37
2025-12-04,TechEase,Organic,1982,31,54.41
2025-12-04,TechEase,Influencer,9303,274,264.52
2025-12-04,TechEase,Email,4016,88,98.49
2025-12-04,WellRoot,Meta Ads,15594,330,363.87
2025-12-04,WellRoot,Google Ads,12531,426,319.24
2025-12-04,WellRoot,Organic,1709,56,33.73
2025-12-04,WellRoot,Influencer,7671,336,192.16
2025-12-04,WellRoot,Email,2514,38,69.57
2025-12-05,AuraGlow,Meta Ads,27934,1186,566.81
2025-12-05,AuraGlow,Google Ads,16742,392,382.34
2025-12-05,AuraGlow,Organic,1842,35,44.71
2025-12-05,AuraGlow,Influencer,12023,442,247.29
2025-12-05,AuraGlow,Email,6129,118,103.26
2025-12-05,UrbanThread,Meta Ads,21453,788,415.14
2025-12-05,UrbanThread,Google Ads,24321,706,530.53
2025-12-05,UrbanThread,Organic,2171,40,53.06
2025-12-05,UrbanThread,Influencer,14503,363,266.24
2025-12-05,UrbanThread,Email,5184,107,108.26
2025-12-05,HomeNest,Meta Ads,15926,587,422.77
2025-12-05,HomeNest,Google Ads,21516,326,432.75
2025-12-05,HomeNest,Organic,1552,33,42.67
2025-12-05,HomeNest,Influencer,14833,518,284.54
2025-12-05,HomeNest,Email,6346,169,98.84
2025-12-05,TechEase,Meta Ads,31186,604,658.51
2025-12-05,TechEase,Google Ads,22097,850,400.37
2025-12-05,TechEase,Organic,2007,66,44.29
2025-12-05,TechEase,Influencer,18290,525,314.77
2025-12-05,TechEase,Email,5524,99,92.29
2025-12-05,WellRoot,Meta Ads,16530,689,357.28
2025-12-05,WellRoot,Google Ads,13730,397,303.12
2025-12-05,WellRoot,Organic,1750,53,31.28
2025-12-05,WellRoot,Influencer,9558,222,171.53
2025-12-05,WellRoot,Email,1834,63,48.51
2025-12-06,AuraGlow,Meta Ads,25604,662,463.63
2025-12-06,AuraGlow,Google Ads,23132,584,398.62
2025-12-06,AuraGlow,Organic,2387,53,42.96
2025-12-06,AuraGlow,Influencer,13949,544,244.55
2025-12-06,AuraGlow,Email,7255,185,117.57
2025-12-06,UrbanThread,Meta Ads,22236,556,635.25
2025-12-06,UrbanThread,Google Ads,16623,701,437.99
2025-12-06,UrbanThread,Organic,2585,59,49.74
2025-12-06,UrbanThread,Influencer,14671,294,287.74
2025-12-06,UrbanThread,Email,4748,203,112.23
2025-12-06,HomeNest,Meta Ads,24238,583,510.42
2025-12-06,HomeNest,Google Ads,12227,546,295.08
2025-12-06,HomeNest,Organic,1039,45,29.36
2025-12-06,HomeNest,Influencer,11059,232,247.97
2025-12-06,HomeNest,Email,4450,195,82.63
2025-12-06,TechEase,Meta Ads,31026,1156,499.04
2025-12-06,TechEase,Google Ads,23286,549,394.98
2025-12-06,TechEase,Organic,2557,42,45.75
2025-12-06,TechEase,Influencer,11159,279,267.04
2025-12-06,TechEase,Email,5007,154,103.26
2025-12-06,WellRoot,Meta Ads,24088,598,430.93
2025-12-06,WellRoot,Google Ads,16824,427,275.71
2025-12-06,WellRoot,Organic,1842,60,37.8
2025-12-06,WellRoot,Influencer,6537,216,152.77
2025-12-06,WellRoot,Email,4706,122,80.08
2025-12-07,AuraGlow,Meta Ads,17052,473,416.03
2025-12-07,AuraGlow,Google Ads,18105,347,395.69
2025-12-07,AuraGlow,Organic,1768,37,37.36
2025-12-07,AuraGlow,Influencer,11027,343,264.91
2025-12-07,AuraGlow,Email,6110,115,102.39
2025-12-07,UrbanThread,Meta Ads,20461,550,552.07
2025-12-07,UrbanThread,Google Ads,20235,636,416.1
2025-12-07,UrbanThread,Organic,2699,85,55.05
2025-12-07,UrbanThread,Influencer,13172,354,270.42
2025-12-07,UrbanThread,Email,3563,134,89.9
2025-12-07,HomeNest,Meta Ads,31511,1236,555.4
2025-12-07,HomeNest,Google Ads,20541,828,373.37
2025-12-07,HomeNest,Organic,1333,27,33.58
2025-12-07,HomeNest,Influencer,12348,313,254.53
2025-12-07,HomeNest,Email,6054,158,95.76
2025-12-07,TechEase,Meta Ads,26709,678,542.43
2025-12-07,TechEase,Google Ads,21029,736,353.95
2025-12-07,TechEase,Organic,3105,80,48.78
2025-12-07,TechEase,Influencer,15848,520,248.29
2025-12-07,TechEase,Email,3597,130,72.83
2025-12-07,WellRoot,Meta Ads,21048,671,329.47
2025-12-07,WellRoot,Google Ads,8205,218,154.11
2025-12-07,WellRoot,Organic,1007,18,19.8
2025-12-07,WellRoot,Influencer,10946,392,179.69
2025-12-07,WellRoot,Email,4229,129,81.79
2025-12-08,AuraGlow,Meta Ads,32115,1141,541.44
2025-12-08,AuraGlow,Google Ads,17148,323,312.36
2025-12-08,AuraGlow,Organic,1576,38,25.36
2025-12-08,AuraGlow,Influencer,15060,444,254.48
2025-12-08,AuraGlow,Email,3488,56,86.35
2025-12-08,UrbanThread,Meta Ads,39025,1638,611.0
2025-12-08,UrbanThread,Google Ads,26473,1172,540.86
2025-12-08,UrbanThread,Organic,2743,77,48.94
2025-12-08,UrbanThread,Influencer,15539,647,247.74
2025-12-08,UrbanThread,Email,3872,89,75.35
2025-12-08,HomeNest,Meta Ads,26815,571,412.74
2025-12-08,HomeNest,Google Ads,14824,554,323.14
2025-12-08,HomeNest,Organic,1904,69,36.17
2025-12-08,HomeNest,Influencer,12781,345,287.5
2025-12-08,HomeNest,Email,4080,128,66.56
2025-12-08,TechEase,Meta Ads,29261,960,515.23
2025-12-08,TechEase,Google Ads,21172,348,426.82
2025-12-08,TechEase,Organic,2140,76,36.39
2025-12-08,TechEase,Influencer,17080,308,268.05
2025-12-08,TechEase,Email,6508,143,110.82
2025-12-08,WellRoot,Meta Ads,20321,617,316.54
2025-12-08,WellRoot,Google Ads,12284,303,328.4
2025-12-08,WellRoot,Organic,2475,57,38.45
2025-12-08,WellRoot,Influencer,5526,191,117.32
2025-12-08,WellRoot,Email,4355,106,81.53
2025-12-09,AuraGlow,Meta Ads,23174,847,516.98
2025-12-09,AuraGlow,Google Ads,18610,677,400.04
2025-12-09,AuraGlow,Organic,2914,95,49.65
2025-12-09,AuraGlow,Influencer,8042,207,229.45
2025-12-09,AuraGlow,Email,4112,130,81.84
2025-12-09,UrbanThread,Meta Ads,32357,506,639.09
2025-12-09,UrbanThread,Google Ads,14117,304,387.49
2025-12-09,UrbanThread,Organic,1853,38,36.27
2025-12-09,UrbanThread,Influencer,18719,303,325.46
2025-12-09,UrbanThread,Email,5503,217,138.36
2025-12-09,HomeNest,Meta Ads,13013,370,361.92
2025-12-09,HomeNest,Google Ads,14737,256,228.91
2025-12-09,HomeNest,Organic,1126,32,31.89
2025-12-09,HomeNest,Influencer,9543,352,255.05
2025-12-09,HomeNest,Email,2870,91,60.64
2025-12-09,TechEase,Meta Ads,36142,1430,559.36
2025-12-09,TechEase,Google Ads,26444,1162,486.06
2025-12-09,TechEase,Organic,1528,46,34.19
2025-12-09,TechEase,Influencer,11620,471,224.79
2025-12-09,TechEase,Email,6356,270,116.66
2025-12-09,WellRoot,Meta Ads,20157,802,414.95
2025-12-09,WellRoot,Google Ads,12571,410,274.43
2025-12-09,WellRoot,Organic,1695,42,27.47
2025-12-09,WellRoot,Influencer,8714,211,152.19
2025-12-09,WellRoot,Email,2318,45,64.75
2025-12-10,AuraGlow,Meta Ads,24773,418,422.93
2025-12-10,AuraGlow,Google Ads,14739,238,227.42
2025-12-10,AuraGlow,Organic,1534,47,32.08
2025-12-10,AuraGlow,Influencer,11646,256,229.55
2025-12-10,AuraGlow,Email,3934,68,83.02
2025-12-10,UrbanThread,Meta Ads,34992,804,547.05
2025-12-10,UrbanThread,Google Ads,20246,418,393.87
2025-12-10,UrbanThread,Organic,2228,92,58.46
2025-12-10,UrbanThread,Influencer,20031,507,333.51
2025-12-10,UrbanThread,Email,4365,189,90.24
2025-12-10,HomeNest,Meta Ads,20200,621,494.04
2025-12-10,HomeNest,Google Ads,16569,334,430.03
2025-12-10,HomeNest,Organic,1762,60,34.15
2025-12-10,HomeNest,Influencer,11417,467,297.3
2025-12-10,HomeNest,Email,3165,130,72.16
2025-12-10,TechEase,Meta Ads,23856,794,480.49
2025-12-10,TechEase,Google Ads,19877,855,459.09
2025-12-10,TechEase,Organic,2117,58,51.26
2025-12-10,TechEase,Influencer,17356,645,300.32
2025-12-10,TechEase,Email,5232,209,93.4
2025-12-10,WellRoot,Meta Ads,10812,334,307.16
2025-12-10,WellRoot,Google Ads,16993,371,293.18
2025-12-10,WellRoot,Organic,1932,49,38.99
2025-12-10,WellRoot,Influencer,8964,390,197.0
2025-12-10,WellRoot,Email,2717,80,64.63
2025-12-11,AuraGlow,Meta Ads,20326,478,436.07
2025-12-11,AuraGlow,Google Ads,25484,975,462.19
2025-12-11,AuraGlow,Organic,2323,54,36.61
2025-12-11,AuraGlow,Influencer,7031,187,137.09
2025-12-11,AuraGlow,Email,6179,94,97.7
2025-12-11,UrbanThread,Meta Ads,39548,1048,626.49
2025-12-11,UrbanThread,Google Ads,27358,686,463.46
2025-12-11,UrbanThread,Organic,1941,44,49.87
2025-12-11,UrbanThread,Influencer,8616,331,225.05
2025-12-11,UrbanThread,Email,5917,160,102.08
2025-12-11,HomeNest,Meta Ads,22926,671,481.66
2025-12-11,HomeNest,Google Ads,22120,608,408.1
2025-12-11,HomeNest,Organic,1420,41,33.29
2025-12-11,HomeNest,Influencer,7127,256,162.35
2025-12-11,HomeNest,Email,7628,282,129.49
2025-12-11,TechEase,Meta Ads,27958,692,473.8
2025-12-11,TechEase,Google Ads,16177,722,394.61
2025-12-11,TechEase,Organic,1456,35,34.72
2025-12-11,TechEase,Influencer,11327,493,293.73
2025-12-11,TechEase,Email,3415,98,93.53
2025-12-11,WellRoot,Meta Ads,11385,308,237.05
2025-12-11,WellRoot,Google Ads,10767,423,212.81
2025-12-11,WellRoot,Organic,1912,41,37.7
2025-12-11,WellRoot,Influencer,10857,327,183.88
2025-12-11,WellRoot,Email,3633,141,75.31
2025-12-12,AuraGlow,Meta Ads,28449,987,668.93
2025-12-12,AuraGlow,Google Ads,21543,805,375.29
2025-12-12,AuraGlow,Organic,1993,30,37.34
2025-12-12,AuraGlow,Influencer,14220,415,228.1
2025-12-12,AuraGlow,Email,4203,185,85.29
2025-12-12,UrbanThread,Meta Ads,32683,1280,566.54
2025-12-12,UrbanThread,Google Ads,26352,947,459.3
2025-12-12,UrbanThread,Organic,2257,45,60.82
2025-12-12,UrbanThread,Influencer,12632,211,235.47
2025-12-12,UrbanThread,Email,6676,204,106.69
2025-12-12,HomeNest,Meta Ads,36098,1565,558.57
2025-12-12,HomeNest,Google Ads,16801,363,307.17
2025-12-12,HomeNest,Organic,1453,31,26.41
2025-12-12,HomeNest,Influencer,10298,252,274.16
2025-12-12,HomeNest,Email,5599,144,92.75
2025-12-12,TechEase,Meta Ads,25026,1098,618.63
2025-12-12,TechEase,Google Ads,19333,574,380.13
2025-12-12,TechEase,Organic,1970,54,45.54
2025-12-12,TechEase,Influencer,10073,394,284.58
2025-12-12,TechEase,Email,3527,127,77.81
2025-12-12,WellRoot,Meta Ads,18938,519,416.09
2025-12-12,WellRoot,Google Ads,12272,395,248.91
2025-12-12,WellRoot,Organic,1502,54,37.5
2025-12-12,WellRoot,Influencer,5677,176,131.37
2025-12-12,WellRoot,Email,3074,111,55.96
2025-12-13,AuraGlow,Meta Ads,31639,1170,569.04
2025-12-13,AuraGlow,Google Ads,17789,420,384.24
2025-12-13,AuraGlow,Organic,1442,50,37.3
2025-12-13,AuraGlow,Influencer,10888,414,256.6
2025-12-13,AuraGlow,Email,5783,221,98.69
2025-12-13,UrbanThread,Meta Ads,19568,469,549.85
2025-12-13,UrbanThread,Google Ads,18850,775,465.11
2025-12-13,UrbanThread,Organic,2656,109,54.56
2025-12-13,UrbanThread,Influencer,15578,625,243.96
2025-12-13,UrbanThread,Email,6011,172,103.75
2025-12-13,HomeNest,Meta Ads,26085,1057,520.33
2025-12-13,HomeNest,Google Ads,16892,652,385.6
2025-12-13,HomeNest,Organic,1896,42,41.77
2025-12-13,HomeNest,Influencer,13900,301,261.1
2025-12-13,HomeNest,Email,4742,144,77.67
2025-12-13,TechEase,Meta Ads,26189,804,538.52
2025-12-13,TechEase,Google Ads,15390,500,380.08
2025-12-13,TechEase,Organic,3060,90,50.71
2025-12-13,TechEase,Influencer,11803,339,301.53
2025-12-13,TechEase,Email,3153,67,88.02
2025-12-13,WellRoot,Meta Ads,26398,1028,490.05
2025-12-13,WellRoot,Google Ads,14156,366,270.48
2025-12-13,WellRoot,Organic,2447,109,37.96
2025-12-13,WellRoot,Influencer,9476,145,202.02
2025-12-13,WellRoot,Email,2940,110,65.27
2025-12-14,AuraGlow,Meta Ads,20763,312,343.13
2025-12-14,AuraGlow,Google Ads,29652,1138,457.26
2025-12-14,AuraGlow,Organic,2021,42,49.24
2025-12-14,AuraGlow,Influencer,12129,279,228.08
2025-12-14,AuraGlow,Email,4590,175,80.27
2025-12-14,UrbanThread,Meta Ads,36378,561,571.88
2025-12-14,UrbanThread,Google Ads,25749,655,457.74
2025-12-14,UrbanThread,Organic,2202,79,41.91
2025-12-14,UrbanThread,Influencer,18540,286,327.87
2025-12-14,UrbanThread,Email,4902,104,99.6
2025-12-14,HomeNest,Meta Ads,15120,568,376.52
2025-12-14,HomeNest,Google Ads,25507,666,502.56
2025-12-14,HomeNest,Organic,2335,59,38.98
2025-12-14,HomeNest,Influencer,14467,344,249.77
2025-12-14,HomeNest,Email,5746,172,104.42
2025-12-14,TechEase,Meta Ads,14709,345,362.02
2025-12-14,TechEase,Google Ads,18332,521,492.04
2025-12-14,TechEase,Organic,2668,98,41.22
2025-12-14,TechEase,Influencer,16191,448,271.75
2025-12-14,TechEase,Email,3668,71,100.61
2025-12-14,WellRoot,Meta Ads,19591,371,463.52
2025-12-14,WellRoot,Google Ads,12309,401,330.94
2025-12-14,WellRoot,Organic,2416,63,41.63
2025-12-14,WellRoot,Influencer,11247,452,185.31
2025-12-14,WellRoot,Email,4893,122,100.83
2025-12-15,AuraGlow,Meta Ads,19588,448,457.11
2025-12-15,AuraGlow,Google Ads,11864,321,309.2
2025-12-15,AuraGlow,Organic,1828,39,44.04
2025-12-15,AuraGlow,Influencer,13674,576,242.21
2025-12-15,AuraGlow,Email,4852,136,81.18
2025-12-15,UrbanThread,Meta Ads,26831,583,652.22
2025-12-15,UrbanThread,Google Ads,16046,320,412.72
2025-12-15,UrbanThread,Organic,2630,60,49.1
2025-12-15,UrbanThread,Influencer,17954,554,365.16
2025-12-15,UrbanThread,Email,5465,143,90.97
2025-12-15,HomeNest,Meta Ads,23809,774,457.82
2025-12-15,HomeNest,Google Ads,21403,778,428.87
2025-12-15,HomeNest,Organic,2196,52,33.95
2025-12-15,HomeNest,Influencer,9623,190,233.32
2025-12-15,HomeNest,Email,4331,186,71.91
2025-12-15,TechEase,Meta Ads,46848,1986,738.31
2025-12-15,TechEase,Google Ads,19397,532,300.49
2025-12-15,TechEase,Organic,3036,68,46.97
2025-12-15,TechEase,Influencer,10452,348,264.67
2025-12-15,TechEase,Email,5318,123,112.21
2025-12-15,WellRoot,Meta Ads,27957,692,517.62
2025-12-15,WellRoot,Google Ads,18475,809,330.64
2025-12-15,WellRoot,Organic,2005,31,31.03
2025-12-15,WellRoot,Influencer,6044,199,151.29
2025-12-15,WellRoot,Email,2781,116,59.58
2025-12-16,AuraGlow,Meta Ads,25000,830,416.42
2025-12-16,AuraGlow,Google Ads,15508,377,439.88
2025-12-16,AuraGlow,Organic,2608,98,47.07
2025-12-16,AuraGlow,Influencer,15240,615,242.03
2025-12-16,AuraGlow,Email,4124,73,110.07
2025-12-16,UrbanThread,Meta Ads,29643,961,524.57
2025-12-16,UrbanThread,Google Ads,30900,515,521.15
2025-12-16,UrbanThread,Organic,2489,61,52.54
2025-12-16,UrbanThread,Influencer,16433,549,307.54
2025-12-16,UrbanThread,Email,6537,121,126.15
2025-12-16,HomeNest,Meta Ads,26682,803,493.9
2025-12-16,HomeNest,Google Ads,22221,944,364.92
2025-12-16,HomeNest,Organic,1031,17,29.23
2025-12-16,HomeNest,Influencer,14065,376,264.53
2025-12-16,HomeNest,Email,5014,221,99.04
2025-12-16,TechEase,Meta Ads,35756,648,676.07
2025-12-16,TechEase,Google Ads,14152,361,371.27
2025-12-16,TechEase,Organic,2517,42,52.32
2025-12-16,TechEase,Influencer,7431,311,207.54
2025-12-16,TechEase,Email,3375,129,93.93
2025-12-16,WellRoot,Meta Ads,19775,709,499.59
2025-12-16,WellRoot,Google Ads,21824,684,367.89
2025-12-16,WellRoot,Organic,730,16,13.11
2025-12-16,WellRoot,Influencer,12477,456,245.95
2025-12-16,WellRoot,Email,2697,44,56.12
2025-12-17,AuraGlow,Meta Ads,20783,417,434.63
2025-12-17,AuraGlow,Google Ads,14288,310,316.85
2025-12-17,AuraGlow,Organic,1882,60,42.94
2025-12-17,AuraGlow,Influencer,14372,276,240.76
2025-12-17,AuraGlow,Email,4344,94,95.5
2025-12-17,UrbanThread,Meta Ads,18231,374,496.76
2025-12-17,UrbanThread,Google Ads,27794,747,459.35
2025-12-17,UrbanThread,Organic,2357,92,53.54
2025-12-17,UrbanThread,Influencer,12689,378,291.8
2025-12-17,UrbanThread,Email,3586,141,94.46
2025-12-17,HomeNest,Meta Ads,21249,357,448.11
2025-12-17,HomeNest,Google Ads,17197,267,391.95
2025-12-17,HomeNest,Organic,2776,79,46.75
2025-12-17,HomeNest,Influencer,13485,453,226.44
2025-12-17,HomeNest,Email,5829,217,97.36
2025-12-17,TechEase,Meta Ads,20851,783,451.21
2025-12-17,TechEase,Google Ads,17437,751,446.0
2025-12-17,TechEase,Organic,2687,48,46.12
2025-12-17,TechEase,Influencer,15290,331,335.93
2025-12-17,TechEase,Email,4870,188,108.14
2025-12-17,WellRoot,Meta Ads,19442,837,427.45
2025-12-17,WellRoot,Google Ads,14482,394,294.54
2025-12-17,WellRoot,Organic,1995,81,33.61
2025-12-17,WellRoot,Influencer,9278,253,178.85
2025-12-17,WellRoot,Email,3517,111,70.54
2025-12-18,AuraGlow,Meta Ads,14203,359,391.84
2025-12-18,AuraGlow,Google Ads,26537,701,419.26
2025-12-18,AuraGlow,Organic,3971,148,63.17
2025-12-18,AuraGlow,Influencer,11757,324,274.89
2025-12-18,AuraGlow,Email,5075,215,88.87
2025-12-18,UrbanThread,Meta Ads,29337,998,491.48
2025-12-18,UrbanThread,Google Ads,22299,799,420.15
2025-12-18,UrbanThread,Organic,2562,62,49.45
2025-12-18,UrbanThread,Influencer,17854,759,319.68
2025-12-18,UrbanThread,Email,5645,205,111.13
2025-12-18,HomeNest,Meta Ads,16552,458,454.39
2025-12-18,HomeNest,Google Ads,22352,676,495.59
2025-12-18,HomeNest,Organic,2372,45,43.9
2025-12-18,HomeNest,Influencer,7554,323,203.59
2025-12-18,HomeNest,Email,2594,87,66.44
2025-12-18,TechEase,Meta Ads,36083,732,664.34
2025-12-18,TechEase,Google Ads,27659,497,492.69
2025-12-18,TechEase,Organic,2240,51,42.5
2025-12-18,TechEase,Influencer,16718,592,313.26
2025-12-18,TechEase,Email,5509,92,97.94
2025-12-18,WellRoot,Meta Ads,17217,749,398.12
2025-12-18,WellRoot,Google Ads,19252,346,355.78
2025-12-18,WellRoot,Organic,2580,92,48.62
2025-12-18,WellRoot,Influencer,12961,526,206.02
2025-12-18,WellRoot,Email,4041,79,70.33
2025-12-19,AuraGlow,Meta Ads,22548,662,454.28
2025-12-19,AuraGlow,Google Ads,16016,478,339.12
2025-12-19,AuraGlow,Organic,2459,55,46.31
2025-12-19,AuraGlow,Influencer,17351,461,284.84
2025-12-19,AuraGlow,Email,6270,235,107.68
2025-12-19,UrbanThread,Meta Ads,21855,944,501.33
2025-12-19,UrbanThread,Google Ads,21673,625,453.48
2025-12-19,UrbanThread,Organic,1900,47,47.19
2025-12-19,UrbanThread,Influencer,14513,465,252.09
2025-12-19,UrbanThread,Email,6306,206,125.91
2025-12-19,HomeNest,Meta Ads,18802,627,306.58
2025-12-19,HomeNest,Google Ads,21459,454,366.76
2025-12-19,HomeNest,Organic,1822,44,34.24
2025-12-19,HomeNest,Influencer,12886,350,234.82
2025-12-19,HomeNest,Email,3825,156,85.27
2025-12-19,TechEase,Meta Ads,19912,384,489.72
2025-12-19,TechEase,Google Ads,22589,888,390.66
2025-12-19,TechEase,Organic,2575,70,48.66
2025-12-19,TechEase,Influencer,12482,484,238.63
2025-12-19,TechEase,Email,5217,129,108.72
2025-12-19,WellRoot,Meta Ads,19019,814,381.74
2025-12-19,WellRoot,Google Ads,11488,326,261.7
2025-12-19,WellRoot,Organic,1941,48,42.09
2025-12-19,WellRoot,Influencer,9291,177,187.02
2025-12-19,WellRoot,Email,2936,64,76.35
2025-12-20,AuraGlow,Meta Ads,28210,883,553.02
2025-12-20,AuraGlow,Google Ads,15535,477,388.36
2025-12-20,AuraGlow,Organic,2019,72,40.55
2025-12-20,AuraGlow,Influencer,18150,550,282.81
2025-12-20,AuraGlow,Email,5781,198,93.21
2025-12-20,UrbanThread,Meta Ads,22354,883,521.45
2025-12-20,UrbanThread,Google Ads,28030,620,498.43
2025-12-20,UrbanThread,Organic,3159,74,49.55
2025-12-20,UrbanThread,Influencer,16875,741,268.24
2025-12-20,UrbanThread,Email,3444,113,90.6
2025-12-20,HomeNest,Meta Ads,25432,564,475.89
2025-12-20,HomeNest,Google Ads,17358,362,348.69
2025-12-20,HomeNest,Organic,2751,109,47.3
2025-12-20,HomeNest,Influencer,9684,418,227.93
2025-12-20,HomeNest,Email,6869,175,114.31
2025-12-20,TechEase,Meta Ads,33979,999,631.93
2025-12-20,TechEase,Google Ads,21845,481,345.37
2025-12-20,TechEase,Organic,2445,88,42.72
2025-12-20,TechEase,Influencer,13391,332,333.22
2025-12-20,TechEase,Email,4553,154,90.34
2025-12-20,WellRoot,Meta Ads,15851,358,406.13
2025-12-20,WellRoot,Google Ads,12236,201,329.58
2025-12-20,WellRoot,Organic,2011,43,36.61
2025-12-20,WellRoot,Influencer,8958,162,221.91
2025-12-20,WellRoot,Email,3333,63,73.3
2025-12-21,AuraGlow,Meta Ads,36178,1430,611.07
2025-12-21,AuraGlow,Google Ads,25782,562,526.55
2025-12-21,AuraGlow,Organic,1900,66,41.99
2025-12-21,AuraGlow,Influencer,9027,209,242.27
2025-12-21,AuraGlow,Email,3574,92,92.96
2025-12-21,UrbanThread,Meta Ads,26020,1073,561.06
2025-12-21,UrbanThread,Google Ads,12925,501,353.34
2025-12-21,UrbanThread,Organic,1425,28,40.68
2025-12-21,UrbanThread,Influencer,10917,322,258.35
2025-12-21,UrbanThread,Email,5890,165,129.98
2025-12-21,HomeNest,Meta Ads,34661,1159,575.76
2025-12-21,HomeNest,Google Ads,22854,366,391.17
2025-12-21,HomeNest,Organic,2572,53,43.92
2025-12-21,HomeNest,Influencer,7370,234,176.83
2025-12-21,HomeNest,Email,4308,151,93.51
2025-12-21,TechEase,Meta Ads,28702,1277,555.84
2025-12-21,TechEase,Google Ads,19727,472,389.94
2025-12-21,TechEase,Organic,1432,62,36.39
2025-12-21,TechEase,Influencer,11760,207,326.37
2025-12-21,TechEase,Email,3689,121,82.86
2025-12-21,WellRoot,Meta Ads,16190,248,325.4
2025-12-21,WellRoot,Google Ads,11938,203,238.36
2025-12-21,WellRoot,Organic,1523,28,40.08
2025-12-21,WellRoot,Influencer,7166,251,140.01
2025-12-21,WellRoot,Email,2004,30,51.66
2025-12-22,AuraGlow,Meta Ads,32421,1368,505.54
2025-12-22,AuraGlow,Google Ads,23947,911,409.43
2025-12-22,AuraGlow,Organic,2643,65,54.39
2025-12-22,AuraGlow,Influencer,7730,208,167.67
2025-12-22,AuraGlow,Email,5062,184,79.45
2025-12-22,UrbanThread,Meta Ads,33447,983,603.0
2025-12-22,UrbanThread,Google Ads,21338,716,487.25
2025-12-22,UrbanThread,Organic,2958,60,50.85
2025-12-22,UrbanThread,Influencer,14545,284,240.35
2025-12-22,UrbanThread,Email,3148,77,87.67
2025-12-22,HomeNest,Meta Ads,26717,780,524.33
2025-12-22,HomeNest,Google Ads,18485,348,297.68
2025-12-22,HomeNest,Organic,1840,32,37.9
2025-12-22,HomeNest,Influencer,7868,212,170.81
2025-12-22,HomeNest,Email,3533,124,93.55
2025-12-22,TechEase,Meta Ads,21851,562,513.69
2025-12-22,TechEase,Google Ads,34230,645,566.2
2025-12-22,TechEase,Organic,2730,85,53.75
2025-12-22,TechEase,Influencer,11860,318,265.62
2025-12-22,TechEase,Email,5927,105,113.6
2025-12-22,WellRoot,Meta Ads,24956,505,473.68
2025-12-22,WellRoot,Google Ads,16268,616,301.54
2025-12-22,WellRoot,Organic,2359,86,42.19
2025-12-22,WellRoot,Influencer,5948,250,136.3
2025-12-22,WellRoot,Email,3697,92,86.83
2025-12-23,AuraGlow,Meta Ads,27019,1082,547.12
2025-12-23,AuraGlow,Google Ads,17895,750,397.8
2025-12-23,AuraGlow,Organic,2173,92,54.69
2025-12-23,AuraGlow,Influencer,8007,149,225.68
2025-12-23,AuraGlow,Email,6037,149,110.96
2025-12-23,UrbanThread,Meta Ads,22540,906,627.89
2025-12-23,UrbanThread,Google Ads,20033,806,356.98
2025-12-23,UrbanThread,Organic,2463,82,48.79
2025-12-23,UrbanThread,Influencer,17666,374,294.79
2025-12-23,UrbanThread,Email,6190,166,97.38
2025-12-23,HomeNest,Meta Ads,21404,745,410.57
2025-12-23,HomeNest,Google Ads,18405,450,448.29
2025-12-23,HomeNest,Organic,2447,74,40.76
2025-12-23,HomeNest,Influencer,8724,234,192.73
2025-12-23,HomeNest,Email,5178,211,86.63
2025-12-23,TechEase,Meta Ads,27981,510,563.63
2025-12-23,TechEase,Google Ads,26845,1035,456.74
2025-12-23,TechEase,Organic,2501,58,39.98
2025-12-23,TechEase,Influencer,13561,513,274.13
2025-12-23,TechEase,Email,4083,82,85.86
2025-12-23,WellRoot,Meta Ads,31646,1400,493.38
2025-12-23,WellRoot,Google Ads,14511,393,281.11
2025-12-23,WellRoot,Organic,1878,78,38.07
2025-12-23,WellRoot,Influencer,6607,194,183.02
2025-12-23,WellRoot,Email,3344,80,65.06
2025-12-24,AuraGlow,Meta Ads,30078,600,562.24
2025-12-24,AuraGlow,Google Ads,12681,316,357.89
2025-12-24,AuraGlow,Organic,2327,72,37.44
2025-12-24,AuraGlow,Influencer,13968,610,217.77
2025-12-24,AuraGlow,Email,2678,79,74.54
2025-12-24,UrbanThread,Meta Ads,34524,1017,644.5
2025-12-24,UrbanThread,Google Ads,19520,695,547.23
2025-12-24,UrbanThread,Organic,3080,118,50.36
2025-12-24,UrbanThread,Influencer,9419,388,215.29
2025-12-24,UrbanThread,Email,5267,159,93.19
2025-12-24,HomeNest,Meta Ads,22910,954,530.25
2025-12-24,HomeNest,Google Ads,14361,293,248.7
2025-12-24,HomeNest,Organic,2746,91,49.22
2025-12-24,HomeNest,Influencer,11681,428,232.29
2025-12-24,HomeNest,Email,5641,105,99.3
2025-12-24,TechEase,Meta Ads,25073,479,476.44
2025-12-24,TechEase,Google Ads,16955,717,462.97
2025-12-24,TechEase,Organic,2207,53,45.97
2025-12-24,TechEase,Influencer,13999,431,275.07
2025-12-24,TechEase,Email,5957,186,104.79
2025-12-24,WellRoot,Meta Ads,17384,279,442.87
2025-12-24,WellRoot,Google Ads,19344,439,319.18
2025-12-24,WellRoot,Organic,857,26,18.44
2025-12-24,WellRoot,Influencer,8665,248,209.35
2025-12-24,WellRoot,Email,1684,31,29.99
2025-12-25,AuraGlow,Meta Ads,34581,962,608.0
2025-12-25,AuraGlow,Google Ads,13507,477,360.6
2025-12-25,AuraGlow,Organic,2347,74,38.28
2025-12-25,AuraGlow,Influencer,14352,556,238.96
2025-12-25,AuraGlow,Email,2864,82,50.22
2025-12-25,UrbanThread,Meta Ads,32733,983,591.45
2025-12-25,UrbanThread,Google Ads,26041,1101,557.37
2025-12-25,UrbanThread,Organic,3621,68,58.07
2025-12-25,UrbanThread,Influencer,13337,381,289.08
2025-12-25,UrbanThread,Email,4615,102,94.52
2025-12-25,HomeNest,Meta Ads,30587,974,561.91
2025-12-25,HomeNest,Google Ads,13419,302,332.92
2025-12-25,HomeNest,Organic,2194,33,51.41
2025-12-25,HomeNest,Influencer,8660,155,225.16
2025-12-25,HomeNest,Email,4770,203,90.44
2025-12-25,TechEase,Meta Ads,39153,1449,634.71
2025-12-25,TechEase,Google Ads,21626,950,501.32
2025-12-25,TechEase,Organic,3052,86,47.88
2025-12-25,TechEase,Influencer,11855,345,293.47
2025-12-25,TechEase,Email,4760,196,126.24
2025-12-25,WellRoot,Meta Ads,16297,331,373.75
2025-12-25,WellRoot,Google Ads,16990,665,322.02
2025-12-25,WellRoot,Organic,2186,77,40.79
2025-12-25,WellRoot,Influencer,11147,223,187.9
2025-12-25,WellRoot,Email,3274,84,67.04
2025-12-26,AuraGlow,Meta Ads,20136,835,470.37
2025-12-26,AuraGlow,Google Ads,14707,496,319.51
2025-12-26,AuraGlow,Organic,1633,55,43.11
2025-12-26,AuraGlow,Influencer,12437,513,265.61
2025-12-26,AuraGlow,Email,3384,58,93.69
2025-12-26,UrbanThread,Meta Ads,34065,927,597.81
2025-12-26,UrbanThread,Google Ads,22786,931,454.89
2025-12-26,UrbanThread,Organic,3109,115,56.4
2025-12-26,UrbanThread,Influencer,14910,351,259.66
2025-12-26,UrbanThread,Email,6138,264,99.36
2025-12-26,HomeNest,Meta Ads,21657,665,417.22
2025-12-26,HomeNest,Google Ads,19352,503,331.4
2025-12-26,HomeNest,Organic,1909,69,49.75
2025-12-26,HomeNest,Influencer,14203,530,305.37
2025-12-26,HomeNest,Email,4569,185,109.01
2025-12-26,TechEase,Meta Ads,16208,409,451.12
2025-12-26,TechEase,Google Ads,25326,608,470.53
2025-12-26,TechEase,Organic,2602,110,54.63
2025-12-26,TechEase,Influencer,16858,385,263.74
2025-12-26,TechEase,Email,6498,266,108.57
2025-12-26,WellRoot,Meta Ads,16128,529,392.53
2025-12-26,WellRoot,Google Ads,16757,364,308.85
2025-12-26,WellRoot,Organic,1652,57,38.33
2025-12-26,WellRoot,Influencer,8931,256,222.63
2025-12-26,WellRoot,Email,3102,92,68.33
2025-12-27,AuraGlow,Meta Ads,28933,858,521.65
2025-12-27,AuraGlow,Google Ads,27684,456,475.38
2025-12-27,AuraGlow,Organic,1095,47,30.89
2025-12-27,AuraGlow,Influencer,9395,222,260.04
2025-12-27,AuraGlow,Email,5593,179,98.36
2025-12-27,UrbanThread,Meta Ads,34947,699,562.55
2025-12-27,UrbanThread,Google Ads,16299,254,448.92
2025-12-27,UrbanThread,Organic,1818,56,48.74
2025-12-27,UrbanThread,Influencer,16582,700,257.03
2025-12-27,UrbanThread,Email,3899,172,84.09
2025-12-27,HomeNest,Meta Ads,24379,721,500.5
2025-12-27,HomeNest,Google Ads,21131,926,366.46
2025-12-27,HomeNest,Organic,1740,32,47.23
2025-12-27,HomeNest,Influencer,14016,313,221.48
2025-12-27,HomeNest,Email,1620,38,41.96
2025-12-27,TechEase,Meta Ads,17054,568,468.34
2025-12-27,TechEase,Google Ads,20991,876,401.25
2025-12-27,TechEase,Organic,3358,138,61.81
2025-12-27,TechEase,Influencer,16165,664,301.97
2025-12-27,TechEase,Email,4160,85,114.46
2025-12-27,WellRoot,Meta Ads,25786,540,418.37
2025-12-27,WellRoot,Google Ads,21889,917,381.95
2025-12-27,WellRoot,Organic,1132,40,27.2
2025-12-27,WellRoot,Influencer,7951,230,134.85
2025-12-27,WellRoot,Email,3546,141,98.06
2025-12-28,AuraGlow,Meta Ads,15150,419,423.05
2025-12-28,AuraGlow,Google Ads,15447,578,427.69
2025-12-28,AuraGlow,Organic,2178,90,46.99
2025-12-28,AuraGlow,Influencer,8050,228,208.97
2025-12-28,AuraGlow,Email,3547,94,91.28
2025-12-28,UrbanThread,Meta Ads,29374,1155,530.9
2025-12-28,UrbanThread,Google Ads,24964,790,471.35
2025-12-28,UrbanThread,Organic,3076,137,48.61
2025-12-28,UrbanThread,Influencer,7811,127,218.88
2025-12-28,UrbanThread,Email,3285,139,80.84
2025-12-28,HomeNest,Meta Ads,26386,833,465.83
2025-12-28,HomeNest,Google Ads,19238,586,439.42
2025-12-28,HomeNest,Organic,1349,30,30.39
2025-12-28,HomeNest,Influencer,12313,260,197.47
2025-12-28,HomeNest,Email,5273,85,92.99
2025-12-28,TechEase,Meta Ads,27350,466,572.32
2025-12-28,TechEase,Google Ads,22035,577,470.72
2025-12-28,TechEase,Organic,1749,31,41.1
2025-12-28,TechEase,Influencer,15160,333,268.25
2025-12-28,TechEase,Email,4765,184,77.53
2025-12-28,WellRoot,Meta Ads,20793,913,563.17
2025-12-28,WellRoot,Google Ads,15041,363,289.27
2025-12-28,WellRoot,Organic,1888,80,36.64
2025-12-28,WellRoot,Influencer,12720,328,290.95
2025-12-28,WellRoot,Email,1836,67,38.52
2025-12-29,AuraGlow,Meta Ads,24596,857,498.43
2025-12-29,AuraGlow,Google Ads,13304,491,310.17
2025-12-29,AuraGlow,Organic,2159,69,54.24
2025-12-29,AuraGlow,Influencer,15001,483,270.68
2025-12-29,AuraGlow,Email,6265,148,104.18
2025-12-29,UrbanThread,Meta Ads,30214,858,493.65
2025-12-29,UrbanThread,Google Ads,18723,750,495.09
2025-12-29,UrbanThread,Organic,2690,69,55.7
2025-12-29,UrbanThread,Influencer,15612,413,251.27
2025-12-29,UrbanThread,Email,5176,140,125.63
2025-12-29,HomeNest,Meta Ads,26176,859,466.89
2025-12-29,HomeNest,Google Ads,16825,338,368.61
2025-12-29,HomeNest,Organic,2361,95,41.66
2025-12-29,HomeNest,Influencer,11619,313,210.65
2025-12-29,HomeNest,Email,3342,140,91.77
2025-12-29,TechEase,Meta Ads,24523,1099,584.53
2025-12-29,TechEase,Google Ads,17652,523,453.41
2025-12-29,TechEase,Organic,2466,66,42.98
2025-12-29,TechEase,Influencer,14989,485,298.3
2025-12-29,TechEase,Email,3332,141,91.08
2025-12-29,WellRoot,Meta Ads,23763,1023,543.58
2025-12-29,WellRoot,Google Ads,17853,504,295.97
2025-12-29,WellRoot,Organic,2074,38,35.63
2025-12-29,WellRoot,Influencer,6901,181,196.67
2025-12-29,WellRoot,Email,4266,80,76.16
2025-12-30,AuraGlow,Meta Ads,28732,930,540.12
2025-12-30,AuraGlow,Google Ads,31161,832,520.56
2025-12-30,AuraGlow,Organic,1896,66,31.09
2025-12-30,AuraGlow,Influencer,10461,397,246.97
2025-12-30,AuraGlow,Email,4699,154,88.06
2025-12-30,UrbanThread,Meta Ads,19615,769,445.52
2025-12-30,UrbanThread,Google Ads,19037,848,414.53
2025-12-30,UrbanThread,Organic,1889,55,45.85
2025-12-30,UrbanThread,Influencer,10338,271,239.24
2025-12-30,UrbanThread,Email,4404,158,98.32
2025-12-30,HomeNest,Meta Ads,24779,632,626.64
2025-12-30,HomeNest,Google Ads,14211,512,360.12
2025-12-30,HomeNest,Organic,1072,43,28.92
2025-12-30,HomeNest,Influencer,9882,369,201.6
2025-12-30,HomeNest,Email,3511,65,89.48
2025-12-30,TechEase,Meta Ads,23189,784,532.71
2025-12-30,TechEase,Google Ads,18720,675,473.82
2025-12-30,TechEase,Organic,2339,58,44.29
2025-12-30,TechEase,Influencer,10010,275,251.93
2025-12-30,TechEase,Email,5453,161,103.77
2025-12-30,WellRoot,Meta Ads,29310,865,455.32
2025-12-30,WellRoot,Google Ads,26826,752,417.38
2025-12-30,WellRoot,Organic,2354,78,40.95
2025-12-30,WellRoot,Influencer,11309,240,189.04
2025-12-30,WellRoot,Email,3527,72,66.96
2025-12-31,AuraGlow,Meta Ads,24590,971,408.47
2025-12-31,AuraGlow,Google Ads,15005,350,319.27
2025-12-31,AuraGlow,Organic,1989,64,43.79
2025-12-31,AuraGlow,Influencer,11353,257,283.77
2025-12-31,AuraGlow,Email,4825,206,91.27
2025-12-31,UrbanThread,Meta Ads,29203,868,676.47
2025-12-31,UrbanThread,Google Ads,21567,704,428.54
2025-12-31,UrbanThread,Organic,2581,75,55.05
2025-12-31,UrbanThread,Influencer,16225,593,273.81
2025-12-31,UrbanThread,Email,4351,139,83.36
2025-12-31,HomeNest,Meta Ads,28749,565,511.43
2025-12-31,HomeNest,Google Ads,18459,404,387.34
2025-12-31,HomeNest,Organic,1918,40,40.5
2025-12-31,HomeNest,Influencer,16397,246,288.15
2025-12-31,HomeNest,Email,4591,104,80.8
2025-12-31,TechEase,Meta Ads,29307,743,519.57
2025-12-31,TechEase,Google Ads,21117,521,438.85
2025-12-31,TechEase,Organic,3074,86,64.69
2025-12-31,TechEase,Influencer,15290,371,259.76
2025-12-31,TechEase,Email,4876,177,98.29
2025-12-31,WellRoot,Meta Ads,21047,319,391.74
2025-12-31,WellRoot,Google Ads,14198,622,251.48
2025-12-31,WellRoot,Organic,2586,46,44.51
2025-12-31,WellRoot,Influencer,12185,260,238.05
2025-12-31,WellRoot,Email,4121,142,67.58
